# t = 1.00000000e-02
# Nx = 100, Ny = 100
# x y phi_numerical phi_analytical error
0.00000000e+00 0.00000000e+00 0.00000000e+00 0.00000000e+00 0.00000000e+00
1.01010101e-02 0.00000000e+00 0.00000000e+00 0.00000000e+00 0.00000000e+00
2.02020202e-02 0.00000000e+00 0.00000000e+00 0.00000000e+00 0.00000000e+00
3.03030303e-02 0.00000000e+00 0.00000000e+00 0.00000000e+00 0.00000000e+00
4.04040404e-02 0.00000000e+00 0.00000000e+00 0.00000000e+00 0.00000000e+00
5.05050505e-02 0.00000000e+00 0.00000000e+00 0.00000000e+00 0.00000000e+00
6.06060606e-02 0.00000000e+00 0.00000000e+00 0.00000000e+00 0.00000000e+00
7.07070707e-02 0.00000000e+00 0.00000000e+00 0.00000000e+00 0.00000000e+00
8.08080808e-02 0.00000000e+00 0.00000000e+00 0.00000000e+00 0.00000000e+00
9.09090909e-02 0.00000000e+00 0.00000000e+00 0.00000000e+00 0.00000000e+00
1.01010101e-01 0.00000000e+00 0.00000000e+00 0.00000000e+00 0.00000000e+00
1.11111111e-01 0.00000000e+00 0.00000000e+00 0.00000000e+00 0.00000000e+00
1.21212121e-01 0.00000000e+00 0.00000000e+00 0.00000000e+00 0.00000000e+00
1.31313131e-01 0.00000000e+00 0.00000000e+00 0.00000000e+00 0.00000000e+00
1.41414141e-01 0.00000000e+00 0.00000000e+00 0.00000000e+00 0.00000000e+00
1.51515152e-01 0.00000000e+00 0.00000000e+00 0.00000000e+00 0.00000000e+00
1.61616162e-01 0.00000000e+00 0.00000000e+00 0.00000000e+00 0.00000000e+00
1.71717172e-01 0.00000000e+00 0.00000000e+00 0.00000000e+00 0.00000000e+00
1.81818182e-01 0.00000000e+00 0.00000000e+00 0.00000000e+00 0.00000000e+00
1.91919192e-01 0.00000000e+00 0.00000000e+00 0.00000000e+00 0.00000000e+00
2.02020202e-01 0.00000000e+00 0.00000000e+00 0.00000000e+00 0.00000000e+00
2.12121212e-01 0.00000000e+00 0.00000000e+00 0.00000000e+00 0.00000000e+00
2.22222222e-01 0.00000000e+00 0.00000000e+00 0.00000000e+00 0.00000000e+00
2.32323232e-01 0.00000000e+00 0.00000000e+00 0.00000000e+00 0.00000000e+00
2.42424242e-01 0.00000000e+00 0.00000000e+00 0.00000000e+00 0.00000000e+00
2.52525253e-01 0.00000000e+00 0.00000000e+00 0.00000000e+00 0.00000000e+00
2.62626263e-01 0.00000000e+00 0.00000000e+00 0.00000000e+00 0.00000000e+00
2.72727273e-01 0.00000000e+00 0.00000000e+00 0.00000000e+00 0.00000000e+00
2.82828283e-01 0.00000000e+00 0.00000000e+00 0.00000000e+00 0.00000000e+00
2.92929293e-01 0.00000000e+00 0.00000000e+00 0.00000000e+00 0.00000000e+00
3.03030303e-01 0.00000000e+00 0.00000000e+00 0.00000000e+00 0.00000000e+00
3.13131313e-01 0.00000000e+00 0.00000000e+00 0.00000000e+00 0.00000000e+00
3.23232323e-01 0.00000000e+00 0.00000000e+00 0.00000000e+00 0.00000000e+00
3.33333333e-01 0.00000000e+00 0.00000000e+00 0.00000000e+00 0.00000000e+00
3.43434343e-01 0.00000000e+00 0.00000000e+00 0.00000000e+00 0.00000000e+00
3.53535354e-01 0.00000000e+00 0.00000000e+00 0.00000000e+00 0.00000000e+00
3.63636364e-01 0.00000000e+00 0.00000000e+00 0.00000000e+00 0.00000000e+00
3.73737374e-01 0.00000000e+00 0.00000000e+00 0.00000000e+00 0.00000000e+00
3.83838384e-01 0.00000000e+00 0.00000000e+00 0.00000000e+00 0.00000000e+00
3.93939394e-01 0.00000000e+00 0.00000000e+00 0.00000000e+00 0.00000000e+00
4.04040404e-01 0.00000000e+00 0.00000000e+00 0.00000000e+00 0.00000000e+00
4.14141414e-01 0.00000000e+00 0.00000000e+00 0.00000000e+00 0.00000000e+00
4.24242424e-01 0.00000000e+00 0.00000000e+00 0.00000000e+00 0.00000000e+00
4.34343434e-01 0.00000000e+00 0.00000000e+00 0.00000000e+00 0.00000000e+00
4.44444444e-01 0.00000000e+00 0.00000000e+00 0.00000000e+00 0.00000000e+00
4.54545455e-01 0.00000000e+00 0.00000000e+00 0.00000000e+00 0.00000000e+00
4.64646465e-01 0.00000000e+00 0.00000000e+00 0.00000000e+00 0.00000000e+00
4.74747475e-01 0.00000000e+00 0.00000000e+00 0.00000000e+00 0.00000000e+00
4.84848485e-01 0.00000000e+00 0.00000000e+00 0.00000000e+00 0.00000000e+00
4.94949495e-01 0.00000000e+00 0.00000000e+00 0.00000000e+00 0.00000000e+00
5.05050505e-01 0.00000000e+00 0.00000000e+00 -0.00000000e+00 0.00000000e+00
5.15151515e-01 0.00000000e+00 0.00000000e+00 -0.00000000e+00 0.00000000e+00
5.25252525e-01 0.00000000e+00 0.00000000e+00 -0.00000000e+00 0.00000000e+00
5.35353535e-01 0.00000000e+00 0.00000000e+00 -0.00000000e+00 0.00000000e+00
5.45454545e-01 0.00000000e+00 0.00000000e+00 -0.00000000e+00 0.00000000e+00
5.55555556e-01 0.00000000e+00 0.00000000e+00 -0.00000000e+00 0.00000000e+00
5.65656566e-01 0.00000000e+00 0.00000000e+00 -0.00000000e+00 0.00000000e+00
5.75757576e-01 0.00000000e+00 0.00000000e+00 -0.00000000e+00 0.00000000e+00
5.85858586e-01 0.00000000e+00 0.00000000e+00 -0.00000000e+00 0.00000000e+00
5.95959596e-01 0.00000000e+00 0.00000000e+00 -0.00000000e+00 0.00000000e+00
6.06060606e-01 0.00000000e+00 0.00000000e+00 -0.00000000e+00 0.00000000e+00
6.16161616e-01 0.00000000e+00 0.00000000e+00 -0.00000000e+00 0.00000000e+00
6.26262626e-01 0.00000000e+00 0.00000000e+00 -0.00000000e+00 0.00000000e+00
6.36363636e-01 0.00000000e+00 0.00000000e+00 -0.00000000e+00 0.00000000e+00
6.46464646e-01 0.00000000e+00 0.00000000e+00 -0.00000000e+00 0.00000000e+00
6.56565657e-01 0.00000000e+00 0.00000000e+00 -0.00000000e+00 0.00000000e+00
6.66666667e-01 0.00000000e+00 0.00000000e+00 -0.00000000e+00 0.00000000e+00
6.76767677e-01 0.00000000e+00 0.00000000e+00 -0.00000000e+00 0.00000000e+00
6.86868687e-01 0.00000000e+00 0.00000000e+00 -0.00000000e+00 0.00000000e+00
6.96969697e-01 0.00000000e+00 0.00000000e+00 -0.00000000e+00 0.00000000e+00
7.07070707e-01 0.00000000e+00 0.00000000e+00 -0.00000000e+00 0.00000000e+00
7.17171717e-01 0.00000000e+00 0.00000000e+00 -0.00000000e+00 0.00000000e+00
7.27272727e-01 0.00000000e+00 0.00000000e+00 -0.00000000e+00 0.00000000e+00
7.37373737e-01 0.00000000e+00 0.00000000e+00 -0.00000000e+00 0.00000000e+00
7.47474747e-01 0.00000000e+00 0.00000000e+00 -0.00000000e+00 0.00000000e+00
7.57575758e-01 0.00000000e+00 0.00000000e+00 -0.00000000e+00 0.00000000e+00
7.67676768e-01 0.00000000e+00 0.00000000e+00 -0.00000000e+00 0.00000000e+00
7.77777778e-01 0.00000000e+00 0.00000000e+00 -0.00000000e+00 0.00000000e+00
7.87878788e-01 0.00000000e+00 0.00000000e+00 -0.00000000e+00 0.00000000e+00
7.97979798e-01 0.00000000e+00 0.00000000e+00 -0.00000000e+00 0.00000000e+00
8.08080808e-01 0.00000000e+00 0.00000000e+00 -0.00000000e+00 0.00000000e+00
8.18181818e-01 0.00000000e+00 0.00000000e+00 -0.00000000e+00 0.00000000e+00
8.28282828e-01 0.00000000e+00 0.00000000e+00 -0.00000000e+00 0.00000000e+00
8.38383838e-01 0.00000000e+00 0.00000000e+00 -0.00000000e+00 0.00000000e+00
8.48484848e-01 0.00000000e+00 0.00000000e+00 -0.00000000e+00 0.00000000e+00
8.58585859e-01 0.00000000e+00 0.00000000e+00 -0.00000000e+00 0.00000000e+00
8.68686869e-01 0.00000000e+00 0.00000000e+00 -0.00000000e+00 0.00000000e+00
8.78787879e-01 0.00000000e+00 0.00000000e+00 -0.00000000e+00 0.00000000e+00
8.88888889e-01 0.00000000e+00 0.00000000e+00 -0.00000000e+00 0.00000000e+00
8.98989899e-01 0.00000000e+00 0.00000000e+00 -0.00000000e+00 0.00000000e+00
9.09090909e-01 0.00000000e+00 0.00000000e+00 -0.00000000e+00 0.00000000e+00
9.19191919e-01 0.00000000e+00 0.00000000e+00 -0.00000000e+00 0.00000000e+00
9.29292929e-01 0.00000000e+00 0.00000000e+00 -0.00000000e+00 0.00000000e+00
9.39393939e-01 0.00000000e+00 0.00000000e+00 -0.00000000e+00 0.00000000e+00
9.49494949e-01 0.00000000e+00 0.00000000e+00 -0.00000000e+00 0.00000000e+00
9.59595960e-01 0.00000000e+00 0.00000000e+00 -0.00000000e+00 0.00000000e+00
9.69696970e-01 0.00000000e+00 0.00000000e+00 -0.00000000e+00 0.00000000e+00
9.79797980e-01 0.00000000e+00 0.00000000e+00 -0.00000000e+00 0.00000000e+00
9.89898990e-01 0.00000000e+00 0.00000000e+00 -0.00000000e+00 0.00000000e+00
1.00000000e+00 0.00000000e+00 -0.00000000e+00 -0.00000000e+00 0.00000000e+00
0.00000000e+00 1.01010101e-02 1.57923445e-01 1.57923445e-01 0.00000000e+00
1.01010101e-02 1.01010101e-02 1.57844014e-01 1.57843937e-01 7.70293192e-08
2.02020202e-02 1.01010101e-02 1.57605579e-01 1.57605494e-01 8.58390688e-08
3.03030303e-02 1.01010101e-02 1.57208441e-01 1.57208355e-01 8.64127259e-08
4.04040404e-02 1.01010101e-02 1.56653007e-01 1.56652921e-01 8.61654125e-08
5.05050505e-02 1.01010101e-02 1.55939836e-01 1.55939751e-01 8.57768440e-08
6.06060606e-02 1.01010101e-02 1.55069648e-01 1.55069562e-01 8.52983936e-08
7.07070707e-02 1.01010101e-02 1.54043317e-01 1.54043232e-01 8.47338520e-08
8.08080808e-02 1.01010101e-02 1.52861877e-01 1.52861793e-01 8.40839799e-08
9.09090909e-02 1.01010101e-02 1.51526519e-01 1.51526436e-01 8.33494418e-08
1.01010101e-01 1.01010101e-02 1.50038586e-01 1.50038504e-01 8.25309779e-08
1.11111111e-01 1.01010101e-02 1.48399577e-01 1.48399496e-01 8.16294123e-08
1.21212121e-01 1.01010101e-02 1.46611143e-01 1.46611062e-01 8.06456528e-08
1.31313131e-01 1.01010101e-02 1.44675083e-01 1.44675003e-01 7.95806899e-08
1.41414141e-01 1.01010101e-02 1.42593348e-01 1.42593269e-01 7.84355960e-08
1.51515152e-01 1.01010101e-02 1.40368033e-01 1.40367956e-01 7.72115241e-08
1.61616162e-01 1.01010101e-02 1.38001380e-01 1.38001304e-01 7.59097068e-08
1.71717172e-01 1.01010101e-02 1.35495771e-01 1.35495696e-01 7.45314548e-08
1.81818182e-01 1.01010101e-02 1.32853729e-01 1.32853656e-01 7.30781559e-08
1.91919192e-01 1.01010101e-02 1.30077915e-01 1.30077843e-01 7.15512736e-08
2.02020202e-01 1.01010101e-02 1.27171123e-01 1.27171053e-01 6.99523453e-08
2.12121212e-01 1.01010101e-02 1.24136281e-01 1.24136212e-01 6.82829808e-08
2.22222222e-01 1.01010101e-02 1.20976444e-01 1.20976377e-01 6.65448611e-08
2.32323232e-01 1.01010101e-02 1.17694794e-01 1.17694729e-01 6.47397364e-08
2.42424242e-01 1.01010101e-02 1.14294635e-01 1.14294572e-01 6.28694243e-08
2.52525253e-01 1.01010101e-02 1.10779392e-01 1.10779331e-01 6.09358080e-08
2.62626263e-01 1.01010101e-02 1.07152602e-01 1.07152543e-01 5.89408345e-08
2.72727273e-01 1.01010101e-02 1.03417920e-01 1.03417863e-01 5.68865126e-08
2.82828283e-01 1.01010101e-02 9.95791040e-02 9.95790492e-02 5.47749108e-08
2.92929293e-01 1.01010101e-02 9.56400205e-02 9.56399679e-02 5.26081552e-08
3.03030303e-01 1.01010101e-02 9.16046356e-02 9.16045852e-02 5.03884278e-08
3.13131313e-01 1.01010101e-02 8.74770127e-02 8.74769645e-02 4.81179634e-08
3.23232323e-01 1.01010101e-02 8.32613077e-02 8.32612619e-02 4.57990484e-08
3.33333333e-01 1.01010101e-02 7.89617658e-02 7.89617223e-02 4.34340176e-08
3.43434343e-01 1.01010101e-02 7.45827160e-02 7.45826749e-02 4.10252524e-08
3.53535354e-01 1.01010101e-02 7.01285677e-02 7.01285291e-02 3.85751783e-08
3.63636364e-01 1.01010101e-02 6.56038059e-02 6.56037698e-02 3.60862622e-08
3.73737374e-01 1.01010101e-02 6.10129866e-02 6.10129531e-02 3.35610103e-08
3.83838384e-01 1.01010101e-02 5.63607325e-02 5.63607015e-02 3.10019654e-08
3.93939394e-01 1.01010101e-02 5.16517278e-02 5.16516994e-02 2.84117041e-08
4.04040404e-01 1.01010101e-02 4.68907142e-02 4.68906885e-02 2.57928346e-08
4.14141414e-01 1.01010101e-02 4.20824857e-02 4.20824626e-02 2.31479939e-08
4.24242424e-01 1.01010101e-02 3.72318837e-02 3.72318632e-02 2.04798451e-08
4.34343434e-01 1.01010101e-02 3.23437923e-02 3.23437745e-02 1.77910749e-08
4.44444444e-01 1.01010101e-02 2.74231335e-02 2.74231184e-02 1.50843905e-08
4.54545455e-01 1.01010101e-02 2.24748618e-02 2.24748495e-02 1.23625175e-08
4.64646465e-01 1.01010101e-02 1.75039600e-02 1.75039503e-02 9.62819646e-09
4.74747475e-01 1.01010101e-02 1.25154331e-02 1.25154262e-02 6.88418065e-09
4.84848485e-01 1.01010101e-02 7.51430418e-03 7.51430005e-03 4.13323302e-09
4.94949495e-01 1.01010101e-02 2.50560904e-03 2.50560766e-03 1.37812360e-09
5.05050505e-01 1.01010101e-02 -2.50560904e-03 -2.50560766e-03 1.37837347e-09
5.15151515e-01 1.01010101e-02 -7.51430418e-03 -7.51430005e-03 4.13348263e-09
5.25252525e-01 1.01010101e-02 -1.25154331e-02 -1.25154262e-02 6.88442975e-09
5.35353535e-01 1.01010101e-02 -1.75039600e-02 -1.75039503e-02 9.62844482e-09
5.45454545e-01 1.01010101e-02 -2.24748618e-02 -2.24748495e-02 1.23627648e-08
5.55555556e-01 1.01010101e-02 -2.74231335e-02 -2.74231184e-02 1.50846367e-08
5.65656566e-01 1.01010101e-02 -3.23437923e-02 -3.23437745e-02 1.77913195e-08
5.75757576e-01 1.01010101e-02 -3.72318837e-02 -3.72318632e-02 2.04800879e-08
5.85858586e-01 1.01010101e-02 -4.20824857e-02 -4.20824626e-02 2.31482347e-08
5.95959596e-01 1.01010101e-02 -4.68907143e-02 -4.68906885e-02 2.57930732e-08
6.06060606e-01 1.01010101e-02 -5.16517278e-02 -5.16516994e-02 2.84119402e-08
6.16161616e-01 1.01010101e-02 -5.63607325e-02 -5.63607015e-02 3.10021988e-08
6.26262626e-01 1.01010101e-02 -6.10129866e-02 -6.10129531e-02 3.35612408e-08
6.36363636e-01 1.01010101e-02 -6.56038059e-02 -6.56037698e-02 3.60864895e-08
6.46464646e-01 1.01010101e-02 -7.01285677e-02 -7.01285291e-02 3.85754022e-08
6.56565657e-01 1.01010101e-02 -7.45827160e-02 -7.45826749e-02 4.10254727e-08
6.66666667e-01 1.01010101e-02 -7.89617658e-02 -7.89617223e-02 4.34342340e-08
6.76767677e-01 1.01010101e-02 -8.32613077e-02 -8.32612619e-02 4.57992607e-08
6.86868687e-01 1.01010101e-02 -8.74770127e-02 -8.74769645e-02 4.81181715e-08
6.96969697e-01 1.01010101e-02 -9.16046356e-02 -9.16045852e-02 5.03886314e-08
7.07070707e-01 1.01010101e-02 -9.56400205e-02 -9.56399679e-02 5.26083541e-08
7.17171717e-01 1.01010101e-02 -9.95791040e-02 -9.95790492e-02 5.47751047e-08
7.27272727e-01 1.01010101e-02 -1.03417920e-01 -1.03417863e-01 5.68867015e-08
7.37373737e-01 1.01010101e-02 -1.07152602e-01 -1.07152543e-01 5.89410180e-08
7.47474747e-01 1.01010101e-02 -1.10779392e-01 -1.10779331e-01 6.09359861e-08
7.57575758e-01 1.01010101e-02 -1.14294635e-01 -1.14294572e-01 6.28695968e-08
7.67676768e-01 1.01010101e-02 -1.17694794e-01 -1.17694729e-01 6.47399030e-08
7.77777778e-01 1.01010101e-02 -1.20976444e-01 -1.20976377e-01 6.65450218e-08
7.87878788e-01 1.01010101e-02 -1.24136281e-01 -1.24136212e-01 6.82831353e-08
7.97979798e-01 1.01010101e-02 -1.27171123e-01 -1.27171053e-01 6.99524935e-08
8.08080808e-01 1.01010101e-02 -1.30077915e-01 -1.30077843e-01 7.15514154e-08
8.18181818e-01 1.01010101e-02 -1.32853729e-01 -1.32853656e-01 7.30782911e-08
8.28282828e-01 1.01010101e-02 -1.35495771e-01 -1.35495696e-01 7.45315832e-08
8.38383838e-01 1.01010101e-02 -1.38001380e-01 -1.38001304e-01 7.59098283e-08
8.48484848e-01 1.01010101e-02 -1.40368033e-01 -1.40367956e-01 7.72116387e-08
8.58585859e-01 1.01010101e-02 -1.42593348e-01 -1.42593269e-01 7.84357034e-08
8.68686869e-01 1.01010101e-02 -1.44675083e-01 -1.44675003e-01 7.95807901e-08
8.78787879e-01 1.01010101e-02 -1.46611143e-01 -1.46611062e-01 8.06457456e-08
8.88888889e-01 1.01010101e-02 -1.48399577e-01 -1.48399496e-01 8.16294977e-08
8.98989899e-01 1.01010101e-02 -1.50038586e-01 -1.50038504e-01 8.25310559e-08
9.09090909e-01 1.01010101e-02 -1.51526519e-01 -1.51526436e-01 8.33495122e-08
9.19191919e-01 1.01010101e-02 -1.52861877e-01 -1.52861793e-01 8.40840424e-08
9.29292929e-01 1.01010101e-02 -1.54043317e-01 -1.54043232e-01 8.47339032e-08
9.39393939e-01 1.01010101e-02 -1.55069648e-01 -1.55069562e-01 8.52983927e-08
9.49494949e-01 1.01010101e-02 -1.55939836e-01 -1.55939751e-01 8.57763694e-08
9.59595960e-01 1.01010101e-02 -1.56653007e-01 -1.56652921e-01 8.61646558e-08
9.69696970e-01 1.01010101e-02 -1.57208441e-01 -1.57208355e-01 8.64118931e-08
9.79797980e-01 1.01010101e-02 -1.57605579e-01 -1.57605494e-01 8.58382269e-08
9.89898990e-01 1.01010101e-02 -1.57844014e-01 -1.57843937e-01 7.70285608e-08
1.00000000e+00 1.01010101e-02 -1.57923445e-01 -1.57923445e-01 0.00000000e+00
0.00000000e+00 2.02020202e-02 3.11879501e-01 3.11879501e-01 0.00000000e+00
1.01010101e-02 2.02020202e-02 3.11722635e-01 3.11722483e-01 1.52123372e-07
2.02020202e-02 2.02020202e-02 3.11251757e-01 3.11251587e-01 1.69521537e-07
3.03030303e-02 2.02020202e-02 3.10467457e-01 3.10467287e-01 1.70654439e-07
4.04040404e-02 2.02020202e-02 3.09370543e-01 3.09370372e-01 1.70166026e-07
5.05050505e-02 2.02020202e-02 3.07962118e-01 3.07961948e-01 1.69398652e-07
6.06060606e-02 2.02020202e-02 3.06243601e-01 3.06243432e-01 1.68453772e-07
7.07070707e-02 2.02020202e-02 3.04216723e-01 3.04216556e-01 1.67338873e-07
8.08080808e-02 2.02020202e-02 3.01883524e-01 3.01883358e-01 1.66055457e-07
9.09090909e-02 2.02020202e-02 2.99246355e-01 2.99246190e-01 1.64604835e-07
1.01010101e-01 2.02020202e-02 2.96307869e-01 2.96307706e-01 1.62988471e-07
1.11111111e-01 2.02020202e-02 2.93071027e-01 2.93070866e-01 1.61207991e-07
1.21212121e-01 2.02020202e-02 2.89539087e-01 2.89538928e-01 1.59265188e-07
1.31313131e-01 2.02020202e-02 2.85715606e-01 2.85715449e-01 1.57162018e-07
1.41414141e-01 2.02020202e-02 2.81604433e-01 2.81604279e-01 1.54900600e-07
1.51515152e-01 2.02020202e-02 2.77209709e-01 2.77209557e-01 1.52483210e-07
1.61616162e-01 2.02020202e-02 2.72535858e-01 2.72535708e-01 1.49912283e-07
1.71717172e-01 2.02020202e-02 2.67587586e-01 2.67587439e-01 1.47190406e-07
1.81818182e-01 2.02020202e-02 2.62369877e-01 2.62369732e-01 1.44320321e-07
1.91919192e-01 2.02020202e-02 2.56887983e-01 2.56887841e-01 1.41304918e-07
2.02020202e-01 2.02020202e-02 2.51147425e-01 2.51147286e-01 1.38147233e-07
2.12121212e-01 2.02020202e-02 2.45153982e-01 2.45153847e-01 1.34850445e-07
2.22222222e-01 2.02020202e-02 2.38913690e-01 2.38913559e-01 1.31417874e-07
2.32323232e-01 2.02020202e-02 2.32432833e-01 2.32432705e-01 1.27852977e-07
2.42424242e-01 2.02020202e-02 2.25717935e-01 2.25717811e-01 1.24159342e-07
2.52525253e-01 2.02020202e-02 2.18775759e-01 2.18775638e-01 1.20340690e-07
2.62626263e-01 2.02020202e-02 2.11613293e-01 2.11613177e-01 1.16400864e-07
2.72727273e-01 2.02020202e-02 2.04237752e-01 2.04237639e-01 1.12343833e-07
2.82828283e-01 2.02020202e-02 1.96656560e-01 1.96656451e-01 1.08173681e-07
2.92929293e-01 2.02020202e-02 1.88877351e-01 1.88877247e-01 1.03894608e-07
3.03030303e-01 2.02020202e-02 1.80907959e-01 1.80907860e-01 9.95109209e-08
3.13131313e-01 2.02020202e-02 1.72756408e-01 1.72756313e-01 9.50270352e-08
3.23232323e-01 2.02020202e-02 1.64430906e-01 1.64430816e-01 9.04474653e-08
3.33333333e-01 2.02020202e-02 1.55939836e-01 1.55939751e-01 8.57768223e-08
3.43434343e-01 2.02020202e-02 1.47291748e-01 1.47291667e-01 8.10198096e-08
3.53535354e-01 2.02020202e-02 1.38495350e-01 1.38495274e-01 7.61812166e-08
3.63636364e-01 2.02020202e-02 1.29559498e-01 1.29559427e-01 7.12659157e-08
3.73737374e-01 2.02020202e-02 1.20493191e-01 1.20493125e-01 6.62788560e-08
3.83838384e-01 2.02020202e-02 1.11305558e-01 1.11305497e-01 6.12250591e-08
3.93939394e-01 2.02020202e-02 1.02005849e-01 1.02005793e-01 5.61096138e-08
4.04040404e-01 2.02020202e-02 9.26034295e-02 9.26033786e-02 5.09376709e-08
4.14141414e-01 2.02020202e-02 8.31077659e-02 8.31077201e-02 4.57144381e-08
4.24242424e-01 2.02020202e-02 7.35284197e-02 7.35283792e-02 4.04451746e-08
4.34343434e-01 2.02020202e-02 6.38750366e-02 6.38750015e-02 3.51351863e-08
4.44444444e-01 2.02020202e-02 5.41573369e-02 5.41573071e-02 2.97898199e-08
4.54545455e-01 2.02020202e-02 4.43851052e-02 4.43850808e-02 2.44144577e-08
4.64646465e-01 2.02020202e-02 3.45681815e-02 3.45681625e-02 1.90145121e-08
4.74747475e-01 2.02020202e-02 2.47164506e-02 2.47164370e-02 1.35954206e-08
4.84848485e-01 2.02020202e-02 1.48398323e-02 1.48398242e-02 8.16263956e-09
4.94949495e-01 2.02020202e-02 4.94827161e-03 4.94826889e-03 2.72163950e-09
5.05050505e-01 2.02020202e-02 -4.94827161e-03 -4.94826889e-03 2.72210103e-09
5.15151515e-01 2.02020202e-02 -1.48398323e-02 -1.48398242e-02 8.16310062e-09
5.25252525e-01 2.02020202e-02 -2.47164506e-02 -2.47164370e-02 1.35958807e-08
5.35353535e-01 2.02020202e-02 -3.45681815e-02 -3.45681625e-02 1.90149709e-08
5.45454545e-01 2.02020202e-02 -4.43851052e-02 -4.43850808e-02 2.44149145e-08
5.55555556e-01 2.02020202e-02 -5.41573369e-02 -5.41573071e-02 2.97902745e-08
5.65656566e-01 2.02020202e-02 -6.38750366e-02 -6.38750015e-02 3.51356381e-08
5.75757576e-01 2.02020202e-02 -7.35284197e-02 -7.35283792e-02 4.04456232e-08
5.85858586e-01 2.02020202e-02 -8.31077659e-02 -8.31077201e-02 4.57148829e-08
5.95959596e-01 2.02020202e-02 -9.26034295e-02 -9.26033786e-02 5.09381116e-08
6.06060606e-01 2.02020202e-02 -1.02005849e-01 -1.02005793e-01 5.61100500e-08
6.16161616e-01 2.02020202e-02 -1.11305558e-01 -1.11305497e-01 6.12254903e-08
6.26262626e-01 2.02020202e-02 -1.20493191e-01 -1.20493125e-01 6.62792817e-08
6.36363636e-01 2.02020202e-02 -1.29559498e-01 -1.29559427e-01 7.12663355e-08
6.46464646e-01 2.02020202e-02 -1.38495350e-01 -1.38495274e-01 7.61816303e-08
6.56565657e-01 2.02020202e-02 -1.47291748e-01 -1.47291667e-01 8.10202165e-08
6.66666667e-01 2.02020202e-02 -1.55939836e-01 -1.55939751e-01 8.57772221e-08
6.76767677e-01 2.02020202e-02 -1.64430906e-01 -1.64430816e-01 9.04478574e-08
6.86868687e-01 2.02020202e-02 -1.72756408e-01 -1.72756313e-01 9.50274194e-08
6.96969697e-01 2.02020202e-02 -1.80907959e-01 -1.80907860e-01 9.95112970e-08
7.07070707e-01 2.02020202e-02 -1.88877351e-01 -1.88877247e-01 1.03894975e-07
7.17171717e-01 2.02020202e-02 -1.96656560e-01 -1.96656451e-01 1.08174039e-07
7.27272727e-01 2.02020202e-02 -2.04237752e-01 -2.04237639e-01 1.12344182e-07
7.37373737e-01 2.02020202e-02 -2.11613293e-01 -2.11613177e-01 1.16401203e-07
7.47474747e-01 2.02020202e-02 -2.18775759e-01 -2.18775638e-01 1.20341019e-07
7.57575758e-01 2.02020202e-02 -2.25717935e-01 -2.25717811e-01 1.24159661e-07
7.67676768e-01 2.02020202e-02 -2.32432833e-01 -2.32432705e-01 1.27853284e-07
7.77777778e-01 2.02020202e-02 -2.38913690e-01 -2.38913559e-01 1.31418171e-07
7.87878788e-01 2.02020202e-02 -2.45153982e-01 -2.45153847e-01 1.34850730e-07
7.97979798e-01 2.02020202e-02 -2.51147425e-01 -2.51147286e-01 1.38147506e-07
8.08080808e-01 2.02020202e-02 -2.56887983e-01 -2.56887841e-01 1.41305180e-07
8.18181818e-01 2.02020202e-02 -2.62369877e-01 -2.62369732e-01 1.44320571e-07
8.28282828e-01 2.02020202e-02 -2.67587586e-01 -2.67587439e-01 1.47190643e-07
8.38383838e-01 2.02020202e-02 -2.72535858e-01 -2.72535708e-01 1.49912507e-07
8.48484848e-01 2.02020202e-02 -2.77209709e-01 -2.77209557e-01 1.52483422e-07
8.58585859e-01 2.02020202e-02 -2.81604433e-01 -2.81604279e-01 1.54900799e-07
8.68686869e-01 2.02020202e-02 -2.85715606e-01 -2.85715449e-01 1.57162203e-07
8.78787879e-01 2.02020202e-02 -2.89539087e-01 -2.89538928e-01 1.59265359e-07
8.88888889e-01 2.02020202e-02 -2.93071027e-01 -2.93070866e-01 1.61208149e-07
8.98989899e-01 2.02020202e-02 -2.96307869e-01 -2.96307706e-01 1.62988615e-07
9.09090909e-01 2.02020202e-02 -2.99246355e-01 -2.99246190e-01 1.64604965e-07
9.19191919e-01 2.02020202e-02 -3.01883524e-01 -3.01883358e-01 1.66055572e-07
9.29292929e-01 2.02020202e-02 -3.04216723e-01 -3.04216556e-01 1.67338967e-07
9.39393939e-01 2.02020202e-02 -3.06243601e-01 -3.06243432e-01 1.68453765e-07
9.49494949e-01 2.02020202e-02 -3.07962118e-01 -3.07961948e-01 1.69397717e-07
9.59595960e-01 2.02020202e-02 -3.09370543e-01 -3.09370372e-01 1.70164625e-07
9.69696970e-01 2.02020202e-02 -3.10467457e-01 -3.10467287e-01 1.70652921e-07
9.79797980e-01 2.02020202e-02 -3.11251757e-01 -3.11251587e-01 1.69520006e-07
9.89898990e-01 2.02020202e-02 -3.11722635e-01 -3.11722483e-01 1.52121993e-07
1.00000000e+00 2.02020202e-02 -3.11879501e-01 -3.11879501e-01 0.00000000e+00
0.00000000e+00 3.03030303e-02 4.58000452e-01 4.58000452e-01 0.00000000e+00
1.01010101e-02 3.03030303e-02 4.57770091e-01 4.57769868e-01 2.23395747e-07
2.02020202e-02 3.03030303e-02 4.57078598e-01 4.57078349e-01 2.48945247e-07
3.03030303e-02 3.03030303e-02 4.55926841e-01 4.55926590e-01 2.50608933e-07
4.04040404e-02 3.03030303e-02 4.54316002e-01 4.54315752e-01 2.49891690e-07
5.05050505e-02 3.03030303e-02 4.52247706e-01 4.52247457e-01 2.48764789e-07
6.06060606e-02 3.03030303e-02 4.49724034e-01 4.49723787e-01 2.47377217e-07
7.07070707e-02 3.03030303e-02 4.46747529e-01 4.46747283e-01 2.45739969e-07
8.08080808e-02 3.03030303e-02 4.43321186e-01 4.43320943e-01 2.43855250e-07
9.09090909e-02 3.03030303e-02 4.39448457e-01 4.39448215e-01 2.41724988e-07
1.01010101e-01 3.03030303e-02 4.35133241e-01 4.35133001e-01 2.39351330e-07
1.11111111e-01 3.03030303e-02 4.30379882e-01 4.30379645e-01 2.36736665e-07
1.21212121e-01 3.03030303e-02 4.25193167e-01 4.25192933e-01 2.33883627e-07
1.31313131e-01 3.03030303e-02 4.19578318e-01 4.19578087e-01 2.30795087e-07
1.41414141e-01 3.03030303e-02 4.13540990e-01 4.13540762e-01 2.27474156e-07
1.51515152e-01 3.03030303e-02 4.07087261e-01 4.07087037e-01 2.23924179e-07
1.61616162e-01 3.03030303e-02 4.00223630e-01 4.00223409e-01 2.20148728e-07
1.71717172e-01 3.03030303e-02 3.92957007e-01 3.92956791e-01 2.16151606e-07
1.81818182e-01 3.03030303e-02 3.85294710e-01 3.85294498e-01 2.11936839e-07
1.91919192e-01 3.03030303e-02 3.77244454e-01 3.77244246e-01 2.07508668e-07
2.02020202e-01 3.03030303e-02 3.68814345e-01 3.68814142e-01 2.02871554e-07
2.12121212e-01 3.03030303e-02 3.60012871e-01 3.60012673e-01 1.98030166e-07
2.22222222e-01 3.03030303e-02 3.50848894e-01 3.50848701e-01 1.92989377e-07
2.32323232e-01 3.03030303e-02 3.41331642e-01 3.41331455e-01 1.87754265e-07
2.42424242e-01 3.03030303e-02 3.31470699e-01 3.31470516e-01 1.82330101e-07
2.52525253e-01 3.03030303e-02 3.21275992e-01 3.21275815e-01 1.76722345e-07
2.62626263e-01 3.03030303e-02 3.10757788e-01 3.10757617e-01 1.70936645e-07
2.72727273e-01 3.03030303e-02 2.99926677e-01 2.99926512e-01 1.64978826e-07
2.82828283e-01 3.03030303e-02 2.88793565e-01 2.88793406e-01 1.58854888e-07
2.92929293e-01 3.03030303e-02 2.77369663e-01 2.77369510e-01 1.52570996e-07
3.03030303e-01 3.03030303e-02 2.65666473e-01 2.65666327e-01 1.46133478e-07
3.13131313e-01 3.03030303e-02 2.53695779e-01 2.53695640e-01 1.39548816e-07
3.23232323e-01 3.03030303e-02 2.41469635e-01 2.41469502e-01 1.32823640e-07
3.33333333e-01 3.03030303e-02 2.29000352e-01 2.29000226e-01 1.25964722e-07
3.43434343e-01 3.03030303e-02 2.16300485e-01 2.16300366e-01 1.18978969e-07
3.53535354e-01 3.03030303e-02 2.03382821e-01 2.03382709e-01 1.11873413e-07
3.63636364e-01 3.03030303e-02 1.90260368e-01 1.90260264e-01 1.04655211e-07
3.73737374e-01 3.03030303e-02 1.76946339e-01 1.76946242e-01 9.73316293e-08
3.83838384e-01 3.03030303e-02 1.63454141e-01 1.63454051e-01 8.99100431e-08
3.93939394e-01 3.03030303e-02 1.49797357e-01 1.49797275e-01 8.23979252e-08
4.04040404e-01 3.03030303e-02 1.35989741e-01 1.35989666e-01 7.48028396e-08
4.14141414e-01 3.03030303e-02 1.22045194e-01 1.22045127e-01 6.71324338e-08
4.24242424e-01 3.03030303e-02 1.07977758e-01 1.07977699e-01 5.93944313e-08
4.34343434e-01 3.03030303e-02 9.38015981e-02 9.38015465e-02 5.15966238e-08
4.44444444e-01 3.03030303e-02 7.95309876e-02 7.95309438e-02 4.37468628e-08
4.54545455e-01 3.03030303e-02 6.51802961e-02 6.51802602e-02 3.58530523e-08
4.64646465e-01 3.03030303e-02 5.07639736e-02 5.07639456e-02 2.79231410e-08
4.74747475e-01 3.03030303e-02 3.62965360e-02 3.62965160e-02 1.99651134e-08
4.84848485e-01 3.03030303e-02 2.17925509e-02 2.17925389e-02 1.19869825e-08
4.94949495e-01 3.03030303e-02 7.26662260e-03 7.26661860e-03 3.99678186e-09
5.05050505e-01 3.03030303e-02 -7.26662260e-03 -7.26661860e-03 3.99744323e-09
5.15151515e-01 3.03030303e-02 -2.17925509e-02 -2.17925389e-02 1.19876432e-08
5.25252525e-01 3.03030303e-02 -3.62965360e-02 -3.62965160e-02 1.99657727e-08
5.35353535e-01 3.03030303e-02 -5.07639736e-02 -5.07639456e-02 2.79237984e-08
5.45454545e-01 3.03030303e-02 -6.51802961e-02 -6.51802602e-02 3.58537071e-08
5.55555556e-01 3.03030303e-02 -7.95309876e-02 -7.95309438e-02 4.37475142e-08
5.65656566e-01 3.03030303e-02 -9.38015981e-02 -9.38015465e-02 5.15972712e-08
5.75757576e-01 3.03030303e-02 -1.07977758e-01 -1.07977699e-01 5.93950742e-08
5.85858586e-01 3.03030303e-02 -1.22045194e-01 -1.22045127e-01 6.71330714e-08
5.95959596e-01 3.03030303e-02 -1.35989741e-01 -1.35989666e-01 7.48034712e-08
6.06060606e-01 3.03030303e-02 -1.49797357e-01 -1.49797275e-01 8.23985503e-08
6.16161616e-01 3.03030303e-02 -1.63454141e-01 -1.63454051e-01 8.99106610e-08
6.26262626e-01 3.03030303e-02 -1.76946339e-01 -1.76946242e-01 9.73322394e-08
6.36363636e-01 3.03030303e-02 -1.90260368e-01 -1.90260264e-01 1.04655812e-07
6.46464646e-01 3.03030303e-02 -2.03382821e-01 -2.03382709e-01 1.11874006e-07
6.56565657e-01 3.03030303e-02 -2.16300485e-01 -2.16300366e-01 1.18979552e-07
6.66666667e-01 3.03030303e-02 -2.29000352e-01 -2.29000226e-01 1.25965295e-07
6.76767677e-01 3.03030303e-02 -2.41469635e-01 -2.41469502e-01 1.32824202e-07
6.86868687e-01 3.03030303e-02 -2.53695779e-01 -2.53695640e-01 1.39549367e-07
6.96969697e-01 3.03030303e-02 -2.65666473e-01 -2.65666327e-01 1.46134017e-07
7.07070707e-01 3.03030303e-02 -2.77369663e-01 -2.77369510e-01 1.52571522e-07
7.17171717e-01 3.03030303e-02 -2.88793565e-01 -2.88793406e-01 1.58855401e-07
7.27272727e-01 3.03030303e-02 -2.99926677e-01 -2.99926512e-01 1.64979326e-07
7.37373737e-01 3.03030303e-02 -3.10757788e-01 -3.10757617e-01 1.70937131e-07
7.47474747e-01 3.03030303e-02 -3.21275992e-01 -3.21275815e-01 1.76722816e-07
7.57575758e-01 3.03030303e-02 -3.31470699e-01 -3.31470516e-01 1.82330557e-07
7.67676768e-01 3.03030303e-02 -3.41331642e-01 -3.41331455e-01 1.87754706e-07
7.77777778e-01 3.03030303e-02 -3.50848894e-01 -3.50848701e-01 1.92989803e-07
7.87878788e-01 3.03030303e-02 -3.60012871e-01 -3.60012673e-01 1.98030574e-07
7.97979798e-01 3.03030303e-02 -3.68814345e-01 -3.68814142e-01 2.02871946e-07
8.08080808e-01 3.03030303e-02 -3.77244454e-01 -3.77244246e-01 2.07509043e-07
8.18181818e-01 3.03030303e-02 -3.85294710e-01 -3.85294498e-01 2.11937196e-07
8.28282828e-01 3.03030303e-02 -3.92957007e-01 -3.92956791e-01 2.16151946e-07
8.38383838e-01 3.03030303e-02 -4.00223630e-01 -4.00223409e-01 2.20149050e-07
8.48484848e-01 3.03030303e-02 -4.07087261e-01 -4.07087037e-01 2.23924482e-07
8.58585859e-01 3.03030303e-02 -4.13540990e-01 -4.13540762e-01 2.27474441e-07
8.68686869e-01 3.03030303e-02 -4.19578318e-01 -4.19578087e-01 2.30795352e-07
8.78787879e-01 3.03030303e-02 -4.25193167e-01 -4.25192933e-01 2.33883872e-07
8.88888889e-01 3.03030303e-02 -4.30379882e-01 -4.30379645e-01 2.36736892e-07
8.98989899e-01 3.03030303e-02 -4.35133241e-01 -4.35133001e-01 2.39351537e-07
9.09090909e-01 3.03030303e-02 -4.39448457e-01 -4.39448215e-01 2.41725175e-07
9.19191919e-01 3.03030303e-02 -4.43321186e-01 -4.43320943e-01 2.43855415e-07
9.29292929e-01 3.03030303e-02 -4.46747529e-01 -4.46747283e-01 2.45740103e-07
9.39393939e-01 3.03030303e-02 -4.49724034e-01 -4.49723787e-01 2.47377203e-07
9.49494949e-01 3.03030303e-02 -4.52247706e-01 -4.52247457e-01 2.48763416e-07
9.59595960e-01 3.03030303e-02 -4.54316002e-01 -4.54315752e-01 2.49889680e-07
9.69696970e-01 3.03030303e-02 -4.55926841e-01 -4.55926590e-01 2.50606767e-07
9.79797980e-01 3.03030303e-02 -4.57078598e-01 -4.57078349e-01 2.48943065e-07
9.89898990e-01 3.03030303e-02 -4.57770091e-01 -4.57769868e-01 2.23393782e-07
1.00000000e+00 3.03030303e-02 -4.58000452e-01 -4.58000452e-01 0.00000000e+00
0.00000000e+00 4.04040404e-02 5.92615413e-01 5.92615413e-01 0.00000000e+00
1.01010101e-02 4.04040404e-02 5.92317345e-01 5.92317056e-01 2.89055923e-07
2.02020202e-02 4.04040404e-02 5.91422608e-01 5.91422286e-01 3.22114898e-07
3.03030303e-02 4.04040404e-02 5.89932329e-01 5.89932004e-01 3.24267573e-07
4.04040404e-02 4.04040404e-02 5.87848034e-01 5.87847711e-01 3.23339520e-07
5.05050505e-02 4.04040404e-02 5.85171827e-01 5.85171505e-01 3.21881401e-07
6.06060606e-02 4.04040404e-02 5.81906400e-01 5.81906080e-01 3.20085996e-07
7.07070707e-02 4.04040404e-02 5.78055044e-01 5.78054726e-01 3.17967530e-07
8.08080808e-02 4.04040404e-02 5.73621635e-01 5.73621319e-01 3.15528858e-07
9.09090909e-02 4.04040404e-02 5.68610638e-01 5.68610325e-01 3.12772473e-07
1.01010101e-01 4.04040404e-02 5.63027097e-01 5.63026788e-01 3.09701152e-07
1.11111111e-01 4.04040404e-02 5.56876637e-01 5.56876330e-01 3.06317989e-07
1.21212121e-01 4.04040404e-02 5.50165449e-01 5.50165146e-01 3.02626389e-07
1.31313131e-01 4.04040404e-02 5.42900290e-01 5.42899992e-01 2.98630070e-07
1.41414141e-01 4.04040404e-02 5.35088478e-01 5.35088183e-01 2.94333056e-07
1.51515152e-01 4.04040404e-02 5.26737876e-01 5.26737586e-01 2.89739674e-07
1.61616162e-01 4.04040404e-02 5.17856894e-01 5.17856609e-01 2.84854548e-07
1.71717172e-01 4.04040404e-02 5.08454474e-01 5.08454195e-01 2.79682598e-07
1.81818182e-01 4.04040404e-02 4.98540084e-01 4.98539810e-01 2.74229031e-07
1.91919192e-01 4.04040404e-02 4.88123706e-01 4.88123437e-01 2.68499339e-07
2.02020202e-01 4.04040404e-02 4.77215829e-01 4.77215566e-01 2.62499291e-07
2.12121212e-01 4.04040404e-02 4.65827436e-01 4.65827179e-01 2.56234928e-07
2.22222222e-01 4.04040404e-02 4.53969994e-01 4.53969744e-01 2.49712559e-07
2.32323232e-01 4.04040404e-02 4.41655443e-01 4.41655200e-01 2.42938750e-07
2.42424242e-01 4.04040404e-02 4.28896182e-01 4.28895946e-01 2.35920322e-07
2.52525253e-01 4.04040404e-02 4.15705059e-01 4.15704830e-01 2.28664342e-07
2.62626263e-01 4.04040404e-02 4.02095356e-01 4.02095135e-01 2.21178117e-07
2.72727273e-01 4.04040404e-02 3.88080778e-01 3.88080564e-01 2.13469184e-07
2.82828283e-01 4.04040404e-02 3.73675435e-01 3.73675229e-01 2.05545306e-07
2.92929293e-01 4.04040404e-02 3.58893832e-01 3.58893635e-01 1.97414462e-07
3.03030303e-01 4.04040404e-02 3.43750854e-01 3.43750665e-01 1.89084837e-07
3.13131313e-01 4.04040404e-02 3.28261748e-01 3.28261567e-01 1.80564820e-07
3.23232323e-01 4.04040404e-02 3.12442110e-01 3.12441938e-01 1.71862990e-07
3.33333333e-01 4.04040404e-02 2.96307869e-01 2.96307706e-01 1.62988109e-07
3.43434343e-01 4.04040404e-02 2.79875272e-01 2.79875118e-01 1.53949112e-07
3.53535354e-01 4.04040404e-02 2.63160864e-01 2.63160719e-01 1.44755101e-07
3.63636364e-01 4.04040404e-02 2.46181475e-01 2.46181339e-01 1.35415334e-07
3.73737374e-01 4.04040404e-02 2.28954202e-01 2.28954076e-01 1.25939216e-07
3.83838384e-01 4.04040404e-02 2.11496392e-01 2.11496276e-01 1.16336287e-07
3.93939394e-01 4.04040404e-02 1.93825623e-01 1.93825516e-01 1.06616218e-07
4.04040404e-01 4.04040404e-02 1.75959688e-01 1.75959591e-01 9.67887947e-08
4.14141414e-01 4.04040404e-02 1.57916576e-01 1.57916489e-01 8.68639135e-08
4.24242424e-01 4.04040404e-02 1.39714456e-01 1.39714379e-01 7.68515679e-08
4.34343434e-01 4.04040404e-02 1.21371655e-01 1.21371588e-01 6.67618393e-08
4.44444444e-01 4.04040404e-02 1.02906643e-01 1.02906587e-01 5.66048872e-08
4.54545455e-01 4.04040404e-02 8.43380130e-02 8.43379666e-02 4.63909387e-08
4.64646465e-01 4.04040404e-02 6.56844617e-02 6.56844256e-02 3.61302784e-08
4.74747475e-01 4.04040404e-02 4.69647717e-02 4.69647459e-02 2.58332381e-08
4.84848485e-01 4.04040404e-02 2.81977922e-02 2.81977767e-02 1.55101858e-08
4.94949495e-01 4.04040404e-02 9.40241988e-03 9.40241471e-03 5.17151617e-09
5.05050505e-01 4.04040404e-02 -9.40241988e-03 -9.40241471e-03 5.17236077e-09
5.15151515e-01 4.04040404e-02 -2.81977922e-02 -2.81977767e-02 1.55110296e-08
5.25252525e-01 4.04040404e-02 -4.69647717e-02 -4.69647459e-02 2.58340801e-08
5.35353535e-01 4.04040404e-02 -6.56844617e-02 -6.56844256e-02 3.61311180e-08
5.45454545e-01 4.04040404e-02 -8.43380130e-02 -8.43379666e-02 4.63917747e-08
5.55555556e-01 4.04040404e-02 -1.02906643e-01 -1.02906587e-01 5.66057191e-08
5.65656566e-01 4.04040404e-02 -1.21371655e-01 -1.21371588e-01 6.67626661e-08
5.75757576e-01 4.04040404e-02 -1.39714456e-01 -1.39714379e-01 7.68523889e-08
5.85858586e-01 4.04040404e-02 -1.57916576e-01 -1.57916489e-01 8.68647278e-08
5.95959596e-01 4.04040404e-02 -1.75959688e-01 -1.75959591e-01 9.67896012e-08
6.06060606e-01 4.04040404e-02 -1.93825623e-01 -1.93825516e-01 1.06617016e-07
6.16161616e-01 4.04040404e-02 -2.11496392e-01 -2.11496276e-01 1.16337076e-07
6.26262626e-01 4.04040404e-02 -2.28954202e-01 -2.28954076e-01 1.25939995e-07
6.36363636e-01 4.04040404e-02 -2.46181475e-01 -2.46181339e-01 1.35416102e-07
6.46464646e-01 4.04040404e-02 -2.63160864e-01 -2.63160719e-01 1.44755858e-07
6.56565657e-01 4.04040404e-02 -2.79875272e-01 -2.79875118e-01 1.53949856e-07
6.66666667e-01 4.04040404e-02 -2.96307869e-01 -2.96307706e-01 1.62988840e-07
6.76767677e-01 4.04040404e-02 -3.12442110e-01 -3.12441938e-01 1.71863708e-07
6.86868687e-01 4.04040404e-02 -3.28261748e-01 -3.28261567e-01 1.80565524e-07
6.96969697e-01 4.04040404e-02 -3.43750854e-01 -3.43750665e-01 1.89085525e-07
7.07070707e-01 4.04040404e-02 -3.58893832e-01 -3.58893635e-01 1.97415134e-07
7.17171717e-01 4.04040404e-02 -3.73675435e-01 -3.73675229e-01 2.05545962e-07
7.27272727e-01 4.04040404e-02 -3.88080778e-01 -3.88080564e-01 2.13469823e-07
7.37373737e-01 4.04040404e-02 -4.02095356e-01 -4.02095135e-01 2.21178738e-07
7.47474747e-01 4.04040404e-02 -4.15705059e-01 -4.15704830e-01 2.28664944e-07
7.57575758e-01 4.04040404e-02 -4.28896182e-01 -4.28895946e-01 2.35920905e-07
7.67676768e-01 4.04040404e-02 -4.41655443e-01 -4.41655200e-01 2.42939313e-07
7.77777778e-01 4.04040404e-02 -4.53969994e-01 -4.53969744e-01 2.49713101e-07
7.87878788e-01 4.04040404e-02 -4.65827436e-01 -4.65827179e-01 2.56235450e-07
7.97979798e-01 4.04040404e-02 -4.77215829e-01 -4.77215566e-01 2.62499792e-07
8.08080808e-01 4.04040404e-02 -4.88123706e-01 -4.88123437e-01 2.68499818e-07
8.18181818e-01 4.04040404e-02 -4.98540084e-01 -4.98539810e-01 2.74229488e-07
8.28282828e-01 4.04040404e-02 -5.08454474e-01 -5.08454195e-01 2.79683032e-07
8.38383838e-01 4.04040404e-02 -5.17856894e-01 -5.17856609e-01 2.84854959e-07
8.48484848e-01 4.04040404e-02 -5.26737876e-01 -5.26737586e-01 2.89740061e-07
8.58585859e-01 4.04040404e-02 -5.35088478e-01 -5.35088183e-01 2.94333419e-07
8.68686869e-01 4.04040404e-02 -5.42900290e-01 -5.42899992e-01 2.98630409e-07
8.78787879e-01 4.04040404e-02 -5.50165449e-01 -5.50165146e-01 3.02626703e-07
8.88888889e-01 4.04040404e-02 -5.56876637e-01 -5.56876330e-01 3.06318278e-07
8.98989899e-01 4.04040404e-02 -5.63027097e-01 -5.63026788e-01 3.09701416e-07
9.09090909e-01 4.04040404e-02 -5.68610638e-01 -5.68610325e-01 3.12772711e-07
9.19191919e-01 4.04040404e-02 -5.73621635e-01 -5.73621319e-01 3.15529069e-07
9.29292929e-01 4.04040404e-02 -5.78055044e-01 -5.78054726e-01 3.17967702e-07
9.39393939e-01 4.04040404e-02 -5.81906400e-01 -5.81906080e-01 3.20085976e-07
9.49494949e-01 4.04040404e-02 -5.85171827e-01 -5.85171505e-01 3.21879625e-07
9.59595960e-01 4.04040404e-02 -5.87848034e-01 -5.87847711e-01 3.23336951e-07
9.69696970e-01 4.04040404e-02 -5.89932329e-01 -5.89932004e-01 3.24264815e-07
9.79797980e-01 4.04040404e-02 -5.91422608e-01 -5.91422286e-01 3.22112122e-07
9.89898990e-01 4.04040404e-02 -5.92317345e-01 -5.92317056e-01 2.89053423e-07
1.00000000e+00 4.04040404e-02 -5.92615413e-01 -5.92615413e-01 0.00000000e+00
0.00000000e+00 5.05050505e-02 7.12342558e-01 7.12342558e-01 0.00000000e+00
1.01010101e-02 5.05050505e-02 7.11984271e-01 7.11983923e-01 3.47454374e-07
2.02020202e-02 5.05050505e-02 7.10908769e-01 7.10908382e-01 3.87192307e-07
3.03030303e-02 5.05050505e-02 7.09117405e-01 7.09117015e-01 3.89779891e-07
4.04040404e-02 5.05050505e-02 7.06612017e-01 7.06611628e-01 3.88664341e-07
5.05050505e-02 5.05050505e-02 7.03395130e-01 7.03394743e-01 3.86911636e-07
6.06060606e-02 5.05050505e-02 6.99469984e-01 6.99469600e-01 3.84753503e-07
7.07070707e-02 5.05050505e-02 6.94840531e-01 6.94840149e-01 3.82207041e-07
8.08080808e-02 5.05050505e-02 6.89511433e-01 6.89511054e-01 3.79275679e-07
9.09090909e-02 5.05050505e-02 6.83488055e-01 6.83487679e-01 3.75962417e-07
1.01010101e-01 5.05050505e-02 6.76776462e-01 6.76776090e-01 3.72270592e-07
1.11111111e-01 5.05050505e-02 6.69383413e-01 6.69383045e-01 3.68203923e-07
1.21212121e-01 5.05050505e-02 6.61316352e-01 6.61315988e-01 3.63766504e-07
1.31313131e-01 5.05050505e-02 6.52583401e-01 6.52583042e-01 3.58962802e-07
1.41414141e-01 5.05050505e-02 6.43193353e-01 6.43193000e-01 3.53797655e-07
1.51515152e-01 5.05050505e-02 6.33155665e-01 6.33155317e-01 3.48276264e-07
1.61616162e-01 5.05050505e-02 6.22480443e-01 6.22480100e-01 3.42404189e-07
1.71717172e-01 5.05050505e-02 6.11178435e-01 6.11178099e-01 3.36187341e-07
1.81818182e-01 5.05050505e-02 5.99261023e-01 5.99260693e-01 3.29631981e-07
1.91919192e-01 5.05050505e-02 5.86740205e-01 5.86739883e-01 3.22744710e-07
2.02020202e-01 5.05050505e-02 5.73628590e-01 5.73628275e-01 3.15532462e-07
2.12121212e-01 5.05050505e-02 5.59939380e-01 5.59939072e-01 3.08002500e-07
2.22222222e-01 5.05050505e-02 5.45686358e-01 5.45686058e-01 3.00162405e-07
2.32323232e-01 5.05050505e-02 5.30883876e-01 5.30883584e-01 2.92020072e-07
2.42424242e-01 5.05050505e-02 5.15546839e-01 5.15546556e-01 2.83583700e-07
2.52525253e-01 5.05050505e-02 4.99690691e-01 4.99690416e-01 2.74861783e-07
2.62626263e-01 5.05050505e-02 4.83331395e-01 4.83331130e-01 2.65863104e-07
2.72727273e-01 5.05050505e-02 4.66485427e-01 4.66485170e-01 2.56596723e-07
2.82828283e-01 5.05050505e-02 4.49169747e-01 4.49169500e-01 2.47071970e-07
2.92929293e-01 5.05050505e-02 4.31401791e-01 4.31401553e-01 2.37298437e-07
3.03030303e-01 5.05050505e-02 4.13199450e-01 4.13199223e-01 2.27285965e-07
3.13131313e-01 5.05050505e-02 3.94581052e-01 3.94580835e-01 2.17044635e-07
3.23232323e-01 5.05050505e-02 3.75565345e-01 3.75565138e-01 2.06584760e-07
3.33333333e-01 5.05050505e-02 3.56171475e-01 3.56171279e-01 1.95916871e-07
3.43434343e-01 5.05050505e-02 3.36418970e-01 3.36418785e-01 1.85051711e-07
3.53535354e-01 5.05050505e-02 3.16327721e-01 3.16327547e-01 1.74000219e-07
3.63636364e-01 5.05050505e-02 2.95917956e-01 2.95917793e-01 1.62773523e-07
3.73737374e-01 5.05050505e-02 2.75210226e-01 2.75210075e-01 1.51382929e-07
3.83838384e-01 5.05050505e-02 2.54225384e-01 2.54225244e-01 1.39839905e-07
3.93939394e-01 5.05050505e-02 2.32984558e-01 2.32984430e-01 1.28156074e-07
4.04040404e-01 5.05050505e-02 2.11509136e-01 2.11509020e-01 1.16343200e-07
4.14141414e-01 5.05050505e-02 1.89820742e-01 1.89820638e-01 1.04413179e-07
4.24242424e-01 5.05050505e-02 1.67941215e-01 1.67941123e-01 9.23780223e-08
4.34343434e-01 5.05050505e-02 1.45892586e-01 1.45892506e-01 8.02498490e-08
4.44444444e-01 5.05050505e-02 1.23697055e-01 1.23696987e-01 6.80408710e-08
4.54545455e-01 5.05050505e-02 1.01376972e-01 1.01376916e-01 5.57633815e-08
4.64646465e-01 5.05050505e-02 7.89548102e-02 7.89547668e-02 4.34297430e-08
4.74747475e-01 5.05050505e-02 5.64531480e-02 5.64531170e-02 3.10523745e-08
4.84848485e-01 5.05050505e-02 3.38946423e-02 3.38946236e-02 1.86437388e-08
4.94949495e-01 5.05050505e-02 1.13020075e-02 1.13020013e-02 6.21633051e-09
5.05050505e-01 5.05050505e-02 -1.13020075e-02 -1.13020013e-02 6.21733712e-09
5.15151515e-01 5.05050505e-02 -3.38946423e-02 -3.38946236e-02 1.86447444e-08
5.25252525e-01 5.05050505e-02 -5.64531480e-02 -5.64531170e-02 3.10533780e-08
5.35353535e-01 5.05050505e-02 -7.89548102e-02 -7.89547668e-02 4.34307436e-08
5.45454545e-01 5.05050505e-02 -1.01376972e-01 -1.01376916e-01 5.57643779e-08
5.55555556e-01 5.05050505e-02 -1.23697055e-01 -1.23696987e-01 6.80418624e-08
5.65656566e-01 5.05050505e-02 -1.45892586e-01 -1.45892506e-01 8.02508344e-08
5.75757576e-01 5.05050505e-02 -1.67941215e-01 -1.67941123e-01 9.23790006e-08
5.85858586e-01 5.05050505e-02 -1.89820742e-01 -1.89820638e-01 1.04414149e-07
5.95959596e-01 5.05050505e-02 -2.11509136e-01 -2.11509020e-01 1.16344161e-07
6.06060606e-01 5.05050505e-02 -2.32984558e-01 -2.32984430e-01 1.28157025e-07
6.16161616e-01 5.05050505e-02 -2.54225384e-01 -2.54225244e-01 1.39840845e-07
6.26262626e-01 5.05050505e-02 -2.75210226e-01 -2.75210075e-01 1.51383858e-07
6.36363636e-01 5.05050505e-02 -2.95917956e-01 -2.95917793e-01 1.62774439e-07
6.46464646e-01 5.05050505e-02 -3.16327721e-01 -3.16327547e-01 1.74001121e-07
6.56565657e-01 5.05050505e-02 -3.36418970e-01 -3.36418785e-01 1.85052598e-07
6.66666667e-01 5.05050505e-02 -3.56171475e-01 -3.56171279e-01 1.95917743e-07
6.76767677e-01 5.05050505e-02 -3.75565345e-01 -3.75565138e-01 2.06585615e-07
6.86868687e-01 5.05050505e-02 -3.94581052e-01 -3.94580835e-01 2.17045474e-07
6.96969697e-01 5.05050505e-02 -4.13199450e-01 -4.13199223e-01 2.27286786e-07
7.07070707e-01 5.05050505e-02 -4.31401791e-01 -4.31401553e-01 2.37299239e-07
7.17171717e-01 5.05050505e-02 -4.49169747e-01 -4.49169500e-01 2.47072752e-07
7.27272727e-01 5.05050505e-02 -4.66485427e-01 -4.66485170e-01 2.56597483e-07
7.37373737e-01 5.05050505e-02 -4.83331395e-01 -4.83331130e-01 2.65863843e-07
7.47474747e-01 5.05050505e-02 -4.99690691e-01 -4.99690416e-01 2.74862500e-07
7.57575758e-01 5.05050505e-02 -5.15546839e-01 -5.15546556e-01 2.83584395e-07
7.67676768e-01 5.05050505e-02 -5.30883876e-01 -5.30883584e-01 2.92020744e-07
7.77777778e-01 5.05050505e-02 -5.45686358e-01 -5.45686058e-01 3.00163052e-07
7.87878788e-01 5.05050505e-02 -5.59939380e-01 -5.59939072e-01 3.08003122e-07
7.97979798e-01 5.05050505e-02 -5.73628590e-01 -5.73628275e-01 3.15533059e-07
8.08080808e-01 5.05050505e-02 -5.86740205e-01 -5.86739883e-01 3.22745281e-07
8.18181818e-01 5.05050505e-02 -5.99261023e-01 -5.99260693e-01 3.29632525e-07
8.28282828e-01 5.05050505e-02 -6.11178435e-01 -6.11178099e-01 3.36187859e-07
8.38383838e-01 5.05050505e-02 -6.22480443e-01 -6.22480100e-01 3.42404678e-07
8.48484848e-01 5.05050505e-02 -6.33155665e-01 -6.33155317e-01 3.48276726e-07
8.58585859e-01 5.05050505e-02 -6.43193353e-01 -6.43193000e-01 3.53798088e-07
8.68686869e-01 5.05050505e-02 -6.52583401e-01 -6.52583042e-01 3.58963206e-07
8.78787879e-01 5.05050505e-02 -6.61316352e-01 -6.61315988e-01 3.63766878e-07
8.88888889e-01 5.05050505e-02 -6.69383413e-01 -6.69383045e-01 3.68204268e-07
8.98989899e-01 5.05050505e-02 -6.76776462e-01 -6.76776090e-01 3.72270907e-07
9.09090909e-01 5.05050505e-02 -6.83488055e-01 -6.83487679e-01 3.75962701e-07
9.19191919e-01 5.05050505e-02 -6.89511433e-01 -6.89511054e-01 3.79275931e-07
9.29292929e-01 5.05050505e-02 -6.94840531e-01 -6.94840149e-01 3.82207245e-07
9.39393939e-01 5.05050505e-02 -6.99469984e-01 -6.99469600e-01 3.84753478e-07
9.49494949e-01 5.05050505e-02 -7.03395130e-01 -7.03394743e-01 3.86909503e-07
9.59595960e-01 5.05050505e-02 -7.06612017e-01 -7.06611628e-01 3.88661279e-07
9.69696970e-01 5.05050505e-02 -7.09117405e-01 -7.09117015e-01 3.89776610e-07
9.79797980e-01 5.05050505e-02 -7.10908769e-01 -7.10908382e-01 3.87189006e-07
9.89898990e-01 5.05050505e-02 -7.11984271e-01 -7.11983923e-01 3.47451400e-07
1.00000000e+00 5.05050505e-02 -7.12342558e-01 -7.12342558e-01 0.00000000e+00
0.00000000e+00 6.06060606e-02 8.14174074e-01 8.14174074e-01 0.00000000e+00
1.01010101e-02 6.06060606e-02 8.13764569e-01 8.13764172e-01 3.97123997e-07
2.02020202e-02 6.06060606e-02 8.12535321e-01 8.12534878e-01 4.42542585e-07
3.03030303e-02 6.06060606e-02 8.10487876e-01 8.10487431e-01 4.45500071e-07
4.04040404e-02 6.06060606e-02 8.07624336e-01 8.07623891e-01 4.44225052e-07
5.05050505e-02 6.06060606e-02 8.03947585e-01 8.03947143e-01 4.42221792e-07
6.06060606e-02 6.06060606e-02 7.99461328e-01 7.99460888e-01 4.39755148e-07
7.07070707e-02 6.06060606e-02 7.94170080e-01 7.94169644e-01 4.36844661e-07
8.08080808e-02 6.06060606e-02 7.88079171e-01 7.88078738e-01 4.33494253e-07
9.09090909e-02 6.06060606e-02 7.81194733e-01 7.81194303e-01 4.29707350e-07
1.01010101e-01 6.06060606e-02 7.73523698e-01 7.73523273e-01 4.25487769e-07
1.11111111e-01 6.06060606e-02 7.65073790e-01 7.65073369e-01 4.20839757e-07
1.21212121e-01 6.06060606e-02 7.55853518e-01 7.55853102e-01 4.15767995e-07
1.31313131e-01 6.06060606e-02 7.45872165e-01 7.45871755e-01 4.10277591e-07
1.41414141e-01 6.06060606e-02 7.35139783e-01 7.35139378e-01 4.04374071e-07
1.51515152e-01 6.06060606e-02 7.23667176e-01 7.23666778e-01 3.98063381e-07
1.61616162e-01 6.06060606e-02 7.11465899e-01 7.11465507e-01 3.91351875e-07
1.71717172e-01 6.06060606e-02 6.98548235e-01 6.98547851e-01 3.84246311e-07
1.81818182e-01 6.06060606e-02 6.84927193e-01 6.84926816e-01 3.76753843e-07
1.91919192e-01 6.06060606e-02 6.70616487e-01 6.70616118e-01 3.68882016e-07
2.02020202e-01 6.06060606e-02 6.55630527e-01 6.55630166e-01 3.60638757e-07
2.12121212e-01 6.06060606e-02 6.39984403e-01 6.39984051e-01 3.52032364e-07
2.22222222e-01 6.06060606e-02 6.23693868e-01 6.23693525e-01 3.43071505e-07
2.32323232e-01 6.06060606e-02 6.06775327e-01 6.06774993e-01 3.33765202e-07
2.42424242e-01 6.06060606e-02 5.89245814e-01 5.89245490e-01 3.24122826e-07
2.52525253e-01 6.06060606e-02 5.71122981e-01 5.71122667e-01 3.14154085e-07
2.62626263e-01 6.06060606e-02 5.52425076e-01 5.52424772e-01 3.03869018e-07
2.72727273e-01 6.06060606e-02 5.33170925e-01 5.33170632e-01 2.93277981e-07
2.82828283e-01 6.06060606e-02 5.13379916e-01 5.13379634e-01 2.82391637e-07
2.92929293e-01 6.06060606e-02 4.93071978e-01 4.93071706e-01 2.71220949e-07
3.03030303e-01 6.06060606e-02 4.72267557e-01 4.72267297e-01 2.59777165e-07
3.13131313e-01 6.06060606e-02 4.50987603e-01 4.50987355e-01 2.48071807e-07
3.23232323e-01 6.06060606e-02 4.29253543e-01 4.29253307e-01 2.36116661e-07
3.33333333e-01 6.06060606e-02 4.07087261e-01 4.07087037e-01 2.23923766e-07
3.43434343e-01 6.06060606e-02 3.84511077e-01 3.84510865e-01 2.11505400e-07
3.53535354e-01 6.06060606e-02 3.61547722e-01 3.61547523e-01 1.98874064e-07
3.63636364e-01 6.06060606e-02 3.38220320e-01 3.38220134e-01 1.86042480e-07
3.73737374e-01 6.06060606e-02 3.14552358e-01 3.14552185e-01 1.73023567e-07
3.83838384e-01 6.06060606e-02 2.90567669e-01 2.90567509e-01 1.59830433e-07
3.93939394e-01 6.06060606e-02 2.66290403e-01 2.66290256e-01 1.46476364e-07
4.04040404e-01 6.06060606e-02 2.41745005e-01 2.41744872e-01 1.32974806e-07
4.14141414e-01 6.06060606e-02 2.16956190e-01 2.16956071e-01 1.19339353e-07
4.24242424e-01 6.06060606e-02 1.91948919e-01 1.91948813e-01 1.05583735e-07
4.34343434e-01 6.06060606e-02 1.66748371e-01 1.66748279e-01 9.17218042e-08
4.44444444e-01 6.06060606e-02 1.41379922e-01 1.41379844e-01 7.77675170e-08
4.54545455e-01 6.06060606e-02 1.15869115e-01 1.15869052e-01 6.37349242e-08
4.64646465e-01 6.06060606e-02 9.02416384e-02 9.02415888e-02 4.96381560e-08
4.74747475e-01 6.06060606e-02 6.45232957e-02 6.45232602e-02 3.54914063e-08
4.84848485e-01 6.06060606e-02 3.87399836e-02 3.87399623e-02 2.13089196e-08
4.94949495e-01 6.06060606e-02 1.29176635e-02 1.29176564e-02 7.10497681e-09
5.05050505e-01 6.06060606e-02 -1.29176635e-02 -1.29176564e-02 7.10612013e-09
5.15151515e-01 6.06060606e-02 -3.87399836e-02 -3.87399623e-02 2.13100618e-08
5.25252525e-01 6.06060606e-02 -6.45232957e-02 -6.45232602e-02 3.54925461e-08
5.35353535e-01 6.06060606e-02 -9.02416384e-02 -9.02415888e-02 4.96392924e-08
5.45454545e-01 6.06060606e-02 -1.15869115e-01 -1.15869052e-01 6.37360561e-08
5.55555556e-01 6.06060606e-02 -1.41379922e-01 -1.41379844e-01 7.77686431e-08
5.65656566e-01 6.06060606e-02 -1.66748371e-01 -1.66748279e-01 9.17229234e-08
5.75757576e-01 6.06060606e-02 -1.91948919e-01 -1.91948813e-01 1.05584847e-07
5.85858586e-01 6.06060606e-02 -2.16956190e-01 -2.16956071e-01 1.19340455e-07
5.95959596e-01 6.06060606e-02 -2.41745005e-01 -2.41744872e-01 1.32975897e-07
6.06060606e-01 6.06060606e-02 -2.66290403e-01 -2.66290256e-01 1.46477445e-07
6.16161616e-01 6.06060606e-02 -2.90567669e-01 -2.90567509e-01 1.59831501e-07
6.26262626e-01 6.06060606e-02 -3.14552358e-01 -3.14552185e-01 1.73024622e-07
6.36363636e-01 6.06060606e-02 -3.38220320e-01 -3.38220134e-01 1.86043520e-07
6.46464646e-01 6.06060606e-02 -3.61547722e-01 -3.61547523e-01 1.98875089e-07
6.56565657e-01 6.06060606e-02 -3.84511077e-01 -3.84510865e-01 2.11506407e-07
6.66666667e-01 6.06060606e-02 -4.07087261e-01 -4.07087037e-01 2.23924757e-07
6.76767677e-01 6.06060606e-02 -4.29253543e-01 -4.29253307e-01 2.36117633e-07
6.86868687e-01 6.06060606e-02 -4.50987603e-01 -4.50987355e-01 2.48072759e-07
6.96969697e-01 6.06060606e-02 -4.72267557e-01 -4.72267297e-01 2.59778096e-07
7.07070707e-01 6.06060606e-02 -4.93071978e-01 -4.93071706e-01 2.71221859e-07
7.17171717e-01 6.06060606e-02 -5.13379916e-01 -5.13379634e-01 2.82392525e-07
7.27272727e-01 6.06060606e-02 -5.33170925e-01 -5.33170632e-01 2.93278845e-07
7.37373737e-01 6.06060606e-02 -5.52425076e-01 -5.52424772e-01 3.03869858e-07
7.47474747e-01 6.06060606e-02 -5.71122981e-01 -5.71122667e-01 3.14154900e-07
7.57575758e-01 6.06060606e-02 -5.89245814e-01 -5.89245490e-01 3.24123615e-07
7.67676768e-01 6.06060606e-02 -6.06775327e-01 -6.06774993e-01 3.33765964e-07
7.77777778e-01 6.06060606e-02 -6.23693868e-01 -6.23693525e-01 3.43072240e-07
7.87878788e-01 6.06060606e-02 -6.39984403e-01 -6.39984051e-01 3.52033071e-07
7.97979798e-01 6.06060606e-02 -6.55630527e-01 -6.55630166e-01 3.60639435e-07
8.08080808e-01 6.06060606e-02 -6.70616487e-01 -6.70616118e-01 3.68882665e-07
8.18181818e-01 6.06060606e-02 -6.84927193e-01 -6.84926816e-01 3.76754462e-07
8.28282828e-01 6.06060606e-02 -6.98548235e-01 -6.98547851e-01 3.84246898e-07
8.38383838e-01 6.06060606e-02 -7.11465899e-01 -7.11465507e-01 3.91352431e-07
8.48484848e-01 6.06060606e-02 -7.23667176e-01 -7.23666778e-01 3.98063905e-07
8.58585859e-01 6.06060606e-02 -7.35139783e-01 -7.35139378e-01 4.04374563e-07
8.68686869e-01 6.06060606e-02 -7.45872165e-01 -7.45871755e-01 4.10278049e-07
8.78787879e-01 6.06060606e-02 -7.55853518e-01 -7.55853102e-01 4.15768420e-07
8.88888889e-01 6.06060606e-02 -7.65073790e-01 -7.65073369e-01 4.20840148e-07
8.98989899e-01 6.06060606e-02 -7.73523698e-01 -7.73523273e-01 4.25488126e-07
9.09090909e-01 6.06060606e-02 -7.81194733e-01 -7.81194303e-01 4.29707672e-07
9.19191919e-01 6.06060606e-02 -7.88079171e-01 -7.88078738e-01 4.33494538e-07
9.29292929e-01 6.06060606e-02 -7.94170080e-01 -7.94169644e-01 4.36844892e-07
9.39393939e-01 6.06060606e-02 -7.99461328e-01 -7.99460888e-01 4.39755117e-07
9.49494949e-01 6.06060606e-02 -8.03947585e-01 -8.03947143e-01 4.42219355e-07
9.59595960e-01 6.06060606e-02 -8.07624336e-01 -8.07623891e-01 4.44221571e-07
9.69696970e-01 6.06060606e-02 -8.10487876e-01 -8.10487431e-01 4.45496350e-07
9.79797980e-01 6.06060606e-02 -8.12535321e-01 -8.12534878e-01 4.42538842e-07
9.89898990e-01 6.06060606e-02 -8.13764569e-01 -8.13764172e-01 3.97120625e-07
1.00000000e+00 6.06060606e-02 -8.14174074e-01 -8.14174074e-01 0.00000000e+00
0.00000000e+00 7.07070707e-02 8.95551728e-01 8.95551728e-01 0.00000000e+00
1.01010101e-02 7.07070707e-02 8.95101293e-01 8.95100856e-01 4.36816984e-07
2.02020202e-02 7.07070707e-02 8.93749180e-01 8.93748693e-01 4.86775210e-07
3.03030303e-02 7.07070707e-02 8.91497091e-01 8.91496601e-01 4.90028300e-07
4.04040404e-02 7.07070707e-02 8.88347336e-01 8.88346847e-01 4.88625841e-07
5.05050505e-02 7.07070707e-02 8.84303090e-01 8.84302603e-01 4.86422353e-07
6.06060606e-02 7.07070707e-02 8.79368425e-01 8.79367942e-01 4.83709165e-07
7.07070707e-02 7.07070707e-02 8.73548312e-01 8.73547831e-01 4.80507772e-07
8.08080808e-02 7.07070707e-02 8.66848609e-01 8.66848132e-01 4.76822487e-07
9.09090909e-02 7.07070707e-02 8.59276063e-01 8.59275591e-01 4.72657080e-07
1.01010101e-01 7.07070707e-02 8.50838299e-01 8.50837831e-01 4.68015746e-07
1.11111111e-01 7.07070707e-02 8.41543813e-01 8.41543350e-01 4.62903161e-07
1.21212121e-01 7.07070707e-02 8.31401964e-01 8.31401507e-01 4.57324471e-07
1.31313131e-01 7.07070707e-02 8.20422964e-01 8.20422512e-01 4.51285294e-07
1.41414141e-01 7.07070707e-02 8.08617867e-01 8.08617422e-01 4.44791711e-07
1.51515152e-01 7.07070707e-02 7.95998560e-01 7.95998122e-01 4.37850261e-07
1.61616162e-01 7.07070707e-02 7.82577750e-01 7.82577320e-01 4.30467933e-07
1.71717172e-01 7.07070707e-02 7.68368951e-01 7.68368528e-01 4.22652159e-07
1.81818182e-01 7.07070707e-02 7.53386470e-01 7.53386055e-01 4.14410811e-07
1.91919192e-01 7.07070707e-02 7.37645392e-01 7.37644986e-01 4.05752186e-07
2.02020202e-01 7.07070707e-02 7.21161567e-01 7.21161171e-01 3.96685004e-07
2.12121212e-01 7.07070707e-02 7.03951595e-01 7.03951207e-01 3.87218393e-07
2.22222222e-01 7.07070707e-02 6.86032802e-01 6.86032425e-01 3.77361886e-07
2.32323232e-01 7.07070707e-02 6.67423233e-01 6.67422866e-01 3.67125408e-07
2.42424242e-01 7.07070707e-02 6.48141625e-01 6.48141269e-01 3.56519265e-07
2.52525253e-01 7.07070707e-02 6.28207394e-01 6.28207048e-01 3.45554138e-07
2.62626263e-01 7.07070707e-02 6.07640610e-01 6.07640276e-01 3.34241067e-07
2.72727273e-01 7.07070707e-02 5.86461985e-01 5.86461662e-01 3.22591444e-07
2.82828283e-01 7.07070707e-02 5.64692841e-01 5.64692531e-01 3.10616998e-07
2.92929293e-01 7.07070707e-02 5.42355100e-01 5.42354802e-01 2.98329788e-07
3.03030303e-01 7.07070707e-02 5.19471254e-01 5.19470968e-01 2.85742184e-07
3.13131313e-01 7.07070707e-02 4.96064343e-01 4.96064070e-01 2.72866863e-07
3.23232323e-01 7.07070707e-02 4.72157938e-01 4.72157679e-01 2.59716787e-07
3.33333333e-01 7.07070707e-02 4.47776110e-01 4.47775864e-01 2.46305199e-07
3.43434343e-01 7.07070707e-02 4.22943410e-01 4.22943177e-01 2.32645602e-07
3.53535354e-01 7.07070707e-02 3.97684841e-01 3.97684622e-01 2.18751751e-07
3.63636364e-01 7.07070707e-02 3.72025837e-01 3.72025633e-01 2.04637636e-07
3.73737374e-01 7.07070707e-02 3.45992235e-01 3.45992045e-01 1.90317468e-07
3.83838384e-01 7.07070707e-02 3.19610248e-01 3.19610073e-01 1.75805666e-07
3.93939394e-01 7.07070707e-02 2.92906441e-01 2.92906280e-01 1.61116843e-07
4.04040404e-01 7.07070707e-02 2.65907702e-01 2.65907555e-01 1.46265789e-07
4.14141414e-01 7.07070707e-02 2.38641216e-01 2.38641084e-01 1.31267457e-07
4.24242424e-01 7.07070707e-02 2.11134438e-01 2.11134322e-01 1.16136950e-07
4.34343434e-01 7.07070707e-02 1.83415066e-01 1.83414966e-01 1.00889504e-07
4.44444444e-01 7.07070707e-02 1.55511011e-01 1.55510926e-01 8.55404699e-08
4.54545455e-01 7.07070707e-02 1.27450369e-01 1.27450299e-01 7.01053040e-08
4.64646465e-01 7.07070707e-02 9.92613961e-02 9.92613415e-02 5.45995480e-08
4.74747475e-01 7.07070707e-02 7.09724749e-02 7.09724358e-02 3.90388150e-08
4.84848485e-01 7.07070707e-02 4.26120904e-02 4.26120669e-02 2.34387730e-08
4.94949495e-01 7.07070707e-02 1.42087991e-02 1.42087913e-02 7.81513029e-09
5.05050505e-01 7.07070707e-02 -1.42087991e-02 -1.42087913e-02 7.81638162e-09
5.15151515e-01 7.07070707e-02 -4.26120904e-02 -4.26120669e-02 2.34400231e-08
5.25252525e-01 7.07070707e-02 -7.09724749e-02 -7.09724358e-02 3.90400625e-08
5.35353535e-01 7.07070707e-02 -9.92613961e-02 -9.92613415e-02 5.46007918e-08
5.45454545e-01 7.07070707e-02 -1.27450369e-01 -1.27450299e-01 7.01065427e-08
5.55555556e-01 7.07070707e-02 -1.55511011e-01 -1.55510926e-01 8.55417025e-08
5.65656566e-01 7.07070707e-02 -1.83415066e-01 -1.83414966e-01 1.00890729e-07
5.75757576e-01 7.07070707e-02 -2.11134438e-01 -2.11134322e-01 1.16138167e-07
5.85858586e-01 7.07070707e-02 -2.38641216e-01 -2.38641084e-01 1.31268663e-07
5.95959596e-01 7.07070707e-02 -2.65907702e-01 -2.65907555e-01 1.46266984e-07
6.06060606e-01 7.07070707e-02 -2.92906441e-01 -2.92906280e-01 1.61118025e-07
6.16161616e-01 7.07070707e-02 -3.19610248e-01 -3.19610073e-01 1.75806835e-07
6.26262626e-01 7.07070707e-02 -3.45992235e-01 -3.45992045e-01 1.90318622e-07
6.36363636e-01 7.07070707e-02 -3.72025837e-01 -3.72025633e-01 2.04638774e-07
6.46464646e-01 7.07070707e-02 -3.97684841e-01 -3.97684622e-01 2.18752873e-07
6.56565657e-01 7.07070707e-02 -4.22943410e-01 -4.22943177e-01 2.32646706e-07
6.66666667e-01 7.07070707e-02 -4.47776110e-01 -4.47775864e-01 2.46306283e-07
6.76767677e-01 7.07070707e-02 -4.72157938e-01 -4.72157679e-01 2.59717851e-07
6.86868687e-01 7.07070707e-02 -4.96064343e-01 -4.96064070e-01 2.72867904e-07
6.96969697e-01 7.07070707e-02 -5.19471254e-01 -5.19470968e-01 2.85743204e-07
7.07070707e-01 7.07070707e-02 -5.42355100e-01 -5.42354802e-01 2.98330783e-07
7.17171717e-01 7.07070707e-02 -5.64692841e-01 -5.64692531e-01 3.10617969e-07
7.27272727e-01 7.07070707e-02 -5.86461985e-01 -5.86461662e-01 3.22592390e-07
7.37373737e-01 7.07070707e-02 -6.07640610e-01 -6.07640276e-01 3.34241986e-07
7.47474747e-01 7.07070707e-02 -6.28207394e-01 -6.28207048e-01 3.45555030e-07
7.57575758e-01 7.07070707e-02 -6.48141625e-01 -6.48141269e-01 3.56520129e-07
7.67676768e-01 7.07070707e-02 -6.67423233e-01 -6.67422866e-01 3.67126242e-07
7.77777778e-01 7.07070707e-02 -6.86032802e-01 -6.86032425e-01 3.77362691e-07
7.87878788e-01 7.07070707e-02 -7.03951595e-01 -7.03951207e-01 3.87219167e-07
7.97979798e-01 7.07070707e-02 -7.21161567e-01 -7.21161171e-01 3.96685746e-07
8.08080808e-01 7.07070707e-02 -7.37645392e-01 -7.37644986e-01 4.05752896e-07
8.18181818e-01 7.07070707e-02 -7.53386470e-01 -7.53386055e-01 4.14411488e-07
8.28282828e-01 7.07070707e-02 -7.68368951e-01 -7.68368528e-01 4.22652802e-07
8.38383838e-01 7.07070707e-02 -7.82577750e-01 -7.82577320e-01 4.30468541e-07
8.48484848e-01 7.07070707e-02 -7.95998560e-01 -7.95998122e-01 4.37850834e-07
8.58585859e-01 7.07070707e-02 -8.08617867e-01 -8.08617422e-01 4.44792249e-07
8.68686869e-01 7.07070707e-02 -8.20422964e-01 -8.20422512e-01 4.51285796e-07
8.78787879e-01 7.07070707e-02 -8.31401964e-01 -8.31401507e-01 4.57324936e-07
8.88888889e-01 7.07070707e-02 -8.41543813e-01 -8.41543350e-01 4.62903589e-07
8.98989899e-01 7.07070707e-02 -8.50838299e-01 -8.50837831e-01 4.68016137e-07
9.09090909e-01 7.07070707e-02 -8.59276063e-01 -8.59275591e-01 4.72657432e-07
9.19191919e-01 7.07070707e-02 -8.66848609e-01 -8.66848132e-01 4.76822800e-07
9.29292929e-01 7.07070707e-02 -8.73548312e-01 -8.73547831e-01 4.80508025e-07
9.39393939e-01 7.07070707e-02 -8.79368425e-01 -8.79367942e-01 4.83709131e-07
9.49494949e-01 7.07070707e-02 -8.84303090e-01 -8.84302603e-01 4.86419673e-07
9.59595960e-01 7.07070707e-02 -8.88347336e-01 -8.88346847e-01 4.88622031e-07
9.69696970e-01 7.07070707e-02 -8.91497091e-01 -8.91496601e-01 4.90024232e-07
9.79797980e-01 7.07070707e-02 -8.93749180e-01 -8.93748693e-01 4.86771118e-07
9.89898990e-01 7.07070707e-02 -8.95101293e-01 -8.95100856e-01 4.36813298e-07
1.00000000e+00 7.07070707e-02 -8.95551728e-01 -8.95551728e-01 0.00000000e+00
0.00000000e+00 8.08080808e-02 9.54431132e-01 9.54431132e-01 0.00000000e+00
1.01010101e-02 8.08080808e-02 9.53951082e-01 9.53950617e-01 4.65536156e-07
2.02020202e-02 8.08080808e-02 9.52510072e-01 9.52509554e-01 5.18778959e-07
3.03030303e-02 8.08080808e-02 9.50109917e-01 9.50109394e-01 5.22245929e-07
4.04040404e-02 8.08080808e-02 9.46753076e-01 9.46752555e-01 5.20751263e-07
5.05050505e-02 8.08080808e-02 9.42442935e-01 9.42442417e-01 5.18402904e-07
6.06060606e-02 8.08080808e-02 9.37183834e-01 9.37183318e-01 5.15511333e-07
7.07070707e-02 8.08080808e-02 9.30981068e-01 9.30980556e-01 5.12099460e-07
8.08080808e-02 8.08080808e-02 9.23840883e-01 9.23840375e-01 5.08171881e-07
9.09090909e-02 8.08080808e-02 9.15770469e-01 9.15769965e-01 5.03732612e-07
1.01010101e-01 8.08080808e-02 9.06777951e-01 9.06777453e-01 4.98786128e-07
1.11111111e-01 8.08080808e-02 8.96872385e-01 8.96871892e-01 4.93337408e-07
1.21212121e-01 8.08080808e-02 8.86063745e-01 8.86063258e-01 4.87391939e-07
1.31313131e-01 8.08080808e-02 8.74362913e-01 8.74362432e-01 4.80955708e-07
1.41414141e-01 8.08080808e-02 8.61781672e-01 8.61781198e-01 4.74035195e-07
1.51515152e-01 8.08080808e-02 8.48332690e-01 8.48332224e-01 4.66637369e-07
1.61616162e-01 8.08080808e-02 8.34029509e-01 8.34029050e-01 4.58769679e-07
1.71717172e-01 8.08080808e-02 8.18886531e-01 8.18886081e-01 4.50440046e-07
1.81818182e-01 8.08080808e-02 8.02919004e-01 8.02918562e-01 4.41656859e-07
1.91919192e-01 8.08080808e-02 7.86143005e-01 7.86142572e-01 4.32428960e-07
2.02020202e-01 8.08080808e-02 7.68575426e-01 7.68575004e-01 4.22765642e-07
2.12121212e-01 8.08080808e-02 7.50233958e-01 7.50233545e-01 4.12676635e-07
2.22222222e-01 8.08080808e-02 7.31137067e-01 7.31136665e-01 4.02172098e-07
2.32323232e-01 8.08080808e-02 7.11303984e-01 7.11303593e-01 3.91262608e-07
2.42424242e-01 8.08080808e-02 6.90754677e-01 6.90754297e-01 3.79959149e-07
2.52525253e-01 8.08080808e-02 6.69509840e-01 6.69509471e-01 3.68273103e-07
2.62626263e-01 8.08080808e-02 6.47590862e-01 6.47590506e-01 3.56216238e-07
2.72727273e-01 8.08080808e-02 6.25019816e-01 6.25019472e-01 3.43800693e-07
2.82828283e-01 8.08080808e-02 6.01819427e-01 6.01819096e-01 3.31038970e-07
2.92929293e-01 8.08080808e-02 5.78013057e-01 5.78012739e-01 3.17943919e-07
3.03030303e-01 8.08080808e-02 5.53624678e-01 5.53624373e-01 3.04528725e-07
3.13131313e-01 8.08080808e-02 5.28678845e-01 5.28678554e-01 2.90806896e-07
3.23232323e-01 8.08080808e-02 5.03200677e-01 5.03200400e-01 2.76792250e-07
3.33333333e-01 8.08080808e-02 4.77215829e-01 4.77215566e-01 2.62498898e-07
3.43434343e-01 8.08080808e-02 4.50750465e-01 4.50750217e-01 2.47941231e-07
3.53535354e-01 8.08080808e-02 4.23831233e-01 4.23831000e-01 2.33133908e-07
3.63636364e-01 8.08080808e-02 3.96485239e-01 3.96485021e-01 2.18091840e-07
3.73737374e-01 8.08080808e-02 3.68740019e-01 3.68739816e-01 2.02830171e-07
3.83838384e-01 8.08080808e-02 3.40623508e-01 3.40623321e-01 1.87364270e-07
3.93939394e-01 8.08080808e-02 3.12164018e-01 3.12163847e-01 1.71709708e-07
4.04040404e-01 8.08080808e-02 2.83390206e-01 2.83390050e-01 1.55882250e-07
4.14141414e-01 8.08080808e-02 2.54331044e-01 2.54330904e-01 1.39897831e-07
4.24242424e-01 8.08080808e-02 2.25015792e-01 2.25015668e-01 1.23772547e-07
4.34343434e-01 8.08080808e-02 1.95473968e-01 1.95473860e-01 1.07522635e-07
4.44444444e-01 8.08080808e-02 1.65735318e-01 1.65735227e-01 9.11644562e-08
4.54545455e-01 8.08080808e-02 1.35829787e-01 1.35829712e-01 7.47144827e-08
4.64646465e-01 8.08080808e-02 1.05787487e-01 1.05787429e-01 5.81892782e-08
4.74747475e-01 8.08080808e-02 7.56386677e-02 7.56386261e-02 4.16054819e-08
4.84848485e-01 8.08080808e-02 4.54136868e-02 4.54136618e-02 2.49797923e-08
4.94949495e-01 8.08080808e-02 1.51429782e-02 1.51429698e-02 8.32895034e-09
5.05050505e-01 8.08080808e-02 -1.51429782e-02 -1.51429698e-02 8.33027821e-09
5.15151515e-01 8.08080808e-02 -4.54136868e-02 -4.54136618e-02 2.49811189e-08
5.25252525e-01 8.08080808e-02 -7.56386677e-02 -7.56386261e-02 4.16068057e-08
5.35353535e-01 8.08080808e-02 -1.05787487e-01 -1.05787429e-01 5.81905980e-08
5.45454545e-01 8.08080808e-02 -1.35829787e-01 -1.35829712e-01 7.47157973e-08
5.55555556e-01 8.08080808e-02 -1.65735318e-01 -1.65735227e-01 9.11657642e-08
5.65656566e-01 8.08080808e-02 -1.95473968e-01 -1.95473860e-01 1.07523935e-07
5.75757576e-01 8.08080808e-02 -2.25015792e-01 -2.25015668e-01 1.23773838e-07
5.85858586e-01 8.08080808e-02 -2.54331044e-01 -2.54330904e-01 1.39899111e-07
5.95959596e-01 8.08080808e-02 -2.83390206e-01 -2.83390050e-01 1.55883518e-07
6.06060606e-01 8.08080808e-02 -3.12164018e-01 -3.12163847e-01 1.71710963e-07
6.16161616e-01 8.08080808e-02 -3.40623508e-01 -3.40623321e-01 1.87365510e-07
6.26262626e-01 8.08080808e-02 -3.68740019e-01 -3.68739816e-01 2.02831396e-07
6.36363636e-01 8.08080808e-02 -3.96485239e-01 -3.96485021e-01 2.18093048e-07
6.46464646e-01 8.08080808e-02 -4.23831233e-01 -4.23831000e-01 2.33135098e-07
6.56565657e-01 8.08080808e-02 -4.50750465e-01 -4.50750217e-01 2.47942402e-07
6.66666667e-01 8.08080808e-02 -4.77215829e-01 -4.77215566e-01 2.62500048e-07
6.76767677e-01 8.08080808e-02 -5.03200677e-01 -5.03200400e-01 2.76793379e-07
6.86868687e-01 8.08080808e-02 -5.28678845e-01 -5.28678554e-01 2.90808002e-07
6.96969697e-01 8.08080808e-02 -5.53624678e-01 -5.53624373e-01 3.04529807e-07
7.07070707e-01 8.08080808e-02 -5.78013057e-01 -5.78012739e-01 3.17944975e-07
7.17171717e-01 8.08080808e-02 -6.01819427e-01 -6.01819096e-01 3.31040001e-07
7.27272727e-01 8.08080808e-02 -6.25019816e-01 -6.25019472e-01 3.43801696e-07
7.37373737e-01 8.08080808e-02 -6.47590862e-01 -6.47590506e-01 3.56217214e-07
7.47474747e-01 8.08080808e-02 -6.69509840e-01 -6.69509471e-01 3.68274050e-07
7.57575758e-01 8.08080808e-02 -6.90754677e-01 -6.90754297e-01 3.79960065e-07
7.67676768e-01 8.08080808e-02 -7.11303984e-01 -7.11303593e-01 3.91263493e-07
7.77777778e-01 8.08080808e-02 -7.31137067e-01 -7.31136665e-01 4.02172952e-07
7.87878788e-01 8.08080808e-02 -7.50233958e-01 -7.50233545e-01 4.12677456e-07
7.97979798e-01 8.08080808e-02 -7.68575426e-01 -7.68575004e-01 4.22766430e-07
8.08080808e-01 8.08080808e-02 -7.86143005e-01 -7.86142572e-01 4.32429713e-07
8.18181818e-01 8.08080808e-02 -8.02919004e-01 -8.02918562e-01 4.41657577e-07
8.28282828e-01 8.08080808e-02 -8.18886531e-01 -8.18886081e-01 4.50440728e-07
8.38383838e-01 8.08080808e-02 -8.34029509e-01 -8.34029050e-01 4.58770325e-07
8.48484848e-01 8.08080808e-02 -8.48332690e-01 -8.48332224e-01 4.66637978e-07
8.58585859e-01 8.08080808e-02 -8.61781672e-01 -8.61781198e-01 4.74035766e-07
8.68686869e-01 8.08080808e-02 -8.74362913e-01 -8.74362432e-01 4.80956240e-07
8.78787879e-01 8.08080808e-02 -8.86063745e-01 -8.86063258e-01 4.87392433e-07
8.88888889e-01 8.08080808e-02 -8.96872385e-01 -8.96871892e-01 4.93337862e-07
8.98989899e-01 8.08080808e-02 -9.06777951e-01 -9.06777453e-01 4.98786542e-07
9.09090909e-01 8.08080808e-02 -9.15770469e-01 -9.15769965e-01 5.03732986e-07
9.19191919e-01 8.08080808e-02 -9.23840883e-01 -9.23840375e-01 5.08172213e-07
9.29292929e-01 8.08080808e-02 -9.30981068e-01 -9.30980556e-01 5.12099729e-07
9.39393939e-01 8.08080808e-02 -9.37183834e-01 -9.37183318e-01 5.15511296e-07
9.49494949e-01 8.08080808e-02 -9.42442935e-01 -9.42442417e-01 5.18400047e-07
9.59595960e-01 8.08080808e-02 -9.46753076e-01 -9.46752555e-01 5.20747219e-07
9.69696970e-01 8.08080808e-02 -9.50109917e-01 -9.50109394e-01 5.22241616e-07
9.79797980e-01 8.08080808e-02 -9.52510072e-01 -9.52509554e-01 5.18774622e-07
9.89898990e-01 8.08080808e-02 -9.53951082e-01 -9.53950617e-01 4.65532249e-07
1.00000000e+00 8.08080808e-02 -9.54431132e-01 -9.54431132e-01 0.00000000e+00
0.00000000e+00 9.09090909e-02 9.89333105e-01 9.89333105e-01 0.00000000e+00
1.01010101e-02 9.09090909e-02 9.88835500e-01 9.88835018e-01 4.82560026e-07
2.02020202e-02 9.09090909e-02 9.87341795e-01 9.87341257e-01 5.37749829e-07
3.03030303e-02 9.09090909e-02 9.84853870e-01 9.84853328e-01 5.41343580e-07
4.04040404e-02 9.09090909e-02 9.81374275e-01 9.81373735e-01 5.39794256e-07
5.05050505e-02 9.09090909e-02 9.76906519e-01 9.76905982e-01 5.37360021e-07
6.06060606e-02 9.09090909e-02 9.71455101e-01 9.71454567e-01 5.34362710e-07
7.07070707e-02 9.09090909e-02 9.65025511e-01 9.65024980e-01 5.30826071e-07
8.08080808e-02 9.09090909e-02 9.57624221e-01 9.57623694e-01 5.26754867e-07
9.09090909e-02 9.09090909e-02 9.49258685e-01 9.49258163e-01 5.22153262e-07
1.01010101e-01 9.09090909e-02 9.39937326e-01 9.39936809e-01 5.17025893e-07
1.11111111e-01 9.09090909e-02 9.29669530e-01 9.29669018e-01 5.11377923e-07
1.21212121e-01 9.09090909e-02 9.18465635e-01 9.18465130e-01 5.05215039e-07
1.31313131e-01 9.09090909e-02 9.06336923e-01 9.06336425e-01 4.98543445e-07
1.41414141e-01 9.09090909e-02 8.93295607e-01 8.93295116e-01 4.91369861e-07
1.51515152e-01 9.09090909e-02 8.79354818e-01 8.79354334e-01 4.83701509e-07
1.61616162e-01 9.09090909e-02 8.64528593e-01 8.64528118e-01 4.75546111e-07
1.71717172e-01 9.09090909e-02 8.48831861e-01 8.48831394e-01 4.66911878e-07
1.81818182e-01 9.09090909e-02 8.32280428e-01 8.32279970e-01 4.57807504e-07
1.91919192e-01 9.09090909e-02 8.14890958e-01 8.14890510e-01 4.48242157e-07
2.02020202e-01 9.09090909e-02 7.96680963e-01 7.96680524e-01 4.38225468e-07
2.12121212e-01 9.09090909e-02 7.77668777e-01 7.77668349e-01 4.27767523e-07
2.22222222e-01 9.09090909e-02 7.57873544e-01 7.57873128e-01 4.16878853e-07
2.32323232e-01 9.09090909e-02 7.37315198e-01 7.37314792e-01 4.05570421e-07
2.42424242e-01 9.09090909e-02 7.16014437e-01 7.16014043e-01 3.93853614e-07
2.52525253e-01 9.09090909e-02 6.93992711e-01 6.93992329e-01 3.81740229e-07
2.62626263e-01 9.09090909e-02 6.71272192e-01 6.71271823e-01 3.69242465e-07
2.72727273e-01 9.09090909e-02 6.47875760e-01 6.47875403e-01 3.56372905e-07
2.82828283e-01 9.09090909e-02 6.23826971e-01 6.23826628e-01 3.43144507e-07
2.92929293e-01 9.09090909e-02 5.99150042e-01 5.99149712e-01 3.29570592e-07
3.03030303e-01 9.09090909e-02 5.73869819e-01 5.73869503e-01 3.15664827e-07
3.13131313e-01 9.09090909e-02 5.48011758e-01 5.48011457e-01 3.01441215e-07
3.23232323e-01 9.09090909e-02 5.21601896e-01 5.21601609e-01 2.86914077e-07
3.33333333e-01 9.09090909e-02 4.94666825e-01 4.94666553e-01 2.72098041e-07
3.43434343e-01 9.09090909e-02 4.67233666e-01 4.67233409e-01 2.57008025e-07
3.53535354e-01 9.09090909e-02 4.39330042e-01 4.39329801e-01 2.41659223e-07
3.63636364e-01 9.09090909e-02 4.10984051e-01 4.10983825e-01 2.26067092e-07
3.73737374e-01 9.09090909e-02 3.82224233e-01 3.82224023e-01 2.10247330e-07
3.83838384e-01 9.09090909e-02 3.53079548e-01 3.53079354e-01 1.94215867e-07
3.93939394e-01 9.09090909e-02 3.23579342e-01 3.23579164e-01 1.77988844e-07
4.04040404e-01 9.09090909e-02 2.93753318e-01 2.93753157e-01 1.61582603e-07
4.14141414e-01 9.09090909e-02 2.63631511e-01 2.63631366e-01 1.45013661e-07
4.24242424e-01 9.09090909e-02 2.33244248e-01 2.33244120e-01 1.28298702e-07
4.34343434e-01 9.09090909e-02 2.02622128e-01 2.02622017e-01 1.11454558e-07
4.44444444e-01 9.09090909e-02 1.71795985e-01 1.71795891e-01 9.44981888e-08
4.54545455e-01 9.09090909e-02 1.40796858e-01 1.40796781e-01 7.74466676e-08
4.64646465e-01 9.09090909e-02 1.09655961e-01 1.09655900e-01 6.03171642e-08
4.74747475e-01 9.09090909e-02 7.84046490e-02 7.84046059e-02 4.31269267e-08
4.84848485e-01 9.09090909e-02 4.70743904e-02 4.70743645e-02 2.58932637e-08
4.94949495e-01 9.09090909e-02 1.56967319e-02 1.56967233e-02 8.63352863e-09
5.05050505e-01 9.09090909e-02 -1.56967319e-02 -1.56967233e-02 8.63489972e-09
5.15151515e-01 9.09090909e-02 -4.70743904e-02 -4.70743645e-02 2.58946335e-08
5.25252525e-01 9.09090909e-02 -7.84046490e-02 -7.84046059e-02 4.31282935e-08
5.35353535e-01 9.09090909e-02 -1.09655961e-01 -1.09655900e-01 6.03185271e-08
5.45454545e-01 9.09090909e-02 -1.40796858e-01 -1.40796781e-01 7.74480249e-08
5.55555556e-01 9.09090909e-02 -1.71795985e-01 -1.71795891e-01 9.44995393e-08
5.65656566e-01 9.09090909e-02 -2.02622128e-01 -2.02622017e-01 1.11455900e-07
5.75757576e-01 9.09090909e-02 -2.33244248e-01 -2.33244120e-01 1.28300035e-07
5.85858586e-01 9.09090909e-02 -2.63631511e-01 -2.63631366e-01 1.45014983e-07
5.95959596e-01 9.09090909e-02 -2.93753318e-01 -2.93753157e-01 1.61583912e-07
6.06060606e-01 9.09090909e-02 -3.23579342e-01 -3.23579164e-01 1.77990140e-07
6.16161616e-01 9.09090909e-02 -3.53079548e-01 -3.53079354e-01 1.94217148e-07
6.26262626e-01 9.09090909e-02 -3.82224233e-01 -3.82224023e-01 2.10248595e-07
6.36363636e-01 9.09090909e-02 -4.10984051e-01 -4.10983825e-01 2.26068339e-07
6.46464646e-01 9.09090909e-02 -4.39330042e-01 -4.39329801e-01 2.41660452e-07
6.56565657e-01 9.09090909e-02 -4.67233666e-01 -4.67233409e-01 2.57009233e-07
6.66666667e-01 9.09090909e-02 -4.94666825e-01 -4.94666553e-01 2.72099228e-07
6.76767677e-01 9.09090909e-02 -5.21601896e-01 -5.21601609e-01 2.86915242e-07
6.86868687e-01 9.09090909e-02 -5.48011758e-01 -5.48011457e-01 3.01442357e-07
6.96969697e-01 9.09090909e-02 -5.73869819e-01 -5.73869503e-01 3.15665944e-07
7.07070707e-01 9.09090909e-02 -5.99150042e-01 -5.99149712e-01 3.29571683e-07
7.17171717e-01 9.09090909e-02 -6.23826971e-01 -6.23826628e-01 3.43145571e-07
7.27272727e-01 9.09090909e-02 -6.47875760e-01 -6.47875403e-01 3.56373941e-07
7.37373737e-01 9.09090909e-02 -6.71272192e-01 -6.71271823e-01 3.69243472e-07
7.47474747e-01 9.09090909e-02 -6.93992711e-01 -6.93992329e-01 3.81741206e-07
7.57575758e-01 9.09090909e-02 -7.16014437e-01 -7.16014043e-01 3.93854560e-07
7.67676768e-01 9.09090909e-02 -7.37315198e-01 -7.37314792e-01 4.05571335e-07
7.77777778e-01 9.09090909e-02 -7.57873544e-01 -7.57873128e-01 4.16879735e-07
7.87878788e-01 9.09090909e-02 -7.77668777e-01 -7.77668349e-01 4.27768371e-07
7.97979798e-01 9.09090909e-02 -7.96680963e-01 -7.96680524e-01 4.38226281e-07
8.08080808e-01 9.09090909e-02 -8.14890958e-01 -8.14890510e-01 4.48242935e-07
8.18181818e-01 9.09090909e-02 -8.32280428e-01 -8.32279970e-01 4.57808246e-07
8.28282828e-01 9.09090909e-02 -8.48831861e-01 -8.48831394e-01 4.66912582e-07
8.38383838e-01 9.09090909e-02 -8.64528593e-01 -8.64528118e-01 4.75546778e-07
8.48484848e-01 9.09090909e-02 -8.79354818e-01 -8.79354334e-01 4.83702138e-07
8.58585859e-01 9.09090909e-02 -8.93295607e-01 -8.93295116e-01 4.91370451e-07
8.68686869e-01 9.09090909e-02 -9.06336923e-01 -9.06336425e-01 4.98543995e-07
8.78787879e-01 9.09090909e-02 -9.18465635e-01 -9.18465130e-01 5.05215548e-07
8.88888889e-01 9.09090909e-02 -9.29669530e-01 -9.29669018e-01 5.11378392e-07
8.98989899e-01 9.09090909e-02 -9.39937326e-01 -9.39936809e-01 5.17026321e-07
9.09090909e-01 9.09090909e-02 -9.49258685e-01 -9.49258163e-01 5.22153649e-07
9.19191919e-01 9.09090909e-02 -9.57624221e-01 -9.57623694e-01 5.26755210e-07
9.29292929e-01 9.09090909e-02 -9.65025511e-01 -9.65024980e-01 5.30826349e-07
9.39393939e-01 9.09090909e-02 -9.71455101e-01 -9.71454567e-01 5.34362671e-07
9.49494949e-01 9.09090909e-02 -9.76906519e-01 -9.76905982e-01 5.37357061e-07
9.59595960e-01 9.09090909e-02 -9.81374275e-01 -9.81373735e-01 5.39790079e-07
9.69696970e-01 9.09090909e-02 -9.84853870e-01 -9.84853328e-01 5.41339129e-07
9.79797980e-01 9.09090909e-02 -9.87341795e-01 -9.87341257e-01 5.37745354e-07
9.89898990e-01 9.09090909e-02 -9.88835500e-01 -9.88835018e-01 4.82555996e-07
1.00000000e+00 9.09090909e-02 -9.89333105e-01 -9.89333105e-01 0.00000000e+00
0.00000000e+00 1.01010101e-01 9.99380831e-01 9.99380831e-01 0.00000000e+00
1.01010101e-02 1.01010101e-01 9.98878173e-01 9.98877685e-01 4.87460915e-07
2.02020202e-02 1.01010101e-01 9.97369298e-01 9.97368754e-01 5.43211226e-07
3.03030303e-02 1.01010101e-01 9.94856104e-01 9.94855558e-01 5.46841476e-07
4.04040404e-02 1.01010101e-01 9.91341171e-01 9.91340625e-01 5.45276417e-07
5.05050505e-02 1.01010101e-01 9.86828040e-01 9.86827497e-01 5.42817461e-07
6.06060606e-02 1.01010101e-01 9.81321258e-01 9.81320718e-01 5.39789709e-07
7.07070707e-02 1.01010101e-01 9.74826368e-01 9.74825831e-01 5.36217152e-07
8.08080808e-02 1.01010101e-01 9.67349910e-01 9.67349378e-01 5.32104600e-07
9.09090909e-02 1.01010101e-01 9.58899413e-01 9.58898886e-01 5.27456262e-07
1.01010101e-01 1.01010101e-01 9.49483386e-01 9.49482863e-01 5.22276819e-07
1.11111111e-01 1.01010101e-01 9.39111309e-01 9.39110793e-01 5.16571488e-07
1.21212121e-01 1.01010101e-01 9.27793627e-01 9.27793117e-01 5.10346013e-07
1.31313131e-01 1.01010101e-01 9.15541735e-01 9.15541232e-01 5.03606664e-07
1.41414141e-01 1.01010101e-01 9.02367971e-01 9.02367474e-01 4.96360224e-07
1.51515152e-01 1.01010101e-01 8.88285598e-01 8.88285110e-01 4.88613992e-07
1.61616162e-01 1.01010101e-01 8.73308797e-01 8.73308317e-01 4.80375768e-07
1.71717172e-01 1.01010101e-01 8.57452648e-01 8.57452177e-01 4.71653846e-07
1.81818182e-01 1.01010101e-01 8.40733117e-01 8.40732655e-01 4.62457008e-07
1.91919192e-01 1.01010101e-01 8.23167039e-01 8.23166587e-01 4.52794515e-07
2.02020202e-01 1.01010101e-01 8.04772102e-01 8.04771659e-01 4.42676096e-07
2.12121212e-01 1.01010101e-01 7.85566827e-01 7.85566395e-01 4.32111941e-07
2.22222222e-01 1.01010101e-01 7.65570553e-01 7.65570132e-01 4.21112684e-07
2.32323232e-01 1.01010101e-01 7.44803415e-01 7.44803005e-01 4.09689404e-07
2.42424242e-01 1.01010101e-01 7.23286322e-01 7.23285925e-01 3.97853600e-07
2.52525253e-01 1.01010101e-01 7.01040942e-01 7.01040556e-01 3.85617192e-07
2.62626263e-01 1.01010101e-01 6.78089673e-01 6.78089300e-01 3.72992500e-07
2.72727273e-01 1.01010101e-01 6.54455625e-01 6.54455265e-01 3.59992237e-07
2.82828283e-01 1.01010101e-01 6.30162595e-01 6.30162249e-01 3.46629491e-07
2.92929293e-01 1.01010101e-01 6.05235045e-01 6.05234713e-01 3.32917720e-07
3.03030303e-01 1.01010101e-01 5.79698075e-01 5.79697756e-01 3.18870728e-07
3.13131313e-01 1.01010101e-01 5.53577398e-01 5.53577094e-01 3.04502660e-07
3.23232323e-01 1.01010101e-01 5.26899316e-01 5.26899026e-01 2.89827984e-07
3.33333333e-01 1.01010101e-01 4.99690691e-01 4.99690416e-01 2.74861476e-07
3.43434343e-01 1.01010101e-01 4.71978919e-01 4.71978659e-01 2.59618205e-07
3.53535354e-01 1.01010101e-01 4.43791905e-01 4.43791660e-01 2.44113521e-07
3.63636364e-01 1.01010101e-01 4.15158029e-01 4.15157801e-01 2.28363036e-07
3.73737374e-01 1.01010101e-01 3.86106125e-01 3.86105913e-01 2.12382608e-07
3.83838384e-01 1.01010101e-01 3.56665445e-01 3.56665249e-01 1.96188329e-07
3.93939394e-01 1.01010101e-01 3.26865633e-01 3.26865453e-01 1.79796505e-07
4.04040404e-01 1.01010101e-01 2.96736695e-01 2.96736532e-01 1.63223641e-07
4.14141414e-01 1.01010101e-01 2.66308968e-01 2.66308821e-01 1.46486425e-07
4.24242424e-01 1.01010101e-01 2.35613091e-01 2.35612961e-01 1.29601709e-07
4.34343434e-01 1.01010101e-01 2.04679971e-01 2.04679858e-01 1.12586495e-07
4.44444444e-01 1.01010101e-01 1.73540756e-01 1.73540660e-01 9.54579167e-08
4.54545455e-01 1.01010101e-01 1.42226800e-01 1.42226721e-01 7.82332200e-08
4.64646465e-01 1.01010101e-01 1.10769633e-01 1.10769572e-01 6.09297491e-08
4.74747475e-01 1.01010101e-01 7.92009313e-02 7.92008878e-02 4.35649272e-08
4.84848485e-01 1.01010101e-01 4.75524807e-02 4.75524546e-02 2.61562388e-08
4.94949495e-01 1.01010101e-01 1.58561488e-02 1.58561401e-02 8.72121351e-09
5.05050505e-01 1.01010101e-01 -1.58561488e-02 -1.58561401e-02 8.72259334e-09
5.15151515e-01 1.01010101e-01 -4.75524807e-02 -4.75524546e-02 2.61576173e-08
5.25252525e-01 1.01010101e-01 -7.92009313e-02 -7.92008878e-02 4.35663027e-08
5.35353535e-01 1.01010101e-01 -1.10769633e-01 -1.10769572e-01 6.09311207e-08
5.45454545e-01 1.01010101e-01 -1.42226800e-01 -1.42226721e-01 7.82345860e-08
5.55555556e-01 1.01010101e-01 -1.73540756e-01 -1.73540660e-01 9.54592759e-08
5.65656566e-01 1.01010101e-01 -2.04679971e-01 -2.04679858e-01 1.12587846e-07
5.75757576e-01 1.01010101e-01 -2.35613091e-01 -2.35612961e-01 1.29603050e-07
5.85858586e-01 1.01010101e-01 -2.66308968e-01 -2.66308821e-01 1.46487755e-07
5.95959596e-01 1.01010101e-01 -2.96736695e-01 -2.96736532e-01 1.63224959e-07
6.06060606e-01 1.01010101e-01 -3.26865633e-01 -3.26865453e-01 1.79797809e-07
6.16161616e-01 1.01010101e-01 -3.56665445e-01 -3.56665249e-01 1.96189618e-07
6.26262626e-01 1.01010101e-01 -3.86106125e-01 -3.86105913e-01 2.12383881e-07
6.36363636e-01 1.01010101e-01 -4.15158029e-01 -4.15157801e-01 2.28364291e-07
6.46464646e-01 1.01010101e-01 -4.43791905e-01 -4.43791660e-01 2.44114758e-07
6.56565657e-01 1.01010101e-01 -4.71978919e-01 -4.71978659e-01 2.59619422e-07
6.66666667e-01 1.01010101e-01 -4.99690691e-01 -4.99690416e-01 2.74862671e-07
6.76767677e-01 1.01010101e-01 -5.26899316e-01 -5.26899026e-01 2.89829157e-07
6.86868687e-01 1.01010101e-01 -5.53577398e-01 -5.53577094e-01 3.04503809e-07
6.96969697e-01 1.01010101e-01 -5.79698075e-01 -5.79697756e-01 3.18871852e-07
7.07070707e-01 1.01010101e-01 -6.05235045e-01 -6.05234713e-01 3.32918818e-07
7.17171717e-01 1.01010101e-01 -6.30162595e-01 -6.30162249e-01 3.46630562e-07
7.27272727e-01 1.01010101e-01 -6.54455625e-01 -6.54455265e-01 3.59993280e-07
7.37373737e-01 1.01010101e-01 -6.78089673e-01 -6.78089300e-01 3.72993514e-07
7.47474747e-01 1.01010101e-01 -7.01040942e-01 -7.01040556e-01 3.85618176e-07
7.57575758e-01 1.01010101e-01 -7.23286322e-01 -7.23285925e-01 3.97854553e-07
7.67676768e-01 1.01010101e-01 -7.44803415e-01 -7.44803005e-01 4.09690324e-07
7.77777778e-01 1.01010101e-01 -7.65570553e-01 -7.65570132e-01 4.21113572e-07
7.87878788e-01 1.01010101e-01 -7.85566827e-01 -7.85566395e-01 4.32112794e-07
7.97979798e-01 1.01010101e-01 -8.04772102e-01 -8.04771659e-01 4.42676914e-07
8.08080808e-01 1.01010101e-01 -8.23167039e-01 -8.23166587e-01 4.52795297e-07
8.18181818e-01 1.01010101e-01 -8.40733117e-01 -8.40732655e-01 4.62457754e-07
8.28282828e-01 1.01010101e-01 -8.57452648e-01 -8.57452177e-01 4.71654554e-07
8.38383838e-01 1.01010101e-01 -8.73308797e-01 -8.73308317e-01 4.80376439e-07
8.48484848e-01 1.01010101e-01 -8.88285598e-01 -8.88285110e-01 4.88614625e-07
8.58585859e-01 1.01010101e-01 -9.02367971e-01 -9.02367474e-01 4.96360817e-07
8.68686869e-01 1.01010101e-01 -9.15541735e-01 -9.15541232e-01 5.03607217e-07
8.78787879e-01 1.01010101e-01 -9.27793627e-01 -9.27793117e-01 5.10346526e-07
8.88888889e-01 1.01010101e-01 -9.39111309e-01 -9.39110793e-01 5.16571960e-07
8.98989899e-01 1.01010101e-01 -9.49483386e-01 -9.49482863e-01 5.22277250e-07
9.09090909e-01 1.01010101e-01 -9.58899413e-01 -9.58898886e-01 5.27456650e-07
9.19191919e-01 1.01010101e-01 -9.67349910e-01 -9.67349378e-01 5.32104945e-07
9.29292929e-01 1.01010101e-01 -9.74826368e-01 -9.74825831e-01 5.36217431e-07
9.39393939e-01 1.01010101e-01 -9.81321258e-01 -9.81320718e-01 5.39789669e-07
9.49494949e-01 1.01010101e-01 -9.86828040e-01 -9.86827497e-01 5.42814470e-07
9.59595960e-01 1.01010101e-01 -9.91341171e-01 -9.91340625e-01 5.45272213e-07
9.69696970e-01 1.01010101e-01 -9.94856104e-01 -9.94855558e-01 5.46837000e-07
9.79797980e-01 1.01010101e-01 -9.97369298e-01 -9.97368754e-01 5.43206728e-07
9.89898990e-01 1.01010101e-01 -9.98878173e-01 -9.98877685e-01 4.87456864e-07
1.00000000e+00 1.01010101e-01 -9.99380831e-01 -9.99380831e-01 0.00000000e+00
0.00000000e+00 1.11111111e-01 9.84321890e-01 9.84321890e-01 0.00000000e+00
1.01010101e-02 1.11111111e-01 9.83826806e-01 9.83826325e-01 4.80115703e-07
2.02020202e-02 1.11111111e-01 9.82340666e-01 9.82340131e-01 5.35025950e-07
3.03030303e-02 1.11111111e-01 9.79865343e-01 9.79864804e-01 5.38601498e-07
4.04040404e-02 1.11111111e-01 9.76403373e-01 9.76402836e-01 5.37060023e-07
5.05050505e-02 1.11111111e-01 9.71958248e-01 9.71957713e-01 5.34638119e-07
6.06060606e-02 1.11111111e-01 9.66534443e-01 9.66533911e-01 5.31655991e-07
7.07070707e-02 1.11111111e-01 9.60137419e-01 9.60136891e-01 5.28137266e-07
8.08080808e-02 1.11111111e-01 9.52773619e-01 9.52773095e-01 5.24086684e-07
9.09090909e-02 1.11111111e-01 9.44450457e-01 9.44449937e-01 5.19508388e-07
1.01010101e-01 1.11111111e-01 9.35176312e-01 9.35175798e-01 5.14406990e-07
1.11111111e-01 1.11111111e-01 9.24960525e-01 9.24960016e-01 5.08787629e-07
1.21212121e-01 1.11111111e-01 9.13813381e-01 9.13812878e-01 5.02655962e-07
1.31313131e-01 1.11111111e-01 9.01746104e-01 9.01745608e-01 4.96018163e-07
1.41414141e-01 1.11111111e-01 8.88770845e-01 8.88770356e-01 4.88880915e-07
1.51515152e-01 1.11111111e-01 8.74900670e-01 8.74900189e-01 4.81251406e-07
1.61616162e-01 1.11111111e-01 8.60149543e-01 8.60149070e-01 4.73137318e-07
1.71717172e-01 1.11111111e-01 8.44532319e-01 8.44531855e-01 4.64546820e-07
1.81818182e-01 1.11111111e-01 8.28064723e-01 8.28064267e-01 4.55488563e-07
1.91919192e-01 1.11111111e-01 8.10763335e-01 8.10762889e-01 4.45971668e-07
2.02020202e-01 1.11111111e-01 7.92645578e-01 7.92645142e-01 4.36005717e-07
2.12121212e-01 1.11111111e-01 7.73729693e-01 7.73729268e-01 4.25600745e-07
2.22222222e-01 1.11111111e-01 7.54034729e-01 7.54034314e-01 4.14767229e-07
2.32323232e-01 1.11111111e-01 7.33580515e-01 7.33580111e-01 4.03516078e-07
2.42424242e-01 1.11111111e-01 7.12387648e-01 7.12387256e-01 3.91858620e-07
2.52525253e-01 1.11111111e-01 6.90477467e-01 6.90477087e-01 3.79806595e-07
2.62626263e-01 1.11111111e-01 6.67872034e-01 6.67871666e-01 3.67372135e-07
2.72727273e-01 1.11111111e-01 6.44594110e-01 6.44593755e-01 3.54567764e-07
2.82828283e-01 1.11111111e-01 6.20667134e-01 6.20666793e-01 3.41406372e-07
2.92929293e-01 1.11111111e-01 5.96115200e-01 5.96114872e-01 3.27901214e-07
3.03030303e-01 1.11111111e-01 5.70963027e-01 5.70962713e-01 3.14065886e-07
3.13131313e-01 1.11111111e-01 5.45235944e-01 5.45235644e-01 2.99914321e-07
3.23232323e-01 1.11111111e-01 5.18959854e-01 5.18959569e-01 2.85460768e-07
3.33333333e-01 1.11111111e-01 4.92161216e-01 4.92160945e-01 2.70719780e-07
3.43434343e-01 1.11111111e-01 4.64867013e-01 4.64866757e-01 2.55706200e-07
3.53535354e-01 1.11111111e-01 4.37104728e-01 4.37104487e-01 2.40435145e-07
3.63636364e-01 1.11111111e-01 4.08902316e-01 4.08902091e-01 2.24921993e-07
3.73737374e-01 1.11111111e-01 3.80288173e-01 3.80287964e-01 2.09182363e-07
3.83838384e-01 1.11111111e-01 3.51291113e-01 3.51290920e-01 1.93232105e-07
3.93939394e-01 1.11111111e-01 3.21940333e-01 3.21940156e-01 1.77087278e-07
4.04040404e-01 1.11111111e-01 2.92265386e-01 2.92265225e-01 1.60764139e-07
4.14141414e-01 1.11111111e-01 2.62296152e-01 2.62296008e-01 1.44279124e-07
4.24242424e-01 1.11111111e-01 2.32062809e-01 2.32062681e-01 1.27648833e-07
4.34343434e-01 1.11111111e-01 2.01595797e-01 2.01595687e-01 1.10890010e-07
4.44444444e-01 1.11111111e-01 1.70925796e-01 1.70925702e-01 9.40195298e-08
4.54545455e-01 1.11111111e-01 1.40083688e-01 1.40083611e-01 7.70543801e-08
4.64646465e-01 1.11111111e-01 1.09100526e-01 1.09100466e-01 6.00116433e-08
4.74747475e-01 1.11111111e-01 7.80075102e-02 7.80074673e-02 4.29084799e-08
4.84848485e-01 1.11111111e-01 4.68359471e-02 4.68359213e-02 2.57621110e-08
4.94949495e-01 1.11111111e-01 1.56172241e-02 1.56172155e-02 8.58980210e-09
5.05050505e-01 1.11111111e-01 -1.56172241e-02 -1.56172155e-02 8.59115605e-09
5.15151515e-01 1.11111111e-01 -4.68359471e-02 -4.68359213e-02 2.57634636e-08
5.25252525e-01 1.11111111e-01 -7.80075102e-02 -7.80074673e-02 4.29098296e-08
5.35353535e-01 1.11111111e-01 -1.09100526e-01 -1.09100466e-01 6.00129891e-08
5.45454545e-01 1.11111111e-01 -1.40083688e-01 -1.40083611e-01 7.70557204e-08
5.55555556e-01 1.11111111e-01 -1.70925796e-01 -1.70925702e-01 9.40208633e-08
5.65656566e-01 1.11111111e-01 -2.01595797e-01 -2.01595687e-01 1.10891335e-07
5.75757576e-01 1.11111111e-01 -2.32062809e-01 -2.32062681e-01 1.27650149e-07
5.85858586e-01 1.11111111e-01 -2.62296152e-01 -2.62296008e-01 1.44280429e-07
5.95959596e-01 1.11111111e-01 -2.92265386e-01 -2.92265225e-01 1.60765432e-07
6.06060606e-01 1.11111111e-01 -3.21940333e-01 -3.21940156e-01 1.77088558e-07
6.16161616e-01 1.11111111e-01 -3.51291113e-01 -3.51290920e-01 1.93233370e-07
6.26262626e-01 1.11111111e-01 -3.80288173e-01 -3.80287964e-01 2.09183612e-07
6.36363636e-01 1.11111111e-01 -4.08902316e-01 -4.08902091e-01 2.24923225e-07
6.46464646e-01 1.11111111e-01 -4.37104728e-01 -4.37104487e-01 2.40436359e-07
6.56565657e-01 1.11111111e-01 -4.64867013e-01 -4.64866757e-01 2.55707394e-07
6.66666667e-01 1.11111111e-01 -4.92161216e-01 -4.92160945e-01 2.70720952e-07
6.76767677e-01 1.11111111e-01 -5.18959854e-01 -5.18959569e-01 2.85461919e-07
6.86868687e-01 1.11111111e-01 -5.45235944e-01 -5.45235644e-01 2.99915449e-07
6.96969697e-01 1.11111111e-01 -5.70963027e-01 -5.70962713e-01 3.14066990e-07
7.07070707e-01 1.11111111e-01 -5.96115200e-01 -5.96114872e-01 3.27902292e-07
7.17171717e-01 1.11111111e-01 -6.20667134e-01 -6.20666793e-01 3.41407423e-07
7.27272727e-01 1.11111111e-01 -6.44594110e-01 -6.44593755e-01 3.54568787e-07
7.37373737e-01 1.11111111e-01 -6.67872034e-01 -6.67871666e-01 3.67373130e-07
7.47474747e-01 1.11111111e-01 -6.90477467e-01 -6.90477087e-01 3.79807560e-07
7.57575758e-01 1.11111111e-01 -7.12387648e-01 -7.12387256e-01 3.91859555e-07
7.67676768e-01 1.11111111e-01 -7.33580515e-01 -7.33580111e-01 4.03516981e-07
7.77777778e-01 1.11111111e-01 -7.54034729e-01 -7.54034314e-01 4.14768100e-07
7.87878788e-01 1.11111111e-01 -7.73729693e-01 -7.73729268e-01 4.25601582e-07
7.97979798e-01 1.11111111e-01 -7.92645578e-01 -7.92645142e-01 4.36006520e-07
8.08080808e-01 1.11111111e-01 -8.10763335e-01 -8.10762889e-01 4.45972436e-07
8.18181818e-01 1.11111111e-01 -8.28064723e-01 -8.28064267e-01 4.55489295e-07
8.28282828e-01 1.11111111e-01 -8.44532319e-01 -8.44531855e-01 4.64547515e-07
8.38383838e-01 1.11111111e-01 -8.60149543e-01 -8.60149070e-01 4.73137976e-07
8.48484848e-01 1.11111111e-01 -8.74900670e-01 -8.74900189e-01 4.81252027e-07
8.58585859e-01 1.11111111e-01 -8.88770845e-01 -8.88770356e-01 4.88881497e-07
8.68686869e-01 1.11111111e-01 -9.01746104e-01 -9.01745608e-01 4.96018705e-07
8.78787879e-01 1.11111111e-01 -9.13813381e-01 -9.13812878e-01 5.02656465e-07
8.88888889e-01 1.11111111e-01 -9.24960525e-01 -9.24960016e-01 5.08788093e-07
8.98989899e-01 1.11111111e-01 -9.35176312e-01 -9.35175798e-01 5.14407413e-07
9.09090909e-01 1.11111111e-01 -9.44450457e-01 -9.44449937e-01 5.19508769e-07
9.19191919e-01 1.11111111e-01 -9.52773619e-01 -9.52773095e-01 5.24087022e-07
9.29292929e-01 1.11111111e-01 -9.60137419e-01 -9.60136891e-01 5.28137540e-07
9.39393939e-01 1.11111111e-01 -9.66534443e-01 -9.66533911e-01 5.31655950e-07
9.49494949e-01 1.11111111e-01 -9.71958248e-01 -9.71957713e-01 5.34635174e-07
9.59595960e-01 1.11111111e-01 -9.76403373e-01 -9.76402836e-01 5.37055898e-07
9.69696970e-01 1.11111111e-01 -9.79865343e-01 -9.79864804e-01 5.38597111e-07
9.79797980e-01 1.11111111e-01 -9.82340666e-01 -9.82340131e-01 5.35021542e-07
9.89898990e-01 1.11111111e-01 -9.83826806e-01 -9.83826325e-01 4.80111731e-07
1.00000000e+00 1.11111111e-01 -9.84321890e-01 -9.84321890e-01 0.00000000e+00
0.00000000e+00 1.21212121e-01 9.44534595e-01 9.44534595e-01 0.00000000e+00
1.01010101e-02 1.21212121e-01 9.44059522e-01 9.44059061e-01 4.60708917e-07
2.02020202e-02 1.21212121e-01 9.42633454e-01 9.42632941e-01 5.13399634e-07
3.03030303e-02 1.21212121e-01 9.40258186e-01 9.40257669e-01 5.16830654e-07
4.04040404e-02 1.21212121e-01 9.36936152e-01 9.36935637e-01 5.15351487e-07
5.05050505e-02 1.21212121e-01 9.32670703e-01 9.32670190e-01 5.13027479e-07
6.06060606e-02 1.21212121e-01 9.27466134e-01 9.27465624e-01 5.10165892e-07
7.07070707e-02 1.21212121e-01 9.21327685e-01 9.21327178e-01 5.06789397e-07
8.08080808e-02 1.21212121e-01 9.14261537e-01 9.14261034e-01 5.02902545e-07
9.09090909e-02 1.21212121e-01 9.06274805e-01 9.06274307e-01 4.98509308e-07
1.01010101e-01 1.21212121e-01 8.97375532e-01 8.97375038e-01 4.93614115e-07
1.11111111e-01 1.21212121e-01 8.87572677e-01 8.87572189e-01 4.88221895e-07
1.21212121e-01 1.21212121e-01 8.76876112e-01 8.76875629e-01 4.82338076e-07
1.31313131e-01 1.21212121e-01 8.65296606e-01 8.65296130e-01 4.75968583e-07
1.41414141e-01 1.21212121e-01 8.52845821e-01 8.52845352e-01 4.69119831e-07
1.51515152e-01 1.21212121e-01 8.39536292e-01 8.39535830e-01 4.61798715e-07
1.61616162e-01 1.21212121e-01 8.25381421e-01 8.25380967e-01 4.54012607e-07
1.71717172e-01 1.21212121e-01 8.10395461e-01 8.10395015e-01 4.45769346e-07
1.81818182e-01 1.21212121e-01 7.94593502e-01 7.94593065e-01 4.37077233e-07
1.91919192e-01 1.21212121e-01 7.77991454e-01 7.77991026e-01 4.27945021e-07
2.02020202e-01 1.21212121e-01 7.60606035e-01 7.60605616e-01 4.18381905e-07
2.12121212e-01 1.21212121e-01 7.42454750e-01 7.42454341e-01 4.08397513e-07
2.22222222e-01 1.21212121e-01 7.23555875e-01 7.23555477e-01 3.98001899e-07
2.32323232e-01 1.21212121e-01 7.03928442e-01 7.03928055e-01 3.87205532e-07
2.42424242e-01 1.21212121e-01 6.83592212e-01 6.83591836e-01 3.76019281e-07
2.52525253e-01 1.21212121e-01 6.62567663e-01 6.62567299e-01 3.64454411e-07
2.62626263e-01 1.21212121e-01 6.40875964e-01 6.40875612e-01 3.52522566e-07
2.72727273e-01 1.21212121e-01 6.18538958e-01 6.18538618e-01 3.40235760e-07
2.82828283e-01 1.21212121e-01 5.95579135e-01 5.95578808e-01 3.27606367e-07
2.92929293e-01 1.21212121e-01 5.72019615e-01 5.72019300e-01 3.14647101e-07
3.03030303e-01 1.21212121e-01 5.47884119e-01 5.47883818e-01 3.01371012e-07
3.13131313e-01 1.21212121e-01 5.23196951e-01 5.23196663e-01 2.87791468e-07
3.23232323e-01 1.21212121e-01 4.97982967e-01 4.97982693e-01 2.73922143e-07
3.33333333e-01 1.21212121e-01 4.72267557e-01 4.72267297e-01 2.59777001e-07
3.43434343e-01 1.21212121e-01 4.46076613e-01 4.46076368e-01 2.45370286e-07
3.53535354e-01 1.21212121e-01 4.19436509e-01 4.19436278e-01 2.30716504e-07
3.63636364e-01 1.21212121e-01 3.92374067e-01 3.92373851e-01 2.15830410e-07
3.73737374e-01 1.21212121e-01 3.64916537e-01 3.64916337e-01 2.00726993e-07
3.83838384e-01 1.21212121e-01 3.37091568e-01 3.37091383e-01 1.85421461e-07
3.93939394e-01 1.21212121e-01 3.08927176e-01 3.08927006e-01 1.69929225e-07
4.04040404e-01 1.21212121e-01 2.80451721e-01 2.80451566e-01 1.54265884e-07
4.14141414e-01 1.21212121e-01 2.51693874e-01 2.51693736e-01 1.38447211e-07
4.24242424e-01 1.21212121e-01 2.22682593e-01 2.22682471e-01 1.22489134e-07
4.34343434e-01 1.21212121e-01 1.93447090e-01 1.93446983e-01 1.06407720e-07
4.44444444e-01 1.21212121e-01 1.64016801e-01 1.64016711e-01 9.02191631e-08
4.54545455e-01 1.21212121e-01 1.34421362e-01 1.34421288e-01 7.39397629e-08
4.64646465e-01 1.21212121e-01 1.04690572e-01 1.04690514e-01 5.75859116e-08
4.74747475e-01 1.21212121e-01 7.48543670e-02 7.48543259e-02 4.11740761e-08
4.84848485e-01 1.21212121e-01 4.49427903e-02 4.49427656e-02 2.47207817e-08
4.94949495e-01 1.21212121e-01 1.49859600e-02 1.49859517e-02 8.24259579e-09
5.05050505e-01 1.21212121e-01 -1.49859600e-02 -1.49859517e-02 8.24388980e-09
5.15151515e-01 1.21212121e-01 -4.49427903e-02 -4.49427656e-02 2.47220745e-08
5.25252525e-01 1.21212121e-01 -7.48543670e-02 -7.48543259e-02 4.11753662e-08
5.35353535e-01 1.21212121e-01 -1.04690572e-01 -1.04690514e-01 5.75871978e-08
5.45454545e-01 1.21212121e-01 -1.34421362e-01 -1.34421288e-01 7.39410438e-08
5.55555556e-01 1.21212121e-01 -1.64016801e-01 -1.64016711e-01 9.02204377e-08
5.65656566e-01 1.21212121e-01 -1.93447090e-01 -1.93446983e-01 1.06408987e-07
5.75757576e-01 1.21212121e-01 -2.22682593e-01 -2.22682471e-01 1.22490392e-07
5.85858586e-01 1.21212121e-01 -2.51693874e-01 -2.51693736e-01 1.38448459e-07
5.95959596e-01 1.21212121e-01 -2.80451721e-01 -2.80451566e-01 1.54267120e-07
6.06060606e-01 1.21212121e-01 -3.08927176e-01 -3.08927006e-01 1.69930447e-07
6.16161616e-01 1.21212121e-01 -3.37091568e-01 -3.37091383e-01 1.85422670e-07
6.26262626e-01 1.21212121e-01 -3.64916537e-01 -3.64916337e-01 2.00728187e-07
6.36363636e-01 1.21212121e-01 -3.92374067e-01 -3.92373851e-01 2.15831587e-07
6.46464646e-01 1.21212121e-01 -4.19436509e-01 -4.19436278e-01 2.30717664e-07
6.56565657e-01 1.21212121e-01 -4.46076613e-01 -4.46076368e-01 2.45371427e-07
6.66666667e-01 1.21212121e-01 -4.72267557e-01 -4.72267297e-01 2.59778122e-07
6.76767677e-01 1.21212121e-01 -4.97982967e-01 -4.97982693e-01 2.73923243e-07
6.86868687e-01 1.21212121e-01 -5.23196951e-01 -5.23196663e-01 2.87792546e-07
6.96969697e-01 1.21212121e-01 -5.47884119e-01 -5.47883818e-01 3.01372067e-07
7.07070707e-01 1.21212121e-01 -5.72019615e-01 -5.72019300e-01 3.14648131e-07
7.17171717e-01 1.21212121e-01 -5.95579135e-01 -5.95578808e-01 3.27607371e-07
7.27272727e-01 1.21212121e-01 -6.18538958e-01 -6.18538618e-01 3.40236739e-07
7.37373737e-01 1.21212121e-01 -6.40875964e-01 -6.40875612e-01 3.52523516e-07
7.47474747e-01 1.21212121e-01 -6.62567663e-01 -6.62567299e-01 3.64455333e-07
7.57575758e-01 1.21212121e-01 -6.83592212e-01 -6.83591836e-01 3.76020174e-07
7.67676768e-01 1.21212121e-01 -7.03928442e-01 -7.03928055e-01 3.87206395e-07
7.77777778e-01 1.21212121e-01 -7.23555875e-01 -7.23555477e-01 3.98002731e-07
7.87878788e-01 1.21212121e-01 -7.42454750e-01 -7.42454341e-01 4.08398313e-07
7.97979798e-01 1.21212121e-01 -7.60606035e-01 -7.60605616e-01 4.18382672e-07
8.08080808e-01 1.21212121e-01 -7.77991454e-01 -7.77991026e-01 4.27945755e-07
8.18181818e-01 1.21212121e-01 -7.94593502e-01 -7.94593065e-01 4.37077933e-07
8.28282828e-01 1.21212121e-01 -8.10395461e-01 -8.10395015e-01 4.45770011e-07
8.38383838e-01 1.21212121e-01 -8.25381421e-01 -8.25380967e-01 4.54013236e-07
8.48484848e-01 1.21212121e-01 -8.39536292e-01 -8.39535830e-01 4.61799308e-07
8.58585859e-01 1.21212121e-01 -8.52845821e-01 -8.52845352e-01 4.69120387e-07
8.68686869e-01 1.21212121e-01 -8.65296606e-01 -8.65296130e-01 4.75969102e-07
8.78787879e-01 1.21212121e-01 -8.76876112e-01 -8.76875629e-01 4.82338557e-07
8.88888889e-01 1.21212121e-01 -8.87572677e-01 -8.87572189e-01 4.88222337e-07
8.98989899e-01 1.21212121e-01 -8.97375532e-01 -8.97375038e-01 4.93614519e-07
9.09090909e-01 1.21212121e-01 -9.06274805e-01 -9.06274307e-01 4.98509673e-07
9.19191919e-01 1.21212121e-01 -9.14261537e-01 -9.14261034e-01 5.02902868e-07
9.29292929e-01 1.21212121e-01 -9.21327685e-01 -9.21327178e-01 5.06789659e-07
9.39393939e-01 1.21212121e-01 -9.27466134e-01 -9.27465624e-01 5.10165852e-07
9.49494949e-01 1.21212121e-01 -9.32670703e-01 -9.32670190e-01 5.13024654e-07
9.59595960e-01 1.21212121e-01 -9.36936152e-01 -9.36935637e-01 5.15347544e-07
9.69696970e-01 1.21212121e-01 -9.40258186e-01 -9.40257669e-01 5.16826465e-07
9.79797980e-01 1.21212121e-01 -9.42633454e-01 -9.42632941e-01 5.13395426e-07
9.89898990e-01 1.21212121e-01 -9.44059522e-01 -9.44059061e-01 4.60705125e-07
1.00000000e+00 1.21212121e-01 -9.44534595e-01 -9.44534595e-01 0.00000000e+00
0.00000000e+00 1.31313131e-01 8.81018491e-01 8.81018491e-01 0.00000000e+00
1.01010101e-02 1.31313131e-01 8.80575365e-01 8.80574935e-01 4.29728099e-07
2.02020202e-02 1.31313131e-01 8.79245195e-01 8.79244716e-01 4.78875578e-07
3.03030303e-02 1.31313131e-01 8.77029653e-01 8.77029171e-01 4.82075877e-07
4.04040404e-02 1.31313131e-01 8.73931013e-01 8.73930532e-01 4.80696177e-07
5.05050505e-02 1.31313131e-01 8.69952398e-01 8.69951920e-01 4.78528449e-07
6.06060606e-02 1.31313131e-01 8.65097815e-01 8.65097339e-01 4.75859292e-07
7.07070707e-02 1.31313131e-01 8.59372152e-01 8.59371679e-01 4.72709853e-07
8.08080808e-02 1.31313131e-01 8.52781173e-01 8.52780704e-01 4.69084376e-07
9.09090909e-02 1.31313131e-01 8.45331517e-01 8.45331052e-01 4.64986567e-07
1.01010101e-01 1.31313131e-01 8.37030683e-01 8.37030222e-01 4.60420556e-07
1.11111111e-01 1.31313131e-01 8.27887030e-01 8.27886575e-01 4.55390940e-07
1.21212121e-01 1.31313131e-01 8.17909765e-01 8.17909315e-01 4.49902785e-07
1.31313131e-01 1.31313131e-01 8.07108935e-01 8.07108491e-01 4.43961615e-07
1.41414141e-01 1.31313131e-01 7.95495414e-01 7.95494976e-01 4.37573414e-07
1.51515152e-01 1.31313131e-01 7.83080896e-01 7.83080466e-01 4.30744613e-07
1.61616162e-01 1.31313131e-01 7.69877883e-01 7.69877460e-01 4.23482090e-07
1.71717172e-01 1.31313131e-01 7.55899668e-01 7.55899252e-01 4.15793155e-07
1.81818182e-01 1.31313131e-01 7.41160326e-01 7.41159918e-01 4.07685552e-07
1.91919192e-01 1.31313131e-01 7.25674698e-01 7.25674299e-01 3.99167445e-07
2.02020202e-01 1.31313131e-01 7.09458377e-01 7.09457987e-01 3.90247409e-07
2.12121212e-01 1.31313131e-01 6.92527692e-01 6.92527311e-01 3.80934428e-07
2.22222222e-01 1.31313131e-01 6.74899691e-01 6.74899319e-01 3.71237877e-07
2.32323232e-01 1.31313131e-01 6.56592122e-01 6.56591761e-01 3.61167522e-07
2.42424242e-01 1.31313131e-01 6.37623421e-01 6.37623070e-01 3.50733501e-07
2.52525253e-01 1.31313131e-01 6.18012687e-01 6.18012347e-01 3.39946322e-07
2.62626263e-01 1.31313131e-01 5.97779667e-01 5.97779338e-01 3.28816846e-07
2.72727273e-01 1.31313131e-01 5.76944733e-01 5.76944416e-01 3.17356279e-07
2.82828283e-01 1.31313131e-01 5.55528865e-01 5.55528559e-01 3.05576161e-07
2.92929293e-01 1.31313131e-01 5.33553626e-01 5.33553333e-01 2.93488353e-07
3.03030303e-01 1.31313131e-01 5.11041144e-01 5.11040863e-01 2.81105028e-07
3.13131313e-01 1.31313131e-01 4.88014087e-01 4.88013819e-01 2.68438654e-07
3.23232323e-01 1.31313131e-01 4.64495641e-01 4.64495386e-01 2.55501985e-07
3.33333333e-01 1.31313131e-01 4.40509488e-01 4.40509245e-01 2.42308047e-07
3.43434343e-01 1.31313131e-01 4.16079778e-01 4.16079550e-01 2.28870126e-07
3.53535354e-01 1.31313131e-01 3.91231112e-01 3.91230897e-01 2.15201751e-07
3.63636364e-01 1.31313131e-01 3.65988509e-01 3.65988308e-01 2.01316687e-07
3.73737374e-01 1.31313131e-01 3.40377387e-01 3.40377200e-01 1.87228914e-07
3.83838384e-01 1.31313131e-01 3.14423533e-01 3.14423360e-01 1.72952617e-07
3.93939394e-01 1.31313131e-01 2.88153082e-01 2.88152923e-01 1.58502172e-07
4.04040404e-01 1.31313131e-01 2.61592485e-01 2.61592341e-01 1.43892128e-07
4.14141414e-01 1.31313131e-01 2.34768486e-01 2.34768357e-01 1.29137197e-07
4.24242424e-01 1.31313131e-01 2.07708096e-01 2.07707982e-01 1.14252236e-07
4.34343434e-01 1.31313131e-01 1.80438561e-01 1.80438462e-01 9.92522327e-08
4.44444444e-01 1.31313131e-01 1.52987340e-01 1.52987255e-01 8.41522907e-08
4.54545455e-01 1.31313131e-01 1.25382073e-01 1.25382004e-01 6.89676144e-08
4.64646465e-01 1.31313131e-01 9.76505573e-02 9.76505036e-02 5.37134938e-08
4.74747475e-01 1.31313131e-01 6.98207158e-02 6.98206774e-02 3.84052882e-08
4.84848485e-01 1.31313131e-01 4.19205707e-02 4.19205477e-02 2.30584115e-08
4.94949495e-01 1.31313131e-01 1.39782152e-02 1.39782075e-02 7.68831714e-09
5.05050505e-01 1.31313131e-01 -1.39782152e-02 -1.39782075e-02 7.68951873e-09
5.15151515e-01 1.31313131e-01 -4.19205707e-02 -4.19205477e-02 2.30596119e-08
5.25252525e-01 1.31313131e-01 -6.98207158e-02 -6.98206774e-02 3.84064860e-08
5.35353535e-01 1.31313131e-01 -9.76505573e-02 -9.76505036e-02 5.37146881e-08
5.45454545e-01 1.31313131e-01 -1.25382073e-01 -1.25382004e-01 6.89688040e-08
5.55555556e-01 1.31313131e-01 -1.52987340e-01 -1.52987255e-01 8.41534742e-08
5.65656566e-01 1.31313131e-01 -1.80438561e-01 -1.80438462e-01 9.92534088e-08
5.75757576e-01 1.31313131e-01 -2.07708096e-01 -2.07707982e-01 1.14253404e-07
5.85858586e-01 1.31313131e-01 -2.34768486e-01 -2.34768357e-01 1.29138355e-07
5.95959596e-01 1.31313131e-01 -2.61592485e-01 -2.61592341e-01 1.43893275e-07
6.06060606e-01 1.31313131e-01 -2.88153082e-01 -2.88152923e-01 1.58503307e-07
6.16161616e-01 1.31313131e-01 -3.14423533e-01 -3.14423360e-01 1.72953740e-07
6.26262626e-01 1.31313131e-01 -3.40377387e-01 -3.40377200e-01 1.87230022e-07
6.36363636e-01 1.31313131e-01 -3.65988509e-01 -3.65988308e-01 2.01317780e-07
6.46464646e-01 1.31313131e-01 -3.91231112e-01 -3.91230897e-01 2.15202828e-07
6.56565657e-01 1.31313131e-01 -4.16079778e-01 -4.16079550e-01 2.28871185e-07
6.66666667e-01 1.31313131e-01 -4.40509488e-01 -4.40509245e-01 2.42309088e-07
6.76767677e-01 1.31313131e-01 -4.64495641e-01 -4.64495386e-01 2.55503006e-07
6.86868687e-01 1.31313131e-01 -4.88014087e-01 -4.88013819e-01 2.68439655e-07
6.96969697e-01 1.31313131e-01 -5.11041144e-01 -5.11040863e-01 2.81106007e-07
7.07070707e-01 1.31313131e-01 -5.33553626e-01 -5.33553333e-01 2.93489310e-07
7.17171717e-01 1.31313131e-01 -5.55528865e-01 -5.55528559e-01 3.05577094e-07
7.27272727e-01 1.31313131e-01 -5.76944733e-01 -5.76944416e-01 3.17357187e-07
7.37373737e-01 1.31313131e-01 -5.97779667e-01 -5.97779338e-01 3.28817729e-07
7.47474747e-01 1.31313131e-01 -6.18012687e-01 -6.18012347e-01 3.39947179e-07
7.57575758e-01 1.31313131e-01 -6.37623421e-01 -6.37623070e-01 3.50734331e-07
7.67676768e-01 1.31313131e-01 -6.56592122e-01 -6.56591761e-01 3.61168323e-07
7.77777778e-01 1.31313131e-01 -6.74899691e-01 -6.74899319e-01 3.71238649e-07
7.87878788e-01 1.31313131e-01 -6.92527692e-01 -6.92527311e-01 3.80935170e-07
7.97979798e-01 1.31313131e-01 -7.09458377e-01 -7.09457987e-01 3.90248122e-07
8.08080808e-01 1.31313131e-01 -7.25674698e-01 -7.25674299e-01 3.99168126e-07
8.18181818e-01 1.31313131e-01 -7.41160326e-01 -7.41159918e-01 4.07686202e-07
8.28282828e-01 1.31313131e-01 -7.55899668e-01 -7.55899252e-01 4.15793773e-07
8.38383838e-01 1.31313131e-01 -7.69877883e-01 -7.69877460e-01 4.23482674e-07
8.48484848e-01 1.31313131e-01 -7.83080896e-01 -7.83080466e-01 4.30745164e-07
8.58585859e-01 1.31313131e-01 -7.95495414e-01 -7.95494976e-01 4.37573930e-07
8.68686869e-01 1.31313131e-01 -8.07108935e-01 -8.07108491e-01 4.43962097e-07
8.78787879e-01 1.31313131e-01 -8.17909765e-01 -8.17909315e-01 4.49903231e-07
8.88888889e-01 1.31313131e-01 -8.27887030e-01 -8.27886575e-01 4.55391351e-07
8.98989899e-01 1.31313131e-01 -8.37030683e-01 -8.37030222e-01 4.60420931e-07
9.09090909e-01 1.31313131e-01 -8.45331517e-01 -8.45331052e-01 4.64986905e-07
9.19191919e-01 1.31313131e-01 -8.52781173e-01 -8.52780704e-01 4.69084676e-07
9.29292929e-01 1.31313131e-01 -8.59372152e-01 -8.59371679e-01 4.72710096e-07
9.39393939e-01 1.31313131e-01 -8.65097815e-01 -8.65097339e-01 4.75859254e-07
9.49494949e-01 1.31313131e-01 -8.69952398e-01 -8.69951920e-01 4.78525814e-07
9.59595960e-01 1.31313131e-01 -8.73931013e-01 -8.73930532e-01 4.80692515e-07
9.69696970e-01 1.31313131e-01 -8.77029653e-01 -8.77029171e-01 4.82071990e-07
9.79797980e-01 1.31313131e-01 -8.79245195e-01 -8.79244716e-01 4.78871675e-07
9.89898990e-01 1.31313131e-01 -8.80575365e-01 -8.80574935e-01 4.29724582e-07
1.00000000e+00 1.31313131e-01 -8.81018491e-01 -8.81018491e-01 0.00000000e+00
0.00000000e+00 1.41414141e-01 7.95369245e-01 7.95369245e-01 0.00000000e+00
1.01010101e-02 1.41414141e-01 7.94969198e-01 7.94968810e-01 3.87951556e-07
2.02020202e-02 1.41414141e-01 7.93768341e-01 7.93767909e-01 4.32321102e-07
3.03030303e-02 1.41414141e-01 7.91768186e-01 7.91767751e-01 4.35210280e-07
4.04040404e-02 1.41414141e-01 7.88970784e-01 7.88970350e-01 4.33964710e-07
5.05050505e-02 1.41414141e-01 7.85378955e-01 7.85378523e-01 4.32007721e-07
6.06060606e-02 1.41414141e-01 7.80996316e-01 7.80995886e-01 4.29598049e-07
7.07070707e-02 1.41414141e-01 7.75827280e-01 7.75826853e-01 4.26754787e-07
8.08080808e-02 1.41414141e-01 7.69877051e-01 7.69876628e-01 4.23481765e-07
9.09090909e-02 1.41414141e-01 7.63151621e-01 7.63151202e-01 4.19782330e-07
1.01010101e-01 1.41414141e-01 7.55657763e-01 7.55657347e-01 4.15660209e-07
1.11111111e-01 1.41414141e-01 7.47403021e-01 7.47402610e-01 4.11119554e-07
1.21212121e-01 1.41414141e-01 7.38395708e-01 7.38395302e-01 4.06164936e-07
1.31313131e-01 1.41414141e-01 7.28644893e-01 7.28644492e-01 4.00801345e-07
1.41414141e-01 1.41414141e-01 7.18160394e-01 7.18159999e-01 3.95034180e-07
1.51515152e-01 1.41414141e-01 7.06952768e-01 7.06952379e-01 3.88869250e-07
1.61616162e-01 1.41414141e-01 6.95033301e-01 6.95032919e-01 3.82312761e-07
1.71717172e-01 1.41414141e-01 6.82413995e-01 6.82413619e-01 3.75371316e-07
1.81818182e-01 1.41414141e-01 6.69107555e-01 6.69107187e-01 3.68051904e-07
1.91919192e-01 1.41414141e-01 6.55127381e-01 6.55127020e-01 3.60361895e-07
2.02020202e-01 1.41414141e-01 6.40487549e-01 6.40487196e-01 3.52309031e-07
2.12121212e-01 1.41414141e-01 6.25202800e-01 6.25202456e-01 3.43901422e-07
2.22222222e-01 1.41414141e-01 6.09288525e-01 6.09288190e-01 3.35147535e-07
2.32323232e-01 1.41414141e-01 5.92760748e-01 5.92760422e-01 3.26056181e-07
2.42424242e-01 1.41414141e-01 5.75636112e-01 5.75635795e-01 3.16636517e-07
2.52525253e-01 1.41414141e-01 5.57931858e-01 5.57931552e-01 3.06898027e-07
2.62626263e-01 1.41414141e-01 5.39665815e-01 5.39665518e-01 2.96850516e-07
2.72727273e-01 1.41414141e-01 5.20856374e-01 5.20856087e-01 2.86504102e-07
2.82828283e-01 1.41414141e-01 5.01522474e-01 5.01522199e-01 2.75869203e-07
2.92929293e-01 1.41414141e-01 4.81683584e-01 4.81683319e-01 2.64956526e-07
3.03030303e-01 1.41414141e-01 4.61359680e-01 4.61359426e-01 2.53777061e-07
3.13131313e-01 1.41414141e-01 4.40571225e-01 4.40570983e-01 2.42342064e-07
3.23232323e-01 1.41414141e-01 4.19339153e-01 4.19338922e-01 2.30663049e-07
3.33333333e-01 1.41414141e-01 3.97684841e-01 3.97684622e-01 2.18751776e-07
3.43434343e-01 1.41414141e-01 3.75630095e-01 3.75629888e-01 2.06620239e-07
3.53535354e-01 1.41414141e-01 3.53197121e-01 3.53196926e-01 1.94280652e-07
3.63636364e-01 1.41414141e-01 3.30408507e-01 3.30408325e-01 1.81745441e-07
3.73737374e-01 1.41414141e-01 3.07287200e-01 3.07287031e-01 1.69027229e-07
3.83838384e-01 1.41414141e-01 2.83856481e-01 2.83856325e-01 1.56138819e-07
3.93939394e-01 1.41414141e-01 2.60139942e-01 2.60139799e-01 1.43093192e-07
4.04040404e-01 1.41414141e-01 2.36161465e-01 2.36161335e-01 1.29903481e-07
4.14141414e-01 1.41414141e-01 2.11945193e-01 2.11945076e-01 1.16582969e-07
4.24242424e-01 1.41414141e-01 1.87515510e-01 1.87515406e-01 1.03145068e-07
4.34343434e-01 1.41414141e-01 1.62897014e-01 1.62896925e-01 8.96033082e-08
4.44444444e-01 1.41414141e-01 1.38114496e-01 1.38114420e-01 7.59713256e-08
4.54545455e-01 1.41414141e-01 1.13192908e-01 1.13192845e-01 6.22628462e-08
4.64646465e-01 1.41414141e-01 8.81573438e-02 8.81572953e-02 4.84916736e-08
4.74747475e-01 1.41414141e-01 6.30330130e-02 6.30329783e-02 3.46716739e-08
4.84848485e-01 1.41414141e-01 3.78452133e-02 3.78451924e-02 2.08167627e-08
4.94949495e-01 1.41414141e-01 1.26193066e-02 1.26192997e-02 6.94089089e-09
5.05050505e-01 1.41414141e-01 -1.26193066e-02 -1.26192997e-02 6.94196985e-09
5.15151515e-01 1.41414141e-01 -3.78452133e-02 -3.78451924e-02 2.08178406e-08
5.25252525e-01 1.41414141e-01 -6.30330130e-02 -6.30329783e-02 3.46727495e-08
5.35353535e-01 1.41414141e-01 -8.81573438e-02 -8.81572953e-02 4.84927461e-08
5.45454545e-01 1.41414141e-01 -1.13192908e-01 -1.13192845e-01 6.22639144e-08
5.55555556e-01 1.41414141e-01 -1.38114496e-01 -1.38114420e-01 7.59723884e-08
5.65656566e-01 1.41414141e-01 -1.62897014e-01 -1.62896925e-01 8.96043643e-08
5.75757576e-01 1.41414141e-01 -1.87515510e-01 -1.87515406e-01 1.03146117e-07
5.85858586e-01 1.41414141e-01 -2.11945193e-01 -2.11945076e-01 1.16584009e-07
5.95959596e-01 1.41414141e-01 -2.36161465e-01 -2.36161335e-01 1.29904512e-07
6.06060606e-01 1.41414141e-01 -2.60139942e-01 -2.60139799e-01 1.43094211e-07
6.16161616e-01 1.41414141e-01 -2.83856481e-01 -2.83856325e-01 1.56139827e-07
6.26262626e-01 1.41414141e-01 -3.07287200e-01 -3.07287031e-01 1.69028224e-07
6.36363636e-01 1.41414141e-01 -3.30408507e-01 -3.30408325e-01 1.81746423e-07
6.46464646e-01 1.41414141e-01 -3.53197121e-01 -3.53196926e-01 1.94281619e-07
6.56565657e-01 1.41414141e-01 -3.75630095e-01 -3.75629888e-01 2.06621190e-07
6.66666667e-01 1.41414141e-01 -3.97684841e-01 -3.97684622e-01 2.18752711e-07
6.76767677e-01 1.41414141e-01 -4.19339153e-01 -4.19338922e-01 2.30663966e-07
6.86868687e-01 1.41414141e-01 -4.40571225e-01 -4.40570983e-01 2.42342963e-07
6.96969697e-01 1.41414141e-01 -4.61359680e-01 -4.61359426e-01 2.53777940e-07
7.07070707e-01 1.41414141e-01 -4.81683584e-01 -4.81683319e-01 2.64957385e-07
7.17171717e-01 1.41414141e-01 -5.01522474e-01 -5.01522199e-01 2.75870040e-07
7.27272727e-01 1.41414141e-01 -5.20856374e-01 -5.20856087e-01 2.86504917e-07
7.37373737e-01 1.41414141e-01 -5.39665815e-01 -5.39665518e-01 2.96851308e-07
7.47474747e-01 1.41414141e-01 -5.57931858e-01 -5.57931552e-01 3.06898796e-07
7.57575758e-01 1.41414141e-01 -5.75636112e-01 -5.75635795e-01 3.16637262e-07
7.67676768e-01 1.41414141e-01 -5.92760748e-01 -5.92760422e-01 3.26056901e-07
7.77777778e-01 1.41414141e-01 -6.09288525e-01 -6.09288190e-01 3.35148228e-07
7.87878788e-01 1.41414141e-01 -6.25202800e-01 -6.25202456e-01 3.43902089e-07
7.97979798e-01 1.41414141e-01 -6.40487549e-01 -6.40487196e-01 3.52309671e-07
8.08080808e-01 1.41414141e-01 -6.55127381e-01 -6.55127020e-01 3.60362506e-07
8.18181818e-01 1.41414141e-01 -6.69107555e-01 -6.69107187e-01 3.68052487e-07
8.28282828e-01 1.41414141e-01 -6.82413995e-01 -6.82413619e-01 3.75371871e-07
8.38383838e-01 1.41414141e-01 -6.95033301e-01 -6.95032919e-01 3.82313286e-07
8.48484848e-01 1.41414141e-01 -7.06952768e-01 -7.06952379e-01 3.88869745e-07
8.58585859e-01 1.41414141e-01 -7.18160394e-01 -7.18159999e-01 3.95034644e-07
8.68686869e-01 1.41414141e-01 -7.28644893e-01 -7.28644492e-01 4.00801778e-07
8.78787879e-01 1.41414141e-01 -7.38395708e-01 -7.38395302e-01 4.06165337e-07
8.88888889e-01 1.41414141e-01 -7.47403021e-01 -7.47402610e-01 4.11119923e-07
8.98989899e-01 1.41414141e-01 -7.55657763e-01 -7.55657347e-01 4.15660546e-07
9.09090909e-01 1.41414141e-01 -7.63151621e-01 -7.63151202e-01 4.19782633e-07
9.19191919e-01 1.41414141e-01 -7.69877051e-01 -7.69876628e-01 4.23482034e-07
9.29292929e-01 1.41414141e-01 -7.75827280e-01 -7.75826853e-01 4.26755005e-07
9.39393939e-01 1.41414141e-01 -7.80996316e-01 -7.80995886e-01 4.29598013e-07
9.49494949e-01 1.41414141e-01 -7.85378955e-01 -7.85378523e-01 4.32005342e-07
9.59595960e-01 1.41414141e-01 -7.88970784e-01 -7.88970350e-01 4.33961420e-07
9.69696970e-01 1.41414141e-01 -7.91768186e-01 -7.91767751e-01 4.35206795e-07
9.79797980e-01 1.41414141e-01 -7.93768341e-01 -7.93767909e-01 4.32317602e-07
9.89898990e-01 1.41414141e-01 -7.94969198e-01 -7.94968810e-01 3.87948403e-07
1.00000000e+00 1.41414141e-01 -7.95369245e-01 -7.95369245e-01 0.00000000e+00
0.00000000e+00 1.51515152e-01 6.89738555e-01 6.89738555e-01 0.00000000e+00
1.01010101e-02 1.51515152e-01 6.89391637e-01 6.89391301e-01 3.36428808e-07
2.02020202e-02 1.51515152e-01 6.88350263e-01 6.88349888e-01 3.74905760e-07
3.03030303e-02 1.51515152e-01 6.86615743e-01 6.86615366e-01 3.77411234e-07
4.04040404e-02 1.51515152e-01 6.84189856e-01 6.84189479e-01 3.76331085e-07
5.05050505e-02 1.51515152e-01 6.81075047e-01 6.81074672e-01 3.74633998e-07
6.06060606e-02 1.51515152e-01 6.77274453e-01 6.77274081e-01 3.72544348e-07
7.07070707e-02 1.51515152e-01 6.72791902e-01 6.72791532e-01 3.70078692e-07
8.08080808e-02 1.51515152e-01 6.67631906e-01 6.67631539e-01 3.67240351e-07
9.09090909e-02 1.51515152e-01 6.61799661e-01 6.61799297e-01 3.64032227e-07
1.01010101e-01 1.51515152e-01 6.55301040e-01 6.55300680e-01 3.60457554e-07
1.11111111e-01 1.51515152e-01 6.48142587e-01 6.48142231e-01 3.56519930e-07
1.21212121e-01 1.51515152e-01 6.40331509e-01 6.40331157e-01 3.52223321e-07
1.31313131e-01 1.51515152e-01 6.31875671e-01 6.31875324e-01 3.47572053e-07
1.41414141e-01 1.51515152e-01 6.22783588e-01 6.22783246e-01 3.42570810e-07
1.51515152e-01 1.51515152e-01 6.13064415e-01 6.13064078e-01 3.37224627e-07
1.61616162e-01 1.51515152e-01 6.02727938e-01 6.02727607e-01 3.31538887e-07
1.71717172e-01 1.51515152e-01 5.91784565e-01 5.91784240e-01 3.25519315e-07
1.81818182e-01 1.51515152e-01 5.80245315e-01 5.80244996e-01 3.19171973e-07
1.91919192e-01 1.51515152e-01 5.68121808e-01 5.68121495e-01 3.12503252e-07
2.02020202e-01 1.51515152e-01 5.55426249e-01 5.55425944e-01 3.05519867e-07
2.12121212e-01 1.51515152e-01 5.42171424e-01 5.42171126e-01 2.98228850e-07
2.22222222e-01 1.51515152e-01 5.28370678e-01 5.28370387e-01 2.90637541e-07
2.32323232e-01 1.51515152e-01 5.14037907e-01 5.14037625e-01 2.82753584e-07
2.42424242e-01 1.51515152e-01 4.99187544e-01 4.99187270e-01 2.74584919e-07
2.52525253e-01 1.51515152e-01 4.83834542e-01 4.83834276e-01 2.66139771e-07
2.62626263e-01 1.51515152e-01 4.67994359e-01 4.67994101e-01 2.57426641e-07
2.72727273e-01 1.51515152e-01 4.51682945e-01 4.51682696e-01 2.48454305e-07
2.82828283e-01 1.51515152e-01 4.34916725e-01 4.34916486e-01 2.39231797e-07
2.92929293e-01 1.51515152e-01 4.17712580e-01 4.17712351e-01 2.29768402e-07
3.03030303e-01 1.51515152e-01 4.00087835e-01 4.00087615e-01 2.20073651e-07
3.13131313e-01 1.51515152e-01 3.82060235e-01 3.82060025e-01 2.10157303e-07
3.23232323e-01 1.51515152e-01 3.63647932e-01 3.63647732e-01 2.00029345e-07
3.33333333e-01 1.51515152e-01 3.44869467e-01 3.44869278e-01 1.89699975e-07
3.43434343e-01 1.51515152e-01 3.25743748e-01 3.25743569e-01 1.79179592e-07
3.53535354e-01 1.51515152e-01 3.06290032e-01 3.06289864e-01 1.68478791e-07
3.63636364e-01 1.51515152e-01 2.86527908e-01 2.86527751e-01 1.57608347e-07
3.73737374e-01 1.51515152e-01 2.66477275e-01 2.66477129e-01 1.46579203e-07
3.83838384e-01 1.51515152e-01 2.46158322e-01 2.46158187e-01 1.35402468e-07
3.93939394e-01 1.51515152e-01 2.25591509e-01 2.25591384e-01 1.24089393e-07
4.04040404e-01 1.51515152e-01 2.04797543e-01 2.04797431e-01 1.12651371e-07
4.14141414e-01 1.51515152e-01 1.83797364e-01 1.83797263e-01 1.01099918e-07
4.24242424e-01 1.51515152e-01 1.62612117e-01 1.62612028e-01 8.94466663e-08
4.34343434e-01 1.51515152e-01 1.41263133e-01 1.41263055e-01 7.77033495e-08
4.44444444e-01 1.51515152e-01 1.19771909e-01 1.19771843e-01 6.58817920e-08
4.54545455e-01 1.51515152e-01 9.81600849e-02 9.81600309e-02 5.39938970e-08
4.64646465e-01 1.51515152e-01 7.64494219e-02 7.64493799e-02 4.20516348e-08
4.74747475e-01 1.51515152e-01 5.46617808e-02 5.46617507e-02 3.00670302e-08
4.84848485e-01 1.51515152e-01 3.28190999e-02 3.28190819e-02 1.80521505e-08
4.94949495e-01 1.51515152e-01 1.09433730e-02 1.09433670e-02 6.01909402e-09
5.05050505e-01 1.51515152e-01 -1.09433730e-02 -1.09433670e-02 6.02002326e-09
5.15151515e-01 1.51515152e-01 -3.28190999e-02 -3.28190819e-02 1.80530789e-08
5.25252525e-01 1.51515152e-01 -5.46617808e-02 -5.46617507e-02 3.00679566e-08
5.35353535e-01 1.51515152e-01 -7.64494219e-02 -7.64493799e-02 4.20525584e-08
5.45454545e-01 1.51515152e-01 -9.81600849e-02 -9.81600309e-02 5.39948169e-08
5.55555556e-01 1.51515152e-01 -1.19771909e-01 -1.19771843e-01 6.58827073e-08
5.65656566e-01 1.51515152e-01 -1.41263133e-01 -1.41263055e-01 7.77042591e-08
5.75757576e-01 1.51515152e-01 -1.62612117e-01 -1.62612028e-01 8.94475695e-08
5.85858586e-01 1.51515152e-01 -1.83797364e-01 -1.83797263e-01 1.01100814e-07
5.95959596e-01 1.51515152e-01 -2.04797543e-01 -2.04797431e-01 1.12652258e-07
6.06060606e-01 1.51515152e-01 -2.25591509e-01 -2.25591384e-01 1.24090271e-07
6.16161616e-01 1.51515152e-01 -2.46158322e-01 -2.46158187e-01 1.35403336e-07
6.26262626e-01 1.51515152e-01 -2.66477275e-01 -2.66477129e-01 1.46580061e-07
6.36363636e-01 1.51515152e-01 -2.86527908e-01 -2.86527751e-01 1.57609192e-07
6.46464646e-01 1.51515152e-01 -3.06290032e-01 -3.06289864e-01 1.68479624e-07
6.56565657e-01 1.51515152e-01 -3.25743748e-01 -3.25743569e-01 1.79180412e-07
6.66666667e-01 1.51515152e-01 -3.44869467e-01 -3.44869278e-01 1.89700779e-07
6.76767677e-01 1.51515152e-01 -3.63647932e-01 -3.63647732e-01 2.00030135e-07
6.86868687e-01 1.51515152e-01 -3.82060235e-01 -3.82060025e-01 2.10158077e-07
6.96969697e-01 1.51515152e-01 -4.00087835e-01 -4.00087615e-01 2.20074408e-07
7.07070707e-01 1.51515152e-01 -4.17712580e-01 -4.17712351e-01 2.29769142e-07
7.17171717e-01 1.51515152e-01 -4.34916725e-01 -4.34916486e-01 2.39232518e-07
7.27272727e-01 1.51515152e-01 -4.51682945e-01 -4.51682696e-01 2.48455008e-07
7.37373737e-01 1.51515152e-01 -4.67994359e-01 -4.67994101e-01 2.57427324e-07
7.47474747e-01 1.51515152e-01 -4.83834542e-01 -4.83834276e-01 2.66140433e-07
7.57575758e-01 1.51515152e-01 -4.99187544e-01 -4.99187270e-01 2.74585560e-07
7.67676768e-01 1.51515152e-01 -5.14037907e-01 -5.14037625e-01 2.82754204e-07
7.77777778e-01 1.51515152e-01 -5.28370678e-01 -5.28370387e-01 2.90638138e-07
7.87878788e-01 1.51515152e-01 -5.42171424e-01 -5.42171126e-01 2.98229424e-07
7.97979798e-01 1.51515152e-01 -5.55426249e-01 -5.55425944e-01 3.05520419e-07
8.08080808e-01 1.51515152e-01 -5.68121808e-01 -5.68121495e-01 3.12503780e-07
8.18181818e-01 1.51515152e-01 -5.80245315e-01 -5.80244996e-01 3.19172476e-07
8.28282828e-01 1.51515152e-01 -5.91784565e-01 -5.91784240e-01 3.25519793e-07
8.38383838e-01 1.51515152e-01 -6.02727938e-01 -6.02727607e-01 3.31539339e-07
8.48484848e-01 1.51515152e-01 -6.13064415e-01 -6.13064078e-01 3.37225052e-07
8.58585859e-01 1.51515152e-01 -6.22783588e-01 -6.22783246e-01 3.42571209e-07
8.68686869e-01 1.51515152e-01 -6.31875671e-01 -6.31875324e-01 3.47572426e-07
8.78787879e-01 1.51515152e-01 -6.40331509e-01 -6.40331157e-01 3.52223667e-07
8.88888889e-01 1.51515152e-01 -6.48142587e-01 -6.48142231e-01 3.56520248e-07
8.98989899e-01 1.51515152e-01 -6.55301040e-01 -6.55300680e-01 3.60457843e-07
9.09090909e-01 1.51515152e-01 -6.61799661e-01 -6.61799297e-01 3.64032488e-07
9.19191919e-01 1.51515152e-01 -6.67631906e-01 -6.67631539e-01 3.67240583e-07
9.29292929e-01 1.51515152e-01 -6.72791902e-01 -6.72791532e-01 3.70078880e-07
9.39393939e-01 1.51515152e-01 -6.77274453e-01 -6.77274081e-01 3.72544317e-07
9.49494949e-01 1.51515152e-01 -6.81075047e-01 -6.81074672e-01 3.74631936e-07
9.59595960e-01 1.51515152e-01 -6.84189856e-01 -6.84189479e-01 3.76328251e-07
9.69696970e-01 1.51515152e-01 -6.86615743e-01 -6.86615366e-01 3.77408238e-07
9.79797980e-01 1.51515152e-01 -6.88350263e-01 -6.88349888e-01 3.74902752e-07
9.89898990e-01 1.51515152e-01 -6.89391637e-01 -6.89391301e-01 3.36426097e-07
1.00000000e+00 1.51515152e-01 -6.89738555e-01 -6.89738555e-01 0.00000000e+00
0.00000000e+00 1.61616162e-01 5.66780100e-01 5.66780100e-01 0.00000000e+00
1.01010101e-02 1.61616162e-01 5.66495027e-01 5.66494750e-01 2.76454220e-07
2.02020202e-02 1.61616162e-01 5.65639296e-01 5.65638988e-01 3.08071952e-07
3.03030303e-02 1.61616162e-01 5.64213986e-01 5.64213676e-01 3.10130780e-07
4.04040404e-02 1.61616162e-01 5.62220557e-01 5.62220248e-01 3.09243187e-07
5.05050505e-02 1.61616162e-01 5.59661020e-01 5.59660712e-01 3.07848637e-07
6.06060606e-02 1.61616162e-01 5.56537951e-01 5.56537645e-01 3.06131506e-07
7.07070707e-02 1.61616162e-01 5.52854496e-01 5.52854192e-01 3.04105398e-07
8.08080808e-02 1.61616162e-01 5.48614364e-01 5.48614062e-01 3.01773042e-07
9.09090909e-02 1.61616162e-01 5.43821823e-01 5.43821524e-01 2.99136826e-07
1.01010101e-01 1.61616162e-01 5.38481699e-01 5.38481403e-01 2.96199404e-07
1.11111111e-01 1.61616162e-01 5.32599371e-01 5.32599078e-01 2.92963733e-07
1.21212121e-01 1.61616162e-01 5.26180759e-01 5.26180470e-01 2.89433074e-07
1.31313131e-01 1.61616162e-01 5.19232329e-01 5.19232043e-01 2.85610979e-07
1.41414141e-01 1.61616162e-01 5.11761075e-01 5.11760794e-01 2.81501299e-07
1.51515152e-01 1.61616162e-01 5.03774522e-01 5.03774245e-01 2.77108171e-07
1.61616162e-01 1.61616162e-01 4.95280710e-01 4.95280437e-01 2.72436019e-07
1.71717172e-01 1.61616162e-01 4.86288192e-01 4.86287925e-01 2.67489546e-07
1.81818182e-01 1.61616162e-01 4.76806024e-01 4.76805762e-01 2.62273734e-07
1.91919192e-01 1.61616162e-01 4.66843752e-01 4.66843495e-01 2.56793835e-07
2.02020202e-01 1.61616162e-01 4.56411408e-01 4.56411157e-01 2.51055366e-07
2.12121212e-01 1.61616162e-01 4.45519497e-01 4.45519252e-01 2.45064105e-07
2.22222222e-01 1.61616162e-01 4.34178985e-01 4.34178746e-01 2.38826086e-07
2.32323232e-01 1.61616162e-01 4.22401292e-01 4.22401059e-01 2.32347589e-07
2.42424242e-01 1.61616162e-01 4.10198276e-01 4.10198051e-01 2.25635138e-07
2.52525253e-01 1.61616162e-01 3.97582226e-01 3.97582007e-01 2.18695491e-07
2.62626263e-01 1.61616162e-01 3.84565844e-01 3.84565632e-01 2.11535637e-07
2.72727273e-01 1.61616162e-01 3.71162236e-01 3.71162032e-01 2.04162784e-07
2.82828283e-01 1.61616162e-01 3.57384900e-01 3.57384704e-01 1.96584357e-07
2.92929293e-01 1.61616162e-01 3.43247708e-01 3.43247519e-01 1.88807985e-07
3.03030303e-01 1.61616162e-01 3.28764894e-01 3.28764713e-01 1.80841500e-07
3.13131313e-01 1.61616162e-01 3.13951042e-01 3.13950869e-01 1.72692923e-07
3.23232323e-01 1.61616162e-01 2.98821068e-01 2.98820903e-01 1.64370459e-07
3.33333333e-01 1.61616162e-01 2.83390206e-01 2.83390050e-01 1.55882488e-07
3.43434343e-01 1.61616162e-01 2.67673994e-01 2.67673847e-01 1.47237556e-07
3.53535354e-01 1.61616162e-01 2.51688258e-01 2.51688119e-01 1.38444369e-07
3.63636364e-01 1.61616162e-01 2.35449092e-01 2.35448963e-01 1.29511780e-07
3.73737374e-01 1.61616162e-01 2.18972849e-01 2.18972729e-01 1.20448783e-07
3.83838384e-01 1.61616162e-01 2.02276120e-01 2.02276008e-01 1.11264505e-07
3.93939394e-01 1.61616162e-01 1.85375715e-01 1.85375613e-01 1.01968193e-07
4.04040404e-01 1.61616162e-01 1.68288653e-01 1.68288560e-01 9.25692071e-08
4.14141414e-01 1.61616162e-01 1.51032138e-01 1.51032055e-01 8.30770122e-08
4.24242424e-01 1.61616162e-01 1.33623547e-01 1.33623473e-01 7.35011658e-08
4.34343434e-01 1.61616162e-01 1.16080408e-01 1.16080344e-01 6.38513100e-08
4.44444444e-01 1.61616162e-01 9.84203857e-02 9.84203315e-02 5.41371613e-08
4.54545455e-01 1.61616162e-01 8.06612626e-02 8.06612183e-02 4.43685010e-08
4.64646465e-01 1.61616162e-01 6.28209206e-02 6.28208860e-02 3.45551655e-08
4.74747475e-01 1.61616162e-01 4.49173232e-02 4.49172985e-02 2.47070359e-08
4.84848485e-01 1.61616162e-01 2.69684978e-02 2.69684830e-02 1.48340283e-08
4.94949495e-01 1.61616162e-01 8.99251752e-03 8.99251257e-03 4.94608414e-09
5.05050505e-01 1.61616162e-01 -8.99251752e-03 -8.99251257e-03 4.94684031e-09
5.15151515e-01 1.61616162e-01 -2.69684978e-02 -2.69684830e-02 1.48347837e-08
5.25252525e-01 1.61616162e-01 -4.49173232e-02 -4.49172985e-02 2.47077897e-08
5.35353535e-01 1.61616162e-01 -6.28209206e-02 -6.28208860e-02 3.45559171e-08
5.45454545e-01 1.61616162e-01 -8.06612626e-02 -8.06612183e-02 4.43692496e-08
5.55555556e-01 1.61616162e-01 -9.84203857e-02 -9.84203315e-02 5.41379060e-08
5.65656566e-01 1.61616162e-01 -1.16080408e-01 -1.16080344e-01 6.38520501e-08
5.75757576e-01 1.61616162e-01 -1.33623547e-01 -1.33623473e-01 7.35019007e-08
5.85858586e-01 1.61616162e-01 -1.51032138e-01 -1.51032055e-01 8.30777411e-08
5.95959596e-01 1.61616162e-01 -1.68288653e-01 -1.68288560e-01 9.25699291e-08
6.06060606e-01 1.61616162e-01 -1.85375715e-01 -1.85375613e-01 1.01968907e-07
6.16161616e-01 1.61616162e-01 -2.02276120e-01 -2.02276008e-01 1.11265211e-07
6.26262626e-01 1.61616162e-01 -2.18972849e-01 -2.18972729e-01 1.20449481e-07
6.36363636e-01 1.61616162e-01 -2.35449092e-01 -2.35448963e-01 1.29512467e-07
6.46464646e-01 1.61616162e-01 -2.51688258e-01 -2.51688119e-01 1.38445046e-07
6.56565657e-01 1.61616162e-01 -2.67673994e-01 -2.67673847e-01 1.47238223e-07
6.66666667e-01 1.61616162e-01 -2.83390206e-01 -2.83390050e-01 1.55883143e-07
6.76767677e-01 1.61616162e-01 -2.98821068e-01 -2.98820903e-01 1.64371102e-07
6.86868687e-01 1.61616162e-01 -3.13951042e-01 -3.13950869e-01 1.72693553e-07
6.96969697e-01 1.61616162e-01 -3.28764894e-01 -3.28764713e-01 1.80842116e-07
7.07070707e-01 1.61616162e-01 -3.43247708e-01 -3.43247519e-01 1.88808587e-07
7.17171717e-01 1.61616162e-01 -3.57384900e-01 -3.57384704e-01 1.96584944e-07
7.27272727e-01 1.61616162e-01 -3.71162236e-01 -3.71162032e-01 2.04163356e-07
7.37373737e-01 1.61616162e-01 -3.84565844e-01 -3.84565632e-01 2.11536192e-07
7.47474747e-01 1.61616162e-01 -3.97582226e-01 -3.97582007e-01 2.18696030e-07
7.57575758e-01 1.61616162e-01 -4.10198276e-01 -4.10198051e-01 2.25635660e-07
7.67676768e-01 1.61616162e-01 -4.22401292e-01 -4.22401059e-01 2.32348093e-07
7.77777778e-01 1.61616162e-01 -4.34178985e-01 -4.34178746e-01 2.38826572e-07
7.87878788e-01 1.61616162e-01 -4.45519497e-01 -4.45519252e-01 2.45064573e-07
7.97979798e-01 1.61616162e-01 -4.56411408e-01 -4.56411157e-01 2.51055814e-07
8.08080808e-01 1.61616162e-01 -4.66843752e-01 -4.66843495e-01 2.56794263e-07
8.18181818e-01 1.61616162e-01 -4.76806024e-01 -4.76805762e-01 2.62274143e-07
8.28282828e-01 1.61616162e-01 -4.86288192e-01 -4.86287925e-01 2.67489934e-07
8.38383838e-01 1.61616162e-01 -4.95280710e-01 -4.95280437e-01 2.72436386e-07
8.48484848e-01 1.61616162e-01 -5.03774522e-01 -5.03774245e-01 2.77108518e-07
8.58585859e-01 1.61616162e-01 -5.11761075e-01 -5.11760794e-01 2.81501624e-07
8.68686869e-01 1.61616162e-01 -5.19232329e-01 -5.19232043e-01 2.85611283e-07
8.78787879e-01 1.61616162e-01 -5.26180759e-01 -5.26180470e-01 2.89433354e-07
8.88888889e-01 1.61616162e-01 -5.32599371e-01 -5.32599078e-01 2.92963992e-07
8.98989899e-01 1.61616162e-01 -5.38481699e-01 -5.38481403e-01 2.96199639e-07
9.09090909e-01 1.61616162e-01 -5.43821823e-01 -5.43821524e-01 2.99137039e-07
9.19191919e-01 1.61616162e-01 -5.48614364e-01 -5.48614062e-01 3.01773232e-07
9.29292929e-01 1.61616162e-01 -5.52854496e-01 -5.52854192e-01 3.04105550e-07
9.39393939e-01 1.61616162e-01 -5.56537951e-01 -5.56537645e-01 3.06131478e-07
9.49494949e-01 1.61616162e-01 -5.59661020e-01 -5.59660712e-01 3.07846942e-07
9.59595960e-01 1.61616162e-01 -5.62220557e-01 -5.62220248e-01 3.09240880e-07
9.69696970e-01 1.61616162e-01 -5.64213986e-01 -5.64213676e-01 3.10128346e-07
9.79797980e-01 1.61616162e-01 -5.65639296e-01 -5.65638988e-01 3.08069510e-07
9.89898990e-01 1.61616162e-01 -5.66495027e-01 -5.66494750e-01 2.76452021e-07
1.00000000e+00 1.61616162e-01 -5.66780100e-01 -5.66780100e-01 0.00000000e+00
0.00000000e+00 1.71717172e-01 4.29582869e-01 4.29582869e-01 0.00000000e+00
1.01010101e-02 1.71717172e-01 4.29366802e-01 4.29366592e-01 2.09534488e-07
2.02020202e-02 1.71717172e-01 4.28718213e-01 4.28717980e-01 2.33498692e-07
3.03030303e-02 1.71717172e-01 4.27637920e-01 4.27637685e-01 2.35059151e-07
4.04040404e-02 1.71717172e-01 4.26127029e-01 4.26126795e-01 2.34386412e-07
5.05050505e-02 1.71717172e-01 4.24187064e-01 4.24186831e-01 2.33329433e-07
6.06060606e-02 1.71717172e-01 4.21819979e-01 4.21819747e-01 2.32027959e-07
7.07070707e-02 1.71717172e-01 4.19028157e-01 4.19027926e-01 2.30492300e-07
8.08080808e-02 1.71717172e-01 4.15814409e-01 4.15814180e-01 2.28724525e-07
9.09090909e-02 1.71717172e-01 4.12181971e-01 4.12181745e-01 2.26726442e-07
1.01010101e-01 1.71717172e-01 4.08134501e-01 4.08134277e-01 2.24500066e-07
1.11111111e-01 1.71717172e-01 4.03676074e-01 4.03675852e-01 2.22047637e-07
1.21212121e-01 1.71717172e-01 3.98811180e-01 3.98810960e-01 2.19371624e-07
1.31313131e-01 1.71717172e-01 3.93544716e-01 3.93544500e-01 2.16474723e-07
1.41414141e-01 1.71717172e-01 3.87881986e-01 3.87881773e-01 2.13359850e-07
1.51515152e-01 1.71717172e-01 3.81828692e-01 3.81828482e-01 2.10030142e-07
1.61616162e-01 1.71717172e-01 3.75390929e-01 3.75390723e-01 2.06488952e-07
1.71717172e-01 1.71717172e-01 3.68575179e-01 3.68574976e-01 2.02739844e-07
1.81818182e-01 1.71717172e-01 3.61388305e-01 3.61388106e-01 1.98786595e-07
1.91919192e-01 1.71717172e-01 3.53837544e-01 3.53837349e-01 1.94633185e-07
2.02020202e-01 1.71717172e-01 3.45930498e-01 3.45930308e-01 1.90283795e-07
2.12121212e-01 1.71717172e-01 3.37675129e-01 3.37674944e-01 1.85742806e-07
2.22222222e-01 1.71717172e-01 3.29079751e-01 3.29079570e-01 1.81014789e-07
2.32323232e-01 1.71717172e-01 3.20153017e-01 3.20152841e-01 1.76104506e-07
2.42424242e-01 1.71717172e-01 3.10903916e-01 3.10903745e-01 1.71016901e-07
2.52525253e-01 1.71717172e-01 3.01341761e-01 3.01341595e-01 1.65757096e-07
2.62626263e-01 1.71717172e-01 2.91476180e-01 2.91476020e-01 1.60330387e-07
2.72727273e-01 1.71717172e-01 2.81317108e-01 2.81316953e-01 1.54742240e-07
2.82828283e-01 1.71717172e-01 2.70874773e-01 2.70874624e-01 1.48998280e-07
2.92929293e-01 1.71717172e-01 2.60159690e-01 2.60159547e-01 1.43104292e-07
3.03030303e-01 1.71717172e-01 2.49182649e-01 2.49182511e-01 1.37066210e-07
3.13131313e-01 1.71717172e-01 2.37954701e-01 2.37954570e-01 1.30890114e-07
3.23232323e-01 1.71717172e-01 2.26487154e-01 2.26487029e-01 1.24582222e-07
3.33333333e-01 1.71717172e-01 2.14791553e-01 2.14791435e-01 1.18148887e-07
3.43434343e-01 1.71717172e-01 2.02879675e-01 2.02879563e-01 1.11596585e-07
3.53535354e-01 1.71717172e-01 1.90763514e-01 1.90763410e-01 1.04931916e-07
3.63636364e-01 1.71717172e-01 1.78455271e-01 1.78455173e-01 9.81615890e-08
3.73737374e-01 1.71717172e-01 1.65967339e-01 1.65967248e-01 9.12924215e-08
3.83838384e-01 1.71717172e-01 1.53312291e-01 1.53312207e-01 8.43313303e-08
3.93939394e-01 1.71717172e-01 1.40502871e-01 1.40502794e-01 7.72853247e-08
4.04040404e-01 1.71717172e-01 1.27551977e-01 1.27551907e-01 7.01614993e-08
4.14141414e-01 1.71717172e-01 1.14472648e-01 1.14472585e-01 6.29670271e-08
4.24242424e-01 1.71717172e-01 1.01278056e-01 1.01278000e-01 5.57091526e-08
4.34343434e-01 1.71717172e-01 8.79814845e-02 8.79814361e-02 4.83951836e-08
4.44444444e-01 1.71717172e-01 7.45963234e-02 7.45962824e-02 4.10324848e-08
4.54545455e-01 1.71717172e-01 6.11360502e-02 6.11360165e-02 3.36284697e-08
4.64646465e-01 1.71717172e-01 4.76142181e-02 4.76141919e-02 2.61905937e-08
4.74747475e-01 1.71717172e-01 3.40444426e-02 3.40444238e-02 1.87263459e-08
4.84848485e-01 1.71717172e-01 2.04403872e-02 2.04403759e-02 1.12432422e-08
4.94949495e-01 1.71717172e-01 6.81575001e-03 6.81574627e-03 3.74881762e-09
5.05050505e-01 1.71717172e-01 -6.81575001e-03 -6.81574627e-03 3.74938173e-09
5.15151515e-01 1.71717172e-01 -2.04403872e-02 -2.04403759e-02 1.12438058e-08
5.25252525e-01 1.71717172e-01 -3.40444426e-02 -3.40444238e-02 1.87269083e-08
5.35353535e-01 1.71717172e-01 -4.76142181e-02 -4.76141919e-02 2.61911544e-08
5.45454545e-01 1.71717172e-01 -6.11360502e-02 -6.11360165e-02 3.36290281e-08
5.55555556e-01 1.71717172e-01 -7.45963234e-02 -7.45962824e-02 4.10330404e-08
5.65656566e-01 1.71717172e-01 -8.79814845e-02 -8.79814361e-02 4.83957358e-08
5.75757576e-01 1.71717172e-01 -1.01278056e-01 -1.01278000e-01 5.57097008e-08
5.85858586e-01 1.71717172e-01 -1.14472648e-01 -1.14472585e-01 6.29675710e-08
5.95959596e-01 1.71717172e-01 -1.27551977e-01 -1.27551907e-01 7.01620380e-08
6.06060606e-01 1.71717172e-01 -1.40502871e-01 -1.40502794e-01 7.72858579e-08
6.16161616e-01 1.71717172e-01 -1.53312291e-01 -1.53312207e-01 8.43318574e-08
6.26262626e-01 1.71717172e-01 -1.65967339e-01 -1.65967248e-01 9.12929419e-08
6.36363636e-01 1.71717172e-01 -1.78455271e-01 -1.78455173e-01 9.81621021e-08
6.46464646e-01 1.71717172e-01 -1.90763514e-01 -1.90763410e-01 1.04932422e-07
6.56565657e-01 1.71717172e-01 -2.02879675e-01 -2.02879563e-01 1.11597083e-07
6.66666667e-01 1.71717172e-01 -2.14791553e-01 -2.14791435e-01 1.18149375e-07
6.76767677e-01 1.71717172e-01 -2.26487154e-01 -2.26487029e-01 1.24582701e-07
6.86868687e-01 1.71717172e-01 -2.37954701e-01 -2.37954570e-01 1.30890583e-07
6.96969697e-01 1.71717172e-01 -2.49182649e-01 -2.49182511e-01 1.37066669e-07
7.07070707e-01 1.71717172e-01 -2.60159690e-01 -2.60159547e-01 1.43104741e-07
7.17171717e-01 1.71717172e-01 -2.70874773e-01 -2.70874624e-01 1.48998718e-07
7.27272727e-01 1.71717172e-01 -2.81317108e-01 -2.81316953e-01 1.54742667e-07
7.37373737e-01 1.71717172e-01 -2.91476180e-01 -2.91476020e-01 1.60330802e-07
7.47474747e-01 1.71717172e-01 -3.01341761e-01 -3.01341595e-01 1.65757498e-07
7.57575758e-01 1.71717172e-01 -3.10903916e-01 -3.10903745e-01 1.71017290e-07
7.67676768e-01 1.71717172e-01 -3.20153017e-01 -3.20152841e-01 1.76104882e-07
7.77777778e-01 1.71717172e-01 -3.29079751e-01 -3.29079570e-01 1.81015152e-07
7.87878788e-01 1.71717172e-01 -3.37675129e-01 -3.37674944e-01 1.85743154e-07
7.97979798e-01 1.71717172e-01 -3.45930498e-01 -3.45930308e-01 1.90284130e-07
8.08080808e-01 1.71717172e-01 -3.53837544e-01 -3.53837349e-01 1.94633505e-07
8.18181818e-01 1.71717172e-01 -3.61388305e-01 -3.61388106e-01 1.98786900e-07
8.28282828e-01 1.71717172e-01 -3.68575179e-01 -3.68574976e-01 2.02740134e-07
8.38383838e-01 1.71717172e-01 -3.75390929e-01 -3.75390723e-01 2.06489226e-07
8.48484848e-01 1.71717172e-01 -3.81828692e-01 -3.81828482e-01 2.10030401e-07
8.58585859e-01 1.71717172e-01 -3.87881986e-01 -3.87881773e-01 2.13360093e-07
8.68686869e-01 1.71717172e-01 -3.93544716e-01 -3.93544500e-01 2.16474949e-07
8.78787879e-01 1.71717172e-01 -3.98811180e-01 -3.98810960e-01 2.19371834e-07
8.88888889e-01 1.71717172e-01 -4.03676074e-01 -4.03675852e-01 2.22047829e-07
8.98989899e-01 1.71717172e-01 -4.08134501e-01 -4.08134277e-01 2.24500242e-07
9.09090909e-01 1.71717172e-01 -4.12181971e-01 -4.12181745e-01 2.26726601e-07
9.19191919e-01 1.71717172e-01 -4.15814409e-01 -4.15814180e-01 2.28724666e-07
9.29292929e-01 1.71717172e-01 -4.19028157e-01 -4.19027926e-01 2.30492413e-07
9.39393939e-01 1.71717172e-01 -4.21819979e-01 -4.21819747e-01 2.32027936e-07
9.49494949e-01 1.71717172e-01 -4.24187064e-01 -4.24186831e-01 2.33328150e-07
9.59595960e-01 1.71717172e-01 -4.26127029e-01 -4.26126795e-01 2.34384690e-07
9.69696970e-01 1.71717172e-01 -4.27637920e-01 -4.27637685e-01 2.35057342e-07
9.79797980e-01 1.71717172e-01 -4.28718213e-01 -4.28717980e-01 2.33496878e-07
9.89898990e-01 1.71717172e-01 -4.29366802e-01 -4.29366592e-01 2.09532854e-07
1.00000000e+00 1.71717172e-01 -4.29582869e-01 -4.29582869e-01 0.00000000e+00
0.00000000e+00 1.81818182e-01 2.81593562e-01 2.81593562e-01 0.00000000e+00
1.01010101e-02 1.81818182e-01 2.81451929e-01 2.81451791e-01 1.37350784e-07
2.02020202e-02 1.81818182e-01 2.81026776e-01 2.81026623e-01 1.53059425e-07
3.03030303e-02 1.81818182e-01 2.80318638e-01 2.80318484e-01 1.54082313e-07
4.04040404e-02 1.81818182e-01 2.79328242e-01 2.79328089e-01 1.53641330e-07
5.05050505e-02 1.81818182e-01 2.78056587e-01 2.78056434e-01 1.52948476e-07
6.06060606e-02 1.81818182e-01 2.76504951e-01 2.76504799e-01 1.52095354e-07
7.07070707e-02 1.81818182e-01 2.74674899e-01 2.74674748e-01 1.51088723e-07
8.08080808e-02 1.81818182e-01 2.72568272e-01 2.72568122e-01 1.49929939e-07
9.09090909e-02 1.81818182e-01 2.70187192e-01 2.70187044e-01 1.48620187e-07
1.01010101e-01 1.81818182e-01 2.67534057e-01 2.67533910e-01 1.47160788e-07
1.11111111e-01 1.81818182e-01 2.64611538e-01 2.64611392e-01 1.45553210e-07
1.21212121e-01 1.81818182e-01 2.61422577e-01 2.61422433e-01 1.43799072e-07
1.31313131e-01 1.81818182e-01 2.57970385e-01 2.57970243e-01 1.41900141e-07
1.41414141e-01 1.81818182e-01 2.54258440e-01 2.54258300e-01 1.39858328e-07
1.51515152e-01 1.81818182e-01 2.50290477e-01 2.50290340e-01 1.37675690e-07
1.61616162e-01 1.81818182e-01 2.46070494e-01 2.46070358e-01 1.35354424e-07
1.71717172e-01 1.81818182e-01 2.41602738e-01 2.41602605e-01 1.32896868e-07
1.81818182e-01 1.81818182e-01 2.36891709e-01 2.36891579e-01 1.30305495e-07
1.91919192e-01 1.81818182e-01 2.31942150e-01 2.31942022e-01 1.27582916e-07
2.02020202e-01 1.81818182e-01 2.26759045e-01 2.26758920e-01 1.24731872e-07
2.12121212e-01 1.81818182e-01 2.21347612e-01 2.21347491e-01 1.21755234e-07
2.22222222e-01 1.81818182e-01 2.15713302e-01 2.15713183e-01 1.18655998e-07
2.32323232e-01 1.81818182e-01 2.09861786e-01 2.09861671e-01 1.15437286e-07
2.42424242e-01 1.81818182e-01 2.03798958e-01 2.03798846e-01 1.12102339e-07
2.52525253e-01 1.81818182e-01 1.97530921e-01 1.97530812e-01 1.08654513e-07
2.62626263e-01 1.81818182e-01 1.91063987e-01 1.91063882e-01 1.05097282e-07
2.72727273e-01 1.81818182e-01 1.84404668e-01 1.84404566e-01 1.01434227e-07
2.82828283e-01 1.81818182e-01 1.77559669e-01 1.77559571e-01 9.76690362e-08
2.92929293e-01 1.81818182e-01 1.70535883e-01 1.70535789e-01 9.38055008e-08
3.03030303e-01 1.81818182e-01 1.63340381e-01 1.63340291e-01 8.98475114e-08
3.13131313e-01 1.81818182e-01 1.55980409e-01 1.55980324e-01 8.57990531e-08
3.23232323e-01 1.81818182e-01 1.48463379e-01 1.48463297e-01 8.16642024e-08
3.33333333e-01 1.81818182e-01 1.40796858e-01 1.40796781e-01 7.74471227e-08
3.43434343e-01 1.81818182e-01 1.32988567e-01 1.32988494e-01 7.31520604e-08
3.53535354e-01 1.81818182e-01 1.25046368e-01 1.25046299e-01 6.87833402e-08
3.63636364e-01 1.81818182e-01 1.16978257e-01 1.16978193e-01 6.43453610e-08
3.73737374e-01 1.81818182e-01 1.08792360e-01 1.08792300e-01 5.98425914e-08
3.83838384e-01 1.81818182e-01 1.00496918e-01 1.00496862e-01 5.52795654e-08
3.93939394e-01 1.81818182e-01 9.21002834e-02 9.21002327e-02 5.06608777e-08
4.04040404e-01 1.81818182e-01 8.36109120e-02 8.36108660e-02 4.59911787e-08
4.14141414e-01 1.81818182e-01 7.50373516e-02 7.50373103e-02 4.12751704e-08
4.24242424e-01 1.81818182e-01 6.63882349e-02 6.63881984e-02 3.65176016e-08
4.34343434e-01 1.81818182e-01 5.76722708e-02 5.76722391e-02 3.17232626e-08
4.44444444e-01 1.81818182e-01 4.88982357e-02 4.88982088e-02 2.68969811e-08
4.54545455e-01 1.81818182e-01 4.00749642e-02 4.00749422e-02 2.20436165e-08
4.64646465e-01 1.81818182e-01 3.12113407e-02 3.12113235e-02 1.71680558e-08
4.74747475e-01 1.81818182e-01 2.23162899e-02 2.23162776e-02 1.22752085e-08
4.84848485e-01 1.81818182e-01 1.33987685e-02 1.33987611e-02 7.37000092e-09
4.94949495e-01 1.81818182e-01 4.46775572e-03 4.46775327e-03 2.45737248e-09
5.05050505e-01 1.81818182e-01 -4.46775572e-03 -4.46775327e-03 2.45773035e-09
5.15151515e-01 1.81818182e-01 -1.33987685e-02 -1.33987611e-02 7.37035844e-09
5.25252525e-01 1.81818182e-01 -2.23162899e-02 -2.23162776e-02 1.22755652e-08
5.35353535e-01 1.81818182e-01 -3.12113407e-02 -3.12113235e-02 1.71684116e-08
5.45454545e-01 1.81818182e-01 -4.00749642e-02 -4.00749422e-02 2.20439707e-08
5.55555556e-01 1.81818182e-01 -4.88982357e-02 -4.88982088e-02 2.68973335e-08
5.65656566e-01 1.81818182e-01 -5.76722708e-02 -5.76722391e-02 3.17236129e-08
5.75757576e-01 1.81818182e-01 -6.63882349e-02 -6.63881984e-02 3.65179494e-08
5.85858586e-01 1.81818182e-01 -7.50373516e-02 -7.50373103e-02 4.12755154e-08
5.95959596e-01 1.81818182e-01 -8.36109120e-02 -8.36108660e-02 4.59915204e-08
6.06060606e-01 1.81818182e-01 -9.21002834e-02 -9.21002327e-02 5.06612159e-08
6.16161616e-01 1.81818182e-01 -1.00496918e-01 -1.00496862e-01 5.52798998e-08
6.26262626e-01 1.81818182e-01 -1.08792360e-01 -1.08792300e-01 5.98429216e-08
6.36363636e-01 1.81818182e-01 -1.16978257e-01 -1.16978193e-01 6.43456865e-08
6.46464646e-01 1.81818182e-01 -1.25046368e-01 -1.25046299e-01 6.87836610e-08
6.56565657e-01 1.81818182e-01 -1.32988567e-01 -1.32988494e-01 7.31523760e-08
6.66666667e-01 1.81818182e-01 -1.40796858e-01 -1.40796781e-01 7.74474327e-08
6.76767677e-01 1.81818182e-01 -1.48463379e-01 -1.48463297e-01 8.16645065e-08
6.86868687e-01 1.81818182e-01 -1.55980409e-01 -1.55980324e-01 8.57993510e-08
6.96969697e-01 1.81818182e-01 -1.63340381e-01 -1.63340291e-01 8.98478029e-08
7.07070707e-01 1.81818182e-01 -1.70535883e-01 -1.70535789e-01 9.38057857e-08
7.17171717e-01 1.81818182e-01 -1.77559669e-01 -1.77559571e-01 9.76693140e-08
7.27272727e-01 1.81818182e-01 -1.84404668e-01 -1.84404566e-01 1.01434497e-07
7.37373737e-01 1.81818182e-01 -1.91063987e-01 -1.91063882e-01 1.05097545e-07
7.47474747e-01 1.81818182e-01 -1.97530921e-01 -1.97530812e-01 1.08654768e-07
7.57575758e-01 1.81818182e-01 -2.03798958e-01 -2.03798846e-01 1.12102586e-07
7.67676768e-01 1.81818182e-01 -2.09861786e-01 -2.09861671e-01 1.15437525e-07
7.77777778e-01 1.81818182e-01 -2.15713302e-01 -2.15713183e-01 1.18656229e-07
7.87878788e-01 1.81818182e-01 -2.21347612e-01 -2.21347491e-01 1.21755455e-07
7.97979798e-01 1.81818182e-01 -2.26759045e-01 -2.26758920e-01 1.24732085e-07
8.08080808e-01 1.81818182e-01 -2.31942150e-01 -2.31942022e-01 1.27583119e-07
8.18181818e-01 1.81818182e-01 -2.36891709e-01 -2.36891579e-01 1.30305689e-07
8.28282828e-01 1.81818182e-01 -2.41602738e-01 -2.41602605e-01 1.32897051e-07
8.38383838e-01 1.81818182e-01 -2.46070494e-01 -2.46070358e-01 1.35354598e-07
8.48484848e-01 1.81818182e-01 -2.50290477e-01 -2.50290340e-01 1.37675854e-07
8.58585859e-01 1.81818182e-01 -2.54258440e-01 -2.54258300e-01 1.39858482e-07
8.68686869e-01 1.81818182e-01 -2.57970385e-01 -2.57970243e-01 1.41900284e-07
8.78787879e-01 1.81818182e-01 -2.61422577e-01 -2.61422433e-01 1.43799205e-07
8.88888889e-01 1.81818182e-01 -2.64611538e-01 -2.64611392e-01 1.45553332e-07
8.98989899e-01 1.81818182e-01 -2.67534057e-01 -2.67533910e-01 1.47160899e-07
9.09090909e-01 1.81818182e-01 -2.70187192e-01 -2.70187044e-01 1.48620288e-07
9.19191919e-01 1.81818182e-01 -2.72568272e-01 -2.72568122e-01 1.49930028e-07
9.29292929e-01 1.81818182e-01 -2.74674899e-01 -2.74674748e-01 1.51088795e-07
9.39393939e-01 1.81818182e-01 -2.76504951e-01 -2.76504799e-01 1.52095337e-07
9.49494949e-01 1.81818182e-01 -2.78056587e-01 -2.78056434e-01 1.52947636e-07
9.59595960e-01 1.81818182e-01 -2.79328242e-01 -2.79328089e-01 1.53640236e-07
9.69696970e-01 1.81818182e-01 -2.80318638e-01 -2.80318484e-01 1.54081174e-07
9.79797980e-01 1.81818182e-01 -2.81026776e-01 -2.81026623e-01 1.53058285e-07
9.89898990e-01 1.81818182e-01 -2.81451929e-01 -2.81451791e-01 1.37349757e-07
1.00000000e+00 1.81818182e-01 -2.81593562e-01 -2.81593562e-01 0.00000000e+00
0.00000000e+00 1.91919192e-01 1.26529998e-01 1.26529998e-01 0.00000000e+00
1.01010101e-02 1.91919192e-01 1.26466357e-01 1.26466296e-01 6.17165226e-08
2.02020202e-02 1.91919192e-01 1.26275321e-01 1.26275252e-01 6.87749658e-08
3.03030303e-02 1.91919192e-01 1.25957130e-01 1.25957060e-01 6.92345854e-08
4.04040404e-02 1.91919192e-01 1.25512110e-01 1.25512041e-01 6.90364367e-08
5.05050505e-02 1.91919192e-01 1.24940709e-01 1.24940641e-01 6.87251134e-08
6.06060606e-02 1.91919192e-01 1.24243505e-01 1.24243436e-01 6.83417758e-08
7.07070707e-02 1.91919192e-01 1.23421197e-01 1.23421129e-01 6.78894614e-08
8.08080808e-02 1.91919192e-01 1.22474615e-01 1.22474547e-01 6.73687794e-08
9.09090909e-02 1.91919192e-01 1.21404711e-01 1.21404644e-01 6.67802625e-08
1.01010101e-01 1.91919192e-01 1.20212563e-01 1.20212497e-01 6.61245033e-08
1.11111111e-01 1.91919192e-01 1.18899371e-01 1.18899306e-01 6.54021624e-08
1.21212121e-01 1.91919192e-01 1.17466457e-01 1.17466393e-01 6.46139671e-08
1.31313131e-01 1.91919192e-01 1.15915265e-01 1.15915201e-01 6.37607110e-08
1.41414141e-01 1.91919192e-01 1.14247356e-01 1.14247293e-01 6.28432533e-08
1.51515152e-01 1.91919192e-01 1.12464410e-01 1.12464348e-01 6.18625177e-08
1.61616162e-01 1.91919192e-01 1.10568221e-01 1.10568160e-01 6.08194918e-08
1.71717172e-01 1.91919192e-01 1.08560699e-01 1.08560640e-01 5.97152258e-08
1.81818182e-01 1.91919192e-01 1.06443866e-01 1.06443808e-01 5.85508317e-08
1.91919192e-01 1.91919192e-01 1.04219854e-01 1.04219796e-01 5.73274818e-08
2.02020202e-01 1.91919192e-01 1.01890900e-01 1.01890844e-01 5.60464081e-08
2.12121212e-01 1.91919192e-01 9.94593513e-02 9.94592966e-02 5.47089004e-08
2.22222222e-01 1.91919192e-01 9.69276553e-02 9.69276019e-02 5.33163054e-08
2.32323232e-01 1.91919192e-01 9.42983613e-02 9.42983094e-02 5.18700254e-08
2.42424242e-01 1.91919192e-01 9.15741168e-02 9.15740665e-02 5.03715167e-08
2.52525253e-01 1.91919192e-01 8.87576650e-02 8.87576162e-02 4.88222882e-08
2.62626263e-01 1.91919192e-01 8.58518418e-02 8.58517946e-02 4.72238997e-08
2.72727273e-01 1.91919192e-01 8.28595730e-02 8.28595274e-02 4.55779608e-08
2.82828283e-01 1.91919192e-01 7.97838717e-02 7.97838278e-02 4.38861287e-08
2.92929293e-01 1.91919192e-01 7.66278347e-02 7.66277926e-02 4.21501070e-08
3.03030303e-01 1.91919192e-01 7.33946400e-02 7.33945997e-02 4.03716438e-08
3.13131313e-01 1.91919192e-01 7.00875432e-02 7.00875046e-02 3.85525298e-08
3.23232323e-01 1.91919192e-01 6.67098741e-02 6.67098374e-02 3.66945966e-08
3.33333333e-01 1.91919192e-01 6.32650339e-02 6.32649991e-02 3.47997150e-08
3.43434343e-01 1.91919192e-01 5.97564911e-02 5.97564582e-02 3.28697931e-08
3.53535354e-01 1.91919192e-01 5.61877786e-02 5.61877477e-02 3.09067741e-08
3.63636364e-01 1.91919192e-01 5.25624897e-02 5.25624608e-02 2.89126346e-08
3.73737374e-01 1.91919192e-01 4.88842749e-02 4.88842480e-02 2.68893825e-08
3.83838384e-01 1.91919192e-01 4.51568378e-02 4.51568129e-02 2.48390550e-08
3.93939394e-01 1.91919192e-01 4.13839315e-02 4.13839088e-02 2.27637168e-08
4.04040404e-01 1.91919192e-01 3.75693552e-02 3.75693345e-02 2.06654574e-08
4.14141414e-01 1.91919192e-01 3.37169497e-02 3.37169311e-02 1.85463897e-08
4.24242424e-01 1.91919192e-01 2.98305941e-02 2.98305777e-02 1.64086473e-08
4.34343434e-01 1.91919192e-01 2.59142016e-02 2.59141873e-02 1.42543828e-08
4.44444444e-01 1.91919192e-01 2.19717157e-02 2.19717036e-02 1.20857654e-08
4.54545455e-01 1.91919192e-01 1.80071061e-02 1.80070962e-02 9.90497859e-09
4.64646465e-01 1.91919192e-01 1.40243649e-02 1.40243572e-02 7.71421833e-09
4.74747475e-01 1.91919192e-01 1.00275024e-02 1.00274969e-02 5.51569051e-09
4.84848485e-01 1.91919192e-01 6.02054303e-03 6.02053972e-03 3.31160884e-09
4.94949495e-01 1.91919192e-01 2.00752148e-03 2.00752037e-03 1.10419267e-09
5.05050505e-01 1.91919192e-01 -2.00752148e-03 -2.00752037e-03 1.10433532e-09
5.15151515e-01 1.91919192e-01 -6.02054303e-03 -6.02053972e-03 3.31175134e-09
5.25252525e-01 1.91919192e-01 -1.00275024e-02 -1.00274969e-02 5.51583273e-09
5.35353535e-01 1.91919192e-01 -1.40243649e-02 -1.40243572e-02 7.71436013e-09
5.45454545e-01 1.91919192e-01 -1.80071061e-02 -1.80070962e-02 9.90511981e-09
5.55555556e-01 1.91919192e-01 -2.19717157e-02 -2.19717036e-02 1.20859059e-08
5.65656566e-01 1.91919192e-01 -2.59142016e-02 -2.59141873e-02 1.42545225e-08
5.75757576e-01 1.91919192e-01 -2.98305941e-02 -2.98305777e-02 1.64087860e-08
5.85858586e-01 1.91919192e-01 -3.37169497e-02 -3.37169311e-02 1.85465272e-08
5.95959596e-01 1.91919192e-01 -3.75693552e-02 -3.75693345e-02 2.06655937e-08
6.06060606e-01 1.91919192e-01 -4.13839315e-02 -4.13839088e-02 2.27638516e-08
6.16161616e-01 1.91919192e-01 -4.51568378e-02 -4.51568129e-02 2.48391883e-08
6.26262626e-01 1.91919192e-01 -4.88842749e-02 -4.88842480e-02 2.68895141e-08
6.36363636e-01 1.91919192e-01 -5.25624897e-02 -5.25624608e-02 2.89127643e-08
6.46464646e-01 1.91919192e-01 -5.61877786e-02 -5.61877477e-02 3.09069019e-08
6.56565657e-01 1.91919192e-01 -5.97564911e-02 -5.97564582e-02 3.28699188e-08
6.66666667e-01 1.91919192e-01 -6.32650339e-02 -6.32649991e-02 3.47998385e-08
6.76767677e-01 1.91919192e-01 -6.67098741e-02 -6.67098374e-02 3.66947178e-08
6.86868687e-01 1.91919192e-01 -7.00875432e-02 -7.00875046e-02 3.85526485e-08
6.96969697e-01 1.91919192e-01 -7.33946400e-02 -7.33945997e-02 4.03717600e-08
7.07070707e-01 1.91919192e-01 -7.66278347e-02 -7.66277926e-02 4.21502206e-08
7.17171717e-01 1.91919192e-01 -7.97838717e-02 -7.97838278e-02 4.38862395e-08
7.27272727e-01 1.91919192e-01 -8.28595730e-02 -8.28595274e-02 4.55780686e-08
7.37373737e-01 1.91919192e-01 -8.58518418e-02 -8.58517946e-02 4.72240045e-08
7.47474747e-01 1.91919192e-01 -8.87576650e-02 -8.87576162e-02 4.88223898e-08
7.57575758e-01 1.91919192e-01 -9.15741168e-02 -9.15740665e-02 5.03716151e-08
7.67676768e-01 1.91919192e-01 -9.42983613e-02 -9.42983094e-02 5.18701205e-08
7.77777778e-01 1.91919192e-01 -9.69276553e-02 -9.69276019e-02 5.33163970e-08
7.87878788e-01 1.91919192e-01 -9.94593513e-02 -9.94592966e-02 5.47089885e-08
7.97979798e-01 1.91919192e-01 -1.01890900e-01 -1.01890844e-01 5.60464927e-08
8.08080808e-01 1.91919192e-01 -1.04219854e-01 -1.04219796e-01 5.73275627e-08
8.18181818e-01 1.91919192e-01 -1.06443866e-01 -1.06443808e-01 5.85509088e-08
8.28282828e-01 1.91919192e-01 -1.08560699e-01 -1.08560640e-01 5.97152991e-08
8.38383838e-01 1.91919192e-01 -1.10568221e-01 -1.10568160e-01 6.08195612e-08
8.48484848e-01 1.91919192e-01 -1.12464410e-01 -1.12464348e-01 6.18625831e-08
8.58585859e-01 1.91919192e-01 -1.14247356e-01 -1.14247293e-01 6.28433146e-08
8.68686869e-01 1.91919192e-01 -1.15915265e-01 -1.15915201e-01 6.37607682e-08
8.78787879e-01 1.91919192e-01 -1.17466457e-01 -1.17466393e-01 6.46140201e-08
8.88888889e-01 1.91919192e-01 -1.18899371e-01 -1.18899306e-01 6.54022112e-08
8.98989899e-01 1.91919192e-01 -1.20212563e-01 -1.20212497e-01 6.61245478e-08
9.09090909e-01 1.91919192e-01 -1.21404711e-01 -1.21404644e-01 6.67803026e-08
9.19191919e-01 1.91919192e-01 -1.22474615e-01 -1.22474547e-01 6.73688151e-08
9.29292929e-01 1.91919192e-01 -1.23421197e-01 -1.23421129e-01 6.78894897e-08
9.39393939e-01 1.91919192e-01 -1.24243505e-01 -1.24243436e-01 6.83417652e-08
9.49494949e-01 1.91919192e-01 -1.24940709e-01 -1.24940641e-01 6.87247367e-08
9.59595960e-01 1.91919192e-01 -1.25512110e-01 -1.25512041e-01 6.90359977e-08
9.69696970e-01 1.91919192e-01 -1.25957130e-01 -1.25957060e-01 6.92341456e-08
9.79797980e-01 1.91919192e-01 -1.26275321e-01 -1.26275252e-01 6.87745286e-08
9.89898990e-01 1.91919192e-01 -1.26466357e-01 -1.26466296e-01 6.17161286e-08
1.00000000e+00 1.91919192e-01 -1.26529998e-01 -1.26529998e-01 0.00000000e+00
0.00000000e+00 2.02020202e-01 -3.17122803e-02 -3.17122803e-02 0.00000000e+00
1.01010101e-02 2.02020202e-01 -3.16963299e-02 -3.16963145e-02 1.54681948e-08
2.02020202e-02 2.02020202e-01 -3.16484504e-02 -3.16484332e-02 1.72372736e-08
3.03030303e-02 2.02020202e-01 -3.15687019e-02 -3.15686846e-02 1.73524689e-08
4.04040404e-02 2.02020202e-01 -3.14571663e-02 -3.14571490e-02 1.73028057e-08
5.05050505e-02 2.02020202e-01 -3.13139560e-02 -3.13139388e-02 1.72247772e-08
6.06060606e-02 2.02020202e-01 -3.11392152e-02 -3.11391980e-02 1.71286995e-08
7.07070707e-02 2.02020202e-01 -3.09331198e-02 -3.09331028e-02 1.70153340e-08
8.08080808e-02 2.02020202e-01 -3.06958774e-02 -3.06958605e-02 1.68848333e-08
9.09090909e-02 2.02020202e-01 -3.04277268e-02 -3.04277101e-02 1.67373309e-08
1.01010101e-01 2.02020202e-01 -3.01289381e-02 -3.01289215e-02 1.65729754e-08
1.11111111e-01 2.02020202e-01 -2.97998121e-02 -2.97997957e-02 1.63919324e-08
1.21212121e-01 2.02020202e-01 -2.94406803e-02 -2.94406641e-02 1.61943840e-08
1.31313131e-01 2.02020202e-01 -2.90519041e-02 -2.90518881e-02 1.59805293e-08
1.41414141e-01 2.02020202e-01 -2.86338752e-02 -2.86338594e-02 1.57505835e-08
1.51515152e-01 2.02020202e-01 -2.81870144e-02 -2.81869988e-02 1.55047783e-08
1.61616162e-01 2.02020202e-01 -2.77117716e-02 -2.77117563e-02 1.52433610e-08
1.71717172e-01 2.02020202e-01 -2.72086254e-02 -2.72086105e-02 1.49665950e-08
1.81818182e-01 2.02020202e-01 -2.66780825e-02 -2.66780678e-02 1.46747589e-08
1.91919192e-01 2.02020202e-01 -2.61206770e-02 -2.61206626e-02 1.43681465e-08
2.02020202e-01 2.02020202e-01 -2.55369701e-02 -2.55369561e-02 1.40470666e-08
2.12121212e-01 2.02020202e-01 -2.49275497e-02 -2.49275360e-02 1.37118426e-08
2.22222222e-01 2.02020202e-01 -2.42930294e-02 -2.42930161e-02 1.33628118e-08
2.32323232e-01 2.02020202e-01 -2.36340481e-02 -2.36340351e-02 1.30003259e-08
2.42424242e-01 2.02020202e-01 -2.29512693e-02 -2.29512566e-02 1.26247497e-08
2.52525253e-01 2.02020202e-01 -2.22453805e-02 -2.22453682e-02 1.22364615e-08
2.62626263e-01 2.02020202e-01 -2.15170924e-02 -2.15170806e-02 1.18358521e-08
2.72727273e-01 2.02020202e-01 -2.07671385e-02 -2.07671271e-02 1.14233251e-08
2.82828283e-01 2.02020202e-01 -1.99962739e-02 -1.99962629e-02 1.09992958e-08
2.92929293e-01 2.02020202e-01 -1.92052747e-02 -1.92052641e-02 1.05641911e-08
3.03030303e-01 2.02020202e-01 -1.83949374e-02 -1.83949273e-02 1.01184492e-08
3.13131313e-01 2.02020202e-01 -1.75660780e-02 -1.75660683e-02 9.66251882e-09
3.23232323e-01 2.02020202e-01 -1.67195310e-02 -1.67195218e-02 9.19685914e-09
3.33333333e-01 2.02020202e-01 -1.58561488e-02 -1.58561401e-02 8.72193898e-09
3.43434343e-01 2.02020202e-01 -1.49768009e-02 -1.49767927e-02 8.23823658e-09
3.53535354e-01 2.02020202e-01 -1.40823726e-02 -1.40823649e-02 7.74623897e-09
3.63636364e-01 2.02020202e-01 -1.31737646e-02 -1.31737573e-02 7.24644155e-09
3.73737374e-01 2.02020202e-01 -1.22518916e-02 -1.22518849e-02 6.73934758e-09
3.83838384e-01 2.02020202e-01 -1.13176821e-02 -1.13176759e-02 6.22546766e-09
3.93939394e-01 2.02020202e-01 -1.03720766e-02 -1.03720709e-02 5.70531922e-09
4.04040404e-01 2.02020202e-01 -9.41602733e-03 -9.41602216e-03 5.17942601e-09
4.14141414e-01 2.02020202e-01 -8.45049691e-03 -8.45049226e-03 4.64831755e-09
4.24242424e-01 2.02020202e-01 -7.47645755e-03 -7.47645344e-03 4.11252864e-09
4.34343434e-01 2.02020202e-01 -6.49489003e-03 -6.49488646e-03 3.57259876e-09
4.44444444e-01 2.02020202e-01 -5.50678270e-03 -5.50677968e-03 3.02907157e-09
4.54545455e-01 2.02020202e-01 -4.51313052e-03 -4.51312804e-03 2.48249436e-09
4.64646465e-01 2.02020202e-01 -3.51493399e-03 -3.51493206e-03 1.93341749e-09
4.74747475e-01 2.02020202e-01 -2.51319822e-03 -2.51319684e-03 1.38239384e-09
4.84848485e-01 2.02020202e-01 -1.50893188e-03 -1.50893105e-03 8.29978228e-10
4.94949495e-01 2.02020202e-01 -5.03146168e-04 -5.03145892e-04 2.76726904e-10
5.05050505e-01 2.02020202e-01 5.03146168e-04 5.03145892e-04 2.76803063e-10
5.15151515e-01 2.02020202e-01 1.50893188e-03 1.50893105e-03 8.30054312e-10
5.25252525e-01 2.02020202e-01 2.51319822e-03 2.51319684e-03 1.38246977e-09
5.35353535e-01 2.02020202e-01 3.51493399e-03 3.51493206e-03 1.93349320e-09
5.45454545e-01 2.02020202e-01 4.51313052e-03 4.51312804e-03 2.48256976e-09
5.55555556e-01 2.02020202e-01 5.50678270e-03 5.50677968e-03 3.02914658e-09
5.65656566e-01 2.02020202e-01 6.49489003e-03 6.49488646e-03 3.57267331e-09
5.75757576e-01 2.02020202e-01 7.47645755e-03 7.47645344e-03 4.11260267e-09
5.85858586e-01 2.02020202e-01 8.45049691e-03 8.45049226e-03 4.64839098e-09
5.95959596e-01 2.02020202e-01 9.41602733e-03 9.41602216e-03 5.17949874e-09
6.06060606e-01 2.02020202e-01 1.03720766e-02 1.03720709e-02 5.70539120e-09
6.16161616e-01 2.02020202e-01 1.13176821e-02 1.13176759e-02 6.22553882e-09
6.26262626e-01 2.02020202e-01 1.22518916e-02 1.22518849e-02 6.73941784e-09
6.36363636e-01 2.02020202e-01 1.31737646e-02 1.31737573e-02 7.24651083e-09
6.46464646e-01 2.02020202e-01 1.40823726e-02 1.40823649e-02 7.74630721e-09
6.56565657e-01 2.02020202e-01 1.49768009e-02 1.49767927e-02 8.23830372e-09
6.66666667e-01 2.02020202e-01 1.58561488e-02 1.58561401e-02 8.72200494e-09
6.76767677e-01 2.02020202e-01 1.67195310e-02 1.67195218e-02 9.19692385e-09
6.86868687e-01 2.02020202e-01 1.75660780e-02 1.75660683e-02 9.66258224e-09
6.96969697e-01 2.02020202e-01 1.83949374e-02 1.83949273e-02 1.01185112e-08
7.07070707e-01 2.02020202e-01 1.92052747e-02 1.92052641e-02 1.05642517e-08
7.17171717e-01 2.02020202e-01 1.99962739e-02 1.99962629e-02 1.09993549e-08
7.27272727e-01 2.02020202e-01 2.07671385e-02 2.07671271e-02 1.14233827e-08
7.37373737e-01 2.02020202e-01 2.15170924e-02 2.15170806e-02 1.18359081e-08
7.47474747e-01 2.02020202e-01 2.22453805e-02 2.22453682e-02 1.22365157e-08
7.57575758e-01 2.02020202e-01 2.29512693e-02 2.29512566e-02 1.26248023e-08
7.67676768e-01 2.02020202e-01 2.36340481e-02 2.36340351e-02 1.30003767e-08
7.77777778e-01 2.02020202e-01 2.42930294e-02 2.42930161e-02 1.33628608e-08
7.87878788e-01 2.02020202e-01 2.49275497e-02 2.49275360e-02 1.37118896e-08
7.97979798e-01 2.02020202e-01 2.55369701e-02 2.55369561e-02 1.40471118e-08
8.08080808e-01 2.02020202e-01 2.61206770e-02 2.61206626e-02 1.43681897e-08
8.18181818e-01 2.02020202e-01 2.66780825e-02 2.66780678e-02 1.46748000e-08
8.28282828e-01 2.02020202e-01 2.72086254e-02 2.72086105e-02 1.49666341e-08
8.38383838e-01 2.02020202e-01 2.77117716e-02 2.77117563e-02 1.52433981e-08
8.48484848e-01 2.02020202e-01 2.81870144e-02 2.81869988e-02 1.55048132e-08
8.58585859e-01 2.02020202e-01 2.86338752e-02 2.86338594e-02 1.57506163e-08
8.68686869e-01 2.02020202e-01 2.90519041e-02 2.90518881e-02 1.59805598e-08
8.78787879e-01 2.02020202e-01 2.94406803e-02 2.94406641e-02 1.61944123e-08
8.88888889e-01 2.02020202e-01 2.97998121e-02 2.97997957e-02 1.63919584e-08
8.98989899e-01 2.02020202e-01 3.01289381e-02 3.01289215e-02 1.65729992e-08
9.09090909e-01 2.02020202e-01 3.04277268e-02 3.04277101e-02 1.67373524e-08
9.19191919e-01 2.02020202e-01 3.06958774e-02 3.06958605e-02 1.68848524e-08
9.29292929e-01 2.02020202e-01 3.09331198e-02 3.09331028e-02 1.70153500e-08
9.39393939e-01 2.02020202e-01 3.11392152e-02 3.11391980e-02 1.71287038e-08
9.49494949e-01 2.02020202e-01 3.13139560e-02 3.13139388e-02 1.72246802e-08
9.59595960e-01 2.02020202e-01 3.14571663e-02 3.14571490e-02 1.73025783e-08
9.69696970e-01 2.02020202e-01 3.15687019e-02 3.15686846e-02 1.73521990e-08
9.79797980e-01 2.02020202e-01 3.16484504e-02 3.16484332e-02 1.72369974e-08
9.89898990e-01 2.02020202e-01 3.16963299e-02 3.16963145e-02 1.54679460e-08
1.00000000e+00 2.02020202e-01 3.17122803e-02 3.17122803e-02 0.00000000e+00
0.00000000e+00 2.12121212e-01 -1.89157876e-01 -1.89157876e-01 0.00000000e+00
1.01010101e-02 2.12121212e-01 -1.89062735e-01 -1.89062643e-01 9.22643167e-08
2.02020202e-02 2.12121212e-01 -1.88777142e-01 -1.88777040e-01 1.02816475e-07
3.03030303e-02 2.12121212e-01 -1.88301458e-01 -1.88301354e-01 1.03503591e-07
4.04040404e-02 2.12121212e-01 -1.87636168e-01 -1.87636065e-01 1.03207363e-07
5.05050505e-02 2.12121212e-01 -1.86781945e-01 -1.86781843e-01 1.02741943e-07
6.06060606e-02 2.12121212e-01 -1.85739649e-01 -1.85739546e-01 1.02168864e-07
7.07070707e-02 2.12121212e-01 -1.84510328e-01 -1.84510226e-01 1.01492667e-07
8.08080808e-02 2.12121212e-01 -1.83095221e-01 -1.83095120e-01 1.00714262e-07
9.09090909e-02 2.12121212e-01 -1.81495752e-01 -1.81495653e-01 9.98344454e-08
1.01010101e-01 2.12121212e-01 -1.79713533e-01 -1.79713434e-01 9.88541042e-08
1.11111111e-01 2.12121212e-01 -1.77750358e-01 -1.77750260e-01 9.77742254e-08
1.21212121e-01 2.12121212e-01 -1.75608203e-01 -1.75608106e-01 9.65958962e-08
1.31313131e-01 2.12121212e-01 -1.73289225e-01 -1.73289130e-01 9.53203032e-08
1.41414141e-01 2.12121212e-01 -1.70795760e-01 -1.70795666e-01 9.39487307e-08
1.51515152e-01 2.12121212e-01 -1.68130318e-01 -1.68130225e-01 9.24825598e-08
1.61616162e-01 2.12121212e-01 -1.65295583e-01 -1.65295492e-01 9.09232667e-08
1.71717172e-01 2.12121212e-01 -1.62294409e-01 -1.62294320e-01 8.92724216e-08
1.81818182e-01 2.12121212e-01 -1.59129819e-01 -1.59129731e-01 8.75316869e-08
1.91919192e-01 2.12121212e-01 -1.55804998e-01 -1.55804912e-01 8.57028151e-08
2.02020202e-01 2.12121212e-01 -1.52323295e-01 -1.52323211e-01 8.37876478e-08
2.12121212e-01 2.12121212e-01 -1.48688215e-01 -1.48688134e-01 8.17881135e-08
2.22222222e-01 2.12121212e-01 -1.44903419e-01 -1.44903340e-01 7.97062255e-08
2.32323232e-01 2.12121212e-01 -1.40972718e-01 -1.40972640e-01 7.75440800e-08
2.42424242e-01 2.12121212e-01 -1.36900068e-01 -1.36899993e-01 7.53038543e-08
2.52525253e-01 2.12121212e-01 -1.32689573e-01 -1.32689500e-01 7.29878040e-08
2.62626263e-01 2.12121212e-01 -1.28345469e-01 -1.28345399e-01 7.05982611e-08
2.72727273e-01 2.12121212e-01 -1.23872133e-01 -1.23872065e-01 6.81376318e-08
2.82828283e-01 2.12121212e-01 -1.19274069e-01 -1.19274003e-01 6.56083936e-08
2.92929293e-01 2.12121212e-01 -1.14555905e-01 -1.14555842e-01 6.30130933e-08
3.03030303e-01 2.12121212e-01 -1.09722393e-01 -1.09722333e-01 6.03543442e-08
3.13131313e-01 2.12121212e-01 -1.04778400e-01 -1.04778343e-01 5.76348234e-08
3.23232323e-01 2.12121212e-01 -9.97289043e-02 -9.97288494e-02 5.48572693e-08
3.33333333e-01 2.12121212e-01 -9.45789899e-02 -9.45789378e-02 5.20244785e-08
3.43434343e-01 2.12121212e-01 -8.93338424e-02 -8.93337932e-02 4.91393034e-08
3.53535354e-01 2.12121212e-01 -8.39987433e-02 -8.39986971e-02 4.62046493e-08
3.63636364e-01 2.12121212e-01 -7.85790646e-02 -7.85790214e-02 4.32234709e-08
3.73737374e-01 2.12121212e-01 -7.30802634e-02 -7.30802232e-02 4.01987702e-08
3.83838384e-01 2.12121212e-01 -6.75078767e-02 -6.75078395e-02 3.71335928e-08
3.93939394e-01 2.12121212e-01 -6.18675152e-02 -6.18674811e-02 3.40310249e-08
4.04040404e-01 2.12121212e-01 -5.61648583e-02 -5.61648274e-02 3.08941908e-08
4.14141414e-01 2.12121212e-01 -5.04056482e-02 -5.04056205e-02 2.77262487e-08
4.24242424e-01 2.12121212e-01 -4.45956839e-02 -4.45956594e-02 2.45303887e-08
4.34343434e-01 2.12121212e-01 -3.87408156e-02 -3.87407943e-02 2.13098287e-08
4.44444444e-01 2.12121212e-01 -3.28469385e-02 -3.28469204e-02 1.80678115e-08
4.54545455e-01 2.12121212e-01 -2.69199873e-02 -2.69199725e-02 1.48076015e-08
4.64646465e-01 2.12121212e-01 -2.09659300e-02 -2.09659184e-02 1.15324816e-08
4.74747475e-01 2.12121212e-01 -1.49907617e-02 -1.49907535e-02 8.24574939e-09
4.84848485e-01 2.12121212e-01 -9.00049907e-03 -9.00049412e-03 4.95071439e-09
4.94949495e-01 2.12121212e-01 -3.00117366e-03 -3.00117201e-03 1.65069448e-09
5.05050505e-01 2.12121212e-01 3.00117367e-03 3.00117201e-03 1.65098754e-09
5.15151515e-01 2.12121212e-01 9.00049907e-03 9.00049412e-03 4.95100716e-09
5.25252525e-01 2.12121212e-01 1.49907617e-02 1.49907535e-02 8.24604154e-09
5.35353535e-01 2.12121212e-01 2.09659300e-02 2.09659184e-02 1.15327729e-08
5.45454545e-01 2.12121212e-01 2.69199873e-02 2.69199725e-02 1.48078916e-08
5.55555556e-01 2.12121212e-01 3.28469385e-02 3.28469204e-02 1.80681001e-08
5.65656566e-01 2.12121212e-01 3.87408156e-02 3.87407943e-02 2.13101156e-08
5.75757576e-01 2.12121212e-01 4.45956839e-02 4.45956594e-02 2.45306736e-08
5.85858586e-01 2.12121212e-01 5.04056482e-02 5.04056205e-02 2.77265313e-08
5.95959596e-01 2.12121212e-01 5.61648583e-02 5.61648274e-02 3.08944706e-08
6.06060606e-01 2.12121212e-01 6.18675152e-02 6.18674811e-02 3.40313019e-08
6.16161616e-01 2.12121212e-01 6.75078767e-02 6.75078395e-02 3.71338665e-08
6.26262626e-01 2.12121212e-01 7.30802634e-02 7.30802232e-02 4.01990406e-08
6.36363636e-01 2.12121212e-01 7.85790646e-02 7.85790214e-02 4.32237375e-08
6.46464646e-01 2.12121212e-01 8.39987433e-02 8.39986971e-02 4.62049119e-08
6.56565657e-01 2.12121212e-01 8.93338424e-02 8.93337932e-02 4.91395618e-08
6.66666667e-01 2.12121212e-01 9.45789899e-02 9.45789378e-02 5.20247323e-08
6.76767677e-01 2.12121212e-01 9.97289043e-02 9.97288494e-02 5.48575183e-08
6.86868687e-01 2.12121212e-01 1.04778400e-01 1.04778343e-01 5.76350674e-08
6.96969697e-01 2.12121212e-01 1.09722393e-01 1.09722333e-01 6.03545830e-08
7.07070707e-01 2.12121212e-01 1.14555905e-01 1.14555842e-01 6.30133266e-08
7.17171717e-01 2.12121212e-01 1.19274069e-01 1.19274003e-01 6.56086210e-08
7.27272727e-01 2.12121212e-01 1.23872133e-01 1.23872065e-01 6.81378532e-08
7.37373737e-01 2.12121212e-01 1.28345470e-01 1.28345399e-01 7.05984764e-08
7.47474747e-01 2.12121212e-01 1.32689573e-01 1.32689500e-01 7.29880128e-08
7.57575758e-01 2.12121212e-01 1.36900068e-01 1.36899993e-01 7.53040566e-08
7.67676768e-01 2.12121212e-01 1.40972718e-01 1.40972640e-01 7.75442755e-08
7.77777778e-01 2.12121212e-01 1.44903419e-01 1.44903340e-01 7.97064139e-08
7.87878788e-01 2.12121212e-01 1.48688215e-01 1.48688134e-01 8.17882947e-08
7.97979798e-01 2.12121212e-01 1.52323295e-01 1.52323211e-01 8.37878216e-08
8.08080808e-01 2.12121212e-01 1.55804998e-01 1.55804912e-01 8.57029813e-08
8.18181818e-01 2.12121212e-01 1.59129819e-01 1.59129731e-01 8.75318453e-08
8.28282828e-01 2.12121212e-01 1.62294409e-01 1.62294320e-01 8.92725723e-08
8.38383838e-01 2.12121212e-01 1.65295583e-01 1.65295492e-01 9.09234093e-08
8.48484848e-01 2.12121212e-01 1.68130318e-01 1.68130225e-01 9.24826941e-08
8.58585859e-01 2.12121212e-01 1.70795760e-01 1.70795666e-01 9.39488567e-08
8.68686869e-01 2.12121212e-01 1.73289225e-01 1.73289130e-01 9.53204207e-08
8.78787879e-01 2.12121212e-01 1.75608203e-01 1.75608106e-01 9.65960052e-08
8.88888889e-01 2.12121212e-01 1.77750358e-01 1.77750260e-01 9.77743257e-08
8.98989899e-01 2.12121212e-01 1.79713533e-01 1.79713434e-01 9.88541957e-08
9.09090909e-01 2.12121212e-01 1.81495752e-01 1.81495653e-01 9.98345279e-08
9.19191919e-01 2.12121212e-01 1.83095221e-01 1.83095120e-01 1.00714335e-07
9.29292929e-01 2.12121212e-01 1.84510328e-01 1.84510226e-01 1.01492726e-07
9.39393939e-01 2.12121212e-01 1.85739649e-01 1.85739546e-01 1.02168862e-07
9.49494949e-01 2.12121212e-01 1.86781945e-01 1.86781843e-01 1.02741375e-07
9.59595960e-01 2.12121212e-01 1.87636168e-01 1.87636065e-01 1.03206475e-07
9.69696970e-01 2.12121212e-01 1.88301458e-01 1.88301354e-01 1.03502618e-07
9.79797980e-01 2.12121212e-01 1.88777142e-01 1.88777040e-01 1.02815492e-07
9.89898990e-01 2.12121212e-01 1.89062735e-01 1.89062643e-01 9.22634314e-08
1.00000000e+00 2.12121212e-01 1.89157876e-01 1.89157876e-01 0.00000000e+00
0.00000000e+00 2.22222222e-01 -3.41851405e-01 -3.41851405e-01 0.00000000e+00
1.01010101e-02 2.22222222e-01 -3.41679464e-01 -3.41679297e-01 1.66742554e-07
2.02020202e-02 2.22222222e-01 -3.41163333e-01 -3.41163147e-01 1.85812697e-07
3.03030303e-02 2.22222222e-01 -3.40303662e-01 -3.40303475e-01 1.87054472e-07
4.04040404e-02 2.22222222e-01 -3.39101333e-01 -3.39101146e-01 1.86519122e-07
5.05050505e-02 2.22222222e-01 -3.37557557e-01 -3.37557371e-01 1.85678003e-07
6.06060606e-02 2.22222222e-01 -3.35673889e-01 -3.35673705e-01 1.84642320e-07
7.07070707e-02 2.22222222e-01 -3.33452226e-01 -3.33452043e-01 1.83420278e-07
8.08080808e-02 2.22222222e-01 -3.30894805e-01 -3.30894623e-01 1.82013524e-07
9.09090909e-02 2.22222222e-01 -3.28004201e-01 -3.28004021e-01 1.80423497e-07
1.01010101e-01 2.22222222e-01 -3.24783325e-01 -3.24783146e-01 1.78651798e-07
1.11111111e-01 2.22222222e-01 -3.21235419e-01 -3.21235242e-01 1.76700213e-07
1.21212121e-01 2.22222222e-01 -3.17364057e-01 -3.17363882e-01 1.74570705e-07
1.31313131e-01 2.22222222e-01 -3.13173135e-01 -3.13172963e-01 1.72265419e-07
1.41414141e-01 2.22222222e-01 -3.08666875e-01 -3.08666706e-01 1.69786677e-07
1.51515152e-01 2.22222222e-01 -3.03849814e-01 -3.03849647e-01 1.67136974e-07
1.61616162e-01 2.22222222e-01 -2.98726801e-01 -2.98726637e-01 1.64318978e-07
1.71717172e-01 2.22222222e-01 -2.93302996e-01 -2.93302835e-01 1.61335527e-07
1.81818182e-01 2.22222222e-01 -2.87583860e-01 -2.87583702e-01 1.58189624e-07
1.91919192e-01 2.22222222e-01 -2.81575151e-01 -2.81574996e-01 1.54884439e-07
2.02020202e-01 2.22222222e-01 -2.75282920e-01 -2.75282769e-01 1.51423297e-07
2.12121212e-01 2.22222222e-01 -2.68713502e-01 -2.68713355e-01 1.47809685e-07
2.22222222e-01 2.22222222e-01 -2.61873513e-01 -2.61873369e-01 1.44047242e-07
2.32323232e-01 2.22222222e-01 -2.54769839e-01 -2.54769699e-01 1.40139755e-07
2.42424242e-01 2.22222222e-01 -2.47409634e-01 -2.47409498e-01 1.36091159e-07
2.52525253e-01 2.22222222e-01 -2.39800308e-01 -2.39800176e-01 1.31905531e-07
2.62626263e-01 2.22222222e-01 -2.31949523e-01 -2.31949396e-01 1.27587085e-07
2.72727273e-01 2.22222222e-01 -2.23865185e-01 -2.23865062e-01 1.23140170e-07
2.82828283e-01 2.22222222e-01 -2.15555434e-01 -2.15555315e-01 1.18569263e-07
2.92929293e-01 2.22222222e-01 -2.07028636e-01 -2.07028522e-01 1.13878967e-07
3.03030303e-01 2.22222222e-01 -1.98293378e-01 -1.98293269e-01 1.09074004e-07
3.13131313e-01 2.22222222e-01 -1.89358456e-01 -1.89358352e-01 1.04159213e-07
3.23232323e-01 2.22222222e-01 -1.80232866e-01 -1.80232767e-01 9.91395428e-08
3.33333333e-01 2.22222222e-01 -1.70925796e-01 -1.70925702e-01 9.40200474e-08
3.43434343e-01 2.22222222e-01 -1.61446619e-01 -1.61446530e-01 8.88058817e-08
3.53535354e-01 2.22222222e-01 -1.51804879e-01 -1.51804795e-01 8.35022960e-08
3.63636364e-01 2.22222222e-01 -1.42010284e-01 -1.42010206e-01 7.81146307e-08
3.73737374e-01 2.22222222e-01 -1.32072697e-01 -1.32072624e-01 7.26483105e-08
3.83838384e-01 2.22222222e-01 -1.22002123e-01 -1.22002056e-01 6.71088395e-08
3.93939394e-01 2.22222222e-01 -1.11808704e-01 -1.11808643e-01 6.15017957e-08
4.04040404e-01 2.22222222e-01 -1.01502703e-01 -1.01502647e-01 5.58328248e-08
4.14141414e-01 2.22222222e-01 -9.10944977e-02 -9.10944475e-02 5.01076350e-08
4.24242424e-01 2.22222222e-01 -8.05945676e-02 -8.05945233e-02 4.43319910e-08
4.34343434e-01 2.22222222e-01 -7.00134857e-02 -7.00134472e-02 3.85117084e-08
4.44444444e-01 2.22222222e-01 -5.93619061e-02 -5.93618735e-02 3.26526479e-08
4.54545455e-01 2.22222222e-01 -4.86505541e-02 -4.86505274e-02 2.67607088e-08
4.64646465e-01 2.22222222e-01 -3.78902152e-02 -3.78901943e-02 2.08418241e-08
4.74747475e-01 2.22222222e-01 -2.70917240e-02 -2.70917091e-02 1.49019534e-08
4.84848485e-01 2.22222222e-01 -1.62659537e-02 -1.62659448e-02 8.94707761e-09
4.94949495e-01 2.22222222e-01 -5.42380501e-03 -5.42380203e-03 2.98319295e-09
5.05050505e-01 2.22222222e-01 5.42380501e-03 5.42380203e-03 2.98369554e-09
5.15151515e-01 2.22222222e-01 1.62659537e-02 1.62659448e-02 8.94757971e-09
5.25252525e-01 2.22222222e-01 2.70917240e-02 2.70917091e-02 1.49024544e-08
5.35353535e-01 2.22222222e-01 3.78902152e-02 3.78901943e-02 2.08423237e-08
5.45454545e-01 2.22222222e-01 4.86505541e-02 4.86505274e-02 2.67612064e-08
5.55555556e-01 2.22222222e-01 5.93619061e-02 5.93618735e-02 3.26531429e-08
5.65656566e-01 2.22222222e-01 7.00134857e-02 7.00134472e-02 3.85122004e-08
5.75757576e-01 2.22222222e-01 8.05945676e-02 8.05945233e-02 4.43324794e-08
5.85858586e-01 2.22222222e-01 9.10944977e-02 9.10944475e-02 5.01081195e-08
5.95959596e-01 2.22222222e-01 1.01502703e-01 1.01502647e-01 5.58333048e-08
6.06060606e-01 2.22222222e-01 1.11808704e-01 1.11808643e-01 6.15022707e-08
6.16161616e-01 2.22222222e-01 1.22002123e-01 1.22002056e-01 6.71093090e-08
6.26262626e-01 2.22222222e-01 1.32072697e-01 1.32072624e-01 7.26487740e-08
6.36363636e-01 2.22222222e-01 1.42010284e-01 1.42010206e-01 7.81150879e-08
6.46464646e-01 2.22222222e-01 1.51804879e-01 1.51804795e-01 8.35027464e-08
6.56565657e-01 2.22222222e-01 1.61446619e-01 1.61446530e-01 8.88063248e-08
6.66666667e-01 2.22222222e-01 1.70925796e-01 1.70925702e-01 9.40204826e-08
6.76767677e-01 2.22222222e-01 1.80232866e-01 1.80232767e-01 9.91399700e-08
6.86868687e-01 2.22222222e-01 1.89358456e-01 1.89358352e-01 1.04159632e-07
6.96969697e-01 2.22222222e-01 1.98293378e-01 1.98293269e-01 1.09074414e-07
7.07070707e-01 2.22222222e-01 2.07028636e-01 2.07028522e-01 1.13879367e-07
7.17171717e-01 2.22222222e-01 2.15555434e-01 2.15555315e-01 1.18569653e-07
7.27272727e-01 2.22222222e-01 2.23865185e-01 2.23865062e-01 1.23140550e-07
7.37373737e-01 2.22222222e-01 2.31949523e-01 2.31949396e-01 1.27587454e-07
7.47474747e-01 2.22222222e-01 2.39800308e-01 2.39800176e-01 1.31905889e-07
7.57575758e-01 2.22222222e-01 2.47409634e-01 2.47409498e-01 1.36091506e-07
7.67676768e-01 2.22222222e-01 2.54769839e-01 2.54769699e-01 1.40140090e-07
7.77777778e-01 2.22222222e-01 2.61873513e-01 2.61873369e-01 1.44047565e-07
7.87878788e-01 2.22222222e-01 2.68713502e-01 2.68713355e-01 1.47809996e-07
7.97979798e-01 2.22222222e-01 2.75282920e-01 2.75282769e-01 1.51423595e-07
8.08080808e-01 2.22222222e-01 2.81575151e-01 2.81574996e-01 1.54884723e-07
8.18181818e-01 2.22222222e-01 2.87583860e-01 2.87583702e-01 1.58189896e-07
8.28282828e-01 2.22222222e-01 2.93302996e-01 2.93302835e-01 1.61335785e-07
8.38383838e-01 2.22222222e-01 2.98726801e-01 2.98726637e-01 1.64319222e-07
8.48484848e-01 2.22222222e-01 3.03849814e-01 3.03849647e-01 1.67137204e-07
8.58585859e-01 2.22222222e-01 3.08666875e-01 3.08666706e-01 1.69786893e-07
8.68686869e-01 2.22222222e-01 3.13173135e-01 3.13172963e-01 1.72265621e-07
8.78787879e-01 2.22222222e-01 3.17364057e-01 3.17363882e-01 1.74570892e-07
8.88888889e-01 2.22222222e-01 3.21235419e-01 3.21235242e-01 1.76700384e-07
8.98989899e-01 2.22222222e-01 3.24783325e-01 3.24783146e-01 1.78651955e-07
9.09090909e-01 2.22222222e-01 3.28004201e-01 3.28004021e-01 1.80423638e-07
9.19191919e-01 2.22222222e-01 3.30894805e-01 3.30894623e-01 1.82013649e-07
9.29292929e-01 2.22222222e-01 3.33452226e-01 3.33452043e-01 1.83420380e-07
9.39393939e-01 2.22222222e-01 3.35673889e-01 3.35673705e-01 1.84642311e-07
9.49494949e-01 2.22222222e-01 3.37557557e-01 3.37557371e-01 1.85676978e-07
9.59595960e-01 2.22222222e-01 3.39101333e-01 3.39101146e-01 1.86517596e-07
9.69696970e-01 2.22222222e-01 3.40303662e-01 3.40303475e-01 1.87052821e-07
9.79797980e-01 2.22222222e-01 3.41163333e-01 3.41163147e-01 1.85811033e-07
9.89898990e-01 2.22222222e-01 3.41679464e-01 3.41679297e-01 1.66741055e-07
1.00000000e+00 2.22222222e-01 3.41851405e-01 3.41851405e-01 0.00000000e+00
0.00000000e+00 2.32323232e-01 -4.85956867e-01 -4.85956867e-01 0.00000000e+00
1.01010101e-02 2.32323232e-01 -4.85712445e-01 -4.85712208e-01 2.37031848e-07
2.02020202e-02 2.32323232e-01 -4.84978743e-01 -4.84978478e-01 2.64140891e-07
3.03030303e-02 2.32323232e-01 -4.83756682e-01 -4.83756416e-01 2.65906130e-07
4.04040404e-02 2.32323232e-01 -4.82047518e-01 -4.82047253e-01 2.65145107e-07
5.05050505e-02 2.32323232e-01 -4.79852972e-01 -4.79852709e-01 2.63949419e-07
6.06060606e-02 2.32323232e-01 -4.77175256e-01 -4.77174993e-01 2.62477149e-07
7.07070707e-02 2.32323232e-01 -4.74017064e-01 -4.74016803e-01 2.60739964e-07
8.08080808e-02 2.32323232e-01 -4.70381577e-01 -4.70381318e-01 2.58740202e-07
9.09090909e-02 2.32323232e-01 -4.66272456e-01 -4.66272199e-01 2.56479909e-07
1.01010101e-01 2.32323232e-01 -4.61693838e-01 -4.61693584e-01 2.53961362e-07
1.11111111e-01 2.32323232e-01 -4.56650333e-01 -4.56650082e-01 2.51187098e-07
1.21212121e-01 2.32323232e-01 -4.51147020e-01 -4.51146772e-01 2.48159909e-07
1.31313131e-01 2.32323232e-01 -4.45189441e-01 -4.45189196e-01 2.44882845e-07
1.41414141e-01 2.32323232e-01 -4.38783593e-01 -4.38783352e-01 2.41359204e-07
1.51515152e-01 2.32323232e-01 -4.31935927e-01 -4.31935690e-01 2.37592535e-07
1.61616162e-01 2.32323232e-01 -4.24653339e-01 -4.24653105e-01 2.33586631e-07
1.71717172e-01 2.32323232e-01 -4.16943161e-01 -4.16942931e-01 2.29345525e-07
1.81818182e-01 2.32323232e-01 -4.08813156e-01 -4.08812931e-01 2.24873487e-07
1.91919192e-01 2.32323232e-01 -4.00271511e-01 -4.00271291e-01 2.20175021e-07
2.02020202e-01 2.32323232e-01 -3.91326827e-01 -3.91326611e-01 2.15254857e-07
2.12121212e-01 2.32323232e-01 -3.81988109e-01 -3.81987899e-01 2.10117949e-07
2.22222222e-01 2.32323232e-01 -3.72264762e-01 -3.72264557e-01 2.04769471e-07
2.32323232e-01 2.32323232e-01 -3.62166576e-01 -3.62166377e-01 1.99214807e-07
2.42424242e-01 2.32323232e-01 -3.51703719e-01 -3.51703526e-01 1.93459551e-07
2.52525253e-01 2.32323232e-01 -3.40886726e-01 -3.40886539e-01 1.87509497e-07
2.62626263e-01 2.32323232e-01 -3.29726489e-01 -3.29726308e-01 1.81370637e-07
2.72727273e-01 2.32323232e-01 -3.18234246e-01 -3.18234070e-01 1.75049153e-07
2.82828283e-01 2.32323232e-01 -3.06421567e-01 -3.06421398e-01 1.68551409e-07
2.92929293e-01 2.32323232e-01 -2.94300348e-01 -2.94300186e-01 1.61883947e-07
3.03030303e-01 2.32323232e-01 -2.81882793e-01 -2.81882638e-01 1.55053483e-07
3.13131313e-01 2.32323232e-01 -2.69181407e-01 -2.69181259e-01 1.48066892e-07
3.23232323e-01 2.32323232e-01 -2.56208977e-01 -2.56208836e-01 1.40931211e-07
3.33333333e-01 2.32323232e-01 -2.42978567e-01 -2.42978433e-01 1.33653624e-07
3.43434343e-01 2.32323232e-01 -2.29503498e-01 -2.29503372e-01 1.26241459e-07
3.53535354e-01 2.32323232e-01 -2.15797338e-01 -2.15797220e-01 1.18702180e-07
3.63636364e-01 2.32323232e-01 -2.01873889e-01 -2.01873778e-01 1.11043377e-07
3.73737374e-01 2.32323232e-01 -1.87747170e-01 -1.87747067e-01 1.03272764e-07
3.83838384e-01 2.32323232e-01 -1.73431405e-01 -1.73431310e-01 9.53981630e-08
3.93939394e-01 2.32323232e-01 -1.58941010e-01 -1.58940923e-01 8.74275047e-08
4.04040404e-01 2.32323232e-01 -1.44290575e-01 -1.44290495e-01 7.93688142e-08
4.14141414e-01 2.32323232e-01 -1.29494851e-01 -1.29494780e-01 7.12302060e-08
4.24242424e-01 2.32323232e-01 -1.14568737e-01 -1.14568674e-01 6.30198750e-08
4.34343434e-01 2.32323232e-01 -9.95272615e-02 -9.95272067e-02 5.47460884e-08
4.44444444e-01 2.32323232e-01 -8.43855708e-02 -8.43855243e-02 4.64171772e-08
4.54545455e-01 2.32323232e-01 -6.91589110e-02 -6.91588729e-02 3.80415277e-08
4.64646465e-01 2.32323232e-01 -5.38626140e-02 -5.38625843e-02 2.96275736e-08
4.74747475e-01 2.32323232e-01 -3.85120819e-02 -3.85120607e-02 2.11837872e-08
4.84848485e-01 2.32323232e-01 -2.31227714e-02 -2.31227587e-02 1.27186703e-08
4.94949495e-01 2.32323232e-01 -7.71017831e-03 -7.71017407e-03 4.24074698e-09
5.05050505e-01 2.32323232e-01 7.71017832e-03 7.71017407e-03 4.24144648e-09
5.15151515e-01 2.32323232e-01 2.31227715e-02 2.31227587e-02 1.27193692e-08
5.25252525e-01 2.32323232e-01 3.85120819e-02 3.85120607e-02 2.11844846e-08
5.35353535e-01 2.32323232e-01 5.38626140e-02 5.38625843e-02 2.96282690e-08
5.45454545e-01 2.32323232e-01 6.91589110e-02 6.91588729e-02 3.80422202e-08
5.55555556e-01 2.32323232e-01 8.43855708e-02 8.43855243e-02 4.64178661e-08
5.65656566e-01 2.32323232e-01 9.95272615e-02 9.95272067e-02 5.47467731e-08
5.75757576e-01 2.32323232e-01 1.14568737e-01 1.14568674e-01 6.30205549e-08
5.85858586e-01 2.32323232e-01 1.29494851e-01 1.29494780e-01 7.12308803e-08
5.95959596e-01 2.32323232e-01 1.44290575e-01 1.44290495e-01 7.93694822e-08
6.06060606e-01 2.32323232e-01 1.58941010e-01 1.58940923e-01 8.74281658e-08
6.16161616e-01 2.32323232e-01 1.73431405e-01 1.73431310e-01 9.53988165e-08
6.26262626e-01 2.32323232e-01 1.87747170e-01 1.87747067e-01 1.03273409e-07
6.36363636e-01 2.32323232e-01 2.01873889e-01 2.01873778e-01 1.11044014e-07
6.46464646e-01 2.32323232e-01 2.15797338e-01 2.15797220e-01 1.18702806e-07
6.56565657e-01 2.32323232e-01 2.29503498e-01 2.29503372e-01 1.26242076e-07
6.66666667e-01 2.32323232e-01 2.42978567e-01 2.42978433e-01 1.33654229e-07
6.76767677e-01 2.32323232e-01 2.56208977e-01 2.56208836e-01 1.40931805e-07
6.86868687e-01 2.32323232e-01 2.69181407e-01 2.69181259e-01 1.48067474e-07
6.96969697e-01 2.32323232e-01 2.81882793e-01 2.81882638e-01 1.55054052e-07
7.07070707e-01 2.32323232e-01 2.94300348e-01 2.94300186e-01 1.61884504e-07
7.17171717e-01 2.32323232e-01 3.06421567e-01 3.06421398e-01 1.68551951e-07
7.27272727e-01 2.32323232e-01 3.18234246e-01 3.18234070e-01 1.75049681e-07
7.37373737e-01 2.32323232e-01 3.29726489e-01 3.29726308e-01 1.81371151e-07
7.47474747e-01 2.32323232e-01 3.40886726e-01 3.40886539e-01 1.87509996e-07
7.57575758e-01 2.32323232e-01 3.51703719e-01 3.51703526e-01 1.93460034e-07
7.67676768e-01 2.32323232e-01 3.62166576e-01 3.62166377e-01 1.99215273e-07
7.77777778e-01 2.32323232e-01 3.72264762e-01 3.72264557e-01 2.04769921e-07
7.87878788e-01 2.32323232e-01 3.81988109e-01 3.81987899e-01 2.10118382e-07
7.97979798e-01 2.32323232e-01 3.91326827e-01 3.91326611e-01 2.15255271e-07
8.08080808e-01 2.32323232e-01 4.00271511e-01 4.00271291e-01 2.20175417e-07
8.18181818e-01 2.32323232e-01 4.08813156e-01 4.08812931e-01 2.24873865e-07
8.28282828e-01 2.32323232e-01 4.16943161e-01 4.16942931e-01 2.29345884e-07
8.38383838e-01 2.32323232e-01 4.24653339e-01 4.24653105e-01 2.33586971e-07
8.48484848e-01 2.32323232e-01 4.31935927e-01 4.31935690e-01 2.37592856e-07
8.58585859e-01 2.32323232e-01 4.38783593e-01 4.38783352e-01 2.41359505e-07
8.68686869e-01 2.32323232e-01 4.45189441e-01 4.45189196e-01 2.44883126e-07
8.78787879e-01 2.32323232e-01 4.51147020e-01 4.51146772e-01 2.48160169e-07
8.88888889e-01 2.32323232e-01 4.56650333e-01 4.56650082e-01 2.51187337e-07
8.98989899e-01 2.32323232e-01 4.61693838e-01 4.61693584e-01 2.53961580e-07
9.09090909e-01 2.32323232e-01 4.66272456e-01 4.66272199e-01 2.56480106e-07
9.19191919e-01 2.32323232e-01 4.70381577e-01 4.70381318e-01 2.58740377e-07
9.29292929e-01 2.32323232e-01 4.74017064e-01 4.74016803e-01 2.60740106e-07
9.39393939e-01 2.32323232e-01 4.77175256e-01 4.77174993e-01 2.62477134e-07
9.49494949e-01 2.32323232e-01 4.79852972e-01 4.79852709e-01 2.63947963e-07
9.59595960e-01 2.32323232e-01 4.82047518e-01 4.82047253e-01 2.65142980e-07
9.69696970e-01 2.32323232e-01 4.83756682e-01 4.83756416e-01 2.65903841e-07
9.79797980e-01 2.32323232e-01 4.84978743e-01 4.84978478e-01 2.64138587e-07
9.89898990e-01 2.32323232e-01 4.85712445e-01 4.85712208e-01 2.37029772e-07
1.00000000e+00 2.32323232e-01 4.85956867e-01 4.85956867e-01 0.00000000e+00
0.00000000e+00 2.42424242e-01 -6.17854012e-01 -6.17854012e-01 0.00000000e+00
1.01010101e-02 2.42424242e-01 -6.17543250e-01 -6.17542949e-01 3.01366374e-07
2.02020202e-02 2.42424242e-01 -6.16610408e-01 -6.16610072e-01 3.35833280e-07
3.03030303e-02 2.42424242e-01 -6.15056660e-01 -6.15056321e-01 3.38077634e-07
4.04040404e-02 2.42424242e-01 -6.12883598e-01 -6.12883261e-01 3.37110057e-07
5.05050505e-02 2.42424242e-01 -6.10093415e-01 -6.10093079e-01 3.35589838e-07
6.06060606e-02 2.42424242e-01 -6.06688919e-01 -6.06688585e-01 3.33717970e-07
7.07070707e-02 2.42424242e-01 -6.02673539e-01 -6.02673207e-01 3.31509282e-07
8.08080808e-02 2.42424242e-01 -5.98051318e-01 -5.98050989e-01 3.28966751e-07
9.09090909e-02 2.42424242e-01 -5.92826910e-01 -5.92826583e-01 3.26092975e-07
1.01010101e-01 2.42424242e-01 -5.87005575e-01 -5.87005252e-01 3.22890852e-07
1.11111111e-01 2.42424242e-01 -5.80593175e-01 -5.80592856e-01 3.19363605e-07
1.21212121e-01 2.42424242e-01 -5.73596168e-01 -5.73595852e-01 3.15514786e-07
1.31313131e-01 2.42424242e-01 -5.66021597e-01 -5.66021286e-01 3.11348269e-07
1.41414141e-01 2.42424242e-01 -5.57877091e-01 -5.57876784e-01 3.06868252e-07
1.51515152e-01 2.42424242e-01 -5.49170850e-01 -5.49170548e-01 3.02079245e-07
1.61616162e-01 2.42424242e-01 -5.39911641e-01 -5.39911344e-01 2.96986069e-07
1.71717172e-01 2.42424242e-01 -5.30108786e-01 -5.30108494e-01 2.91593853e-07
1.81818182e-01 2.42424242e-01 -5.19772156e-01 -5.19771871e-01 2.85908028e-07
1.91919192e-01 2.42424242e-01 -5.08912161e-01 -5.08911881e-01 2.79934317e-07
2.02020202e-01 2.42424242e-01 -4.97539733e-01 -4.97539460e-01 2.73678736e-07
2.12121212e-01 2.42424242e-01 -4.85666326e-01 -4.85666058e-01 2.67147583e-07
2.22222222e-01 2.42424242e-01 -4.73303893e-01 -4.73303633e-01 2.60347436e-07
2.32323232e-01 2.42424242e-01 -4.60464884e-01 -4.60464630e-01 2.53285141e-07
2.42424242e-01 2.42424242e-01 -4.47162225e-01 -4.47161979e-01 2.45967809e-07
2.52525253e-01 2.42424242e-01 -4.33409312e-01 -4.33409074e-01 2.38402808e-07
2.62626263e-01 2.42424242e-01 -4.19219993e-01 -4.19219762e-01 2.30597756e-07
2.72727273e-01 2.42424242e-01 -4.04608554e-01 -4.04608332e-01 2.22560512e-07
2.82828283e-01 2.42424242e-01 -3.89589710e-01 -3.89589495e-01 2.14299168e-07
2.92929293e-01 2.42424242e-01 -3.74178581e-01 -3.74178375e-01 2.05822043e-07
3.03030303e-01 2.42424242e-01 -3.58390686e-01 -3.58390489e-01 1.97137673e-07
3.13131313e-01 2.42424242e-01 -3.42241922e-01 -3.42241734e-01 1.88254801e-07
3.23232323e-01 2.42424242e-01 -3.25748550e-01 -3.25748371e-01 1.79182373e-07
3.33333333e-01 2.42424242e-01 -3.08927176e-01 -3.08927006e-01 1.69929524e-07
3.43434343e-01 2.42424242e-01 -2.91794739e-01 -2.91794578e-01 1.60505570e-07
3.53535354e-01 2.42424242e-01 -2.74368489e-01 -2.74368338e-01 1.50920001e-07
3.63636364e-01 2.42424242e-01 -2.56665974e-01 -2.56665833e-01 1.41182467e-07
3.73737374e-01 2.42424242e-01 -2.38705017e-01 -2.38704886e-01 1.31302775e-07
3.83838384e-01 2.42424242e-01 -2.20503705e-01 -2.20503584e-01 1.21290873e-07
3.93939394e-01 2.42424242e-01 -2.02080365e-01 -2.02080253e-01 1.11156840e-07
4.04040404e-01 2.42424242e-01 -1.83453546e-01 -1.83453445e-01 1.00910883e-07
4.14141414e-01 2.42424242e-01 -1.64642006e-01 -1.64641915e-01 9.05633159e-08
4.24242424e-01 2.42424242e-01 -1.45664684e-01 -1.45664604e-01 8.01245597e-08
4.34343434e-01 2.42424242e-01 -1.26540691e-01 -1.26540622e-01 6.96051250e-08
4.44444444e-01 2.42424242e-01 -1.07289282e-01 -1.07289223e-01 5.90156038e-08
4.54545455e-01 2.42424242e-01 -8.79298422e-02 -8.79297938e-02 4.83666588e-08
4.64646465e-01 2.42424242e-01 -6.84818642e-02 -6.84818265e-02 3.76690127e-08
4.74747475e-01 2.42424242e-01 -4.89649307e-02 -4.89649038e-02 2.69334372e-08
4.84848485e-01 2.42424242e-01 -2.93986938e-02 -2.93986776e-02 1.61707418e-08
4.94949495e-01 2.42424242e-01 -9.80285481e-03 -9.80284941e-03 5.39176402e-09
5.05050505e-01 2.42424242e-01 9.80285481e-03 9.80284941e-03 5.39264286e-09
5.15151515e-01 2.42424242e-01 2.93986938e-02 2.93986776e-02 1.61716198e-08
5.25252525e-01 2.42424242e-01 4.89649307e-02 4.89649038e-02 2.69343133e-08
5.35353535e-01 2.42424242e-01 6.84818642e-02 6.84818265e-02 3.76698863e-08
5.45454545e-01 2.42424242e-01 8.79298422e-02 8.79297938e-02 4.83675288e-08
5.55555556e-01 2.42424242e-01 1.07289282e-01 1.07289223e-01 5.90164694e-08
5.65656566e-01 2.42424242e-01 1.26540691e-01 1.26540622e-01 6.96059853e-08
5.75757576e-01 2.42424242e-01 1.45664684e-01 1.45664604e-01 8.01254139e-08
5.85858586e-01 2.42424242e-01 1.64642006e-01 1.64641915e-01 9.05641632e-08
5.95959596e-01 2.42424242e-01 1.83453546e-01 1.83453445e-01 1.00911722e-07
6.06060606e-01 2.42424242e-01 2.02080365e-01 2.02080253e-01 1.11157671e-07
6.16161616e-01 2.42424242e-01 2.20503705e-01 2.20503584e-01 1.21291694e-07
6.26262626e-01 2.42424242e-01 2.38705017e-01 2.38704886e-01 1.31303586e-07
6.36363636e-01 2.42424242e-01 2.56665974e-01 2.56665833e-01 1.41183267e-07
6.46464646e-01 2.42424242e-01 2.74368489e-01 2.74368338e-01 1.50920788e-07
6.56565657e-01 2.42424242e-01 2.91794739e-01 2.91794578e-01 1.60506345e-07
6.66666667e-01 2.42424242e-01 3.08927176e-01 3.08927006e-01 1.69930285e-07
6.76767677e-01 2.42424242e-01 3.25748550e-01 3.25748371e-01 1.79183120e-07
6.86868687e-01 2.42424242e-01 3.42241922e-01 3.42241734e-01 1.88255533e-07
6.96969697e-01 2.42424242e-01 3.58390686e-01 3.58390489e-01 1.97138389e-07
7.07070707e-01 2.42424242e-01 3.74178581e-01 3.74178375e-01 2.05822742e-07
7.17171717e-01 2.42424242e-01 3.89589710e-01 3.89589495e-01 2.14299850e-07
7.27272727e-01 2.42424242e-01 4.04608554e-01 4.04608332e-01 2.22561176e-07
7.37373737e-01 2.42424242e-01 4.19219993e-01 4.19219762e-01 2.30598402e-07
7.47474747e-01 2.42424242e-01 4.33409312e-01 4.33409074e-01 2.38403435e-07
7.57575758e-01 2.42424242e-01 4.47162225e-01 4.47161979e-01 2.45968415e-07
7.67676768e-01 2.42424242e-01 4.60464884e-01 4.60464630e-01 2.53285727e-07
7.77777778e-01 2.42424242e-01 4.73303893e-01 4.73303633e-01 2.60348001e-07
7.87878788e-01 2.42424242e-01 4.85666326e-01 4.85666058e-01 2.67148127e-07
7.97979798e-01 2.42424242e-01 4.97539733e-01 4.97539460e-01 2.73679257e-07
8.08080808e-01 2.42424242e-01 5.08912161e-01 5.08911881e-01 2.79934815e-07
8.18181818e-01 2.42424242e-01 5.19772156e-01 5.19771871e-01 2.85908503e-07
8.28282828e-01 2.42424242e-01 5.30108786e-01 5.30108494e-01 2.91594305e-07
8.38383838e-01 2.42424242e-01 5.39911641e-01 5.39911344e-01 2.96986496e-07
8.48484848e-01 2.42424242e-01 5.49170850e-01 5.49170548e-01 3.02079648e-07
8.58585859e-01 2.42424242e-01 5.57877091e-01 5.57876784e-01 3.06868630e-07
8.68686869e-01 2.42424242e-01 5.66021597e-01 5.66021286e-01 3.11348622e-07
8.78787879e-01 2.42424242e-01 5.73596168e-01 5.73595852e-01 3.15515112e-07
8.88888889e-01 2.42424242e-01 5.80593175e-01 5.80592856e-01 3.19363905e-07
8.98989899e-01 2.42424242e-01 5.87005575e-01 5.87005252e-01 3.22891126e-07
9.09090909e-01 2.42424242e-01 5.92826910e-01 5.92826583e-01 3.26093223e-07
9.19191919e-01 2.42424242e-01 5.98051318e-01 5.98050989e-01 3.28966970e-07
9.29292929e-01 2.42424242e-01 6.02673539e-01 6.02673207e-01 3.31509460e-07
9.39393939e-01 2.42424242e-01 6.06688919e-01 6.06688585e-01 3.33717949e-07
9.49494949e-01 2.42424242e-01 6.10093415e-01 6.10093079e-01 3.35587988e-07
9.59595960e-01 2.42424242e-01 6.12883598e-01 6.12883261e-01 3.37107383e-07
9.69696970e-01 2.42424242e-01 6.15056660e-01 6.15056321e-01 3.38074766e-07
9.79797980e-01 2.42424242e-01 6.16610408e-01 6.16610072e-01 3.35830393e-07
9.89898990e-01 2.42424242e-01 6.17543250e-01 6.17542949e-01 3.01363774e-07
1.00000000e+00 2.42424242e-01 6.17854012e-01 6.17854012e-01 0.00000000e+00
0.00000000e+00 2.52525253e-01 -7.34229292e-01 -7.34229292e-01 0.00000000e+00
1.01010101e-02 2.52525253e-01 -7.33859996e-01 -7.33859638e-01 3.58129908e-07
2.02020202e-02 2.52525253e-01 -7.32751450e-01 -7.32751051e-01 3.99088790e-07
3.03030303e-02 2.52525253e-01 -7.30905046e-01 -7.30904645e-01 4.01755877e-07
4.04040404e-02 2.52525253e-01 -7.28322680e-01 -7.28322280e-01 4.00606052e-07
5.05050505e-02 2.52525253e-01 -7.25006955e-01 -7.25006556e-01 3.98799495e-07
6.06060606e-02 2.52525253e-01 -7.20961208e-01 -7.20960812e-01 3.96575053e-07
7.07070707e-02 2.52525253e-01 -7.16189515e-01 -7.16189121e-01 3.93950351e-07
8.08080808e-02 2.52525253e-01 -7.10696680e-01 -7.10696289e-01 3.90928924e-07
9.09090909e-02 2.52525253e-01 -7.04488234e-01 -7.04487846e-01 3.87513861e-07
1.01010101e-01 2.52525253e-01 -6.97570427e-01 -6.97570044e-01 3.83708605e-07
1.11111111e-01 2.52525253e-01 -6.89950227e-01 -6.89949847e-01 3.79516988e-07
1.21212121e-01 2.52525253e-01 -6.81635305e-01 -6.81634930e-01 3.74943229e-07
1.31313131e-01 2.52525253e-01 -6.72634034e-01 -6.72633664e-01 3.69991933e-07
1.41414141e-01 2.52525253e-01 -6.62955477e-01 -6.62955113e-01 3.64668087e-07
1.51515152e-01 2.52525253e-01 -6.52609381e-01 -6.52609022e-01 3.58977052e-07
1.61616162e-01 2.52525253e-01 -6.41606162e-01 -6.41605809e-01 3.52924557e-07
1.71717172e-01 2.52525253e-01 -6.29956900e-01 -6.29956554e-01 3.46516696e-07
1.81818182e-01 2.52525253e-01 -6.17673325e-01 -6.17672985e-01 3.39759923e-07
1.91919192e-01 2.52525253e-01 -6.04767806e-01 -6.04767473e-01 3.32661040e-07
2.02020202e-01 2.52525253e-01 -5.91253336e-01 -5.91253011e-01 3.25227196e-07
2.12121212e-01 2.52525253e-01 -5.77143524e-01 -5.77143207e-01 3.17465876e-07
2.22222222e-01 2.52525253e-01 -5.62452578e-01 -5.62452269e-01 3.09384895e-07
2.32323232e-01 2.52525253e-01 -5.47195290e-01 -5.47194989e-01 3.00992389e-07
2.42424242e-01 2.52525253e-01 -5.31387022e-01 -5.31386730e-01 2.92296809e-07
2.52525253e-01 2.52525253e-01 -5.15043693e-01 -5.15043410e-01 2.83306911e-07
2.62626263e-01 2.52525253e-01 -4.98181759e-01 -4.98181485e-01 2.74031747e-07
2.72727273e-01 2.52525253e-01 -4.80818197e-01 -4.80817933e-01 2.64480657e-07
2.82828283e-01 2.52525253e-01 -4.62970493e-01 -4.62970238e-01 2.54663256e-07
2.92929293e-01 2.52525253e-01 -4.44656616e-01 -4.44656372e-01 2.44589432e-07
3.03030303e-01 2.52525253e-01 -4.25895008e-01 -4.25894774e-01 2.34269327e-07
3.13131313e-01 2.52525253e-01 -4.06704560e-01 -4.06704336e-01 2.23713332e-07
3.23232323e-01 2.52525253e-01 -3.87104595e-01 -3.87104382e-01 2.12932077e-07
3.33333333e-01 2.52525253e-01 -3.67114848e-01 -3.67114646e-01 2.01936417e-07
3.43434343e-01 2.52525253e-01 -3.46755447e-01 -3.46755257e-01 1.90737425e-07
3.53535354e-01 2.52525253e-01 -3.26046894e-01 -3.26046714e-01 1.79346375e-07
3.63636364e-01 2.52525253e-01 -3.05010038e-01 -3.05009871e-01 1.67774740e-07
3.73737374e-01 2.52525253e-01 -2.83666064e-01 -2.83665908e-01 1.56034170e-07
3.83838384e-01 2.52525253e-01 -2.62036462e-01 -2.62036318e-01 1.44136486e-07
3.93939394e-01 2.52525253e-01 -2.40143011e-01 -2.40142879e-01 1.32093669e-07
4.04040404e-01 2.52525253e-01 -2.18007757e-01 -2.18007637e-01 1.19917845e-07
4.14141414e-01 2.52525253e-01 -1.95652987e-01 -1.95652879e-01 1.07621274e-07
4.24242424e-01 2.52525253e-01 -1.73101211e-01 -1.73101116e-01 9.52163375e-08
4.34343434e-01 2.52525253e-01 -1.50375138e-01 -1.50375055e-01 8.27155262e-08
4.44444444e-01 2.52525253e-01 -1.27497649e-01 -1.27497578e-01 7.01314273e-08
4.54545455e-01 2.52525253e-01 -1.04491780e-01 -1.04491723e-01 5.74767119e-08
4.64646465e-01 2.52525253e-01 -8.13806978e-02 -8.13806530e-02 4.47641225e-08
4.74747475e-01 2.52525253e-01 -5.81876717e-02 -5.81876397e-02 3.20064594e-08
4.84848485e-01 2.52525253e-01 -3.49360556e-02 -3.49360363e-02 1.92165683e-08
4.94949495e-01 2.52525253e-01 -1.16492618e-02 -1.16492554e-02 6.40732797e-09
5.05050505e-01 2.52525253e-01 1.16492618e-02 1.16492554e-02 6.40836405e-09
5.15151515e-01 2.52525253e-01 3.49360556e-02 3.49360363e-02 1.92176034e-08
5.25252525e-01 2.52525253e-01 5.81876717e-02 5.81876397e-02 3.20074923e-08
5.35353535e-01 2.52525253e-01 8.13806978e-02 8.13806530e-02 4.47651523e-08
5.45454545e-01 2.52525253e-01 1.04491780e-01 1.04491723e-01 5.74777376e-08
5.55555556e-01 2.52525253e-01 1.27497649e-01 1.27497578e-01 7.01324478e-08
5.65656566e-01 2.52525253e-01 1.50375138e-01 1.50375055e-01 8.27165404e-08
5.75757576e-01 2.52525253e-01 1.73101211e-01 1.73101116e-01 9.52173445e-08
5.85858586e-01 2.52525253e-01 1.95652987e-01 1.95652879e-01 1.07622273e-07
5.95959596e-01 2.52525253e-01 2.18007757e-01 2.18007637e-01 1.19918835e-07
6.06060606e-01 2.52525253e-01 2.40143011e-01 2.40142879e-01 1.32094648e-07
6.16161616e-01 2.52525253e-01 2.62036462e-01 2.62036318e-01 1.44137454e-07
6.26262626e-01 2.52525253e-01 2.83666064e-01 2.83665908e-01 1.56035125e-07
6.36363636e-01 2.52525253e-01 3.05010038e-01 3.05009871e-01 1.67775683e-07
6.46464646e-01 2.52525253e-01 3.26046894e-01 3.26046714e-01 1.79347304e-07
6.56565657e-01 2.52525253e-01 3.46755447e-01 3.46755257e-01 1.90738338e-07
6.66666667e-01 2.52525253e-01 3.67114848e-01 3.67114646e-01 2.01937314e-07
6.76767677e-01 2.52525253e-01 3.87104595e-01 3.87104382e-01 2.12932957e-07
6.86868687e-01 2.52525253e-01 4.06704560e-01 4.06704336e-01 2.23714194e-07
6.96969697e-01 2.52525253e-01 4.25895008e-01 4.25894774e-01 2.34270171e-07
7.07070707e-01 2.52525253e-01 4.44656616e-01 4.44656372e-01 2.44590256e-07
7.17171717e-01 2.52525253e-01 4.62970493e-01 4.62970238e-01 2.54664061e-07
7.27272727e-01 2.52525253e-01 4.80818197e-01 4.80817933e-01 2.64481440e-07
7.37373737e-01 2.52525253e-01 4.98181759e-01 4.98181485e-01 2.74032508e-07
7.47474747e-01 2.52525253e-01 5.15043693e-01 5.15043410e-01 2.83307649e-07
7.57575758e-01 2.52525253e-01 5.31387022e-01 5.31386730e-01 2.92297524e-07
7.67676768e-01 2.52525253e-01 5.47195290e-01 5.47194989e-01 3.00993080e-07
7.77777778e-01 2.52525253e-01 5.62452578e-01 5.62452269e-01 3.09385561e-07
7.87878788e-01 2.52525253e-01 5.77143524e-01 5.77143207e-01 3.17466517e-07
7.97979798e-01 2.52525253e-01 5.91253336e-01 5.91253011e-01 3.25227811e-07
8.08080808e-01 2.52525253e-01 6.04767806e-01 6.04767473e-01 3.32661628e-07
8.18181818e-01 2.52525253e-01 6.17673325e-01 6.17672985e-01 3.39760483e-07
8.28282828e-01 2.52525253e-01 6.29956900e-01 6.29956554e-01 3.46517229e-07
8.38383838e-01 2.52525253e-01 6.41606162e-01 6.41605809e-01 3.52925061e-07
8.48484848e-01 2.52525253e-01 6.52609381e-01 6.52609022e-01 3.58977527e-07
8.58585859e-01 2.52525253e-01 6.62955477e-01 6.62955113e-01 3.64668533e-07
8.68686869e-01 2.52525253e-01 6.72634034e-01 6.72633664e-01 3.69992349e-07
8.78787879e-01 2.52525253e-01 6.81635305e-01 6.81634930e-01 3.74943614e-07
8.88888889e-01 2.52525253e-01 6.89950227e-01 6.89949847e-01 3.79517342e-07
8.98989899e-01 2.52525253e-01 6.97570427e-01 6.97570044e-01 3.83708929e-07
9.09090909e-01 2.52525253e-01 7.04488234e-01 7.04487846e-01 3.87514153e-07
9.19191919e-01 2.52525253e-01 7.10696680e-01 7.10696289e-01 3.90929182e-07
9.29292929e-01 2.52525253e-01 7.16189515e-01 7.16189121e-01 3.93950561e-07
9.39393939e-01 2.52525253e-01 7.20961208e-01 7.20960812e-01 3.96575027e-07
9.49494949e-01 2.52525253e-01 7.25006955e-01 7.25006556e-01 3.98797297e-07
9.59595960e-01 2.52525253e-01 7.28322680e-01 7.28322280e-01 4.00602899e-07
9.69696970e-01 2.52525253e-01 7.30905046e-01 7.30904645e-01 4.01752501e-07
9.79797980e-01 2.52525253e-01 7.32751450e-01 7.32751051e-01 3.99085393e-07
9.89898990e-01 2.52525253e-01 7.33859996e-01 7.33859638e-01 3.58126849e-07
1.00000000e+00 2.52525253e-01 7.34229292e-01 7.34229292e-01 0.00000000e+00
0.00000000e+00 2.62626263e-01 -8.32159099e-01 -8.32159099e-01 0.00000000e+00
1.01010101e-02 2.62626263e-01 -8.31740548e-01 -8.31740142e-01 4.05896422e-07
2.02020202e-02 2.62626263e-01 -8.30484146e-01 -8.30483694e-01 4.52318302e-07
3.03030303e-02 2.62626263e-01 -8.28391474e-01 -8.28391018e-01 4.55341119e-07
4.04040404e-02 2.62626263e-01 -8.25464678e-01 -8.25464224e-01 4.54037934e-07
5.05050505e-02 2.62626263e-01 -8.21706708e-01 -8.21706256e-01 4.51990423e-07
6.06060606e-02 2.62626263e-01 -8.17121350e-01 -8.17120900e-01 4.49469290e-07
7.07070707e-02 2.62626263e-01 -8.11713219e-01 -8.11712773e-01 4.46494511e-07
8.08080808e-02 2.62626263e-01 -8.05487763e-01 -8.05487319e-01 4.43070093e-07
9.09090909e-02 2.62626263e-01 -7.98451248e-01 -7.98450809e-01 4.39199539e-07
1.01010101e-01 2.62626263e-01 -7.90610760e-01 -7.90610326e-01 4.34886747e-07
1.11111111e-01 2.62626263e-01 -7.81974195e-01 -7.81973765e-01 4.30136061e-07
1.21212121e-01 2.62626263e-01 -7.72550248e-01 -7.72549823e-01 4.24952265e-07
1.31313131e-01 2.62626263e-01 -7.62348408e-01 -7.62347989e-01 4.19340578e-07
1.41414141e-01 2.62626263e-01 -7.51378948e-01 -7.51378535e-01 4.13306650e-07
1.51515152e-01 2.62626263e-01 -7.39652913e-01 -7.39652506e-01 4.06856557e-07
1.61616162e-01 2.62626263e-01 -7.27182110e-01 -7.27181710e-01 3.99996795e-07
1.71717172e-01 2.62626263e-01 -7.13979097e-01 -7.13978704e-01 3.92734270e-07
1.81818182e-01 2.62626263e-01 -7.00057167e-01 -7.00056782e-01 3.85076294e-07
1.91919192e-01 2.62626263e-01 -6.85430339e-01 -6.85429962e-01 3.77030580e-07
2.02020202e-01 2.62626263e-01 -6.70113341e-01 -6.70112972e-01 3.68605227e-07
2.12121212e-01 2.62626263e-01 -6.54121595e-01 -6.54121235e-01 3.59808720e-07
2.22222222e-01 2.62626263e-01 -6.37471204e-01 -6.37470854e-01 3.50649917e-07
2.32323232e-01 2.62626263e-01 -6.20178934e-01 -6.20178593e-01 3.41138039e-07
2.42424242e-01 2.62626263e-01 -6.02262197e-01 -6.02261865e-01 3.31282664e-07
2.52525253e-01 2.62626263e-01 -5.83739032e-01 -5.83738711e-01 3.21093715e-07
2.62626263e-01 2.62626263e-01 -5.64628091e-01 -5.64627781e-01 3.10581451e-07
2.72727273e-01 2.62626263e-01 -5.44948618e-01 -5.44948318e-01 2.99756459e-07
2.82828283e-01 2.62626263e-01 -5.24720428e-01 -5.24720139e-01 2.88629637e-07
2.92929293e-01 2.62626263e-01 -5.03963889e-01 -5.03963612e-01 2.77212190e-07
3.03030303e-01 2.62626263e-01 -4.82699901e-01 -4.82699635e-01 2.65515614e-07
3.13131313e-01 2.62626263e-01 -4.60949875e-01 -4.60949621e-01 2.53551686e-07
3.23232323e-01 2.62626263e-01 -4.38735712e-01 -4.38735470e-01 2.41332453e-07
3.33333333e-01 2.62626263e-01 -4.16079778e-01 -4.16079550e-01 2.28870218e-07
3.43434343e-01 2.62626263e-01 -3.93004888e-01 -3.93004672e-01 2.16177531e-07
3.53535354e-01 2.62626263e-01 -3.69534276e-01 -3.69534072e-01 2.03267171e-07
3.63636364e-01 2.62626263e-01 -3.45691573e-01 -3.45691383e-01 1.90152139e-07
3.73737374e-01 2.62626263e-01 -3.21500789e-01 -3.21500612e-01 1.76845639e-07
3.83838384e-01 2.62626263e-01 -2.96986280e-01 -2.96986117e-01 1.63361070e-07
3.93939394e-01 2.62626263e-01 -2.72172731e-01 -2.72172582e-01 1.49712011e-07
4.04040404e-01 2.62626263e-01 -2.47085128e-01 -2.47084992e-01 1.35912205e-07
4.14141414e-01 2.62626263e-01 -2.21748731e-01 -2.21748609e-01 1.21975547e-07
4.24242424e-01 2.62626263e-01 -1.96189051e-01 -1.96188943e-01 1.07916069e-07
4.34343434e-01 2.62626263e-01 -1.70431826e-01 -1.70431732e-01 9.37479293e-08
4.44444444e-01 2.62626263e-01 -1.44502991e-01 -1.44502911e-01 7.94853933e-08
4.54545455e-01 2.62626263e-01 -1.18428653e-01 -1.18428588e-01 6.51428223e-08
4.64646465e-01 2.62626263e-01 -9.22350673e-02 -9.22350166e-02 5.07346580e-08
4.74747475e-01 2.62626263e-01 -6.59486090e-02 -6.59485727e-02 3.62754082e-08
4.84848485e-01 2.62626263e-01 -3.95957460e-02 -3.95957242e-02 2.17796319e-08
4.94949495e-01 2.62626263e-01 -1.32030134e-02 -1.32030062e-02 7.26192559e-09
5.05050505e-01 2.62626263e-01 1.32030134e-02 1.32030062e-02 7.26309291e-09
5.15151515e-01 2.62626263e-01 3.95957460e-02 3.95957242e-02 2.17807981e-08
5.25252525e-01 2.62626263e-01 6.59486090e-02 6.59485727e-02 3.62765719e-08
5.35353535e-01 2.62626263e-01 9.22350673e-02 9.22350166e-02 5.07358182e-08
5.45454545e-01 2.62626263e-01 1.18428653e-01 1.18428588e-01 6.51439779e-08
5.55555556e-01 2.62626263e-01 1.44502991e-01 1.44502911e-01 7.94865431e-08
5.65656566e-01 2.62626263e-01 1.70431826e-01 1.70431732e-01 9.37490720e-08
5.75757576e-01 2.62626263e-01 1.96189051e-01 1.96188943e-01 1.07917204e-07
5.85858586e-01 2.62626263e-01 2.21748731e-01 2.21748609e-01 1.21976672e-07
5.95959596e-01 2.62626263e-01 2.47085128e-01 2.47084992e-01 1.35913320e-07
6.06060606e-01 2.62626263e-01 2.72172731e-01 2.72172582e-01 1.49713115e-07
6.16161616e-01 2.62626263e-01 2.96986280e-01 2.96986117e-01 1.63362161e-07
6.26262626e-01 2.62626263e-01 3.21500789e-01 3.21500612e-01 1.76846716e-07
6.36363636e-01 2.62626263e-01 3.45691573e-01 3.45691383e-01 1.90153200e-07
6.46464646e-01 2.62626263e-01 3.69534276e-01 3.69534072e-01 2.03268217e-07
6.56565657e-01 2.62626263e-01 3.93004888e-01 3.93004672e-01 2.16178560e-07
6.66666667e-01 2.62626263e-01 4.16079778e-01 4.16079550e-01 2.28871229e-07
6.76767677e-01 2.62626263e-01 4.38735712e-01 4.38735470e-01 2.41333445e-07
6.86868687e-01 2.62626263e-01 4.60949875e-01 4.60949621e-01 2.53552658e-07
6.96969697e-01 2.62626263e-01 4.82699901e-01 4.82699635e-01 2.65516565e-07
7.07070707e-01 2.62626263e-01 5.03963889e-01 5.03963612e-01 2.77213119e-07
7.17171717e-01 2.62626263e-01 5.24720428e-01 5.24720139e-01 2.88630544e-07
7.27272727e-01 2.62626263e-01 5.44948618e-01 5.44948318e-01 2.99757341e-07
7.37373737e-01 2.62626263e-01 5.64628091e-01 5.64627781e-01 3.10582309e-07
7.47474747e-01 2.62626263e-01 5.83739032e-01 5.83738711e-01 3.21094547e-07
7.57575758e-01 2.62626263e-01 6.02262197e-01 6.02261865e-01 3.31283469e-07
7.67676768e-01 2.62626263e-01 6.20178934e-01 6.20178593e-01 3.41138817e-07
7.77777778e-01 2.62626263e-01 6.37471204e-01 6.37470854e-01 3.50650668e-07
7.87878788e-01 2.62626263e-01 6.54121595e-01 6.54121235e-01 3.59809442e-07
7.97979798e-01 2.62626263e-01 6.70113341e-01 6.70112972e-01 3.68605919e-07
8.08080808e-01 2.62626263e-01 6.85430339e-01 6.85429962e-01 3.77031242e-07
8.18181818e-01 2.62626263e-01 7.00057167e-01 7.00056782e-01 3.85076925e-07
8.28282828e-01 2.62626263e-01 7.13979097e-01 7.13978704e-01 3.92734870e-07
8.38383838e-01 2.62626263e-01 7.27182110e-01 7.27181710e-01 3.99997363e-07
8.48484848e-01 2.62626263e-01 7.39652913e-01 7.39652506e-01 4.06857093e-07
8.58585859e-01 2.62626263e-01 7.51378948e-01 7.51378535e-01 4.13307152e-07
8.68686869e-01 2.62626263e-01 7.62348408e-01 7.62347989e-01 4.19341046e-07
8.78787879e-01 2.62626263e-01 7.72550248e-01 7.72549823e-01 4.24952698e-07
8.88888889e-01 2.62626263e-01 7.81974195e-01 7.81973765e-01 4.30136460e-07
8.98989899e-01 2.62626263e-01 7.90610760e-01 7.90610326e-01 4.34887111e-07
9.09090909e-01 2.62626263e-01 7.98451248e-01 7.98450809e-01 4.39199867e-07
9.19191919e-01 2.62626263e-01 8.05487763e-01 8.05487319e-01 4.43070385e-07
9.29292929e-01 2.62626263e-01 8.11713219e-01 8.11712773e-01 4.46494748e-07
9.39393939e-01 2.62626263e-01 8.17121350e-01 8.17120900e-01 4.49469259e-07
9.49494949e-01 2.62626263e-01 8.21706708e-01 8.21706256e-01 4.51987932e-07
9.59595960e-01 2.62626263e-01 8.25464678e-01 8.25464224e-01 4.54034381e-07
9.69696970e-01 2.62626263e-01 8.28391474e-01 8.28391018e-01 4.55337320e-07
9.79797980e-01 2.62626263e-01 8.30484146e-01 8.30483694e-01 4.52314481e-07
9.89898990e-01 2.62626263e-01 8.31740548e-01 8.31740142e-01 4.05892981e-07
1.00000000e+00 2.62626263e-01 8.32159099e-01 8.32159099e-01 0.00000000e+00
0.00000000e+00 2.72727273e-01 -9.09183221e-01 -9.09183221e-01 0.00000000e+00
1.01010101e-02 2.72727273e-01 -9.08725929e-01 -9.08725485e-01 4.43465917e-07
2.02020202e-02 2.72727273e-01 -9.07353235e-01 -9.07352741e-01 4.94184574e-07
3.03030303e-02 2.72727273e-01 -9.05066866e-01 -9.05066369e-01 4.97487181e-07
4.04040404e-02 2.72727273e-01 -9.01869168e-01 -9.01868672e-01 4.96063373e-07
5.05050505e-02 2.72727273e-01 -8.97763363e-01 -8.97762869e-01 4.93826346e-07
6.06060606e-02 2.72727273e-01 -8.92753587e-01 -8.92753095e-01 4.91071859e-07
7.07070707e-02 2.72727273e-01 -8.86844883e-01 -8.86844395e-01 4.87821737e-07
8.08080808e-02 2.72727273e-01 -8.80043202e-01 -8.80042718e-01 4.84080357e-07
9.09090909e-02 2.72727273e-01 -8.72355392e-01 -8.72354912e-01 4.79851546e-07
1.01010101e-01 2.72727273e-01 -8.63789194e-01 -8.63788719e-01 4.75139566e-07
1.11111111e-01 2.72727273e-01 -8.54353233e-01 -8.54352763e-01 4.69949160e-07
1.21212121e-01 2.72727273e-01 -8.44057012e-01 -8.44056547e-01 4.64285555e-07
1.31313131e-01 2.72727273e-01 -8.32910896e-01 -8.32910438e-01 4.58154454e-07
1.41414141e-01 2.72727273e-01 -8.20926110e-01 -8.20925658e-01 4.51562031e-07
1.51515152e-01 2.72727273e-01 -8.08114720e-01 -8.08114276e-01 4.44514922e-07
1.61616162e-01 2.72727273e-01 -7.94489628e-01 -7.94489191e-01 4.37020225e-07
1.71717172e-01 2.72727273e-01 -7.80064552e-01 -7.80064123e-01 4.29085485e-07
1.81818182e-01 2.72727273e-01 -7.64854017e-01 -7.64853596e-01 4.20718693e-07
1.91919192e-01 2.72727273e-01 -7.48873339e-01 -7.48872927e-01 4.11928273e-07
2.02020202e-01 2.72727273e-01 -7.32138609e-01 -7.32138206e-01 4.02723076e-07
2.12121212e-01 2.72727273e-01 -7.14666677e-01 -7.14666284e-01 3.93112371e-07
2.22222222e-01 2.72727273e-01 -6.96475137e-01 -6.96474754e-01 3.83105834e-07
2.32323232e-01 2.72727273e-01 -6.77582305e-01 -6.77581933e-01 3.72713543e-07
2.42424242e-01 2.72727273e-01 -6.58007206e-01 -6.58006844e-01 3.61945961e-07
2.52525253e-01 2.72727273e-01 -6.37769548e-01 -6.37769198e-01 3.50813930e-07
2.62626263e-01 2.72727273e-01 -6.16889711e-01 -6.16889372e-01 3.39328659e-07
2.72727273e-01 2.72727273e-01 -5.95388719e-01 -5.95388391e-01 3.27501714e-07
2.82828283e-01 2.72727273e-01 -5.73288220e-01 -5.73287905e-01 3.15345001e-07
2.92929293e-01 2.72727273e-01 -5.50610469e-01 -5.50610166e-01 3.02870763e-07
3.03030303e-01 2.72727273e-01 -5.27378299e-01 -5.27378009e-01 2.90091559e-07
3.13131313e-01 2.72727273e-01 -5.03615105e-01 -5.03614828e-01 2.77020258e-07
3.23232323e-01 2.72727273e-01 -4.79344812e-01 -4.79344549e-01 2.63670021e-07
3.33333333e-01 2.72727273e-01 -4.54591860e-01 -4.54591610e-01 2.50054291e-07
3.43434343e-01 2.72727273e-01 -4.29381173e-01 -4.29380937e-01 2.36186777e-07
3.53535354e-01 2.72727273e-01 -4.03738135e-01 -4.03737913e-01 2.22081444e-07
3.63636364e-01 2.72727273e-01 -3.77688567e-01 -3.77688359e-01 2.07752492e-07
3.73737374e-01 2.72727273e-01 -3.51258699e-01 -3.51258506e-01 1.93214352e-07
3.83838384e-01 2.72727273e-01 -3.24475143e-01 -3.24474964e-01 1.78481662e-07
3.93939394e-01 2.72727273e-01 -2.97364868e-01 -2.97364704e-01 1.63569255e-07
4.04040404e-01 2.72727273e-01 -2.69955172e-01 -2.69955023e-01 1.48492148e-07
4.14141414e-01 2.72727273e-01 -2.42273653e-01 -2.42273520e-01 1.33265522e-07
4.24242424e-01 2.72727273e-01 -2.14348186e-01 -2.14348068e-01 1.17904709e-07
4.34343434e-01 2.72727273e-01 -1.86206889e-01 -1.86206786e-01 1.02425176e-07
4.44444444e-01 2.72727273e-01 -1.57878096e-01 -1.57878009e-01 8.68425098e-08
4.54545455e-01 2.72727273e-01 -1.29390334e-01 -1.29390263e-01 7.11724002e-08
4.64646465e-01 2.72727273e-01 -1.00772287e-01 -1.00772232e-01 5.54306261e-08
4.74747475e-01 2.72727273e-01 -7.20527706e-02 -7.20527310e-02 3.96330381e-08
4.84848485e-01 2.72727273e-01 -4.32607033e-02 -4.32606795e-02 2.37955427e-08
4.94949495e-01 2.72727273e-01 -1.44250760e-02 -1.44250681e-02 7.93408750e-09
5.05050505e-01 2.72727273e-01 1.44250760e-02 1.44250681e-02 7.93535672e-09
5.15151515e-01 2.72727273e-01 4.32607033e-02 4.32606795e-02 2.37968107e-08
5.25252525e-01 2.72727273e-01 7.20527706e-02 7.20527310e-02 3.96343034e-08
5.35353535e-01 2.72727273e-01 1.00772287e-01 1.00772232e-01 5.54318877e-08
5.45454545e-01 2.72727273e-01 1.29390334e-01 1.29390263e-01 7.11736566e-08
5.55555556e-01 2.72727273e-01 1.57878096e-01 1.57878009e-01 8.68437600e-08
5.65656566e-01 2.72727273e-01 1.86206889e-01 1.86206786e-01 1.02426419e-07
5.75757576e-01 2.72727273e-01 2.14348186e-01 2.14348068e-01 1.17905943e-07
5.85858586e-01 2.72727273e-01 2.42273653e-01 2.42273520e-01 1.33266746e-07
5.95959596e-01 2.72727273e-01 2.69955172e-01 2.69955023e-01 1.48493360e-07
6.06060606e-01 2.72727273e-01 2.97364868e-01 2.97364704e-01 1.63570455e-07
6.16161616e-01 2.72727273e-01 3.24475143e-01 3.24474964e-01 1.78482847e-07
6.26262626e-01 2.72727273e-01 3.51258699e-01 3.51258506e-01 1.93215523e-07
6.36363636e-01 2.72727273e-01 3.77688567e-01 3.77688359e-01 2.07753647e-07
6.46464646e-01 2.72727273e-01 4.03738135e-01 4.03737913e-01 2.22082581e-07
6.56565657e-01 2.72727273e-01 4.29381173e-01 4.29380937e-01 2.36187896e-07
6.66666667e-01 2.72727273e-01 4.54591860e-01 4.54591610e-01 2.50055390e-07
6.76767677e-01 2.72727273e-01 4.79344812e-01 4.79344549e-01 2.63671100e-07
6.86868687e-01 2.72727273e-01 5.03615105e-01 5.03614828e-01 2.77021315e-07
6.96969697e-01 2.72727273e-01 5.27378299e-01 5.27378009e-01 2.90092593e-07
7.07070707e-01 2.72727273e-01 5.50610469e-01 5.50610166e-01 3.02871773e-07
7.17171717e-01 2.72727273e-01 5.73288220e-01 5.73287905e-01 3.15345986e-07
7.27272727e-01 2.72727273e-01 5.95388719e-01 5.95388391e-01 3.27502673e-07
7.37373737e-01 2.72727273e-01 6.16889711e-01 6.16889372e-01 3.39329592e-07
7.47474747e-01 2.72727273e-01 6.37769548e-01 6.37769198e-01 3.50814835e-07
7.57575758e-01 2.72727273e-01 6.58007206e-01 6.58006844e-01 3.61946837e-07
7.67676768e-01 2.72727273e-01 6.77582305e-01 6.77581933e-01 3.72714390e-07
7.77777778e-01 2.72727273e-01 6.96475137e-01 6.96474754e-01 3.83106650e-07
7.87878788e-01 2.72727273e-01 7.14666677e-01 7.14666284e-01 3.93113155e-07
7.97979798e-01 2.72727273e-01 7.32138609e-01 7.32138206e-01 4.02723828e-07
8.08080808e-01 2.72727273e-01 7.48873339e-01 7.48872927e-01 4.11928992e-07
8.18181818e-01 2.72727273e-01 7.64854017e-01 7.64853596e-01 4.20719379e-07
8.28282828e-01 2.72727273e-01 7.80064552e-01 7.80064123e-01 4.29086137e-07
8.38383838e-01 2.72727273e-01 7.94489628e-01 7.94489191e-01 4.37020842e-07
8.48484848e-01 2.72727273e-01 8.08114720e-01 8.08114276e-01 4.44515504e-07
8.58585859e-01 2.72727273e-01 8.20926110e-01 8.20925658e-01 4.51562576e-07
8.68686869e-01 2.72727273e-01 8.32910896e-01 8.32910438e-01 4.58154963e-07
8.78787879e-01 2.72727273e-01 8.44057012e-01 8.44056547e-01 4.64286027e-07
8.88888889e-01 2.72727273e-01 8.54353233e-01 8.54352763e-01 4.69949594e-07
8.98989899e-01 2.72727273e-01 8.63789194e-01 8.63788719e-01 4.75139962e-07
9.09090909e-01 2.72727273e-01 8.72355392e-01 8.72354912e-01 4.79851904e-07
9.19191919e-01 2.72727273e-01 8.80043202e-01 8.80042718e-01 4.84080675e-07
9.29292929e-01 2.72727273e-01 8.86844883e-01 8.86844395e-01 4.87821994e-07
9.39393939e-01 2.72727273e-01 8.92753587e-01 8.92753095e-01 4.91071825e-07
9.49494949e-01 2.72727273e-01 8.97763363e-01 8.97762869e-01 4.93823625e-07
9.59595960e-01 2.72727273e-01 9.01869168e-01 9.01868672e-01 4.96059509e-07
9.69696970e-01 2.72727273e-01 9.05066866e-01 9.05066369e-01 4.97483054e-07
9.79797980e-01 2.72727273e-01 9.07353235e-01 9.07352741e-01 4.94180424e-07
9.89898990e-01 2.72727273e-01 9.08725929e-01 9.08725485e-01 4.43462179e-07
1.00000000e+00 2.72727273e-01 9.09183221e-01 9.09183221e-01 0.00000000e+00
0.00000000e+00 2.82828283e-01 -9.63366639e-01 -9.63366639e-01 0.00000000e+00
1.01010101e-02 2.82828283e-01 -9.62882094e-01 -9.62881625e-01 4.69894561e-07
2.02020202e-02 2.82828283e-01 -9.61427594e-01 -9.61427070e-01 5.23635830e-07
3.03030303e-02 2.82828283e-01 -9.59004967e-01 -9.59004440e-01 5.27135258e-07
4.04040404e-02 2.82828283e-01 -9.55616700e-01 -9.55616174e-01 5.25626598e-07
5.05050505e-02 2.82828283e-01 -9.51266207e-01 -9.51265683e-01 5.23256254e-07
6.06060606e-02 2.82828283e-01 -9.45957869e-01 -9.45957349e-01 5.20337612e-07
7.07070707e-02 2.82828283e-01 -9.39697032e-01 -9.39696515e-01 5.16893796e-07
8.08080808e-02 2.82828283e-01 -9.32490000e-01 -9.32489487e-01 5.12929447e-07
9.09090909e-02 2.82828283e-01 -9.24344029e-01 -9.24343521e-01 5.08448617e-07
1.01010101e-01 2.82828283e-01 -9.15267323e-01 -9.15266819e-01 5.03455823e-07
1.11111111e-01 2.82828283e-01 -9.05269020e-01 -9.05268522e-01 4.97956092e-07
1.21212121e-01 2.82828283e-01 -8.94359187e-01 -8.94358695e-01 4.91954961e-07
1.31313131e-01 2.82828283e-01 -8.82548811e-01 -8.82548325e-01 4.85458473e-07
1.41414141e-01 2.82828283e-01 -8.69849783e-01 -8.69849304e-01 4.78473170e-07
1.51515152e-01 2.82828283e-01 -8.56274890e-01 -8.56274419e-01 4.71006084e-07
1.61616162e-01 2.82828283e-01 -8.41837800e-01 -8.41837337e-01 4.63064736e-07
1.71717172e-01 2.82828283e-01 -8.26553052e-01 -8.26552597e-01 4.54657120e-07
1.81818182e-01 2.82828283e-01 -8.10436034e-01 -8.10435588e-01 4.45791703e-07
1.91919192e-01 2.82828283e-01 -7.93502976e-01 -7.93502540e-01 4.36477412e-07
2.02020202e-01 2.82828283e-01 -7.75770928e-01 -7.75770501e-01 4.26723625e-07
2.12121212e-01 2.82828283e-01 -7.57257744e-01 -7.57257328e-01 4.16540164e-07
2.22222222e-01 2.82828283e-01 -7.37982066e-01 -7.37981660e-01 4.05937281e-07
2.32323232e-01 2.82828283e-01 -7.17963303e-01 -7.17962908e-01 3.94925656e-07
2.42424242e-01 2.82828283e-01 -6.97221611e-01 -6.97221228e-01 3.83516372e-07
2.52525253e-01 2.82828283e-01 -6.75777877e-01 -6.75777505e-01 3.71720920e-07
2.62626263e-01 2.82828283e-01 -6.53653691e-01 -6.53653331e-01 3.59551177e-07
2.72727273e-01 2.82828283e-01 -6.30871331e-01 -6.30870984e-01 3.47019397e-07
2.82828283e-01 2.82828283e-01 -6.07453738e-01 -6.07453404e-01 3.34138197e-07
2.92929293e-01 2.82828283e-01 -5.83424490e-01 -5.83424169e-01 3.20920548e-07
3.03030303e-01 2.82828283e-01 -5.58807783e-01 -5.58807475e-01 3.07379760e-07
3.13131313e-01 2.82828283e-01 -5.33628404e-01 -5.33628110e-01 2.93529466e-07
3.23232323e-01 2.82828283e-01 -5.07911706e-01 -5.07911427e-01 2.79383613e-07
3.33333333e-01 2.82828283e-01 -4.81683584e-01 -4.81683319e-01 2.64956444e-07
3.43434343e-01 2.82828283e-01 -4.54970448e-01 -4.54970198e-01 2.50262487e-07
3.53535354e-01 2.82828283e-01 -4.27799195e-01 -4.27798960e-01 2.35316536e-07
3.63636364e-01 2.82828283e-01 -4.00197185e-01 -4.00196965e-01 2.20133642e-07
3.73737374e-01 2.82828283e-01 -3.72192210e-01 -3.72192005e-01 2.04729092e-07
3.83838384e-01 2.82828283e-01 -3.43812469e-01 -3.43812280e-01 1.89118397e-07
3.93939394e-01 2.82828283e-01 -3.15086538e-01 -3.15086364e-01 1.73317276e-07
4.04040404e-01 2.82828283e-01 -2.86043341e-01 -2.86043184e-01 1.57341639e-07
4.14141414e-01 2.82828283e-01 -2.56712123e-01 -2.56711982e-01 1.41207572e-07
4.24242424e-01 2.82828283e-01 -2.27122418e-01 -2.27122293e-01 1.24931321e-07
4.34343434e-01 2.82828283e-01 -1.97304020e-01 -1.97303911e-01 1.08529275e-07
4.44444444e-01 2.82828283e-01 -1.67286953e-01 -1.67286861e-01 9.20179493e-08
4.54545455e-01 2.82828283e-01 -1.37101443e-01 -1.37101367e-01 7.54139692e-08
4.64646465e-01 2.82828283e-01 -1.06777883e-01 -1.06777824e-01 5.87340537e-08
4.74747475e-01 2.82828283e-01 -7.63468066e-02 -7.63467646e-02 4.19949980e-08
4.84848485e-01 2.82828283e-01 -4.58388555e-02 -4.58388303e-02 2.52136566e-08
4.94949495e-01 2.82828283e-01 -1.52847487e-02 -1.52847403e-02 8.40692750e-09
5.05050505e-01 2.82828283e-01 1.52847487e-02 1.52847403e-02 8.40826674e-09
5.15151515e-01 2.82828283e-01 4.58388555e-02 4.58388303e-02 2.52149946e-08
5.25252525e-01 2.82828283e-01 7.63468066e-02 7.63467646e-02 4.19963331e-08
5.35353535e-01 2.82828283e-01 1.06777883e-01 1.06777824e-01 5.87353848e-08
5.45454545e-01 2.82828283e-01 1.37101443e-01 1.37101367e-01 7.54152949e-08
5.55555556e-01 2.82828283e-01 1.67286953e-01 1.67286861e-01 9.20192684e-08
5.65656566e-01 2.82828283e-01 1.97304020e-01 1.97303911e-01 1.08530586e-07
5.75757576e-01 2.82828283e-01 2.27122418e-01 2.27122293e-01 1.24932623e-07
5.85858586e-01 2.82828283e-01 2.56712123e-01 2.56711982e-01 1.41208863e-07
5.95959596e-01 2.82828283e-01 2.86043341e-01 2.86043184e-01 1.57342918e-07
6.06060606e-01 2.82828283e-01 3.15086538e-01 3.15086364e-01 1.73318541e-07
6.16161616e-01 2.82828283e-01 3.43812469e-01 3.43812280e-01 1.89119648e-07
6.26262626e-01 2.82828283e-01 3.72192210e-01 3.72192005e-01 2.04730327e-07
6.36363636e-01 2.82828283e-01 4.00197185e-01 4.00196965e-01 2.20134860e-07
6.46464646e-01 2.82828283e-01 4.27799195e-01 4.27798960e-01 2.35317736e-07
6.56565657e-01 2.82828283e-01 4.54970448e-01 4.54970198e-01 2.50263668e-07
6.66666667e-01 2.82828283e-01 4.81683584e-01 4.81683319e-01 2.64957604e-07
6.76767677e-01 2.82828283e-01 5.07911706e-01 5.07911427e-01 2.79384751e-07
6.86868687e-01 2.82828283e-01 5.33628404e-01 5.33628110e-01 2.93530581e-07
6.96969697e-01 2.82828283e-01 5.58807783e-01 5.58807475e-01 3.07380851e-07
7.07070707e-01 2.82828283e-01 5.83424490e-01 5.83424169e-01 3.20921614e-07
7.17171717e-01 2.82828283e-01 6.07453738e-01 6.07453404e-01 3.34139236e-07
7.27272727e-01 2.82828283e-01 6.30871331e-01 6.30870984e-01 3.47020409e-07
7.37373737e-01 2.82828283e-01 6.53653691e-01 6.53653331e-01 3.59552161e-07
7.47474747e-01 2.82828283e-01 6.75777877e-01 6.75777505e-01 3.71721875e-07
7.57575758e-01 2.82828283e-01 6.97221611e-01 6.97221228e-01 3.83517296e-07
7.67676768e-01 2.82828283e-01 7.17963303e-01 7.17962908e-01 3.94926548e-07
7.77777778e-01 2.82828283e-01 7.37982066e-01 7.37981660e-01 4.05938143e-07
7.87878788e-01 2.82828283e-01 7.57257744e-01 7.57257328e-01 4.16540992e-07
7.97979798e-01 2.82828283e-01 7.75770928e-01 7.75770501e-01 4.26724419e-07
8.08080808e-01 2.82828283e-01 7.93502976e-01 7.93502540e-01 4.36478172e-07
8.18181818e-01 2.82828283e-01 8.10436034e-01 8.10435588e-01 4.45792428e-07
8.28282828e-01 2.82828283e-01 8.26553052e-01 8.26552597e-01 4.54657808e-07
8.38383838e-01 2.82828283e-01 8.41837800e-01 8.41837337e-01 4.63065387e-07
8.48484848e-01 2.82828283e-01 8.56274890e-01 8.56274419e-01 4.71006698e-07
8.58585859e-01 2.82828283e-01 8.69849783e-01 8.69849304e-01 4.78473745e-07
8.68686869e-01 2.82828283e-01 8.82548811e-01 8.82548325e-01 4.85459010e-07
8.78787879e-01 2.82828283e-01 8.94359187e-01 8.94358695e-01 4.91955459e-07
8.88888889e-01 2.82828283e-01 9.05269020e-01 9.05268522e-01 4.97956550e-07
8.98989899e-01 2.82828283e-01 9.15267323e-01 9.15266819e-01 5.03456241e-07
9.09090909e-01 2.82828283e-01 9.24344029e-01 9.24343521e-01 5.08448995e-07
9.19191919e-01 2.82828283e-01 9.32490000e-01 9.32489487e-01 5.12929781e-07
9.29292929e-01 2.82828283e-01 9.39697032e-01 9.39696515e-01 5.16894067e-07
9.39393939e-01 2.82828283e-01 9.45957869e-01 9.45957349e-01 5.20337574e-07
9.49494949e-01 2.82828283e-01 9.51266207e-01 9.51265683e-01 5.23253371e-07
9.59595960e-01 2.82828283e-01 9.55616700e-01 9.55616174e-01 5.25622520e-07
9.69696970e-01 2.82828283e-01 9.59004967e-01 9.59004440e-01 5.27130908e-07
9.79797980e-01 2.82828283e-01 9.61427594e-01 9.61427070e-01 5.23631457e-07
9.89898990e-01 2.82828283e-01 9.62882094e-01 9.62881625e-01 4.69890622e-07
1.00000000e+00 2.82828283e-01 9.63366639e-01 9.63366639e-01 0.00000000e+00
0.00000000e+00 2.92929293e-01 -9.93348146e-01 -9.93348146e-01 0.00000000e+00
1.01010101e-02 2.92929293e-01 -9.92848522e-01 -9.92848037e-01 4.84518410e-07
2.02020202e-02 2.92929293e-01 -9.91348755e-01 -9.91348215e-01 5.39932191e-07
3.03030303e-02 2.92929293e-01 -9.88850732e-01 -9.88850189e-01 5.43540526e-07
4.04040404e-02 2.92929293e-01 -9.85357016e-01 -9.85356474e-01 5.41984915e-07
5.05050505e-02 2.92929293e-01 -9.80871129e-01 -9.80870589e-01 5.39540801e-07
6.06060606e-02 2.92929293e-01 -9.75397587e-01 -9.75397051e-01 5.36531327e-07
7.07070707e-02 2.92929293e-01 -9.68941903e-01 -9.68941370e-01 5.32980335e-07
8.08080808e-02 2.92929293e-01 -9.61510577e-01 -9.61510048e-01 5.28892608e-07
9.09090909e-02 2.92929293e-01 -9.53111091e-01 -9.53110566e-01 5.24272329e-07
1.01010101e-01 2.92929293e-01 -9.43751902e-01 -9.43751383e-01 5.19124151e-07
1.11111111e-01 2.92929293e-01 -9.33442436e-01 -9.33441923e-01 5.13453260e-07
1.21212121e-01 2.92929293e-01 -9.22193072e-01 -9.22192565e-01 5.07265364e-07
1.31313131e-01 2.92929293e-01 -9.10015138e-01 -9.10014638e-01 5.00566696e-07
1.41414141e-01 2.92929293e-01 -8.96920896e-01 -8.96920403e-01 4.93363999e-07
1.51515152e-01 2.92929293e-01 -8.82923531e-01 -8.82923045e-01 4.85664526e-07
1.61616162e-01 2.92929293e-01 -8.68037136e-01 -8.68036658e-01 4.77476030e-07
1.71717172e-01 2.92929293e-01 -8.52276701e-01 -8.52276233e-01 4.68806757e-07
1.81818182e-01 2.92929293e-01 -8.35658097e-01 -8.35657637e-01 4.59665435e-07
1.91919192e-01 2.92929293e-01 -8.18198055e-01 -8.18197605e-01 4.50061269e-07
2.02020202e-01 2.92929293e-01 -7.99914157e-01 -7.99913717e-01 4.40003929e-07
2.12121212e-01 2.92929293e-01 -7.80824814e-01 -7.80824384e-01 4.29503542e-07
2.22222222e-01 2.92929293e-01 -7.60949246e-01 -7.60948827e-01 4.18570682e-07
2.32323232e-01 2.92929293e-01 -7.40307466e-01 -7.40307059e-01 4.07216357e-07
2.42424242e-01 2.92929293e-01 -7.18920260e-01 -7.18919865e-01 3.95451999e-07
2.52525253e-01 2.92929293e-01 -6.96809162e-01 -6.96808779e-01 3.83289455e-07
2.62626263e-01 2.92929293e-01 -6.73996437e-01 -6.73996066e-01 3.70740970e-07
2.72727273e-01 2.92929293e-01 -6.50505054e-01 -6.50504696e-01 3.57819181e-07
2.82828283e-01 2.92929293e-01 -6.26358667e-01 -6.26358323e-01 3.44537099e-07
2.92929293e-01 2.92929293e-01 -6.01581591e-01 -6.01581260e-01 3.30908096e-07
3.03030303e-01 2.92929293e-01 -5.76198773e-01 -5.76198456e-01 3.16945897e-07
3.13131313e-01 2.92929293e-01 -5.50235771e-01 -5.50235468e-01 3.02664561e-07
3.23232323e-01 2.92929293e-01 -5.23718729e-01 -5.23718441e-01 2.88078467e-07
3.33333333e-01 2.92929293e-01 -4.96674346e-01 -4.96674073e-01 2.73202303e-07
3.43434343e-01 2.92929293e-01 -4.69129855e-01 -4.69129596e-01 2.58051046e-07
3.53535354e-01 2.92929293e-01 -4.41112989e-01 -4.41112746e-01 2.42639955e-07
3.63636364e-01 2.92929293e-01 -4.12651960e-01 -4.12651733e-01 2.26984545e-07
3.73737374e-01 2.92929293e-01 -3.83775425e-01 -3.83775214e-01 2.11100582e-07
3.83838384e-01 2.92929293e-01 -3.54512461e-01 -3.54512266e-01 1.95004058e-07
3.93939394e-01 2.92929293e-01 -3.24892534e-01 -3.24892355e-01 1.78711181e-07
4.04040404e-01 2.92929293e-01 -2.94945467e-01 -2.94945304e-01 1.62238357e-07
4.14141414e-01 2.92929293e-01 -2.64701414e-01 -2.64701269e-01 1.45602173e-07
4.24242424e-01 2.92929293e-01 -2.34190830e-01 -2.34190701e-01 1.28819380e-07
4.34343434e-01 2.92929293e-01 -2.03444436e-01 -2.03444324e-01 1.11906877e-07
4.44444444e-01 2.92929293e-01 -1.72493190e-01 -1.72493095e-01 9.48816936e-08
4.54545455e-01 2.92929293e-01 -1.41368258e-01 -1.41368181e-01 7.77609717e-08
4.64646465e-01 2.92929293e-01 -1.10100981e-01 -1.10100920e-01 6.05619513e-08
4.74747475e-01 2.92929293e-01 -7.87228410e-02 -7.87227977e-02 4.33019502e-08
4.84848485e-01 2.92929293e-01 -4.72654339e-02 -4.72654079e-02 2.59983474e-08
4.94949495e-01 2.92929293e-01 -1.57604344e-02 -1.57604258e-02 8.66856679e-09
5.05050505e-01 2.92929293e-01 1.57604344e-02 1.57604258e-02 8.66994241e-09
5.15151515e-01 2.92929293e-01 4.72654339e-02 4.72654079e-02 2.59997217e-08
5.25252525e-01 2.92929293e-01 7.87228410e-02 7.87227977e-02 4.33033215e-08
5.35353535e-01 2.92929293e-01 1.10100981e-01 1.10100920e-01 6.05633186e-08
5.45454545e-01 2.92929293e-01 1.41368258e-01 1.41368181e-01 7.77623334e-08
5.55555556e-01 2.92929293e-01 1.72493190e-01 1.72493095e-01 9.48830484e-08
5.65656566e-01 2.92929293e-01 2.03444436e-01 2.03444324e-01 1.11908224e-07
5.75757576e-01 2.92929293e-01 2.34190830e-01 2.34190701e-01 1.28820717e-07
5.85858586e-01 2.92929293e-01 2.64701414e-01 2.64701269e-01 1.45603500e-07
5.95959596e-01 2.92929293e-01 2.94945467e-01 2.94945304e-01 1.62239671e-07
6.06060606e-01 2.92929293e-01 3.24892534e-01 3.24892355e-01 1.78712481e-07
6.16161616e-01 2.92929293e-01 3.54512461e-01 3.54512266e-01 1.95005343e-07
6.26262626e-01 2.92929293e-01 3.83775425e-01 3.83775214e-01 2.11101851e-07
6.36363636e-01 2.92929293e-01 4.12651960e-01 4.12651733e-01 2.26985797e-07
6.46464646e-01 2.92929293e-01 4.41112989e-01 4.41112746e-01 2.42641187e-07
6.56565657e-01 2.92929293e-01 4.69129855e-01 4.69129596e-01 2.58052259e-07
6.66666667e-01 2.92929293e-01 4.96674346e-01 4.96674073e-01 2.73203494e-07
6.76767677e-01 2.92929293e-01 5.23718729e-01 5.23718441e-01 2.88079636e-07
6.86868687e-01 2.92929293e-01 5.50235771e-01 5.50235468e-01 3.02665706e-07
6.96969697e-01 2.92929293e-01 5.76198773e-01 5.76198456e-01 3.16947018e-07
7.07070707e-01 2.92929293e-01 6.01581591e-01 6.01581260e-01 3.30909191e-07
7.17171717e-01 2.92929293e-01 6.26358667e-01 6.26358323e-01 3.44538166e-07
7.27272727e-01 2.92929293e-01 6.50505054e-01 6.50504696e-01 3.57820221e-07
7.37373737e-01 2.92929293e-01 6.73996437e-01 6.73996066e-01 3.70741981e-07
7.47474747e-01 2.92929293e-01 6.96809162e-01 6.96808779e-01 3.83290435e-07
7.57575758e-01 2.92929293e-01 7.18920260e-01 7.18919865e-01 3.95452948e-07
7.67676768e-01 2.92929293e-01 7.40307466e-01 7.40307059e-01 4.07217274e-07
7.77777778e-01 2.92929293e-01 7.60949246e-01 7.60948827e-01 4.18571566e-07
7.87878788e-01 2.92929293e-01 7.80824814e-01 7.80824384e-01 4.29504393e-07
7.97979798e-01 2.92929293e-01 7.99914157e-01 7.99913717e-01 4.40004744e-07
8.08080808e-01 2.92929293e-01 8.18198055e-01 8.18197605e-01 4.50062049e-07
8.18181818e-01 2.92929293e-01 8.35658097e-01 8.35657637e-01 4.59666179e-07
8.28282828e-01 2.92929293e-01 8.52276701e-01 8.52276233e-01 4.68807464e-07
8.38383838e-01 2.92929293e-01 8.68037136e-01 8.68036658e-01 4.77476699e-07
8.48484848e-01 2.92929293e-01 8.82923531e-01 8.82923045e-01 4.85665157e-07
8.58585859e-01 2.92929293e-01 8.96920896e-01 8.96920403e-01 4.93364590e-07
8.68686869e-01 2.92929293e-01 9.10015138e-01 9.10014638e-01 5.00567247e-07
8.78787879e-01 2.92929293e-01 9.22193072e-01 9.22192565e-01 5.07265876e-07
8.88888889e-01 2.92929293e-01 9.33442436e-01 9.33441923e-01 5.13453731e-07
8.98989899e-01 2.92929293e-01 9.43751902e-01 9.43751383e-01 5.19124581e-07
9.09090909e-01 2.92929293e-01 9.53111091e-01 9.53110566e-01 5.24272716e-07
9.19191919e-01 2.92929293e-01 9.61510577e-01 9.61510048e-01 5.28892952e-07
9.29292929e-01 2.92929293e-01 9.68941903e-01 9.68941370e-01 5.32980613e-07
9.39393939e-01 2.92929293e-01 9.75397587e-01 9.75397051e-01 5.36531288e-07
9.49494949e-01 2.92929293e-01 9.80871129e-01 9.80870589e-01 5.39537829e-07
9.59595960e-01 2.92929293e-01 9.85357016e-01 9.85356474e-01 5.41980725e-07
9.69696970e-01 2.92929293e-01 9.88850732e-01 9.88850189e-01 5.43536062e-07
9.79797980e-01 2.92929293e-01 9.91348755e-01 9.91348215e-01 5.39927703e-07
9.89898990e-01 2.92929293e-01 9.92848522e-01 9.92848037e-01 4.84514368e-07
1.00000000e+00 2.92929293e-01 9.93348146e-01 9.93348146e-01 0.00000000e+00
0.00000000e+00 3.03030303e-01 -9.98374540e-01 -9.98374540e-01 0.00000000e+00
1.01010101e-02 3.03030303e-01 -9.97872387e-01 -9.97871900e-01 4.86970080e-07
2.02020202e-02 3.03030303e-01 -9.96365031e-01 -9.96364489e-01 5.42664254e-07
3.03030303e-02 3.03030303e-01 -9.93854369e-01 -9.93853822e-01 5.46290849e-07
4.04040404e-02 3.03030303e-01 -9.90342974e-01 -9.90342429e-01 5.44727366e-07
5.05050505e-02 3.03030303e-01 -9.85834388e-01 -9.85833846e-01 5.42270885e-07
6.06060606e-02 3.03030303e-01 -9.80333150e-01 -9.80332611e-01 5.39246182e-07
7.07070707e-02 3.03030303e-01 -9.73844800e-01 -9.73844264e-01 5.35677222e-07
8.08080808e-02 3.03030303e-01 -9.66375871e-01 -9.66375339e-01 5.31568812e-07
9.09090909e-02 3.03030303e-01 -9.57933883e-01 -9.57933356e-01 5.26925154e-07
1.01010101e-01 3.03030303e-01 -9.48527336e-01 -9.48526815e-01 5.21750927e-07
1.11111111e-01 3.03030303e-01 -9.38165704e-01 -9.38165188e-01 5.16051341e-07
1.21212121e-01 3.03030303e-01 -9.26859417e-01 -9.26858908e-01 5.09832134e-07
1.31313131e-01 3.03030303e-01 -9.14619862e-01 -9.14619359e-01 5.03099570e-07
1.41414141e-01 3.03030303e-01 -9.01459363e-01 -9.01458867e-01 4.95860428e-07
1.51515152e-01 3.03030303e-01 -8.87391170e-01 -8.87390682e-01 4.88121996e-07
1.61616162e-01 3.03030303e-01 -8.72429449e-01 -8.72428969e-01 4.79892067e-07
1.71717172e-01 3.03030303e-01 -8.56589266e-01 -8.56588795e-01 4.71178926e-07
1.81818182e-01 3.03030303e-01 -8.39886570e-01 -8.39886108e-01 4.61991349e-07
1.91919192e-01 3.03030303e-01 -8.22338180e-01 -8.22337728e-01 4.52338586e-07
2.02020202e-01 3.03030303e-01 -8.03961765e-01 -8.03961323e-01 4.42230356e-07
2.12121212e-01 3.03030303e-01 -7.84775828e-01 -7.84775396e-01 4.31676837e-07
2.22222222e-01 3.03030303e-01 -7.64799689e-01 -7.64799268e-01 4.20688656e-07
2.32323232e-01 3.03030303e-01 -7.44053461e-01 -7.44053052e-01 4.09276878e-07
2.42424242e-01 3.03030303e-01 -7.22558034e-01 -7.22557637e-01 3.97452993e-07
2.52525253e-01 3.03030303e-01 -7.00335053e-01 -7.00334668e-01 3.85228906e-07
2.62626263e-01 3.03030303e-01 -6.77406894e-01 -6.77406521e-01 3.72616926e-07
2.72727273e-01 3.03030303e-01 -6.53796643e-01 -6.53796284e-01 3.59629753e-07
2.82828283e-01 3.03030303e-01 -6.29528075e-01 -6.29527729e-01 3.46280463e-07
2.92929293e-01 3.03030303e-01 -6.04625625e-01 -6.04625293e-01 3.32582497e-07
3.03030303e-01 3.03030303e-01 -5.79114369e-01 -5.79114050e-01 3.18549650e-07
3.13131313e-01 3.03030303e-01 -5.53019993e-01 -5.53019689e-01 3.04196050e-07
3.23232323e-01 3.03030303e-01 -5.26368773e-01 -5.26368483e-01 2.89536150e-07
3.33333333e-01 3.03030303e-01 -4.99187544e-01 -4.99187270e-01 2.74584712e-07
3.43434343e-01 3.03030303e-01 -4.71503676e-01 -4.71503417e-01 2.59356790e-07
3.53535354e-01 3.03030303e-01 -4.43345044e-01 -4.43344800e-01 2.43867718e-07
3.63636364e-01 3.03030303e-01 -4.14740000e-01 -4.14739772e-01 2.28133092e-07
3.73737374e-01 3.03030303e-01 -3.85717349e-01 -3.85717137e-01 2.12168756e-07
3.83838384e-01 3.03030303e-01 -3.56306313e-01 -3.56306117e-01 1.95990783e-07
3.93939394e-01 3.03030303e-01 -3.26536507e-01 -3.26536327e-01 1.79615464e-07
4.04040404e-01 3.03030303e-01 -2.96437906e-01 -2.96437743e-01 1.63059288e-07
4.14141414e-01 3.03030303e-01 -2.66040817e-01 -2.66040671e-01 1.46338925e-07
4.24242424e-01 3.03030303e-01 -2.35375848e-01 -2.35375719e-01 1.29471211e-07
4.34343434e-01 3.03030303e-01 -2.04473875e-01 -2.04473763e-01 1.12473130e-07
4.44444444e-01 3.03030303e-01 -1.73366015e-01 -1.73365919e-01 9.53617985e-08
4.54545455e-01 3.03030303e-01 -1.42083589e-01 -1.42083511e-01 7.81544457e-08
4.64646465e-01 3.03030303e-01 -1.10658098e-01 -1.10658037e-01 6.08683981e-08
4.74747475e-01 3.03030303e-01 -7.91211827e-02 -7.91211392e-02 4.35210611e-08
4.84848485e-01 3.03030303e-01 -4.75045994e-02 -4.75045733e-02 2.61299020e-08
4.94949495e-01 3.03030303e-01 -1.58401830e-02 -1.58401743e-02 8.71243243e-09
5.05050505e-01 3.03030303e-01 1.58401831e-02 1.58401743e-02 8.71380985e-09
5.15151515e-01 3.03030303e-01 4.75045994e-02 4.75045733e-02 2.61312780e-08
5.25252525e-01 3.03030303e-01 7.91211827e-02 7.91211392e-02 4.35224343e-08
5.35353535e-01 3.03030303e-01 1.10658098e-01 1.10658037e-01 6.08697672e-08
5.45454545e-01 3.03030303e-01 1.42083589e-01 1.42083511e-01 7.81558093e-08
5.55555556e-01 3.03030303e-01 1.73366015e-01 1.73365919e-01 9.53631552e-08
5.65656566e-01 3.03030303e-01 2.04473875e-01 2.04473763e-01 1.12474478e-07
5.75757576e-01 3.03030303e-01 2.35375848e-01 2.35375719e-01 1.29472549e-07
5.85858586e-01 3.03030303e-01 2.66040817e-01 2.66040671e-01 1.46340253e-07
5.95959596e-01 3.03030303e-01 2.96437906e-01 2.96437743e-01 1.63060603e-07
6.06060606e-01 3.03030303e-01 3.26536507e-01 3.26536327e-01 1.79616766e-07
6.16161616e-01 3.03030303e-01 3.56306313e-01 3.56306117e-01 1.95992070e-07
6.26262626e-01 3.03030303e-01 3.85717349e-01 3.85717137e-01 2.12170026e-07
6.36363636e-01 3.03030303e-01 4.14740000e-01 4.14739772e-01 2.28134345e-07
6.46464646e-01 3.03030303e-01 4.43345044e-01 4.43344800e-01 2.43868953e-07
6.56565657e-01 3.03030303e-01 4.71503676e-01 4.71503417e-01 2.59358005e-07
6.66666667e-01 3.03030303e-01 4.99187544e-01 4.99187270e-01 2.74585905e-07
6.76767677e-01 3.03030303e-01 5.26368773e-01 5.26368483e-01 2.89537321e-07
6.86868687e-01 3.03030303e-01 5.53019993e-01 5.53019689e-01 3.04197197e-07
6.96969697e-01 3.03030303e-01 5.79114369e-01 5.79114050e-01 3.18550772e-07
7.07070707e-01 3.03030303e-01 6.04625625e-01 6.04625293e-01 3.32583593e-07
7.17171717e-01 3.03030303e-01 6.29528075e-01 6.29527729e-01 3.46281532e-07
7.27272727e-01 3.03030303e-01 6.53796643e-01 6.53796284e-01 3.59630794e-07
7.37373737e-01 3.03030303e-01 6.77406894e-01 6.77406521e-01 3.72617938e-07
7.47474747e-01 3.03030303e-01 7.00335053e-01 7.00334668e-01 3.85229888e-07
7.57575758e-01 3.03030303e-01 7.22558034e-01 7.22557637e-01 3.97453944e-07
7.67676768e-01 3.03030303e-01 7.44053461e-01 7.44053052e-01 4.09277797e-07
7.77777778e-01 3.03030303e-01 7.64799689e-01 7.64799268e-01 4.20689542e-07
7.87878788e-01 3.03030303e-01 7.84775828e-01 7.84775396e-01 4.31677688e-07
7.97979798e-01 3.03030303e-01 8.03961765e-01 8.03961323e-01 4.42231173e-07
8.08080808e-01 3.03030303e-01 8.22338180e-01 8.22337728e-01 4.52339367e-07
8.18181818e-01 3.03030303e-01 8.39886570e-01 8.39886108e-01 4.61992094e-07
8.28282828e-01 3.03030303e-01 8.56589266e-01 8.56588795e-01 4.71179634e-07
8.38383838e-01 3.03030303e-01 8.72429449e-01 8.72428969e-01 4.79892736e-07
8.48484848e-01 3.03030303e-01 8.87391170e-01 8.87390682e-01 4.88122627e-07
8.58585859e-01 3.03030303e-01 9.01459363e-01 9.01458867e-01 4.95861020e-07
8.68686869e-01 3.03030303e-01 9.14619862e-01 9.14619359e-01 5.03100123e-07
8.78787879e-01 3.03030303e-01 9.26859417e-01 9.26858908e-01 5.09832646e-07
8.88888889e-01 3.03030303e-01 9.38165704e-01 9.38165188e-01 5.16051812e-07
8.98989899e-01 3.03030303e-01 9.48527336e-01 9.48526815e-01 5.21751357e-07
9.09090909e-01 3.03030303e-01 9.57933883e-01 9.57933356e-01 5.26925542e-07
9.19191919e-01 3.03030303e-01 9.66375871e-01 9.66375339e-01 5.31569157e-07
9.29292929e-01 3.03030303e-01 9.73844800e-01 9.73844264e-01 5.35677501e-07
9.39393939e-01 3.03030303e-01 9.80333150e-01 9.80332611e-01 5.39246142e-07
9.49494949e-01 3.03030303e-01 9.85834388e-01 9.85833846e-01 5.42267898e-07
9.59595960e-01 3.03030303e-01 9.90342974e-01 9.90342429e-01 5.44723170e-07
9.69696970e-01 3.03030303e-01 9.93854369e-01 9.93853822e-01 5.46286382e-07
9.79797980e-01 3.03030303e-01 9.96365031e-01 9.96364489e-01 5.42659765e-07
9.89898990e-01 3.03030303e-01 9.97872387e-01 9.97871900e-01 4.86966036e-07
1.00000000e+00 3.03030303e-01 9.98374540e-01 9.98374540e-01 0.00000000e+00
0.00000000e+00 3.13131313e-01 -9.78319546e-01 -9.78319546e-01 0.00000000e+00
1.01010101e-02 3.13131313e-01 -9.77827480e-01 -9.77827003e-01 4.77187978e-07
2.02020202e-02 3.13131313e-01 -9.76350404e-01 -9.76349872e-01 5.31763386e-07
3.03030303e-02 3.13131313e-01 -9.73890174e-01 -9.73889639e-01 5.35317130e-07
4.04040404e-02 3.13131313e-01 -9.70449316e-01 -9.70448782e-01 5.33785054e-07
5.05050505e-02 3.13131313e-01 -9.66031296e-01 -9.66030765e-01 5.31377919e-07
6.06060606e-02 3.13131313e-01 -9.60640565e-01 -9.60640037e-01 5.28413976e-07
7.07070707e-02 3.13131313e-01 -9.54282551e-01 -9.54282026e-01 5.24916708e-07
8.08080808e-02 3.13131313e-01 -9.46963655e-01 -9.46963134e-01 5.20890826e-07
9.09090909e-02 3.13131313e-01 -9.38691246e-01 -9.38690730e-01 5.16340448e-07
1.01010101e-01 3.13131313e-01 -9.29473656e-01 -9.29473144e-01 5.11270159e-07
1.11111111e-01 3.13131313e-01 -9.19320164e-01 -9.19319658e-01 5.05685065e-07
1.21212121e-01 3.13131313e-01 -9.08240994e-01 -9.08240494e-01 4.99590788e-07
1.31313131e-01 3.13131313e-01 -8.96247303e-01 -8.96246810e-01 4.92993466e-07
1.41414141e-01 3.13131313e-01 -8.83351167e-01 -8.83350681e-01 4.85899741e-07
1.51515152e-01 3.13131313e-01 -8.69565571e-01 -8.69565092e-01 4.78316756e-07
1.61616162e-01 3.13131313e-01 -8.54904396e-01 -8.54903926e-01 4.70252147e-07
1.71717172e-01 3.13131313e-01 -8.39382405e-01 -8.39381943e-01 4.61714034e-07
1.81818182e-01 3.13131313e-01 -8.23015227e-01 -8.23014774e-01 4.52711014e-07
1.91919192e-01 3.13131313e-01 -8.05819342e-01 -8.05818899e-01 4.43252152e-07
2.02020202e-01 3.13131313e-01 -7.87812066e-01 -7.87811633e-01 4.33346973e-07
2.12121212e-01 3.13131313e-01 -7.69011530e-01 -7.69011107e-01 4.23005450e-07
2.22222222e-01 3.13131313e-01 -7.49436664e-01 -7.49436252e-01 4.12237997e-07
2.32323232e-01 3.13131313e-01 -7.29107179e-01 -7.29106778e-01 4.01055455e-07
2.42424242e-01 3.13131313e-01 -7.08043545e-01 -7.08043155e-01 3.89469084e-07
2.52525253e-01 3.13131313e-01 -6.86266971e-01 -6.86266593e-01 3.77490551e-07
2.62626263e-01 3.13131313e-01 -6.63799384e-01 -6.63799019e-01 3.65131917e-07
2.72727273e-01 3.13131313e-01 -6.40663408e-01 -6.40663056e-01 3.52405625e-07
2.82828283e-01 3.13131313e-01 -6.16882338e-01 -6.16881999e-01 3.39324492e-07
2.92929293e-01 3.13131313e-01 -5.92480120e-01 -5.92479794e-01 3.25901687e-07
3.03030303e-01 3.13131313e-01 -5.67481324e-01 -5.67481012e-01 3.12150727e-07
3.13131313e-01 3.13131313e-01 -5.41911123e-01 -5.41910825e-01 2.98085457e-07
3.23232323e-01 3.13131313e-01 -5.15795264e-01 -5.15794980e-01 2.83720041e-07
3.33333333e-01 3.13131313e-01 -4.89160042e-01 -4.89159773e-01 2.69068943e-07
3.43434343e-01 3.13131313e-01 -4.62032277e-01 -4.62032023e-01 2.54146915e-07
3.53535354e-01 3.13131313e-01 -4.34439286e-01 -4.34439047e-01 2.38968983e-07
3.63636364e-01 3.13131313e-01 -4.06408850e-01 -4.06408627e-01 2.23550429e-07
3.73737374e-01 3.13131313e-01 -3.77969196e-01 -3.77968988e-01 2.07906779e-07
3.83838384e-01 3.13131313e-01 -3.49148958e-01 -3.49148766e-01 1.92053784e-07
3.93939394e-01 3.13131313e-01 -3.19977157e-01 -3.19976981e-01 1.76007408e-07
4.04040404e-01 3.13131313e-01 -2.90483166e-01 -2.90483007e-01 1.59783807e-07
4.14141414e-01 3.13131313e-01 -2.60696684e-01 -2.60696540e-01 1.43399317e-07
4.24242424e-01 3.13131313e-01 -2.30647702e-01 -2.30647575e-01 1.26870436e-07
4.34343434e-01 3.13131313e-01 -2.00366477e-01 -2.00366366e-01 1.10213808e-07
4.44444444e-01 3.13131313e-01 -1.69883500e-01 -1.69883406e-01 9.34462033e-08
4.54545455e-01 3.13131313e-01 -1.39229465e-01 -1.39229388e-01 7.65845063e-08
4.64646465e-01 3.13131313e-01 -1.08435237e-01 -1.08435177e-01 5.96456954e-08
4.74747475e-01 3.13131313e-01 -7.75318244e-02 -7.75317818e-02 4.26468263e-08
4.84848485e-01 3.13131313e-01 -4.65503439e-02 -4.65503183e-02 2.56050153e-08
4.94949495e-01 3.13131313e-01 -1.55219911e-02 -1.55219825e-02 8.53742239e-09
5.05050505e-01 3.13131313e-01 1.55219911e-02 1.55219825e-02 8.53876701e-09
5.15151515e-01 3.13131313e-01 4.65503439e-02 4.65503183e-02 2.56063586e-08
5.25252525e-01 3.13131313e-01 7.75318244e-02 7.75317818e-02 4.26481669e-08
5.35353535e-01 3.13131313e-01 1.08435237e-01 1.08435177e-01 5.96470319e-08
5.45454545e-01 3.13131313e-01 1.39229465e-01 1.39229388e-01 7.65858374e-08
5.55555556e-01 3.13131313e-01 1.69883500e-01 1.69883406e-01 9.34475277e-08
5.65656566e-01 3.13131313e-01 2.00366477e-01 2.00366366e-01 1.10215124e-07
5.75757576e-01 3.13131313e-01 2.30647702e-01 2.30647575e-01 1.26871743e-07
5.85858586e-01 3.13131313e-01 2.60696684e-01 2.60696540e-01 1.43400613e-07
5.95959596e-01 3.13131313e-01 2.90483166e-01 2.90483007e-01 1.59785091e-07
6.06060606e-01 3.13131313e-01 3.19977157e-01 3.19976981e-01 1.76008679e-07
6.16161616e-01 3.13131313e-01 3.49148958e-01 3.49148766e-01 1.92055041e-07
6.26262626e-01 3.13131313e-01 3.77969196e-01 3.77968988e-01 2.07908019e-07
6.36363636e-01 3.13131313e-01 4.06408850e-01 4.06408627e-01 2.23551652e-07
6.46464646e-01 3.13131313e-01 4.34439286e-01 4.34439047e-01 2.38970188e-07
6.56565657e-01 3.13131313e-01 4.62032277e-01 4.62032023e-01 2.54148100e-07
6.66666667e-01 3.13131313e-01 4.89160042e-01 4.89159773e-01 2.69070107e-07
6.76767677e-01 3.13131313e-01 5.15795264e-01 5.15794980e-01 2.83721184e-07
6.86868687e-01 3.13131313e-01 5.41911123e-01 5.41910825e-01 2.98086577e-07
6.96969697e-01 3.13131313e-01 5.67481324e-01 5.67481012e-01 3.12151822e-07
7.07070707e-01 3.13131313e-01 5.92480120e-01 5.92479794e-01 3.25902757e-07
7.17171717e-01 3.13131313e-01 6.16882338e-01 6.16881999e-01 3.39325535e-07
7.27272727e-01 3.13131313e-01 6.40663408e-01 6.40663056e-01 3.52406642e-07
7.37373737e-01 3.13131313e-01 6.63799384e-01 6.63799019e-01 3.65132904e-07
7.47474747e-01 3.13131313e-01 6.86266971e-01 6.86266593e-01 3.77491509e-07
7.57575758e-01 3.13131313e-01 7.08043545e-01 7.08043155e-01 3.89470012e-07
7.67676768e-01 3.13131313e-01 7.29107179e-01 7.29106778e-01 4.01056352e-07
7.77777778e-01 3.13131313e-01 7.49436664e-01 7.49436252e-01 4.12238861e-07
7.87878788e-01 3.13131313e-01 7.69011530e-01 7.69011107e-01 4.23006282e-07
7.97979798e-01 3.13131313e-01 7.87812066e-01 7.87811633e-01 4.33347770e-07
8.08080808e-01 3.13131313e-01 8.05819342e-01 8.05818899e-01 4.43252915e-07
8.18181818e-01 3.13131313e-01 8.23015227e-01 8.23014774e-01 4.52711741e-07
8.28282828e-01 3.13131313e-01 8.39382405e-01 8.39381943e-01 4.61714725e-07
8.38383838e-01 3.13131313e-01 8.54904396e-01 8.54903926e-01 4.70252801e-07
8.48484848e-01 3.13131313e-01 8.69565571e-01 8.69565092e-01 4.78317373e-07
8.58585859e-01 3.13131313e-01 8.83351167e-01 8.83350681e-01 4.85900319e-07
8.68686869e-01 3.13131313e-01 8.96247303e-01 8.96246810e-01 4.92994005e-07
8.78787879e-01 3.13131313e-01 9.08240994e-01 9.08240494e-01 4.99591288e-07
8.88888889e-01 3.13131313e-01 9.19320164e-01 9.19319658e-01 5.05685524e-07
8.98989899e-01 3.13131313e-01 9.29473656e-01 9.29473144e-01 5.11270579e-07
9.09090909e-01 3.13131313e-01 9.38691246e-01 9.38690730e-01 5.16340827e-07
9.19191919e-01 3.13131313e-01 9.46963655e-01 9.46963134e-01 5.20891162e-07
9.29292929e-01 3.13131313e-01 9.54282551e-01 9.54282026e-01 5.24916980e-07
9.39393939e-01 3.13131313e-01 9.60640565e-01 9.60640037e-01 5.28413935e-07
9.49494949e-01 3.13131313e-01 9.66031296e-01 9.66030765e-01 5.31374992e-07
9.59595960e-01 3.13131313e-01 9.70449316e-01 9.70448782e-01 5.33780957e-07
9.69696970e-01 3.13131313e-01 9.73890174e-01 9.73889639e-01 5.35312774e-07
9.79797980e-01 3.13131313e-01 9.76350404e-01 9.76349872e-01 5.31759008e-07
9.89898990e-01 3.13131313e-01 9.77827480e-01 9.77827003e-01 4.77184035e-07
1.00000000e+00 3.13131313e-01 9.78319546e-01 9.78319546e-01 0.00000000e+00
0.00000000e+00 3.23232323e-01 -9.33686990e-01 -9.33686990e-01 0.00000000e+00
1.01010101e-02 3.23232323e-01 -9.33217374e-01 -9.33216919e-01 4.55417854e-07
2.02020202e-02 3.23232323e-01 -9.31807684e-01 -9.31807177e-01 5.07503439e-07
3.03030303e-02 3.23232323e-01 -9.29459694e-01 -9.29459184e-01 5.10895056e-07
4.04040404e-02 3.23232323e-01 -9.26175813e-01 -9.26175304e-01 5.09432876e-07
5.05050505e-02 3.23232323e-01 -9.21959351e-01 -9.21958844e-01 5.07135558e-07
6.06060606e-02 3.23232323e-01 -9.16814555e-01 -9.16814050e-01 5.04306835e-07
7.07070707e-02 3.23232323e-01 -9.10746603e-01 -9.10746102e-01 5.00969118e-07
8.08080808e-02 3.23232323e-01 -9.03761607e-01 -9.03761110e-01 4.97126905e-07
9.09090909e-02 3.23232323e-01 -8.95866600e-01 -8.95866107e-01 4.92784123e-07
1.01010101e-01 3.23232323e-01 -8.87069531e-01 -8.87069043e-01 4.87945149e-07
1.11111111e-01 3.23232323e-01 -8.77379258e-01 -8.77378775e-01 4.82614856e-07
1.21212121e-01 3.23232323e-01 -8.66805538e-01 -8.66805061e-01 4.76798611e-07
1.31313131e-01 3.23232323e-01 -8.55359019e-01 -8.55358549e-01 4.70502270e-07
1.41414141e-01 3.23232323e-01 -8.43051226e-01 -8.43050762e-01 4.63732173e-07
1.51515152e-01 3.23232323e-01 -8.29894552e-01 -8.29894095e-01 4.56495137e-07
1.61616162e-01 3.23232323e-01 -8.15902244e-01 -8.15901795e-01 4.48798449e-07
1.71717172e-01 3.23232323e-01 -8.01088392e-01 -8.01087951e-01 4.40649859e-07
1.81818182e-01 3.23232323e-01 -7.85467911e-01 -7.85467479e-01 4.32057572e-07
1.91919192e-01 3.23232323e-01 -7.69056531e-01 -7.69056108e-01 4.23030240e-07
2.02020202e-01 3.23232323e-01 -7.51870777e-01 -7.51870363e-01 4.13576951e-07
2.12121212e-01 3.23232323e-01 -7.33927952e-01 -7.33927548e-01 4.03707227e-07
2.22222222e-01 3.23232323e-01 -7.15246124e-01 -7.15245731e-01 3.93431003e-07
2.32323232e-01 3.23232323e-01 -6.95844104e-01 -6.95843721e-01 3.82758627e-07
2.42424242e-01 3.23232323e-01 -6.75741428e-01 -6.75741056e-01 3.71700846e-07
2.52525253e-01 3.23232323e-01 -6.54958337e-01 -6.54957977e-01 3.60268794e-07
2.62626263e-01 3.23232323e-01 -6.33515759e-01 -6.33515411e-01 3.48473982e-07
2.72727273e-01 3.23232323e-01 -6.11435284e-01 -6.11434948e-01 3.36328285e-07
2.82828283e-01 3.23232323e-01 -5.88739146e-01 -5.88738822e-01 3.23843935e-07
2.92929293e-01 3.23232323e-01 -5.65450197e-01 -5.65449886e-01 3.11033502e-07
3.03030303e-01 3.23232323e-01 -5.41591888e-01 -5.41591590e-01 2.97909884e-07
3.13131313e-01 3.23232323e-01 -5.17188242e-01 -5.17187957e-01 2.84486296e-07
3.23232323e-01 3.23232323e-01 -4.92263831e-01 -4.92263560e-01 2.70776254e-07
3.33333333e-01 3.23232323e-01 -4.66843752e-01 -4.66843495e-01 2.56793564e-07
3.43434343e-01 3.23232323e-01 -4.40953601e-01 -4.40953359e-01 2.42552305e-07
3.53535354e-01 3.23232323e-01 -4.14619447e-01 -4.14619219e-01 2.28066815e-07
3.63636364e-01 3.23232323e-01 -3.87867807e-01 -3.87867593e-01 2.13351682e-07
3.73737374e-01 3.23232323e-01 -3.60725616e-01 -3.60725418e-01 1.98421722e-07
3.83838384e-01 3.23232323e-01 -3.33220205e-01 -3.33220022e-01 1.83291967e-07
3.93939394e-01 3.23232323e-01 -3.05379270e-01 -3.05379102e-01 1.67977654e-07
4.04040404e-01 3.23232323e-01 -2.77230844e-01 -2.77230692e-01 1.52494201e-07
4.14141414e-01 3.23232323e-01 -2.48803270e-01 -2.48803133e-01 1.36857200e-07
4.24242424e-01 3.23232323e-01 -2.20125172e-01 -2.20125051e-01 1.21082394e-07
4.34343434e-01 3.23232323e-01 -1.91225427e-01 -1.91225322e-01 1.05185670e-07
4.44444444e-01 3.23232323e-01 -1.62133134e-01 -1.62133044e-01 8.91830317e-08
4.54545455e-01 3.23232323e-01 -1.32877586e-01 -1.32877513e-01 7.30905940e-08
4.64646465e-01 3.23232323e-01 -1.03488242e-01 -1.03488185e-01 5.69245603e-08
4.74747475e-01 3.23232323e-01 -7.39946944e-02 -7.39946537e-02 4.07012084e-08
4.84848485e-01 3.23232323e-01 -4.44266402e-02 -4.44266158e-02 2.44368737e-08
4.94949495e-01 3.23232323e-01 -1.48138522e-02 -1.48138440e-02 8.14793332e-09
5.05050505e-01 3.23232323e-01 1.48138522e-02 1.48138440e-02 8.14921139e-09
5.15151515e-01 3.23232323e-01 4.44266402e-02 4.44266158e-02 2.44381505e-08
5.25252525e-01 3.23232323e-01 7.39946944e-02 7.39946537e-02 4.07024826e-08
5.35353535e-01 3.23232323e-01 1.03488242e-01 1.03488185e-01 5.69258307e-08
5.45454545e-01 3.23232323e-01 1.32877586e-01 1.32877513e-01 7.30918592e-08
5.55555556e-01 3.23232323e-01 1.62133134e-01 1.62133044e-01 8.91842906e-08
5.65656566e-01 3.23232323e-01 1.91225427e-01 1.91225322e-01 1.05186921e-07
5.75757576e-01 3.23232323e-01 2.20125172e-01 2.20125051e-01 1.21083637e-07
5.85858586e-01 3.23232323e-01 2.48803270e-01 2.48803133e-01 1.36858432e-07
5.95959596e-01 3.23232323e-01 2.77230844e-01 2.77230692e-01 1.52495422e-07
6.06060606e-01 3.23232323e-01 3.05379270e-01 3.05379102e-01 1.67978862e-07
6.16161616e-01 3.23232323e-01 3.33220205e-01 3.33220022e-01 1.83293162e-07
6.26262626e-01 3.23232323e-01 3.60725616e-01 3.60725418e-01 1.98422901e-07
6.36363636e-01 3.23232323e-01 3.87867807e-01 3.87867593e-01 2.13352845e-07
6.46464646e-01 3.23232323e-01 4.14619447e-01 4.14619219e-01 2.28067960e-07
6.56565657e-01 3.23232323e-01 4.40953601e-01 4.40953359e-01 2.42553431e-07
6.66666667e-01 3.23232323e-01 4.66843752e-01 4.66843495e-01 2.56794671e-07
6.76767677e-01 3.23232323e-01 4.92263831e-01 4.92263560e-01 2.70777340e-07
6.86868687e-01 3.23232323e-01 5.17188242e-01 5.17187957e-01 2.84487360e-07
6.96969697e-01 3.23232323e-01 5.41591888e-01 5.41591590e-01 2.97910925e-07
7.07070707e-01 3.23232323e-01 5.65450197e-01 5.65449886e-01 3.11034519e-07
7.17171717e-01 3.23232323e-01 5.88739146e-01 5.88738822e-01 3.23844928e-07
7.27272727e-01 3.23232323e-01 6.11435284e-01 6.11434948e-01 3.36329252e-07
7.37373737e-01 3.23232323e-01 6.33515759e-01 6.33515411e-01 3.48474921e-07
7.47474747e-01 3.23232323e-01 6.54958337e-01 6.54957977e-01 3.60269705e-07
7.57575758e-01 3.23232323e-01 6.75741428e-01 6.75741056e-01 3.71701728e-07
7.67676768e-01 3.23232323e-01 6.95844104e-01 6.95843721e-01 3.82759479e-07
7.77777778e-01 3.23232323e-01 7.15246124e-01 7.15245731e-01 3.93431824e-07
7.87878788e-01 3.23232323e-01 7.33927952e-01 7.33927548e-01 4.03708017e-07
7.97979798e-01 3.23232323e-01 7.51870777e-01 7.51870363e-01 4.13577709e-07
8.08080808e-01 3.23232323e-01 7.69056531e-01 7.69056108e-01 4.23030964e-07
8.18181818e-01 3.23232323e-01 7.85467911e-01 7.85467479e-01 4.32058263e-07
8.28282828e-01 3.23232323e-01 8.01088392e-01 8.01087951e-01 4.40650515e-07
8.38383838e-01 3.23232323e-01 8.15902244e-01 8.15901795e-01 4.48799070e-07
8.48484848e-01 3.23232323e-01 8.29894552e-01 8.29894095e-01 4.56495722e-07
8.58585859e-01 3.23232323e-01 8.43051226e-01 8.43050762e-01 4.63732722e-07
8.68686869e-01 3.23232323e-01 8.55359019e-01 8.55358549e-01 4.70502782e-07
8.78787879e-01 3.23232323e-01 8.66805538e-01 8.66805061e-01 4.76799086e-07
8.88888889e-01 3.23232323e-01 8.77379258e-01 8.77378775e-01 4.82615293e-07
8.98989899e-01 3.23232323e-01 8.87069531e-01 8.87069043e-01 4.87945548e-07
9.09090909e-01 3.23232323e-01 8.95866600e-01 8.95866107e-01 4.92784483e-07
9.19191919e-01 3.23232323e-01 9.03761607e-01 9.03761110e-01 4.97127224e-07
9.29292929e-01 3.23232323e-01 9.10746603e-01 9.10746102e-01 5.00969377e-07
9.39393939e-01 3.23232323e-01 9.16814555e-01 9.16814050e-01 5.04306795e-07
9.49494949e-01 3.23232323e-01 9.21959351e-01 9.21958844e-01 5.07132765e-07
9.59595960e-01 3.23232323e-01 9.26175813e-01 9.26175304e-01 5.09428981e-07
9.69696970e-01 3.23232323e-01 9.29459694e-01 9.29459184e-01 5.10890919e-07
9.79797980e-01 3.23232323e-01 9.31807684e-01 9.31807177e-01 5.07499283e-07
9.89898990e-01 3.23232323e-01 9.33217374e-01 9.33216919e-01 4.55414110e-07
1.00000000e+00 3.23232323e-01 9.33686990e-01 9.33686990e-01 0.00000000e+00
0.00000000e+00 3.33333333e-01 -8.65598143e-01 -8.65598143e-01 0.00000000e+00
1.01010101e-02 3.33333333e-01 -8.65162773e-01 -8.65162351e-01 4.22206622e-07
2.02020202e-02 3.33333333e-01 -8.63855884e-01 -8.63855414e-01 4.70493878e-07
3.03030303e-02 3.33333333e-01 -8.61679121e-01 -8.61678647e-01 4.73638162e-07
4.04040404e-02 3.33333333e-01 -8.58634716e-01 -8.58634244e-01 4.72282611e-07
5.05050505e-02 3.33333333e-01 -8.54725738e-01 -8.54725268e-01 4.70152825e-07
6.06060606e-02 3.33333333e-01 -8.49956124e-01 -8.49955657e-01 4.67530386e-07
7.07070707e-02 3.33333333e-01 -8.44330676e-01 -8.44330212e-01 4.64436072e-07
8.08080808e-02 3.33333333e-01 -8.37855059e-01 -8.37854598e-01 4.60874050e-07
9.09090909e-02 3.33333333e-01 -8.30535793e-01 -8.30535336e-01 4.56847965e-07
1.01010101e-01 3.33333333e-01 -8.22380247e-01 -8.22379795e-01 4.52361872e-07
1.11111111e-01 3.33333333e-01 -8.13396635e-01 -8.13396187e-01 4.47420289e-07
1.21212121e-01 3.33333333e-01 -8.03594001e-01 -8.03593559e-01 4.42028192e-07
1.31313131e-01 3.33333333e-01 -7.92982216e-01 -7.92981779e-01 4.36191011e-07
1.41414141e-01 3.33333333e-01 -7.81571965e-01 -7.81571535e-01 4.29914621e-07
1.51515152e-01 3.33333333e-01 -7.69374737e-01 -7.69374314e-01 4.23205344e-07
1.61616162e-01 3.33333333e-01 -7.56402814e-01 -7.56402398e-01 4.16069936e-07
1.71717172e-01 3.33333333e-01 -7.42669258e-01 -7.42668849e-01 4.08515580e-07
1.81818182e-01 3.33333333e-01 -7.28187896e-01 -7.28187496e-01 4.00549883e-07
1.91919192e-01 3.33333333e-01 -7.12973311e-01 -7.12972919e-01 3.92180867e-07
2.02020202e-01 3.33333333e-01 -6.97040823e-01 -6.97040439e-01 3.83416957e-07
2.12121212e-01 3.33333333e-01 -6.80406473e-01 -6.80406099e-01 3.74266980e-07
2.22222222e-01 3.33333333e-01 -6.63087012e-01 -6.63086647e-01 3.64740147e-07
2.32323232e-01 3.33333333e-01 -6.45099878e-01 -6.45099524e-01 3.54846052e-07
2.42424242e-01 3.33333333e-01 -6.26463184e-01 -6.26462839e-01 3.44594657e-07
2.52525253e-01 3.33333333e-01 -6.07195694e-01 -6.07195360e-01 3.33996285e-07
2.62626263e-01 3.33333333e-01 -5.87316810e-01 -5.87316487e-01 3.23061606e-07
2.72727273e-01 3.33333333e-01 -5.66846547e-01 -5.66846235e-01 3.11801632e-07
2.82828283e-01 3.33333333e-01 -5.45805518e-01 -5.45805218e-01 3.00227700e-07
2.92929293e-01 3.33333333e-01 -5.24214909e-01 -5.24214620e-01 2.88351464e-07
3.03030303e-01 3.33333333e-01 -5.02096460e-01 -5.02096184e-01 2.76184882e-07
3.13131313e-01 3.33333333e-01 -4.79472442e-01 -4.79472179e-01 2.63740206e-07
3.23232323e-01 3.33333333e-01 -4.56365637e-01 -4.56365386e-01 2.51029966e-07
3.33333333e-01 3.33333333e-01 -4.32799309e-01 -4.32799071e-01 2.38066960e-07
3.43434343e-01 3.33333333e-01 -4.08797190e-01 -4.08796965e-01 2.24864241e-07
3.53535354e-01 3.33333333e-01 -3.84383447e-01 -3.84383235e-01 2.11435102e-07
3.63636364e-01 3.33333333e-01 -3.59582662e-01 -3.59582464e-01 1.97793066e-07
3.73737374e-01 3.33333333e-01 -3.34419807e-01 -3.34419623e-01 1.83951870e-07
3.83838384e-01 3.33333333e-01 -3.08920221e-01 -3.08920051e-01 1.69925449e-07
3.93939394e-01 3.33333333e-01 -2.83109577e-01 -2.83109422e-01 1.55727928e-07
4.04040404e-01 3.33333333e-01 -2.57013867e-01 -2.57013725e-01 1.41373602e-07
4.14141414e-01 3.33333333e-01 -2.30659365e-01 -2.30659238e-01 1.26876925e-07
4.24242424e-01 3.33333333e-01 -2.04072609e-01 -2.04072497e-01 1.12252494e-07
4.34343434e-01 3.33333333e-01 -1.77280369e-01 -1.77280272e-01 9.75150337e-08
4.44444444e-01 3.33333333e-01 -1.50309623e-01 -1.50309540e-01 8.26793842e-08
4.54545455e-01 3.33333333e-01 -1.23187527e-01 -1.23187460e-01 6.77604834e-08
4.64646465e-01 3.33333333e-01 -9.59413928e-02 -9.59413400e-02 5.27733537e-08
4.74747475e-01 3.33333333e-01 -6.85986532e-02 -6.85986155e-02 3.77330857e-08
4.84848485e-01 3.33333333e-01 -4.11868406e-02 -4.11868180e-02 2.26548236e-08
4.94949495e-01 3.33333333e-01 -1.37335564e-02 -1.37335488e-02 7.55375007e-09
5.05050505e-01 3.33333333e-01 1.37335564e-02 1.37335488e-02 7.55492945e-09
5.15151515e-01 3.33333333e-01 4.11868406e-02 4.11868180e-02 2.26560018e-08
5.25252525e-01 3.33333333e-01 6.85986532e-02 6.85986155e-02 3.77342615e-08
5.35353535e-01 3.33333333e-01 9.59413928e-02 9.59413400e-02 5.27745260e-08
5.45454545e-01 3.33333333e-01 1.23187527e-01 1.23187460e-01 6.77616510e-08
5.55555556e-01 3.33333333e-01 1.50309623e-01 1.50309540e-01 8.26805459e-08
5.65656566e-01 3.33333333e-01 1.77280369e-01 1.77280272e-01 9.75161882e-08
5.75757576e-01 3.33333333e-01 2.04072609e-01 2.04072497e-01 1.12253640e-07
5.85858586e-01 3.33333333e-01 2.30659365e-01 2.30659238e-01 1.26878062e-07
5.95959596e-01 3.33333333e-01 2.57013867e-01 2.57013725e-01 1.41374729e-07
6.06060606e-01 3.33333333e-01 2.83109577e-01 2.83109422e-01 1.55729043e-07
6.16161616e-01 3.33333333e-01 3.08920221e-01 3.08920051e-01 1.69926551e-07
6.26262626e-01 3.33333333e-01 3.34419807e-01 3.34419623e-01 1.83952958e-07
6.36363636e-01 3.33333333e-01 3.59582662e-01 3.59582464e-01 1.97794139e-07
6.46464646e-01 3.33333333e-01 3.84383447e-01 3.84383235e-01 2.11436159e-07
6.56565657e-01 3.33333333e-01 4.08797190e-01 4.08796965e-01 2.24865281e-07
6.66666667e-01 3.33333333e-01 4.32799309e-01 4.32799071e-01 2.38067981e-07
6.76767677e-01 3.33333333e-01 4.56365637e-01 4.56365386e-01 2.51030968e-07
6.86868687e-01 3.33333333e-01 4.79472442e-01 4.79472179e-01 2.63741188e-07
6.96969697e-01 3.33333333e-01 5.02096460e-01 5.02096184e-01 2.76185843e-07
7.07070707e-01 3.33333333e-01 5.24214909e-01 5.24214620e-01 2.88352402e-07
7.17171717e-01 3.33333333e-01 5.45805518e-01 5.45805218e-01 3.00228615e-07
7.27272727e-01 3.33333333e-01 5.66846547e-01 5.66846235e-01 3.11802523e-07
7.37373737e-01 3.33333333e-01 5.87316810e-01 5.87316487e-01 3.23062472e-07
7.47474747e-01 3.33333333e-01 6.07195694e-01 6.07195360e-01 3.33997125e-07
7.57575758e-01 3.33333333e-01 6.26463184e-01 6.26462839e-01 3.44595471e-07
7.67676768e-01 3.33333333e-01 6.45099878e-01 6.45099524e-01 3.54846839e-07
7.77777778e-01 3.33333333e-01 6.63087012e-01 6.63086647e-01 3.64740905e-07
7.87878788e-01 3.33333333e-01 6.80406473e-01 6.80406099e-01 3.74267709e-07
7.97979798e-01 3.33333333e-01 6.97040823e-01 6.97040439e-01 3.83417657e-07
8.08080808e-01 3.33333333e-01 7.12973311e-01 7.12972919e-01 3.92181535e-07
8.18181818e-01 3.33333333e-01 7.28187896e-01 7.28187496e-01 4.00550521e-07
8.28282828e-01 3.33333333e-01 7.42669258e-01 7.42668849e-01 4.08516185e-07
8.38383838e-01 3.33333333e-01 7.56402814e-01 7.56402398e-01 4.16070509e-07
8.48484848e-01 3.33333333e-01 7.69374737e-01 7.69374314e-01 4.23205885e-07
8.58585859e-01 3.33333333e-01 7.81571965e-01 7.81571535e-01 4.29915128e-07
8.68686869e-01 3.33333333e-01 7.92982216e-01 7.92981779e-01 4.36191484e-07
8.78787879e-01 3.33333333e-01 8.03594001e-01 8.03593559e-01 4.42028631e-07
8.88888889e-01 3.33333333e-01 8.13396635e-01 8.13396187e-01 4.47420693e-07
8.98989899e-01 3.33333333e-01 8.22380247e-01 8.22379795e-01 4.52362240e-07
9.09090909e-01 3.33333333e-01 8.30535793e-01 8.30535336e-01 4.56848297e-07
9.19191919e-01 3.33333333e-01 8.37855059e-01 8.37854598e-01 4.60874345e-07
9.29292929e-01 3.33333333e-01 8.44330676e-01 8.44330212e-01 4.64436310e-07
9.39393939e-01 3.33333333e-01 8.49956124e-01 8.49955657e-01 4.67530348e-07
9.49494949e-01 3.33333333e-01 8.54725738e-01 8.54725268e-01 4.70150236e-07
9.59595960e-01 3.33333333e-01 8.58634716e-01 8.58634244e-01 4.72279017e-07
9.69696970e-01 3.33333333e-01 8.61679121e-01 8.61678647e-01 4.73634349e-07
9.79797980e-01 3.33333333e-01 8.63855884e-01 8.63855414e-01 4.70490048e-07
9.89898990e-01 3.33333333e-01 8.65162773e-01 8.65162351e-01 4.22203171e-07
1.00000000e+00 3.33333333e-01 8.65598143e-01 8.65598143e-01 0.00000000e+00
0.00000000e+00 3.43434343e-01 -7.75763546e-01 -7.75763546e-01 0.00000000e+00
1.01010101e-02 3.43434343e-01 -7.75373360e-01 -7.75372982e-01 3.78388620e-07
2.02020202e-02 3.43434343e-01 -7.74202105e-01 -7.74201683e-01 4.21664465e-07
3.03030303e-02 3.43434343e-01 -7.72251253e-01 -7.72250828e-01 4.24482425e-07
4.04040404e-02 3.43434343e-01 -7.69522806e-01 -7.69522383e-01 4.23267558e-07
5.05050505e-02 3.43434343e-01 -7.66019515e-01 -7.66019094e-01 4.21358808e-07
6.06060606e-02 3.43434343e-01 -7.61744907e-01 -7.61744488e-01 4.19008535e-07
7.07070707e-02 3.43434343e-01 -7.56703286e-01 -7.56702870e-01 4.16235358e-07
8.08080808e-02 3.43434343e-01 -7.50899730e-01 -7.50899317e-01 4.13043015e-07
9.09090909e-02 3.43434343e-01 -7.44340081e-01 -7.44339671e-01 4.09434771e-07
1.01010101e-01 3.43434343e-01 -7.37030945e-01 -7.37030539e-01 4.05414259e-07
1.11111111e-01 3.43434343e-01 -7.28979680e-01 -7.28979280e-01 4.00985531e-07
1.21212121e-01 3.43434343e-01 -7.20194396e-01 -7.20194000e-01 3.96153044e-07
1.31313131e-01 3.43434343e-01 -7.10683936e-01 -7.10683545e-01 3.90921664e-07
1.41414141e-01 3.43434343e-01 -7.00457878e-01 -7.00457493e-01 3.85296659e-07
1.51515152e-01 3.43434343e-01 -6.89526519e-01 -6.89526139e-01 3.79283693e-07
1.61616162e-01 3.43434343e-01 -6.77900864e-01 -6.77900491e-01 3.72888821e-07
1.71717172e-01 3.43434343e-01 -6.65592621e-01 -6.65592255e-01 3.66118481e-07
1.81818182e-01 3.43434343e-01 -6.52614183e-01 -6.52613824e-01 3.58979491e-07
1.91919192e-01 3.43434343e-01 -6.38978617e-01 -6.38978265e-01 3.51479039e-07
2.02020202e-01 3.43434343e-01 -6.24699654e-01 -6.24699310e-01 3.43624677e-07
2.12121212e-01 3.43434343e-01 -6.09791671e-01 -6.09791336e-01 3.35424315e-07
2.22222222e-01 3.43434343e-01 -5.94269680e-01 -5.94269353e-01 3.26886208e-07
2.32323232e-01 3.43434343e-01 -5.78149310e-01 -5.78148992e-01 3.18018955e-07
2.42424242e-01 3.43434343e-01 -5.61446792e-01 -5.61446484e-01 3.08831484e-07
2.52525253e-01 3.43434343e-01 -5.44178946e-01 -5.44178646e-01 2.99333046e-07
2.62626263e-01 3.43434343e-01 -5.26363157e-01 -5.26362867e-01 2.89533205e-07
2.72727273e-01 3.43434343e-01 -5.08017364e-01 -5.08017085e-01 2.79441828e-07
2.82828283e-01 3.43434343e-01 -4.89160042e-01 -4.89159773e-01 2.69069077e-07
2.92929293e-01 3.43434343e-01 -4.69810177e-01 -4.69809918e-01 2.58425396e-07
3.03030303e-01 3.43434343e-01 -4.49987252e-01 -4.49987005e-01 2.47521503e-07
3.13131313e-01 3.43434343e-01 -4.29711229e-01 -4.29710993e-01 2.36368377e-07
3.23232323e-01 3.43434343e-01 -4.09002523e-01 -4.09002298e-01 2.24977247e-07
3.33333333e-01 3.43434343e-01 -3.87881986e-01 -3.87881773e-01 2.13359585e-07
3.43434343e-01 3.43434343e-01 -3.66370885e-01 -3.66370684e-01 2.01527088e-07
3.53535354e-01 3.43434343e-01 -3.44490879e-01 -3.44490690e-01 1.89491670e-07
3.63636364e-01 3.43434343e-01 -3.22264001e-01 -3.22263823e-01 1.77265449e-07
3.73737374e-01 3.43434343e-01 -2.99712629e-01 -2.99712465e-01 1.64860738e-07
3.83838384e-01 3.43434343e-01 -2.76859473e-01 -2.76859321e-01 1.52290026e-07
3.93939394e-01 3.43434343e-01 -2.53727543e-01 -2.53727403e-01 1.39565971e-07
4.04040404e-01 3.43434343e-01 -2.30340130e-01 -2.30340003e-01 1.26701385e-07
4.14141414e-01 3.43434343e-01 -2.06720784e-01 -2.06720671e-01 1.13709221e-07
4.24242424e-01 3.43434343e-01 -1.82893288e-01 -1.82893188e-01 1.00602561e-07
4.34343434e-01 3.43434343e-01 -1.58881634e-01 -1.58881547e-01 8.73946034e-08
4.44444444e-01 3.43434343e-01 -1.34710000e-01 -1.34709926e-01 7.40986468e-08
4.54545455e-01 3.43434343e-01 -1.10402724e-01 -1.10402664e-01 6.07280789e-08
4.64646465e-01 3.43434343e-01 -8.59842823e-02 -8.59842350e-02 4.72963632e-08
4.74747475e-01 3.43434343e-01 -6.14792614e-02 -6.14792275e-02 3.38170241e-08
4.84848485e-01 3.43434343e-01 -3.69123360e-02 -3.69123157e-02 2.03036339e-08
4.94949495e-01 3.43434343e-01 -1.23082431e-02 -1.23082364e-02 6.76979982e-09
5.05050505e-01 3.43434343e-01 1.23082431e-02 1.23082364e-02 6.77085089e-09
5.15151515e-01 3.43434343e-01 3.69123360e-02 3.69123157e-02 2.03046839e-08
5.25252525e-01 3.43434343e-01 6.14792614e-02 6.14792275e-02 3.38180719e-08
5.35353535e-01 3.43434343e-01 8.59842823e-02 8.59842350e-02 4.72974080e-08
5.45454545e-01 3.43434343e-01 1.10402724e-01 1.10402664e-01 6.07291195e-08
5.55555556e-01 3.43434343e-01 1.34710000e-01 1.34709926e-01 7.40996820e-08
5.65656566e-01 3.43434343e-01 1.58881634e-01 1.58881547e-01 8.73956323e-08
5.75757576e-01 3.43434343e-01 1.82893288e-01 1.82893188e-01 1.00603583e-07
5.85858586e-01 3.43434343e-01 2.06720784e-01 2.06720671e-01 1.13710234e-07
5.95959596e-01 3.43434343e-01 2.30340130e-01 2.30340003e-01 1.26702388e-07
6.06060606e-01 3.43434343e-01 2.53727543e-01 2.53727403e-01 1.39566964e-07
6.16161616e-01 3.43434343e-01 2.76859473e-01 2.76859321e-01 1.52291008e-07
6.26262626e-01 3.43434343e-01 2.99712629e-01 2.99712465e-01 1.64861708e-07
6.36363636e-01 3.43434343e-01 3.22264001e-01 3.22263823e-01 1.77266406e-07
6.46464646e-01 3.43434343e-01 3.44490879e-01 3.44490690e-01 1.89492612e-07
6.56565657e-01 3.43434343e-01 3.66370885e-01 3.66370684e-01 2.01528014e-07
6.66666667e-01 3.43434343e-01 3.87881986e-01 3.87881773e-01 2.13360495e-07
6.76767677e-01 3.43434343e-01 4.09002523e-01 4.09002298e-01 2.24978141e-07
6.86868687e-01 3.43434343e-01 4.29711229e-01 4.29710993e-01 2.36369252e-07
6.96969697e-01 3.43434343e-01 4.49987252e-01 4.49987005e-01 2.47522359e-07
7.07070707e-01 3.43434343e-01 4.69810177e-01 4.69809918e-01 2.58426233e-07
7.17171717e-01 3.43434343e-01 4.89160042e-01 4.89159773e-01 2.69069893e-07
7.27272727e-01 3.43434343e-01 5.08017364e-01 5.08017085e-01 2.79442622e-07
7.37373737e-01 3.43434343e-01 5.26363157e-01 5.26362867e-01 2.89533977e-07
7.47474747e-01 3.43434343e-01 5.44178946e-01 5.44178646e-01 2.99333795e-07
7.57575758e-01 3.43434343e-01 5.61446792e-01 5.61446484e-01 3.08832210e-07
7.67676768e-01 3.43434343e-01 5.78149310e-01 5.78148992e-01 3.18019656e-07
7.77777778e-01 3.43434343e-01 5.94269680e-01 5.94269353e-01 3.26886884e-07
7.87878788e-01 3.43434343e-01 6.09791671e-01 6.09791336e-01 3.35424965e-07
7.97979798e-01 3.43434343e-01 6.24699654e-01 6.24699310e-01 3.43625300e-07
8.08080808e-01 3.43434343e-01 6.38978617e-01 6.38978265e-01 3.51479635e-07
8.18181818e-01 3.43434343e-01 6.52614183e-01 6.52613824e-01 3.58980059e-07
8.28282828e-01 3.43434343e-01 6.65592621e-01 6.65592255e-01 3.66119021e-07
8.38383838e-01 3.43434343e-01 6.77900864e-01 6.77900491e-01 3.72889332e-07
8.48484848e-01 3.43434343e-01 6.89526519e-01 6.89526139e-01 3.79284175e-07
8.58585859e-01 3.43434343e-01 7.00457878e-01 7.00457493e-01 3.85297111e-07
8.68686869e-01 3.43434343e-01 7.10683936e-01 7.10683545e-01 3.90922085e-07
8.78787879e-01 3.43434343e-01 7.20194396e-01 7.20194000e-01 3.96153434e-07
8.88888889e-01 3.43434343e-01 7.28979680e-01 7.28979280e-01 4.00985891e-07
8.98989899e-01 3.43434343e-01 7.37030945e-01 7.37030539e-01 4.05414588e-07
9.09090909e-01 3.43434343e-01 7.44340081e-01 7.44339671e-01 4.09435067e-07
9.19191919e-01 3.43434343e-01 7.50899730e-01 7.50899317e-01 4.13043278e-07
9.29292929e-01 3.43434343e-01 7.56703286e-01 7.56702870e-01 4.16235571e-07
9.39393939e-01 3.43434343e-01 7.61744907e-01 7.61744488e-01 4.19008500e-07
9.49494949e-01 3.43434343e-01 7.66019515e-01 7.66019094e-01 4.21356488e-07
9.59595960e-01 3.43434343e-01 7.69522806e-01 7.69522383e-01 4.23264353e-07
9.69696970e-01 3.43434343e-01 7.72251253e-01 7.72250828e-01 4.24479031e-07
9.79797980e-01 3.43434343e-01 7.74202105e-01 7.74201683e-01 4.21661057e-07
9.89898990e-01 3.43434343e-01 7.75373360e-01 7.75372982e-01 3.78385549e-07
1.00000000e+00 3.43434343e-01 7.75763546e-01 7.75763546e-01 0.00000000e+00
0.00000000e+00 3.53535354e-01 -6.66440044e-01 -6.66440044e-01 0.00000000e+00
1.01010101e-02 3.53535354e-01 -6.66104845e-01 -6.66104520e-01 3.25064655e-07
2.02020202e-02 3.53535354e-01 -6.65098647e-01 -6.65098285e-01 3.62241904e-07
3.03030303e-02 3.53535354e-01 -6.63422717e-01 -6.63422352e-01 3.64662746e-07
4.04040404e-02 3.53535354e-01 -6.61078773e-01 -6.61078409e-01 3.63619083e-07
5.05050505e-02 3.53535354e-01 -6.58069179e-01 -6.58068817e-01 3.61979322e-07
6.06060606e-02 3.53535354e-01 -6.54396965e-01 -6.54396605e-01 3.59960257e-07
7.07070707e-02 3.53535354e-01 -6.50065828e-01 -6.50065470e-01 3.57577888e-07
8.08080808e-02 3.53535354e-01 -6.45080130e-01 -6.45079776e-01 3.54835422e-07
9.09090909e-02 3.53535354e-01 -6.39444892e-01 -6.39444540e-01 3.51735665e-07
1.01010101e-01 3.53535354e-01 -6.33165786e-01 -6.33165438e-01 3.48281740e-07
1.11111111e-01 3.53535354e-01 -6.26249136e-01 -6.26248792e-01 3.44477125e-07
1.21212121e-01 3.53535354e-01 -6.18701907e-01 -6.18701566e-01 3.40325650e-07
1.31313131e-01 3.53535354e-01 -6.10531697e-01 -6.10531361e-01 3.35831496e-07
1.41414141e-01 3.53535354e-01 -6.01746733e-01 -6.01746402e-01 3.30999189e-07
1.51515152e-01 3.53535354e-01 -5.92355862e-01 -5.92355536e-01 3.25833593e-07
1.61616162e-01 3.53535354e-01 -5.82368538e-01 -5.82368218e-01 3.20339910e-07
1.71717172e-01 3.53535354e-01 -5.71794819e-01 -5.71794504e-01 3.14523673e-07
1.81818182e-01 3.53535354e-01 -5.60645350e-01 -5.60645042e-01 3.08390736e-07
1.91919192e-01 3.53535354e-01 -5.48931359e-01 -5.48931057e-01 3.01947277e-07
2.02020202e-01 3.53535354e-01 -5.36664641e-01 -5.36664346e-01 2.95199782e-07
2.12121212e-01 3.53535354e-01 -5.23857547e-01 -5.23857259e-01 2.88155046e-07
2.22222222e-01 3.53535354e-01 -5.10522973e-01 -5.10522693e-01 2.80820162e-07
2.32323232e-01 3.53535354e-01 -4.96674346e-01 -4.96674073e-01 2.73202516e-07
2.42424242e-01 3.53535354e-01 -4.82325610e-01 -4.82325344e-01 2.65309778e-07
2.52525253e-01 3.53535354e-01 -4.67491212e-01 -4.67490955e-01 2.57149896e-07
2.62626263e-01 3.53535354e-01 -4.52186091e-01 -4.52185842e-01 2.48731086e-07
2.72727273e-01 3.53535354e-01 -4.36425657e-01 -4.36425417e-01 2.40061824e-07
2.82828283e-01 3.53535354e-01 -4.20225779e-01 -4.20225547e-01 2.31150841e-07
2.92929293e-01 3.53535354e-01 -4.03602769e-01 -4.03602547e-01 2.22007108e-07
3.03030303e-01 3.53535354e-01 -3.86573365e-01 -3.86573153e-01 2.12639833e-07
3.13131313e-01 3.53535354e-01 -3.69154715e-01 -3.69154512e-01 2.03058448e-07
3.23232323e-01 3.53535354e-01 -3.51364357e-01 -3.51364164e-01 1.93272600e-07
3.33333333e-01 3.53535354e-01 -3.33220205e-01 -3.33220022e-01 1.83292143e-07
3.43434343e-01 3.53535354e-01 -3.14740529e-01 -3.14740356e-01 1.73127126e-07
3.53535354e-01 3.53535354e-01 -2.95943936e-01 -2.95943773e-01 1.62787785e-07
3.63636364e-01 3.53535354e-01 -2.76849352e-01 -2.76849200e-01 1.52284531e-07
3.73737374e-01 3.53535354e-01 -2.57476004e-01 -2.57475863e-01 1.41627938e-07
3.83838384e-01 3.53535354e-01 -2.37843400e-01 -2.37843269e-01 1.30828739e-07
3.93939394e-01 3.53535354e-01 -2.17971308e-01 -2.17971188e-01 1.19897806e-07
4.04040404e-01 3.53535354e-01 -1.97879737e-01 -1.97879628e-01 1.08846146e-07
4.14141414e-01 3.53535354e-01 -1.77588918e-01 -1.77588820e-01 9.76848875e-08
4.24242424e-01 3.53535354e-01 -1.57119282e-01 -1.57119195e-01 8.64252684e-08
4.34343434e-01 3.53535354e-01 -1.36491440e-01 -1.36491365e-01 7.50786264e-08
4.44444444e-01 3.53535354e-01 -1.15726163e-01 -1.15726099e-01 6.36563866e-08
4.54545455e-01 3.53535354e-01 -9.48443593e-02 -9.48443071e-02 5.21700502e-08
4.64646465e-01 3.53535354e-01 -7.38670555e-02 -7.38670149e-02 4.06311830e-08
4.74747475e-01 3.53535354e-01 -5.28153738e-02 -5.28153448e-02 2.90514036e-08
4.84848485e-01 3.53535354e-01 -3.17105115e-02 -3.17104941e-02 1.74423718e-08
4.94949495e-01 3.53535354e-01 -1.05737195e-02 -1.05737136e-02 5.81577715e-09
5.05050505e-01 3.53535354e-01 1.05737195e-02 1.05737136e-02 5.81667352e-09
5.15151515e-01 3.53535354e-01 3.17105115e-02 3.17104941e-02 1.74432673e-08
5.25252525e-01 3.53535354e-01 5.28153738e-02 5.28153448e-02 2.90522972e-08
5.35353535e-01 3.53535354e-01 7.38670555e-02 7.38670149e-02 4.06320739e-08
5.45454545e-01 3.53535354e-01 9.48443593e-02 9.48443071e-02 5.21709375e-08
5.55555556e-01 3.53535354e-01 1.15726163e-01 1.15726099e-01 6.36572695e-08
5.65656566e-01 3.53535354e-01 1.36491440e-01 1.36491365e-01 7.50795038e-08
5.75757576e-01 3.53535354e-01 1.57119282e-01 1.57119195e-01 8.64261396e-08
5.85858586e-01 3.53535354e-01 1.77588918e-01 1.77588820e-01 9.76857517e-08
5.95959596e-01 3.53535354e-01 1.97879737e-01 1.97879628e-01 1.08847002e-07
6.06060606e-01 3.53535354e-01 2.17971308e-01 2.17971188e-01 1.19898653e-07
6.16161616e-01 3.53535354e-01 2.37843400e-01 2.37843269e-01 1.30829576e-07
6.26262626e-01 3.53535354e-01 2.57476004e-01 2.57475863e-01 1.41628765e-07
6.36363636e-01 3.53535354e-01 2.76849352e-01 2.76849200e-01 1.52285346e-07
6.46464646e-01 3.53535354e-01 2.95943936e-01 2.95943773e-01 1.62788588e-07
6.56565657e-01 3.53535354e-01 3.14740529e-01 3.14740356e-01 1.73127916e-07
6.66666667e-01 3.53535354e-01 3.33220205e-01 3.33220022e-01 1.83292919e-07
6.76767677e-01 3.53535354e-01 3.51364357e-01 3.51364164e-01 1.93273362e-07
6.86868687e-01 3.53535354e-01 3.69154715e-01 3.69154512e-01 2.03059194e-07
6.96969697e-01 3.53535354e-01 3.86573365e-01 3.86573153e-01 2.12640563e-07
7.07070707e-01 3.53535354e-01 4.03602769e-01 4.03602547e-01 2.22007822e-07
7.17171717e-01 3.53535354e-01 4.20225779e-01 4.20225547e-01 2.31151537e-07
7.27272727e-01 3.53535354e-01 4.36425657e-01 4.36425417e-01 2.40062502e-07
7.37373737e-01 3.53535354e-01 4.52186091e-01 4.52185842e-01 2.48731744e-07
7.47474747e-01 3.53535354e-01 4.67491212e-01 4.67490955e-01 2.57150535e-07
7.57575758e-01 3.53535354e-01 4.82325610e-01 4.82325344e-01 2.65310397e-07
7.67676768e-01 3.53535354e-01 4.96674346e-01 4.96674073e-01 2.73203113e-07
7.77777778e-01 3.53535354e-01 5.10522973e-01 5.10522693e-01 2.80820738e-07
7.87878788e-01 3.53535354e-01 5.23857547e-01 5.23857259e-01 2.88155600e-07
7.97979798e-01 3.53535354e-01 5.36664641e-01 5.36664346e-01 2.95200313e-07
8.08080808e-01 3.53535354e-01 5.48931359e-01 5.48931057e-01 3.01947785e-07
8.18181818e-01 3.53535354e-01 5.60645350e-01 5.60645042e-01 3.08391221e-07
8.28282828e-01 3.53535354e-01 5.71794819e-01 5.71794504e-01 3.14524133e-07
8.38383838e-01 3.53535354e-01 5.82368538e-01 5.82368218e-01 3.20340346e-07
8.48484848e-01 3.53535354e-01 5.92355862e-01 5.92355536e-01 3.25834004e-07
8.58585859e-01 3.53535354e-01 6.01746733e-01 6.01746402e-01 3.30999574e-07
8.68686869e-01 3.53535354e-01 6.10531697e-01 6.10531361e-01 3.35831855e-07
8.78787879e-01 3.53535354e-01 6.18701907e-01 6.18701566e-01 3.40325983e-07
8.88888889e-01 3.53535354e-01 6.26249136e-01 6.26248792e-01 3.44477431e-07
8.98989899e-01 3.53535354e-01 6.33165786e-01 6.33165438e-01 3.48282020e-07
9.09090909e-01 3.53535354e-01 6.39444892e-01 6.39444540e-01 3.51735917e-07
9.19191919e-01 3.53535354e-01 6.45080130e-01 6.45079776e-01 3.54835646e-07
9.29292929e-01 3.53535354e-01 6.50065828e-01 6.50065470e-01 3.57578069e-07
9.39393939e-01 3.53535354e-01 6.54396965e-01 6.54396605e-01 3.59960226e-07
9.49494949e-01 3.53535354e-01 6.58069179e-01 6.58068817e-01 3.61977329e-07
9.59595960e-01 3.53535354e-01 6.61078773e-01 6.61078409e-01 3.63616349e-07
9.69696970e-01 3.53535354e-01 6.63422717e-01 6.63422352e-01 3.64659856e-07
9.79797980e-01 3.53535354e-01 6.65098647e-01 6.65098285e-01 3.62239003e-07
9.89898990e-01 3.53535354e-01 6.66104845e-01 6.66104520e-01 3.25062042e-07
1.00000000e+00 3.53535354e-01 6.66440044e-01 6.66440044e-01 0.00000000e+00
0.00000000e+00 3.63636364e-01 -5.40374088e-01 -5.40374088e-01 0.00000000e+00
1.01010101e-02 3.63636364e-01 -5.40102296e-01 -5.40102032e-01 2.63574344e-07
2.02020202e-02 3.63636364e-01 -5.39286434e-01 -5.39286140e-01 2.93719021e-07
3.03030303e-02 3.63636364e-01 -5.37927528e-01 -5.37927232e-01 2.95681928e-07
4.04040404e-02 3.63636364e-01 -5.36026972e-01 -5.36026677e-01 2.94835688e-07
5.05050505e-02 3.63636364e-01 -5.33586682e-01 -5.33586389e-01 2.93506110e-07
6.06060606e-02 3.63636364e-01 -5.30609116e-01 -5.30608824e-01 2.91868978e-07
7.07070707e-02 3.63636364e-01 -5.27097271e-01 -5.27096981e-01 2.89937266e-07
8.08080808e-02 3.63636364e-01 -5.23054684e-01 -5.23054396e-01 2.87713574e-07
9.09090909e-02 3.63636364e-01 -5.18485425e-01 -5.18485140e-01 2.85200178e-07
1.01010101e-01 3.63636364e-01 -5.13394096e-01 -5.13393814e-01 2.82399609e-07
1.11111111e-01 3.63636364e-01 -5.07785822e-01 -5.07785543e-01 2.79314687e-07
1.21212121e-01 3.63636364e-01 -5.01666251e-01 -5.01665975e-01 2.75948519e-07
1.31313131e-01 3.63636364e-01 -4.95041544e-01 -4.95041272e-01 2.72304495e-07
1.41414141e-01 3.63636364e-01 -4.87918373e-01 -4.87918104e-01 2.68386282e-07
1.51515152e-01 3.63636364e-01 -4.80303909e-01 -4.80303645e-01 2.64197828e-07
1.61616162e-01 3.63636364e-01 -4.72205820e-01 -4.72205560e-01 2.59743349e-07
1.71717172e-01 3.63636364e-01 -4.63632259e-01 -4.63632004e-01 2.55027330e-07
1.81818182e-01 3.63636364e-01 -4.54591860e-01 -4.54591610e-01 2.50054521e-07
1.91919192e-01 3.63636364e-01 -4.45093726e-01 -4.45093481e-01 2.44829927e-07
2.02020202e-01 3.63636364e-01 -4.35147420e-01 -4.35147181e-01 2.39358811e-07
2.12121212e-01 3.63636364e-01 -4.24762958e-01 -4.24762724e-01 2.33646681e-07
2.22222222e-01 3.63636364e-01 -4.13950795e-01 -4.13950567e-01 2.27699288e-07
2.32323232e-01 3.63636364e-01 -4.02721819e-01 -4.02721597e-01 2.21522622e-07
2.42424242e-01 3.63636364e-01 -3.91087336e-01 -3.91087121e-01 2.15122900e-07
2.52525253e-01 3.63636364e-01 -3.79059061e-01 -3.79058853e-01 2.08506569e-07
2.62626263e-01 3.63636364e-01 -3.66649106e-01 -3.66648904e-01 2.01680289e-07
2.72727273e-01 3.63636364e-01 -3.53869966e-01 -3.53869772e-01 1.94650934e-07
2.82828283e-01 3.63636364e-01 -3.40734510e-01 -3.40734322e-01 1.87425582e-07
2.92929293e-01 3.63636364e-01 -3.27255962e-01 -3.27255782e-01 1.80011508e-07
3.03030303e-01 3.63636364e-01 -3.13447896e-01 -3.13447723e-01 1.72416178e-07
3.13131313e-01 3.63636364e-01 -2.99324214e-01 -2.99324049e-01 1.64647239e-07
3.23232323e-01 3.63636364e-01 -2.84899138e-01 -2.84898981e-01 1.56712515e-07
3.33333333e-01 3.63636364e-01 -2.70187192e-01 -2.70187044e-01 1.48619995e-07
3.43434343e-01 3.63636364e-01 -2.55203192e-01 -2.55203051e-01 1.40377826e-07
3.53535354e-01 3.63636364e-01 -2.39962223e-01 -2.39962091e-01 1.31994310e-07
3.63636364e-01 3.63636364e-01 -2.24479632e-01 -2.24479509e-01 1.23477886e-07
3.73737374e-01 3.63636364e-01 -2.08771010e-01 -2.08770895e-01 1.14837130e-07
3.83838384e-01 3.63636364e-01 -1.92852172e-01 -1.92852066e-01 1.06080743e-07
3.93939394e-01 3.63636364e-01 -1.76739150e-01 -1.76739052e-01 9.72175419e-08
4.04040404e-01 3.63636364e-01 -1.60448165e-01 -1.60448077e-01 8.82564508e-08
4.14141414e-01 3.63636364e-01 -1.43995623e-01 -1.43995544e-01 7.92064929e-08
4.24242424e-01 3.63636364e-01 -1.27398090e-01 -1.27398020e-01 7.00767809e-08
4.34343434e-01 3.63636364e-01 -1.10672277e-01 -1.10672216e-01 6.08765074e-08
4.44444444e-01 3.63636364e-01 -9.38350272e-02 -9.38349756e-02 5.16149365e-08
4.54545455e-01 3.63636364e-01 -7.69032932e-02 -7.69032509e-02 4.23013937e-08
4.64646465e-01 3.63636364e-01 -5.98941241e-02 -5.98940912e-02 3.29452570e-08
4.74747475e-01 3.63636364e-01 -4.28246467e-02 -4.28246231e-02 2.35559473e-08
4.84848485e-01 3.63636364e-01 -2.57120485e-02 -2.57120344e-02 1.41429185e-08
4.94949495e-01 3.63636364e-01 -8.57356045e-03 -8.57355573e-03 4.71564924e-09
5.05050505e-01 3.63636364e-01 8.57356045e-03 8.57355573e-03 4.71636837e-09
5.15151515e-01 3.63636364e-01 2.57120485e-02 2.57120344e-02 1.41436370e-08
5.25252525e-01 3.63636364e-01 4.28246467e-02 4.28246231e-02 2.35566642e-08
5.35353535e-01 3.63636364e-01 5.98941241e-02 5.98940912e-02 3.29459718e-08
5.45454545e-01 3.63636364e-01 7.69032932e-02 7.69032509e-02 4.23021056e-08
5.55555556e-01 3.63636364e-01 9.38350272e-02 9.38349756e-02 5.16156449e-08
5.65656566e-01 3.63636364e-01 1.10672277e-01 1.10672216e-01 6.08772114e-08
5.75757576e-01 3.63636364e-01 1.27398090e-01 1.27398020e-01 7.00774799e-08
5.85858586e-01 3.63636364e-01 1.43995623e-01 1.43995544e-01 7.92071862e-08
5.95959596e-01 3.63636364e-01 1.60448165e-01 1.60448077e-01 8.82571375e-08
6.06060606e-01 3.63636364e-01 1.76739150e-01 1.76739052e-01 9.72182216e-08
6.16161616e-01 3.63636364e-01 1.92852172e-01 1.92852066e-01 1.06081415e-07
6.26262626e-01 3.63636364e-01 2.08771010e-01 2.08770895e-01 1.14837793e-07
6.36363636e-01 3.63636364e-01 2.24479632e-01 2.24479509e-01 1.23478540e-07
6.46464646e-01 3.63636364e-01 2.39962223e-01 2.39962091e-01 1.31994954e-07
6.56565657e-01 3.63636364e-01 2.55203192e-01 2.55203051e-01 1.40378460e-07
6.66666667e-01 3.63636364e-01 2.70187192e-01 2.70187044e-01 1.48620618e-07
6.76767677e-01 3.63636364e-01 2.84899138e-01 2.84898981e-01 1.56713126e-07
6.86868687e-01 3.63636364e-01 2.99324214e-01 2.99324049e-01 1.64647838e-07
6.96969697e-01 3.63636364e-01 3.13447896e-01 3.13447723e-01 1.72416764e-07
7.07070707e-01 3.63636364e-01 3.27255962e-01 3.27255782e-01 1.80012080e-07
7.17171717e-01 3.63636364e-01 3.40734510e-01 3.40734322e-01 1.87426140e-07
7.27272727e-01 3.63636364e-01 3.53869966e-01 3.53869772e-01 1.94651477e-07
7.37373737e-01 3.63636364e-01 3.66649106e-01 3.66648904e-01 2.01680817e-07
7.47474747e-01 3.63636364e-01 3.79059061e-01 3.79058853e-01 2.08507081e-07
7.57575758e-01 3.63636364e-01 3.91087336e-01 3.91087121e-01 2.15123397e-07
7.67676768e-01 3.63636364e-01 4.02721819e-01 4.02721597e-01 2.21523101e-07
7.77777778e-01 3.63636364e-01 4.13950795e-01 4.13950567e-01 2.27699750e-07
7.87878788e-01 3.63636364e-01 4.24762958e-01 4.24762724e-01 2.33647125e-07
7.97979798e-01 3.63636364e-01 4.35147420e-01 4.35147181e-01 2.39359238e-07
8.08080808e-01 3.63636364e-01 4.45093726e-01 4.45093481e-01 2.44830335e-07
8.18181818e-01 3.63636364e-01 4.54591860e-01 4.54591610e-01 2.50054910e-07
8.28282828e-01 3.63636364e-01 4.63632259e-01 4.63632004e-01 2.55027700e-07
8.38383838e-01 3.63636364e-01 4.72205820e-01 4.72205560e-01 2.59743699e-07
8.48484848e-01 3.63636364e-01 4.80303909e-01 4.80303645e-01 2.64198158e-07
8.58585859e-01 3.63636364e-01 4.87918373e-01 4.87918104e-01 2.68386591e-07
8.68686869e-01 3.63636364e-01 4.95041544e-01 4.95041272e-01 2.72304783e-07
8.78787879e-01 3.63636364e-01 5.01666251e-01 5.01665975e-01 2.75948787e-07
8.88888889e-01 3.63636364e-01 5.07785822e-01 5.07785543e-01 2.79314933e-07
8.98989899e-01 3.63636364e-01 5.13394096e-01 5.13393814e-01 2.82399833e-07
9.09090909e-01 3.63636364e-01 5.18485425e-01 5.18485140e-01 2.85200380e-07
9.19191919e-01 3.63636364e-01 5.23054684e-01 5.23054396e-01 2.87713754e-07
9.29292929e-01 3.63636364e-01 5.27097271e-01 5.27096981e-01 2.89937411e-07
9.39393939e-01 3.63636364e-01 5.30609116e-01 5.30608824e-01 2.91868952e-07
9.49494949e-01 3.63636364e-01 5.33586682e-01 5.33586389e-01 2.93504494e-07
9.59595960e-01 3.63636364e-01 5.36026972e-01 5.36026677e-01 2.94833493e-07
9.69696970e-01 3.63636364e-01 5.37927528e-01 5.37927232e-01 2.95679616e-07
9.79797980e-01 3.63636364e-01 5.39286434e-01 5.39286140e-01 2.93716700e-07
9.89898990e-01 3.63636364e-01 5.40102296e-01 5.40102032e-01 2.63572254e-07
1.00000000e+00 3.63636364e-01 5.40374088e-01 5.40374088e-01 0.00000000e+00
0.00000000e+00 3.73737374e-01 -4.00732733e-01 -4.00732733e-01 0.00000000e+00
1.01010101e-02 3.73737374e-01 -4.00531176e-01 -4.00530981e-01 1.95462460e-07
2.02020202e-02 3.73737374e-01 -3.99926146e-01 -3.99925928e-01 2.17817263e-07
3.03030303e-02 3.73737374e-01 -3.98918403e-01 -3.98918184e-01 2.19272923e-07
4.04040404e-02 3.73737374e-01 -3.97508982e-01 -3.97508763e-01 2.18645365e-07
5.05050505e-02 3.73737374e-01 -3.95699302e-01 -3.95699084e-01 2.17659372e-07
6.06060606e-02 3.73737374e-01 -3.93491187e-01 -3.93490970e-01 2.16445302e-07
7.07070707e-02 3.73737374e-01 -3.90886859e-01 -3.90886644e-01 2.15012776e-07
8.08080808e-02 3.73737374e-01 -3.87888942e-01 -3.87888728e-01 2.13363722e-07
9.09090909e-02 3.73737374e-01 -3.84500453e-01 -3.84500242e-01 2.11499828e-07
1.01010101e-01 3.73737374e-01 -3.80724805e-01 -3.80724595e-01 2.09422972e-07
1.11111111e-01 3.73737374e-01 -3.76565799e-01 -3.76565592e-01 2.07135244e-07
1.21212121e-01 3.73737374e-01 -3.72027624e-01 -3.72027419e-01 2.04638948e-07
1.31313131e-01 3.73737374e-01 -3.67114848e-01 -3.67114646e-01 2.01936599e-07
1.41414141e-01 3.73737374e-01 -3.61832418e-01 -3.61832219e-01 1.99030917e-07
1.51515152e-01 3.73737374e-01 -3.56185654e-01 -3.56185458e-01 1.95924827e-07
1.61616162e-01 3.73737374e-01 -3.50180242e-01 -3.50180049e-01 1.92621458e-07
1.71717172e-01 3.73737374e-01 -3.43822227e-01 -3.43822038e-01 1.89124135e-07
1.81818182e-01 3.73737374e-01 -3.37118013e-01 -3.37117827e-01 1.85436380e-07
1.91919192e-01 3.73737374e-01 -3.30074349e-01 -3.30074168e-01 1.81561906e-07
2.02020202e-01 3.73737374e-01 -3.22698329e-01 -3.22698151e-01 1.77504616e-07
2.12121212e-01 3.73737374e-01 -3.14997378e-01 -3.14997205e-01 1.73268592e-07
2.22222222e-01 3.73737374e-01 -3.06979252e-01 -3.06979083e-01 1.68858103e-07
2.32323232e-01 3.73737374e-01 -2.98652024e-01 -2.98651860e-01 1.64277587e-07
2.42424242e-01 3.73737374e-01 -2.90024079e-01 -2.90023919e-01 1.59531658e-07
2.52525253e-01 3.73737374e-01 -2.81104103e-01 -2.81103949e-01 1.54625093e-07
2.62626263e-01 3.73737374e-01 -2.71901080e-01 -2.71900931e-01 1.49562835e-07
2.72727273e-01 3.73737374e-01 -2.62424276e-01 -2.62424132e-01 1.44349979e-07
2.82828283e-01 3.73737374e-01 -2.52683233e-01 -2.52683094e-01 1.38991776e-07
2.92929293e-01 3.73737374e-01 -2.42687759e-01 -2.42687625e-01 1.33493619e-07
3.03030303e-01 3.73737374e-01 -2.32447918e-01 -2.32447791e-01 1.27861045e-07
3.13131313e-01 3.73737374e-01 -2.21974023e-01 -2.21973901e-01 1.22099727e-07
3.23232323e-01 3.73737374e-01 -2.11276619e-01 -2.11276503e-01 1.16215464e-07
3.33333333e-01 3.73737374e-01 -2.00366477e-01 -2.00366366e-01 1.10214182e-07
3.43434343e-01 3.73737374e-01 -1.89254583e-01 -1.89254478e-01 1.04101924e-07
3.53535354e-01 3.73737374e-01 -1.77952125e-01 -1.77952027e-01 9.78848437e-08
3.63636364e-01 3.73737374e-01 -1.66470485e-01 -1.66470393e-01 9.15692019e-08
3.73737374e-01 3.73737374e-01 -1.54821223e-01 -1.54821138e-01 8.51613577e-08
3.83838384e-01 3.73737374e-01 -1.43016070e-01 -1.43015991e-01 7.86677632e-08
3.93939394e-01 3.73737374e-01 -1.31066911e-01 -1.31066839e-01 7.20949570e-08
4.04040404e-01 3.73737374e-01 -1.18985779e-01 -1.18985713e-01 6.54495571e-08
4.14141414e-01 3.73737374e-01 -1.06784838e-01 -1.06784780e-01 5.87382552e-08
4.24242424e-01 3.73737374e-01 -9.44763745e-02 -9.44763225e-02 5.19678088e-08
4.34343434e-01 3.73737374e-01 -8.20727810e-02 -8.20727358e-02 4.51450353e-08
4.44444444e-01 3.73737374e-01 -6.95865471e-02 -6.95865088e-02 3.82768045e-08
4.54545455e-01 3.73737374e-01 -5.70302454e-02 -5.70302141e-02 3.13700322e-08
4.64646465e-01 3.73737374e-01 -4.44165192e-02 -4.44164948e-02 2.44316730e-08
4.74747475e-01 3.73737374e-01 -3.17580693e-02 -3.17580518e-02 1.74687132e-08
4.84848485e-01 3.73737374e-01 -1.90676417e-02 -1.90676312e-02 1.04881638e-08
4.94949495e-01 3.73737374e-01 -6.35801455e-03 -6.35801105e-03 3.49705373e-09
5.05050505e-01 3.73737374e-01 6.35801455e-03 6.35801105e-03 3.49757756e-09
5.15151515e-01 3.73737374e-01 1.90676417e-02 1.90676312e-02 1.04886871e-08
5.25252525e-01 3.73737374e-01 3.17580693e-02 3.17580518e-02 1.74692354e-08
5.35353535e-01 3.73737374e-01 4.44165192e-02 4.44164948e-02 2.44321937e-08
5.45454545e-01 3.73737374e-01 5.70302454e-02 5.70302141e-02 3.13705508e-08
5.55555556e-01 3.73737374e-01 6.95865471e-02 6.95865088e-02 3.82773205e-08
5.65656566e-01 3.73737374e-01 8.20727810e-02 8.20727358e-02 4.51455481e-08
5.75757576e-01 3.73737374e-01 9.44763745e-02 9.44763225e-02 5.19683180e-08
5.85858586e-01 3.73737374e-01 1.06784838e-01 1.06784780e-01 5.87387602e-08
5.95959596e-01 3.73737374e-01 1.18985779e-01 1.18985713e-01 6.54500574e-08
6.06060606e-01 3.73737374e-01 1.31066911e-01 1.31066839e-01 7.20954520e-08
6.16161616e-01 3.73737374e-01 1.43016070e-01 1.43015991e-01 7.86682525e-08
6.26262626e-01 3.73737374e-01 1.54821223e-01 1.54821138e-01 8.51618409e-08
6.36363636e-01 3.73737374e-01 1.66470485e-01 1.66470393e-01 9.15696785e-08
6.46464646e-01 3.73737374e-01 1.77952125e-01 1.77952027e-01 9.78853131e-08
6.56565657e-01 3.73737374e-01 1.89254583e-01 1.89254478e-01 1.04102386e-07
6.66666667e-01 3.73737374e-01 2.00366477e-01 2.00366366e-01 1.10214636e-07
6.76767677e-01 3.73737374e-01 2.11276619e-01 2.11276503e-01 1.16215909e-07
6.86868687e-01 3.73737374e-01 2.21974023e-01 2.21973901e-01 1.22100163e-07
6.96969697e-01 3.73737374e-01 2.32447918e-01 2.32447791e-01 1.27861472e-07
7.07070707e-01 3.73737374e-01 2.42687759e-01 2.42687625e-01 1.33494036e-07
7.17171717e-01 3.73737374e-01 2.52683233e-01 2.52683094e-01 1.38992182e-07
7.27272727e-01 3.73737374e-01 2.62424276e-01 2.62424132e-01 1.44350375e-07
7.37373737e-01 3.73737374e-01 2.71901080e-01 2.71900931e-01 1.49563220e-07
7.47474747e-01 3.73737374e-01 2.81104103e-01 2.81103949e-01 1.54625467e-07
7.57575758e-01 3.73737374e-01 2.90024079e-01 2.90023919e-01 1.59532019e-07
7.67676768e-01 3.73737374e-01 2.98652024e-01 2.98651860e-01 1.64277936e-07
7.77777778e-01 3.73737374e-01 3.06979252e-01 3.06979083e-01 1.68858439e-07
7.87878788e-01 3.73737374e-01 3.14997378e-01 3.14997205e-01 1.73268916e-07
7.97979798e-01 3.73737374e-01 3.22698329e-01 3.22698151e-01 1.77504926e-07
8.08080808e-01 3.73737374e-01 3.30074349e-01 3.30074168e-01 1.81562204e-07
8.18181818e-01 3.73737374e-01 3.37118013e-01 3.37117827e-01 1.85436663e-07
8.28282828e-01 3.73737374e-01 3.43822227e-01 3.43822038e-01 1.89124404e-07
8.38383838e-01 3.73737374e-01 3.50180242e-01 3.50180049e-01 1.92621712e-07
8.48484848e-01 3.73737374e-01 3.56185654e-01 3.56185458e-01 1.95925067e-07
8.58585859e-01 3.73737374e-01 3.61832418e-01 3.61832219e-01 1.99031142e-07
8.68686869e-01 3.73737374e-01 3.67114848e-01 3.67114646e-01 2.01936809e-07
8.78787879e-01 3.73737374e-01 3.72027624e-01 3.72027419e-01 2.04639143e-07
8.88888889e-01 3.73737374e-01 3.76565799e-01 3.76565592e-01 2.07135423e-07
8.98989899e-01 3.73737374e-01 3.80724805e-01 3.80724595e-01 2.09423135e-07
9.09090909e-01 3.73737374e-01 3.84500453e-01 3.84500242e-01 2.11499976e-07
9.19191919e-01 3.73737374e-01 3.87888942e-01 3.87888728e-01 2.13363853e-07
9.29292929e-01 3.73737374e-01 3.90886859e-01 3.90886644e-01 2.15012881e-07
9.39393939e-01 3.73737374e-01 3.93491187e-01 3.93490970e-01 2.16445281e-07
9.49494949e-01 3.73737374e-01 3.95699302e-01 3.95699084e-01 2.17658174e-07
9.59595960e-01 3.73737374e-01 3.97508982e-01 3.97508763e-01 2.18643766e-07
9.69696970e-01 3.73737374e-01 3.98918403e-01 3.98918184e-01 2.19271245e-07
9.79797980e-01 3.73737374e-01 3.99926146e-01 3.99925928e-01 2.17815581e-07
9.89898990e-01 3.73737374e-01 4.00531176e-01 4.00530981e-01 1.95460944e-07
1.00000000e+00 3.73737374e-01 4.00732733e-01 4.00732733e-01 0.00000000e+00
0.00000000e+00 3.83838384e-01 -2.51024081e-01 -2.51024081e-01 0.00000000e+00
1.01010101e-02 3.83838384e-01 -2.50897824e-01 -2.50897701e-01 1.22440124e-07
2.02020202e-02 3.83838384e-01 -2.50518825e-01 -2.50518689e-01 1.36443451e-07
3.03030303e-02 3.83838384e-01 -2.49887562e-01 -2.49887425e-01 1.37355295e-07
4.04040404e-02 3.83838384e-01 -2.49004682e-01 -2.49004545e-01 1.36962185e-07
5.05050505e-02 3.83838384e-01 -2.47871076e-01 -2.47870940e-01 1.36344547e-07
6.06060606e-02 3.83838384e-01 -2.46487885e-01 -2.46487749e-01 1.35584039e-07
7.07070707e-02 3.83838384e-01 -2.44856501e-01 -2.44856366e-01 1.34686686e-07
8.08080808e-02 3.83838384e-01 -2.42978567e-01 -2.42978433e-01 1.33653699e-07
9.09090909e-02 3.83838384e-01 -2.40855975e-01 -2.40855842e-01 1.32486132e-07
1.01010101e-01 3.83838384e-01 -2.38490861e-01 -2.38490729e-01 1.31185164e-07
1.11111111e-01 3.83838384e-01 -2.35885606e-01 -2.35885477e-01 1.29752103e-07
1.21212121e-01 3.83838384e-01 -2.33042836e-01 -2.33042707e-01 1.28188393e-07
1.31313131e-01 3.83838384e-01 -2.29965410e-01 -2.29965284e-01 1.26495607e-07
1.41414141e-01 3.83838384e-01 -2.26656429e-01 -2.26656305e-01 1.24675452e-07
1.51515152e-01 3.83838384e-01 -2.23119225e-01 -2.23119102e-01 1.22729759e-07
1.61616162e-01 3.83838384e-01 -2.19357358e-01 -2.19357237e-01 1.20660487e-07
1.71717172e-01 3.83838384e-01 -2.15374616e-01 -2.15374498e-01 1.18469721e-07
1.81818182e-01 3.83838384e-01 -2.11175011e-01 -2.11174895e-01 1.16159665e-07
1.91919192e-01 3.83838384e-01 -2.06762771e-01 -2.06762657e-01 1.13732647e-07
2.02020202e-01 3.83838384e-01 -2.02142338e-01 -2.02142227e-01 1.11191109e-07
2.12121212e-01 3.83838384e-01 -1.97318364e-01 -1.97318256e-01 1.08537612e-07
2.22222222e-01 3.83838384e-01 -1.92295708e-01 -1.92295602e-01 1.05774826e-07
2.32323232e-01 3.83838384e-01 -1.87079427e-01 -1.87079324e-01 1.02905534e-07
2.42424242e-01 3.83838384e-01 -1.81674772e-01 -1.81674672e-01 9.99326248e-08
2.52525253e-01 3.83838384e-01 -1.76087186e-01 -1.76087089e-01 9.68590920e-08
2.62626263e-01 3.83838384e-01 -1.70322295e-01 -1.70322202e-01 9.36880303e-08
2.72727273e-01 3.83838384e-01 -1.64385904e-01 -1.64385814e-01 9.04226327e-08
2.82828283e-01 3.83838384e-01 -1.58283991e-01 -1.58283904e-01 8.70661871e-08
2.92929293e-01 3.83838384e-01 -1.52022699e-01 -1.52022615e-01 8.36220732e-08
3.03030303e-01 3.83838384e-01 -1.45608333e-01 -1.45608253e-01 8.00937592e-08
3.13131313e-01 3.83838384e-01 -1.39047352e-01 -1.39047275e-01 7.64847974e-08
3.23232323e-01 3.83838384e-01 -1.32346361e-01 -1.32346289e-01 7.27988219e-08
3.33333333e-01 3.83838384e-01 -1.25512110e-01 -1.25512041e-01 6.90395440e-08
3.43434343e-01 3.83838384e-01 -1.18551478e-01 -1.18551413e-01 6.52107493e-08
3.53535354e-01 3.83838384e-01 -1.11471475e-01 -1.11471413e-01 6.13162929e-08
3.63636364e-01 3.83838384e-01 -1.04279229e-01 -1.04279172e-01 5.73600962e-08
3.73737374e-01 3.83838384e-01 -9.69819835e-02 -9.69819302e-02 5.33461427e-08
3.83838384e-01 3.83838384e-01 -8.95870851e-02 -8.95870359e-02 4.92784742e-08
3.93939394e-01 3.83838384e-01 -8.21019801e-02 -8.21019350e-02 4.51611864e-08
4.04040404e-01 3.83838384e-01 -7.45342054e-02 -7.45341644e-02 4.09984252e-08
4.14141414e-01 3.83838384e-01 -6.68913810e-02 -6.68913442e-02 3.67943820e-08
4.24242424e-01 3.83838384e-01 -5.91812027e-02 -5.91811702e-02 3.25532899e-08
4.34343434e-01 3.83838384e-01 -5.14114340e-02 -5.14114057e-02 2.82794195e-08
4.44444444e-01 3.83838384e-01 -4.35898982e-02 -4.35898742e-02 2.39770741e-08
4.54545455e-01 3.83838384e-01 -3.57244712e-02 -3.57244515e-02 1.96505858e-08
4.64646465e-01 3.83838384e-01 -2.78230726e-02 -2.78230573e-02 1.53043111e-08
4.74747475e-01 3.83838384e-01 -1.98936585e-02 -1.98936476e-02 1.09426262e-08
4.84848485e-01 3.83838384e-01 -1.19442133e-02 -1.19442067e-02 6.56992299e-09
4.94949495e-01 3.83838384e-01 -3.98274118e-03 -3.98273899e-03 2.19060446e-09
5.05050505e-01 3.83838384e-01 3.98274118e-03 3.98273899e-03 2.19091984e-09
5.15151515e-01 3.83838384e-01 1.19442133e-02 1.19442067e-02 6.57023806e-09
5.25252525e-01 3.83838384e-01 1.98936585e-02 1.98936476e-02 1.09429406e-08
5.35353535e-01 3.83838384e-01 2.78230726e-02 2.78230573e-02 1.53046246e-08
5.45454545e-01 3.83838384e-01 3.57244712e-02 3.57244515e-02 1.96508981e-08
5.55555556e-01 3.83838384e-01 4.35898982e-02 4.35898742e-02 2.39773848e-08
5.65656566e-01 3.83838384e-01 5.14114340e-02 5.14114057e-02 2.82797283e-08
5.75757576e-01 3.83838384e-01 5.91812027e-02 5.91811702e-02 3.25535965e-08
5.85858586e-01 3.83838384e-01 6.68913810e-02 6.68913442e-02 3.67946860e-08
5.95959596e-01 3.83838384e-01 7.45342054e-02 7.45341644e-02 4.09987263e-08
6.06060606e-01 3.83838384e-01 8.21019801e-02 8.21019350e-02 4.51614845e-08
6.16161616e-01 3.83838384e-01 8.95870851e-02 8.95870359e-02 4.92787688e-08
6.26262626e-01 3.83838384e-01 9.69819835e-02 9.69819302e-02 5.33464336e-08
6.36363636e-01 3.83838384e-01 1.04279229e-01 1.04279172e-01 5.73603831e-08
6.46464646e-01 3.83838384e-01 1.11471475e-01 1.11471413e-01 6.13165755e-08
6.56565657e-01 3.83838384e-01 1.18551478e-01 1.18551413e-01 6.52110273e-08
6.66666667e-01 3.83838384e-01 1.25512110e-01 1.25512041e-01 6.90398171e-08
6.76767677e-01 3.83838384e-01 1.32346361e-01 1.32346289e-01 7.27990898e-08
6.86868687e-01 3.83838384e-01 1.39047352e-01 1.39047275e-01 7.64850599e-08
6.96969697e-01 3.83838384e-01 1.45608333e-01 1.45608253e-01 8.00940160e-08
7.07070707e-01 3.83838384e-01 1.52022699e-01 1.52022615e-01 8.36223242e-08
7.17171717e-01 3.83838384e-01 1.58283991e-01 1.58283904e-01 8.70664319e-08
7.27272727e-01 3.83838384e-01 1.64385904e-01 1.64385814e-01 9.04228710e-08
7.37373737e-01 3.83838384e-01 1.70322295e-01 1.70322202e-01 9.36882620e-08
7.47474747e-01 3.83838384e-01 1.76087186e-01 1.76087089e-01 9.68593168e-08
7.57575758e-01 3.83838384e-01 1.81674772e-01 1.81674672e-01 9.99328425e-08
7.67676768e-01 3.83838384e-01 1.87079427e-01 1.87079324e-01 1.02905744e-07
7.77777778e-01 3.83838384e-01 1.92295708e-01 1.92295602e-01 1.05775029e-07
7.87878788e-01 3.83838384e-01 1.97318364e-01 1.97318256e-01 1.08537807e-07
7.97979798e-01 3.83838384e-01 2.02142338e-01 2.02142227e-01 1.11191296e-07
8.08080808e-01 3.83838384e-01 2.06762771e-01 2.06762657e-01 1.13732826e-07
8.18181818e-01 3.83838384e-01 2.11175011e-01 2.11174895e-01 1.16159836e-07
8.28282828e-01 3.83838384e-01 2.15374616e-01 2.15374498e-01 1.18469883e-07
8.38383838e-01 3.83838384e-01 2.19357358e-01 2.19357237e-01 1.20660640e-07
8.48484848e-01 3.83838384e-01 2.23119225e-01 2.23119102e-01 1.22729903e-07
8.58585859e-01 3.83838384e-01 2.26656429e-01 2.26656305e-01 1.24675587e-07
8.68686869e-01 3.83838384e-01 2.29965410e-01 2.29965284e-01 1.26495734e-07
8.78787879e-01 3.83838384e-01 2.33042836e-01 2.33042707e-01 1.28188510e-07
8.88888889e-01 3.83838384e-01 2.35885606e-01 2.35885477e-01 1.29752211e-07
8.98989899e-01 3.83838384e-01 2.38490861e-01 2.38490729e-01 1.31185262e-07
9.09090909e-01 3.83838384e-01 2.40855975e-01 2.40855842e-01 1.32486221e-07
9.19191919e-01 3.83838384e-01 2.42978567e-01 2.42978433e-01 1.33653777e-07
9.29292929e-01 3.83838384e-01 2.44856501e-01 2.44856366e-01 1.34686750e-07
9.39393939e-01 3.83838384e-01 2.46487885e-01 2.46487749e-01 1.35584023e-07
9.49494949e-01 3.83838384e-01 2.47871076e-01 2.47870940e-01 1.36343798e-07
9.59595960e-01 3.83838384e-01 2.49004682e-01 2.49004545e-01 1.36961220e-07
9.69696970e-01 3.83838384e-01 2.49887562e-01 2.49887425e-01 1.37354294e-07
9.79797980e-01 3.83838384e-01 2.50518825e-01 2.50518689e-01 1.36442450e-07
9.89898990e-01 3.83838384e-01 2.50897824e-01 2.50897701e-01 1.22439222e-07
1.00000000e+00 3.83838384e-01 2.51024081e-01 2.51024081e-01 0.00000000e+00
0.00000000e+00 3.93939394e-01 -9.50091466e-02 -9.50091466e-02 0.00000000e+00
1.01010101e-02 3.93939394e-01 -9.49613599e-02 -9.49613135e-02 4.63418195e-08
2.02020202e-02 3.93939394e-01 -9.48179141e-02 -9.48178624e-02 5.16418766e-08
3.03030303e-02 3.93939394e-01 -9.45789898e-02 -9.45789378e-02 5.19869967e-08
4.04040404e-02 3.93939394e-01 -9.42448321e-02 -9.42447802e-02 5.18382106e-08
5.05050505e-02 3.93939394e-01 -9.38157777e-02 -9.38157261e-02 5.16044436e-08
6.06060606e-02 3.93939394e-01 -9.32922589e-02 -9.32922075e-02 5.13166026e-08
7.07070707e-02 3.93939394e-01 -9.26748026e-02 -9.26747516e-02 5.09769680e-08
8.08080808e-02 3.93939394e-01 -9.19640307e-02 -9.19639801e-02 5.05859975e-08
9.09090909e-02 3.93939394e-01 -9.11606587e-02 -9.11606086e-02 5.01440909e-08
1.01010101e-01 3.93939394e-01 -9.02654958e-02 -9.02654461e-02 4.96516933e-08
1.11111111e-01 3.93939394e-01 -8.92794431e-02 -8.92793940e-02 4.91093008e-08
1.21212121e-01 3.93939394e-01 -8.82034936e-02 -8.82034450e-02 4.85174593e-08
1.31313131e-01 3.93939394e-01 -8.70387306e-02 -8.70386827e-02 4.78767648e-08
1.41414141e-01 3.93939394e-01 -8.57863270e-02 -8.57862798e-02 4.71878625e-08
1.51515152e-01 3.93939394e-01 -8.44475439e-02 -8.44474974e-02 4.64514461e-08
1.61616162e-01 3.93939394e-01 -8.30237292e-02 -8.30236836e-02 4.56682569e-08
1.71717172e-01 3.93939394e-01 -8.15163167e-02 -8.15162719e-02 4.48390837e-08
1.81818182e-01 3.93939394e-01 -7.99268242e-02 -7.99267802e-02 4.39647614e-08
1.91919192e-01 3.93939394e-01 -7.82568521e-02 -7.82568091e-02 4.30461702e-08
2.02020202e-01 3.93939394e-01 -7.65080820e-02 -7.65080399e-02 4.20842353e-08
2.12121212e-01 3.93939394e-01 -7.46822748e-02 -7.46822337e-02 4.10799250e-08
2.22222222e-01 3.93939394e-01 -7.27812688e-02 -7.27812288e-02 4.00342507e-08
2.32323232e-01 3.93939394e-01 -7.08069783e-02 -7.08069394e-02 3.89482654e-08
2.42424242e-01 3.93939394e-01 -6.87613911e-02 -6.87613533e-02 3.78230624e-08
2.52525253e-01 3.93939394e-01 -6.66465671e-02 -6.66465304e-02 3.66597749e-08
2.62626263e-01 3.93939394e-01 -6.44646356e-02 -6.44646002e-02 3.54595741e-08
2.72727273e-01 3.93939394e-01 -6.22177937e-02 -6.22177595e-02 3.42236684e-08
2.82828283e-01 3.93939394e-01 -5.99083037e-02 -5.99082708e-02 3.29533024e-08
2.92929293e-01 3.93939394e-01 -5.75384912e-02 -5.75384595e-02 3.16497553e-08
3.03030303e-01 3.93939394e-01 -5.51107423e-02 -5.51107120e-02 3.03143395e-08
3.13131313e-01 3.93939394e-01 -5.26275015e-02 -5.26274726e-02 2.89483998e-08
3.23232323e-01 3.93939394e-01 -5.00912693e-02 -5.00912417e-02 2.75533114e-08
3.33333333e-01 3.93939394e-01 -4.75045994e-02 -4.75045733e-02 2.61304793e-08
3.43434343e-01 3.93939394e-01 -4.48700965e-02 -4.48700718e-02 2.46813359e-08
3.53535354e-01 3.93939394e-01 -4.21904131e-02 -4.21903899e-02 2.32073405e-08
3.63636364e-01 3.93939394e-01 -3.94682476e-02 -3.94682259e-02 2.17099774e-08
3.73737374e-01 3.93939394e-01 -3.67063409e-02 -3.67063207e-02 2.01907541e-08
3.83838384e-01 3.93939394e-01 -3.39074740e-02 -3.39074553e-02 1.86512004e-08
3.93939394e-01 3.93939394e-01 -3.10744652e-02 -3.10744481e-02 1.70928665e-08
4.04040404e-01 3.93939394e-01 -2.82101670e-02 -2.82101515e-02 1.55173216e-08
4.14141414e-01 3.93939394e-01 -2.53174636e-02 -2.53174496e-02 1.39261521e-08
4.24242424e-01 3.93939394e-01 -2.23992676e-02 -2.23992553e-02 1.23209601e-08
4.34343434e-01 3.93939394e-01 -1.94585175e-02 -1.94585068e-02 1.07033619e-08
4.44444444e-01 3.93939394e-01 -1.64981742e-02 -1.64981652e-02 9.07498636e-09
4.54545455e-01 3.93939394e-01 -1.35212188e-02 -1.35212113e-02 7.43747306e-09
4.64646465e-01 3.93939394e-01 -1.05306486e-02 -1.05306428e-02 5.79247087e-09
4.74747475e-01 3.93939394e-01 -7.52947491e-03 -7.52947077e-03 4.14163616e-09
4.84848485e-01 3.93939394e-01 -4.52071970e-03 -4.52071722e-03 2.48663115e-09
4.94949495e-01 3.93939394e-01 -1.50741251e-03 -1.50741168e-03 8.29122338e-10
5.05050505e-01 3.93939394e-01 1.50741251e-03 1.50741168e-03 8.29221338e-10
5.15151515e-01 3.93939394e-01 4.52071970e-03 4.52071722e-03 2.48673006e-09
5.25252525e-01 3.93939394e-01 7.52947491e-03 7.52947077e-03 4.14173486e-09
5.35353535e-01 3.93939394e-01 1.05306486e-02 1.05306428e-02 5.79256928e-09
5.45454545e-01 3.93939394e-01 1.35212188e-02 1.35212113e-02 7.43757107e-09
5.55555556e-01 3.93939394e-01 1.64981742e-02 1.64981652e-02 9.07508386e-09
5.65656566e-01 3.93939394e-01 1.94585175e-02 1.94585068e-02 1.07034588e-08
5.75757576e-01 3.93939394e-01 2.23992676e-02 2.23992553e-02 1.23210563e-08
5.85858586e-01 3.93939394e-01 2.53174636e-02 2.53174496e-02 1.39262475e-08
5.95959596e-01 3.93939394e-01 2.82101670e-02 2.82101515e-02 1.55174162e-08
6.06060606e-01 3.93939394e-01 3.10744652e-02 3.10744481e-02 1.70929601e-08
6.16161616e-01 3.93939394e-01 3.39074740e-02 3.39074553e-02 1.86512929e-08
6.26262626e-01 3.93939394e-01 3.67063409e-02 3.67063207e-02 2.01908454e-08
6.36363636e-01 3.93939394e-01 3.94682476e-02 3.94682259e-02 2.17100674e-08
6.46464646e-01 3.93939394e-01 4.21904131e-02 4.21903899e-02 2.32074293e-08
6.56565657e-01 3.93939394e-01 4.48700965e-02 4.48700718e-02 2.46814232e-08
6.66666667e-01 3.93939394e-01 4.75045994e-02 4.75045733e-02 2.61305650e-08
6.76767677e-01 3.93939394e-01 5.00912693e-02 5.00912417e-02 2.75533956e-08
6.86868687e-01 3.93939394e-01 5.26275015e-02 5.26274726e-02 2.89484822e-08
6.96969697e-01 3.93939394e-01 5.51107423e-02 5.51107120e-02 3.03144202e-08
7.07070707e-01 3.93939394e-01 5.75384912e-02 5.75384595e-02 3.16498341e-08
7.17171717e-01 3.93939394e-01 5.99083037e-02 5.99082708e-02 3.29533793e-08
7.27272727e-01 3.93939394e-01 6.22177937e-02 6.22177595e-02 3.42237432e-08
7.37373737e-01 3.93939394e-01 6.44646356e-02 6.44646002e-02 3.54596468e-08
7.47474747e-01 3.93939394e-01 6.66465671e-02 6.66465304e-02 3.66598455e-08
7.57575758e-01 3.93939394e-01 6.87613911e-02 6.87613533e-02 3.78231308e-08
7.67676768e-01 3.93939394e-01 7.08069783e-02 7.08069394e-02 3.89483314e-08
7.77777778e-01 3.93939394e-01 7.27812688e-02 7.27812288e-02 4.00343144e-08
7.87878788e-01 3.93939394e-01 7.46822748e-02 7.46822337e-02 4.10799862e-08
7.97979798e-01 3.93939394e-01 7.65080820e-02 7.65080399e-02 4.20842940e-08
8.08080808e-01 3.93939394e-01 7.82568521e-02 7.82568091e-02 4.30462264e-08
8.18181818e-01 3.93939394e-01 7.99268242e-02 7.99267802e-02 4.39648149e-08
8.28282828e-01 3.93939394e-01 8.15163167e-02 8.15162719e-02 4.48391346e-08
8.38383838e-01 3.93939394e-01 8.30237292e-02 8.30236836e-02 4.56683051e-08
8.48484848e-01 3.93939394e-01 8.44475439e-02 8.44474974e-02 4.64514914e-08
8.58585859e-01 3.93939394e-01 8.57863270e-02 8.57862798e-02 4.71879051e-08
8.68686869e-01 3.93939394e-01 8.70387306e-02 8.70386827e-02 4.78768046e-08
8.78787879e-01 3.93939394e-01 8.82034936e-02 8.82034450e-02 4.85174961e-08
8.88888889e-01 3.93939394e-01 8.92794431e-02 8.92793940e-02 4.91093346e-08
8.98989899e-01 3.93939394e-01 9.02654958e-02 9.02654461e-02 4.96517242e-08
9.09090909e-01 3.93939394e-01 9.11606587e-02 9.11606086e-02 5.01441187e-08
9.19191919e-01 3.93939394e-01 9.19640307e-02 9.19639801e-02 5.05860222e-08
9.29292929e-01 3.93939394e-01 9.26748026e-02 9.26747516e-02 5.09769876e-08
9.39393939e-01 3.93939394e-01 9.32922589e-02 9.32922075e-02 5.13165932e-08
9.49494949e-01 3.93939394e-01 9.38157777e-02 9.38157261e-02 5.16041614e-08
9.59595960e-01 3.93939394e-01 9.42448321e-02 9.42447802e-02 5.18379045e-08
9.69696970e-01 3.93939394e-01 9.45789898e-02 9.45789378e-02 5.19866985e-08
9.79797980e-01 3.93939394e-01 9.48179141e-02 9.48178624e-02 5.16415817e-08
9.89898990e-01 3.93939394e-01 9.49613599e-02 9.49613135e-02 4.63415538e-08
1.00000000e+00 3.93939394e-01 9.50091466e-02 9.50091466e-02 0.00000000e+00
0.00000000e+00 4.04040404e-01 6.33926289e-02 6.33926289e-02 0.00000000e+00
1.01010101e-02 4.04040404e-01 6.33607443e-02 6.33607134e-02 3.09206942e-08
2.02020202e-02 4.04040404e-01 6.32650335e-02 6.32649991e-02 3.44570565e-08
3.03030303e-02 4.04040404e-01 6.31056169e-02 6.31055822e-02 3.46873306e-08
4.04040404e-02 4.04040404e-01 6.28826580e-02 6.28826234e-02 3.45880551e-08
5.05050505e-02 4.04040404e-01 6.25963815e-02 6.25963471e-02 3.44320777e-08
6.06060606e-02 4.04040404e-01 6.22470758e-02 6.22470415e-02 3.42400204e-08
7.07070707e-02 4.04040404e-01 6.18350925e-02 6.18350585e-02 3.40134048e-08
8.08080808e-02 4.04040404e-01 6.13608466e-02 6.13608128e-02 3.37525364e-08
9.09090909e-02 4.04040404e-01 6.08248155e-02 6.08247820e-02 3.34576818e-08
1.01010101e-01 4.04040404e-01 6.02275390e-02 6.02275058e-02 3.31291381e-08
1.11111111e-01 4.04040404e-01 5.95696184e-02 5.95695856e-02 3.27672362e-08
1.21212121e-01 4.04040404e-01 5.88517163e-02 5.88516839e-02 3.23723404e-08
1.31313131e-01 4.04040404e-01 5.80745554e-02 5.80745235e-02 3.19448485e-08
1.41414141e-01 4.04040404e-01 5.72389185e-02 5.72388870e-02 3.14851908e-08
1.51515152e-01 4.04040404e-01 5.63456468e-02 5.63456158e-02 3.09938301e-08
1.61616162e-01 4.04040404e-01 5.53956398e-02 5.53956093e-02 3.04712614e-08
1.71717172e-01 4.04040404e-01 5.43898541e-02 5.43898241e-02 2.99180106e-08
1.81818182e-01 4.04040404e-01 5.33293024e-02 5.33292730e-02 2.93346349e-08
1.91919192e-01 4.04040404e-01 5.22150526e-02 5.22150239e-02 2.87217218e-08
2.02020202e-01 4.04040404e-01 5.10482267e-02 5.10481986e-02 2.80798883e-08
2.12121212e-01 4.04040404e-01 4.98299996e-02 4.98299722e-02 2.74097807e-08
2.22222222e-01 4.04040404e-01 4.85615978e-02 4.85615711e-02 2.67120739e-08
2.32323232e-01 4.04040404e-01 4.72442987e-02 4.72442727e-02 2.59874702e-08
2.42424242e-01 4.04040404e-01 4.58794286e-02 4.58794033e-02 2.52366993e-08
2.52525253e-01 4.04040404e-01 4.44683617e-02 4.44683373e-02 2.44605173e-08
2.62626263e-01 4.04040404e-01 4.30125190e-02 4.30124954e-02 2.36597055e-08
2.72727273e-01 4.04040404e-01 4.15133663e-02 4.15133435e-02 2.28350704e-08
2.82828283e-01 4.04040404e-01 3.99724132e-02 3.99723912e-02 2.19874424e-08
2.92929293e-01 4.04040404e-01 3.83912113e-02 3.83911902e-02 2.11176749e-08
3.03030303e-01 4.04040404e-01 3.67713527e-02 3.67713324e-02 2.02266436e-08
3.13131313e-01 4.04040404e-01 3.51144684e-02 3.51144491e-02 1.93152459e-08
3.23232323e-01 4.04040404e-01 3.34222268e-02 3.34222084e-02 1.83843993e-08
3.33333333e-01 4.04040404e-01 3.16963319e-02 3.16963145e-02 1.74350412e-08
3.43434343e-01 4.04040404e-01 2.99385215e-02 2.99385050e-02 1.64681275e-08
3.53535354e-01 4.04040404e-01 2.81505655e-02 2.81505500e-02 1.54846318e-08
3.63636364e-01 4.04040404e-01 2.63342643e-02 2.63342498e-02 1.44855443e-08
3.73737374e-01 4.04040404e-01 2.44914467e-02 2.44914332e-02 1.34718712e-08
3.83838384e-01 4.04040404e-01 2.26239683e-02 2.26239558e-02 1.24446330e-08
3.93939394e-01 4.04040404e-01 2.07337094e-02 2.07336980e-02 1.14048641e-08
4.04040404e-01 4.04040404e-01 1.88225735e-02 1.88225632e-02 1.03536115e-08
4.14141414e-01 4.04040404e-01 1.68924849e-02 1.68924756e-02 9.29193373e-09
4.24242424e-01 4.04040404e-01 1.49453869e-02 1.49453787e-02 8.22089973e-09
4.34343434e-01 4.04040404e-01 1.29832403e-02 1.29832331e-02 7.14158798e-09
4.44444444e-01 4.04040404e-01 1.10080205e-02 1.10080145e-02 6.05508527e-09
4.54545455e-01 4.04040404e-01 9.02171670e-03 9.02171173e-03 4.96248558e-09
4.64646465e-01 4.04040404e-01 7.02632874e-03 7.02632488e-03 3.86488910e-09
4.74747475e-01 4.04040404e-01 5.02386587e-03 5.02386311e-03 2.76340101e-09
4.84848485e-01 4.04040404e-01 3.01634439e-03 3.01634273e-03 1.65913039e-09
4.94949495e-01 4.04040404e-01 1.00578571e-03 1.00578516e-03 5.53189180e-10
5.05050505e-01 4.04040404e-01 -1.00578571e-03 -1.00578516e-03 5.53309047e-10
5.15151515e-01 4.04040404e-01 -3.01634439e-03 -3.01634273e-03 1.65925014e-09
5.25252525e-01 4.04040404e-01 -5.02386587e-03 -5.02386311e-03 2.76352051e-09
5.35353535e-01 4.04040404e-01 -7.02632874e-03 -7.02632488e-03 3.86500825e-09
5.45454545e-01 4.04040404e-01 -9.02171670e-03 -9.02171173e-03 4.96260424e-09
5.55555556e-01 4.04040404e-01 -1.10080205e-02 -1.10080145e-02 6.05520333e-09
5.65656566e-01 4.04040404e-01 -1.29832403e-02 -1.29832331e-02 7.14170532e-09
5.75757576e-01 4.04040404e-01 -1.49453869e-02 -1.49453787e-02 8.22101624e-09
5.85858586e-01 4.04040404e-01 -1.68924849e-02 -1.68924756e-02 9.29204929e-09
5.95959596e-01 4.04040404e-01 -1.88225735e-02 -1.88225632e-02 1.03537260e-08
6.06060606e-01 4.04040404e-01 -2.07337094e-02 -2.07336980e-02 1.14049774e-08
6.16161616e-01 4.04040404e-01 -2.26239683e-02 -2.26239558e-02 1.24447450e-08
6.26262626e-01 4.04040404e-01 -2.44914467e-02 -2.44914332e-02 1.34719818e-08
6.36363636e-01 4.04040404e-01 -2.63342643e-02 -2.63342498e-02 1.44856534e-08
6.46464646e-01 4.04040404e-01 -2.81505655e-02 -2.81505500e-02 1.54847392e-08
6.56565657e-01 4.04040404e-01 -2.99385215e-02 -2.99385050e-02 1.64682332e-08
6.66666667e-01 4.04040404e-01 -3.16963319e-02 -3.16963145e-02 1.74351450e-08
6.76767677e-01 4.04040404e-01 -3.34222268e-02 -3.34222084e-02 1.83845012e-08
6.86868687e-01 4.04040404e-01 -3.51144684e-02 -3.51144491e-02 1.93153457e-08
6.96969697e-01 4.04040404e-01 -3.67713527e-02 -3.67713324e-02 2.02267413e-08
7.07070707e-01 4.04040404e-01 -3.83912113e-02 -3.83911902e-02 2.11177703e-08
7.17171717e-01 4.04040404e-01 -3.99724132e-02 -3.99723912e-02 2.19875355e-08
7.27272727e-01 4.04040404e-01 -4.15133663e-02 -4.15133435e-02 2.28351611e-08
7.37373737e-01 4.04040404e-01 -4.30125190e-02 -4.30124954e-02 2.36597935e-08
7.47474747e-01 4.04040404e-01 -4.44683617e-02 -4.44683373e-02 2.44606027e-08
7.57575758e-01 4.04040404e-01 -4.58794286e-02 -4.58794033e-02 2.52367821e-08
7.67676768e-01 4.04040404e-01 -4.72442987e-02 -4.72442727e-02 2.59875501e-08
7.77777778e-01 4.04040404e-01 -4.85615978e-02 -4.85615711e-02 2.67121509e-08
7.87878788e-01 4.04040404e-01 -4.98299996e-02 -4.98299722e-02 2.74098548e-08
7.97979798e-01 4.04040404e-01 -5.10482267e-02 -5.10481986e-02 2.80799594e-08
8.08080808e-01 4.04040404e-01 -5.22150526e-02 -5.22150239e-02 2.87217898e-08
8.18181818e-01 4.04040404e-01 -5.33293024e-02 -5.33292730e-02 2.93346998e-08
8.28282828e-01 4.04040404e-01 -5.43898541e-02 -5.43898241e-02 2.99180722e-08
8.38383838e-01 4.04040404e-01 -5.53956398e-02 -5.53956093e-02 3.04713197e-08
8.48484848e-01 4.04040404e-01 -5.63456468e-02 -5.63456158e-02 3.09938851e-08
8.58585859e-01 4.04040404e-01 -5.72389185e-02 -5.72388870e-02 3.14852423e-08
8.68686869e-01 4.04040404e-01 -5.80745554e-02 -5.80745235e-02 3.19448966e-08
8.78787879e-01 4.04040404e-01 -5.88517163e-02 -5.88516839e-02 3.23723850e-08
8.88888889e-01 4.04040404e-01 -5.95696184e-02 -5.95695856e-02 3.27672772e-08
8.98989899e-01 4.04040404e-01 -6.02275390e-02 -6.02275058e-02 3.31291755e-08
9.09090909e-01 4.04040404e-01 -6.08248155e-02 -6.08247820e-02 3.34577155e-08
9.19191919e-01 4.04040404e-01 -6.13608466e-02 -6.13608128e-02 3.37525664e-08
9.29292929e-01 4.04040404e-01 -6.18350925e-02 -6.18350585e-02 3.40134297e-08
9.39393939e-01 4.04040404e-01 -6.22470758e-02 -6.22470415e-02 3.42400234e-08
9.49494949e-01 4.04040404e-01 -6.25963815e-02 -6.25963471e-02 3.44318860e-08
9.59595960e-01 4.04040404e-01 -6.28826580e-02 -6.28826234e-02 3.45876945e-08
9.69696970e-01 4.04040404e-01 -6.31056169e-02 -6.31055822e-02 3.46869189e-08
9.79797980e-01 4.04040404e-01 -6.32650335e-02 -6.32649991e-02 3.44566378e-08
9.89898990e-01 4.04040404e-01 -6.33607443e-02 -6.33607134e-02 3.09203170e-08
1.00000000e+00 4.04040404e-01 -6.33926289e-02 -6.33926289e-02 0.00000000e+00
0.00000000e+00 4.14141414e-01 2.20201841e-01 2.20201841e-01 0.00000000e+00
1.01010101e-02 4.14141414e-01 2.20091086e-01 2.20090978e-01 1.07406411e-07
2.02020202e-02 4.14141414e-01 2.19758623e-01 2.19758503e-01 1.19690352e-07
3.03030303e-02 4.14141414e-01 2.19204870e-01 2.19204750e-01 1.20490235e-07
4.04040404e-02 4.14141414e-01 2.18430396e-01 2.18430276e-01 1.20145392e-07
5.05050505e-02 4.14141414e-01 2.17435980e-01 2.17435861e-01 1.19603589e-07
6.06060606e-02 4.14141414e-01 2.16222626e-01 2.16222507e-01 1.18936458e-07
7.07070707e-02 4.14141414e-01 2.14791553e-01 2.14791435e-01 1.18149285e-07
8.08080808e-02 4.14141414e-01 2.13144203e-01 2.13144086e-01 1.17243132e-07
9.09090909e-02 4.14141414e-01 2.11282235e-01 2.11282119e-01 1.16218923e-07
1.01010101e-01 4.14141414e-01 2.09207524e-01 2.09207409e-01 1.15077692e-07
1.11111111e-01 4.14141414e-01 2.06922159e-01 2.06922045e-01 1.13820587e-07
1.21212121e-01 4.14141414e-01 2.04428440e-01 2.04428328e-01 1.12448875e-07
1.31313131e-01 4.14141414e-01 2.01728880e-01 2.01728769e-01 1.10963936e-07
1.41414141e-01 4.14141414e-01 1.98826195e-01 1.98826086e-01 1.09367266e-07
1.51515152e-01 4.14141414e-01 1.95723310e-01 1.95723202e-01 1.07660472e-07
1.61616162e-01 4.14141414e-01 1.92423347e-01 1.92423241e-01 1.05845274e-07
1.71717172e-01 4.14141414e-01 1.88929631e-01 1.88929527e-01 1.03923498e-07
1.81818182e-01 4.14141414e-01 1.85245678e-01 1.85245576e-01 1.01897080e-07
1.91919192e-01 4.14141414e-01 1.81375199e-01 1.81375099e-01 9.97680603e-08
2.02020202e-01 4.14141414e-01 1.77322091e-01 1.77321993e-01 9.75385827e-08
2.12121212e-01 4.14141414e-01 1.73090434e-01 1.73090338e-01 9.52108919e-08
2.22222222e-01 4.14141414e-01 1.68684489e-01 1.68684396e-01 9.27873318e-08
2.32323232e-01 4.14141414e-01 1.64108694e-01 1.64108604e-01 9.02703427e-08
2.42424242e-01 4.14141414e-01 1.59367655e-01 1.59367567e-01 8.76624591e-08
2.52525253e-01 4.14141414e-01 1.54466146e-01 1.54466061e-01 8.49663068e-08
2.62626263e-01 4.14141414e-01 1.49409104e-01 1.49409021e-01 8.21846007e-08
2.72727273e-01 4.14141414e-01 1.44201618e-01 1.44201539e-01 7.93201415e-08
2.82828283e-01 4.14141414e-01 1.38848934e-01 1.38848858e-01 7.63758138e-08
2.92929293e-01 4.14141414e-01 1.33356441e-01 1.33356368e-01 7.33545821e-08
3.03030303e-01 4.14141414e-01 1.27729669e-01 1.27729599e-01 7.02594885e-08
3.13131313e-01 4.14141414e-01 1.21974285e-01 1.21974218e-01 6.70936497e-08
3.23232323e-01 4.14141414e-01 1.16096082e-01 1.16096018e-01 6.38602531e-08
3.33333333e-01 4.14141414e-01 1.10100981e-01 1.10100920e-01 6.05625547e-08
3.43434343e-01 4.14141414e-01 1.03995017e-01 1.03994960e-01 5.72038749e-08
3.53535354e-01 4.14141414e-01 9.77843393e-02 9.77842855e-02 5.37875957e-08
3.63636364e-01 4.14141414e-01 9.14752008e-02 9.14751505e-02 5.03171570e-08
3.73737374e-01 4.14141414e-01 8.50739546e-02 8.50739078e-02 4.67960531e-08
3.83838384e-01 4.14141414e-01 7.85870461e-02 7.85870029e-02 4.32278296e-08
3.93939394e-01 4.14141414e-01 7.20210072e-02 7.20209676e-02 3.96160793e-08
4.04040404e-01 4.14141414e-01 6.53824492e-02 6.53824132e-02 3.59644389e-08
4.14141414e-01 4.14141414e-01 5.86780566e-02 5.86780243e-02 3.22765855e-08
4.24242424e-01 4.14141414e-01 5.19145801e-02 5.19145516e-02 2.85562322e-08
4.34343434e-01 4.14141414e-01 4.50988301e-02 4.50988053e-02 2.48071253e-08
4.44444444e-01 4.14141414e-01 3.82376694e-02 3.82376484e-02 2.10330397e-08
4.54545455e-01 4.14141414e-01 3.13380066e-02 3.13379893e-02 1.72377755e-08
4.64646465e-01 4.14141414e-01 2.44067891e-02 2.44067756e-02 1.34251545e-08
4.74747475e-01 4.14141414e-01 1.74509960e-02 1.74509864e-02 9.59901539e-09
4.84848485e-01 4.14141414e-01 1.04776312e-02 1.04776254e-02 5.76321088e-09
4.94949495e-01 4.14141414e-01 3.49371636e-03 3.49371444e-03 1.92160336e-09
5.05050505e-01 4.14141414e-01 -3.49371636e-03 -3.49371444e-03 1.92193908e-09
5.15151515e-01 4.14141414e-01 -1.04776312e-02 -1.04776254e-02 5.76354628e-09
5.25252525e-01 4.14141414e-01 -1.74509960e-02 -1.74509864e-02 9.59935010e-09
5.35353535e-01 4.14141414e-01 -2.44067891e-02 -2.44067756e-02 1.34254882e-08
5.45454545e-01 4.14141414e-01 -3.13380066e-02 -3.13379893e-02 1.72381079e-08
5.55555556e-01 4.14141414e-01 -3.82376694e-02 -3.82376484e-02 2.10333703e-08
5.65656566e-01 4.14141414e-01 -4.50988301e-02 -4.50988053e-02 2.48074539e-08
5.75757576e-01 4.14141414e-01 -5.19145801e-02 -5.19145516e-02 2.85565585e-08
5.85858586e-01 4.14141414e-01 -5.86780566e-02 -5.86780243e-02 3.22769092e-08
5.95959596e-01 4.14141414e-01 -6.53824492e-02 -6.53824132e-02 3.59647596e-08
6.06060606e-01 4.14141414e-01 -7.20210072e-02 -7.20209676e-02 3.96163966e-08
6.16161616e-01 4.14141414e-01 -7.85870461e-02 -7.85870029e-02 4.32281432e-08
6.26262626e-01 4.14141414e-01 -8.50739546e-02 -8.50739078e-02 4.67963628e-08
6.36363636e-01 4.14141414e-01 -9.14752008e-02 -9.14751505e-02 5.03174624e-08
6.46464646e-01 4.14141414e-01 -9.77843393e-02 -9.77842855e-02 5.37878966e-08
6.56565657e-01 4.14141414e-01 -1.03995017e-01 -1.03994960e-01 5.72041709e-08
6.66666667e-01 4.14141414e-01 -1.10100981e-01 -1.10100920e-01 6.05628454e-08
6.76767677e-01 4.14141414e-01 -1.16096082e-01 -1.16096018e-01 6.38605384e-08
6.86868687e-01 4.14141414e-01 -1.21974285e-01 -1.21974218e-01 6.70939292e-08
6.96969697e-01 4.14141414e-01 -1.27729669e-01 -1.27729599e-01 7.02597620e-08
7.07070707e-01 4.14141414e-01 -1.33356441e-01 -1.33356368e-01 7.33548493e-08
7.17171717e-01 4.14141414e-01 -1.38848934e-01 -1.38848858e-01 7.63760744e-08
7.27272727e-01 4.14141414e-01 -1.44201618e-01 -1.44201539e-01 7.93203953e-08
7.37373737e-01 4.14141414e-01 -1.49409104e-01 -1.49409021e-01 8.21848472e-08
7.47474747e-01 4.14141414e-01 -1.54466146e-01 -1.54466061e-01 8.49665461e-08
7.57575758e-01 4.14141414e-01 -1.59367655e-01 -1.59367567e-01 8.76626909e-08
7.67676768e-01 4.14141414e-01 -1.64108694e-01 -1.64108604e-01 9.02705667e-08
7.77777778e-01 4.14141414e-01 -1.68684489e-01 -1.68684396e-01 9.27875476e-08
7.87878788e-01 4.14141414e-01 -1.73090434e-01 -1.73090338e-01 9.52110994e-08
7.97979798e-01 4.14141414e-01 -1.77322091e-01 -1.77321993e-01 9.75387817e-08
8.08080808e-01 4.14141414e-01 -1.81375199e-01 -1.81375099e-01 9.97682507e-08
8.18181818e-01 4.14141414e-01 -1.85245678e-01 -1.85245576e-01 1.01897262e-07
8.28282828e-01 4.14141414e-01 -1.88929631e-01 -1.88929527e-01 1.03923670e-07
8.38383838e-01 4.14141414e-01 -1.92423347e-01 -1.92423241e-01 1.05845437e-07
8.48484848e-01 4.14141414e-01 -1.95723310e-01 -1.95723202e-01 1.07660626e-07
8.58585859e-01 4.14141414e-01 -1.98826195e-01 -1.98826086e-01 1.09367410e-07
8.68686869e-01 4.14141414e-01 -2.01728880e-01 -2.01728769e-01 1.10964071e-07
8.78787879e-01 4.14141414e-01 -2.04428440e-01 -2.04428328e-01 1.12449000e-07
8.88888889e-01 4.14141414e-01 -2.06922159e-01 -2.06922045e-01 1.13820702e-07
8.98989899e-01 4.14141414e-01 -2.09207524e-01 -2.09207409e-01 1.15077797e-07
9.09090909e-01 4.14141414e-01 -2.11282235e-01 -2.11282119e-01 1.16219018e-07
9.19191919e-01 4.14141414e-01 -2.13144203e-01 -2.13144086e-01 1.17243215e-07
9.29292929e-01 4.14141414e-01 -2.14791553e-01 -2.14791435e-01 1.18149354e-07
9.39393939e-01 4.14141414e-01 -2.16222626e-01 -2.16222507e-01 1.18936454e-07
9.49494949e-01 4.14141414e-01 -2.17435980e-01 -2.17435861e-01 1.19602928e-07
9.59595960e-01 4.14141414e-01 -2.18430396e-01 -2.18430276e-01 1.20144374e-07
9.69696970e-01 4.14141414e-01 -2.19204870e-01 -2.19204750e-01 1.20489124e-07
9.79797980e-01 4.14141414e-01 -2.19758623e-01 -2.19758503e-01 1.19689230e-07
9.89898990e-01 4.14141414e-01 -2.20091086e-01 -2.20090978e-01 1.07405401e-07
1.00000000e+00 4.14141414e-01 -2.20201841e-01 -2.20201841e-01 0.00000000e+00
0.00000000e+00 4.24242424e-01 3.71479093e-01 3.71479093e-01 0.00000000e+00
1.01010101e-02 4.24242424e-01 3.71292250e-01 3.71292069e-01 1.81193841e-07
2.02020202e-02 4.24242424e-01 3.70731387e-01 3.70731185e-01 2.01916759e-07
3.03030303e-02 4.24242424e-01 3.69797210e-01 3.69797007e-01 2.03266157e-07
4.04040404e-02 4.24242424e-01 3.68490677e-01 3.68490474e-01 2.02684410e-07
5.05050505e-02 4.24242424e-01 3.66813104e-01 3.66812903e-01 2.01770392e-07
6.06060606e-02 4.24242424e-01 3.64766182e-01 3.64765982e-01 2.00644947e-07
7.07070707e-02 4.24242424e-01 3.62351972e-01 3.62351772e-01 1.99316993e-07
8.08080808e-02 4.24242424e-01 3.59572903e-01 3.59572706e-01 1.97788319e-07
9.09090909e-02 4.24242424e-01 3.56431775e-01 3.56431579e-01 1.96060487e-07
1.01010101e-01 4.24242424e-01 3.52931751e-01 3.52931557e-01 1.94135239e-07
1.11111111e-01 4.24242424e-01 3.49076354e-01 3.49076162e-01 1.92014512e-07
1.21212121e-01 4.24242424e-01 3.44869467e-01 3.44869278e-01 1.89700444e-07
1.31313131e-01 4.24242424e-01 3.40315326e-01 3.40315139e-01 1.87195363e-07
1.41414141e-01 4.24242424e-01 3.35418516e-01 3.35418331e-01 1.84501793e-07
1.51515152e-01 4.24242424e-01 3.30183968e-01 3.30183786e-01 1.81622444e-07
1.61616162e-01 4.24242424e-01 3.24616952e-01 3.24616774e-01 1.78560218e-07
1.71717172e-01 4.24242424e-01 3.18723075e-01 3.18722900e-01 1.75318196e-07
1.81818182e-01 4.24242424e-01 3.12508271e-01 3.12508099e-01 1.71899644e-07
1.91919192e-01 4.24242424e-01 3.05978798e-01 3.05978629e-01 1.68308003e-07
2.02020202e-01 4.24242424e-01 2.99141229e-01 2.99141065e-01 1.64546891e-07
2.12121212e-01 4.24242424e-01 2.92002451e-01 2.92002291e-01 1.60620094e-07
2.22222222e-01 4.24242424e-01 2.84569651e-01 2.84569495e-01 1.56531566e-07
2.32323232e-01 4.24242424e-01 2.76850314e-01 2.76850162e-01 1.52285424e-07
2.42424242e-01 4.24242424e-01 2.68852212e-01 2.68852064e-01 1.47885943e-07
2.52525253e-01 4.24242424e-01 2.60583398e-01 2.60583255e-01 1.43337554e-07
2.62626263e-01 4.24242424e-01 2.52052199e-01 2.52052061e-01 1.38644836e-07
2.72727273e-01 4.24242424e-01 2.43267205e-01 2.43267071e-01 1.33812515e-07
2.82828283e-01 4.24242424e-01 2.34237262e-01 2.34237133e-01 1.28845455e-07
2.92929293e-01 4.24242424e-01 2.24971461e-01 2.24971337e-01 1.23748659e-07
3.03030303e-01 4.24242424e-01 2.15479133e-01 2.15479015e-01 1.18527259e-07
3.13131313e-01 4.24242424e-01 2.05769836e-01 2.05769723e-01 1.13186512e-07
3.23232323e-01 4.24242424e-01 1.95853346e-01 1.95853238e-01 1.07731795e-07
3.33333333e-01 4.24242424e-01 1.85739649e-01 1.85739546e-01 1.02168602e-07
3.43434343e-01 4.24242424e-01 1.75438927e-01 1.75438830e-01 9.65025339e-08
3.53535354e-01 4.24242424e-01 1.64961553e-01 1.64961462e-01 9.07392958e-08
3.63636364e-01 4.24242424e-01 1.54318077e-01 1.54317992e-01 8.48846907e-08
3.73737374e-01 4.24242424e-01 1.43519216e-01 1.43519137e-01 7.89446142e-08
3.83838384e-01 4.24242424e-01 1.32575843e-01 1.32575770e-01 7.29250469e-08
3.93939394e-01 4.24242424e-01 1.21498977e-01 1.21498910e-01 6.68320505e-08
4.04040404e-01 4.24242424e-01 1.10299772e-01 1.10299712e-01 6.06717597e-08
4.14141414e-01 4.24242424e-01 9.89895050e-02 9.89894506e-02 5.44503777e-08
4.24242424e-01 4.24242424e-01 8.75795637e-02 8.75795155e-02 4.81741687e-08
4.34343434e-01 4.24242424e-01 7.60814371e-02 7.60813953e-02 4.18494525e-08
4.44444444e-01 4.24242424e-01 6.45067030e-02 6.45066675e-02 3.54825974e-08
4.54545455e-01 4.24242424e-01 5.28670161e-02 5.28669870e-02 2.90800143e-08
4.64646465e-01 4.24242424e-01 4.11740966e-02 4.11740740e-02 2.26481501e-08
4.74747475e-01 4.24242424e-01 2.94397183e-02 2.94397021e-02 1.61934812e-08
4.84848485e-01 4.24242424e-01 1.76756966e-02 1.76756869e-02 9.72250672e-09
4.94949495e-01 4.24242424e-01 5.89387709e-03 5.89387385e-03 3.24174258e-09
5.05050505e-01 4.24242424e-01 -5.89387709e-03 -5.89387385e-03 3.24228573e-09
5.15151515e-01 4.24242424e-01 -1.76756966e-02 -1.76756869e-02 9.72304932e-09
5.25252525e-01 4.24242424e-01 -2.94397183e-02 -2.94397021e-02 1.61940227e-08
5.35353535e-01 4.24242424e-01 -4.11740966e-02 -4.11740740e-02 2.26486900e-08
5.45454545e-01 4.24242424e-01 -5.28670161e-02 -5.28669870e-02 2.90805520e-08
5.55555556e-01 4.24242424e-01 -6.45067030e-02 -6.45066675e-02 3.54831324e-08
5.65656566e-01 4.24242424e-01 -7.60814371e-02 -7.60813953e-02 4.18499841e-08
5.75757576e-01 4.24242424e-01 -8.75795637e-02 -8.75795155e-02 4.81746966e-08
5.85858586e-01 4.24242424e-01 -9.89895050e-02 -9.89894506e-02 5.44509013e-08
5.95959596e-01 4.24242424e-01 -1.10299772e-01 -1.10299712e-01 6.06722784e-08
6.06060606e-01 4.24242424e-01 -1.21498977e-01 -1.21498910e-01 6.68325638e-08
6.16161616e-01 4.24242424e-01 -1.32575843e-01 -1.32575770e-01 7.29255544e-08
6.26262626e-01 4.24242424e-01 -1.43519216e-01 -1.43519137e-01 7.89451152e-08
6.36363636e-01 4.24242424e-01 -1.54318077e-01 -1.54317992e-01 8.48851849e-08
6.46464646e-01 4.24242424e-01 -1.64961553e-01 -1.64961462e-01 9.07397825e-08
6.56565657e-01 4.24242424e-01 -1.75438927e-01 -1.75438830e-01 9.65030127e-08
6.66666667e-01 4.24242424e-01 -1.85739649e-01 -1.85739546e-01 1.02169073e-07
6.76767677e-01 4.24242424e-01 -1.95853346e-01 -1.95853238e-01 1.07732257e-07
6.86868687e-01 4.24242424e-01 -2.05769836e-01 -2.05769723e-01 1.13186964e-07
6.96969697e-01 4.24242424e-01 -2.15479133e-01 -2.15479015e-01 1.18527701e-07
7.07070707e-01 4.24242424e-01 -2.24971461e-01 -2.24971337e-01 1.23749091e-07
7.17171717e-01 4.24242424e-01 -2.34237262e-01 -2.34237133e-01 1.28845877e-07
7.27272727e-01 4.24242424e-01 -2.43267205e-01 -2.43267071e-01 1.33812925e-07
7.37373737e-01 4.24242424e-01 -2.52052199e-01 -2.52052061e-01 1.38645235e-07
7.47474747e-01 4.24242424e-01 -2.60583398e-01 -2.60583255e-01 1.43337941e-07
7.57575758e-01 4.24242424e-01 -2.68852212e-01 -2.68852064e-01 1.47886318e-07
7.67676768e-01 4.24242424e-01 -2.76850314e-01 -2.76850162e-01 1.52285786e-07
7.77777778e-01 4.24242424e-01 -2.84569651e-01 -2.84569495e-01 1.56531915e-07
7.87878788e-01 4.24242424e-01 -2.92002451e-01 -2.92002291e-01 1.60620430e-07
7.97979798e-01 4.24242424e-01 -2.99141229e-01 -2.99141065e-01 1.64547213e-07
8.08080808e-01 4.24242424e-01 -3.05978798e-01 -3.05978629e-01 1.68308311e-07
8.18181818e-01 4.24242424e-01 -3.12508271e-01 -3.12508099e-01 1.71899938e-07
8.28282828e-01 4.24242424e-01 -3.18723075e-01 -3.18722900e-01 1.75318475e-07
8.38383838e-01 4.24242424e-01 -3.24616952e-01 -3.24616774e-01 1.78560482e-07
8.48484848e-01 4.24242424e-01 -3.30183968e-01 -3.30183786e-01 1.81622693e-07
8.58585859e-01 4.24242424e-01 -3.35418516e-01 -3.35418331e-01 1.84502026e-07
8.68686869e-01 4.24242424e-01 -3.40315326e-01 -3.40315139e-01 1.87195581e-07
8.78787879e-01 4.24242424e-01 -3.44869467e-01 -3.44869278e-01 1.89700646e-07
8.88888889e-01 4.24242424e-01 -3.49076354e-01 -3.49076162e-01 1.92014698e-07
8.98989899e-01 4.24242424e-01 -3.52931751e-01 -3.52931557e-01 1.94135408e-07
9.09090909e-01 4.24242424e-01 -3.56431775e-01 -3.56431579e-01 1.96060640e-07
9.19191919e-01 4.24242424e-01 -3.59572903e-01 -3.59572706e-01 1.97788455e-07
9.29292929e-01 4.24242424e-01 -3.62351972e-01 -3.62351772e-01 1.99317104e-07
9.39393939e-01 4.24242424e-01 -3.64766182e-01 -3.64765982e-01 2.00644938e-07
9.49494949e-01 4.24242424e-01 -3.66813104e-01 -3.66812903e-01 2.01769278e-07
9.59595960e-01 4.24242424e-01 -3.68490677e-01 -3.68490474e-01 2.02682759e-07
9.69696970e-01 4.24242424e-01 -3.69797210e-01 -3.69797007e-01 2.03264374e-07
9.79797980e-01 4.24242424e-01 -3.70731387e-01 -3.70731185e-01 2.01914963e-07
9.89898990e-01 4.24242424e-01 -3.71292250e-01 -3.71292069e-01 1.81192222e-07
1.00000000e+00 4.24242424e-01 -3.71479093e-01 -3.71479093e-01 0.00000000e+00
0.00000000e+00 4.34343434e-01 5.13423964e-01 5.13423964e-01 0.00000000e+00
1.01010101e-02 4.34343434e-01 5.13165728e-01 5.13165477e-01 2.50429278e-07
2.02020202e-02 4.34343434e-01 5.12390555e-01 5.12390276e-01 2.79070569e-07
3.03030303e-02 4.34343434e-01 5.11099422e-01 5.11099141e-01 2.80935582e-07
4.04040404e-02 4.34343434e-01 5.09293653e-01 5.09293373e-01 2.80131545e-07
5.05050505e-02 4.34343434e-01 5.06975068e-01 5.06974789e-01 2.78868274e-07
6.06060606e-02 4.34343434e-01 5.04146002e-01 5.04145725e-01 2.77312790e-07
7.07070707e-02 4.34343434e-01 5.00809304e-01 5.00809028e-01 2.75477416e-07
8.08080808e-02 4.34343434e-01 4.96968333e-01 4.96968060e-01 2.73364624e-07
9.09090909e-02 4.34343434e-01 4.92626957e-01 4.92626686e-01 2.70976575e-07
1.01010101e-01 4.34343434e-01 4.87789548e-01 4.87789280e-01 2.68315676e-07
1.11111111e-01 4.34343434e-01 4.82460976e-01 4.82460711e-01 2.65384606e-07
1.21212121e-01 4.34343434e-01 4.76646607e-01 4.76646345e-01 2.62186316e-07
1.31313131e-01 4.34343434e-01 4.70352295e-01 4.70352036e-01 2.58724027e-07
1.41414141e-01 4.34343434e-01 4.63584378e-01 4.63584123e-01 2.55001224e-07
1.51515152e-01 4.34343434e-01 4.56349671e-01 4.56349420e-01 2.51021657e-07
1.61616162e-01 4.34343434e-01 4.48655458e-01 4.48655212e-01 2.46789332e-07
1.71717172e-01 4.34343434e-01 4.40509488e-01 4.40509245e-01 2.42308512e-07
1.81818182e-01 4.34343434e-01 4.31919962e-01 4.31919724e-01 2.37583707e-07
1.91919192e-01 4.34343434e-01 4.22895529e-01 4.22895296e-01 2.32619675e-07
2.02020202e-01 4.34343434e-01 4.13445276e-01 4.13445048e-01 2.27421416e-07
2.12121212e-01 4.34343434e-01 4.03578718e-01 4.03578496e-01 2.21994162e-07
2.22222222e-01 4.34343434e-01 3.93305791e-01 3.93305575e-01 2.16343379e-07
2.32323232e-01 4.34343434e-01 3.82636839e-01 3.82636628e-01 2.10474756e-07
2.42424242e-01 4.34343434e-01 3.71582603e-01 3.71582399e-01 2.04394203e-07
2.52525253e-01 4.34343434e-01 3.60154216e-01 3.60154018e-01 1.98107843e-07
2.62626263e-01 4.34343434e-01 3.48363184e-01 3.48362992e-01 1.91622005e-07
2.72727273e-01 4.34343434e-01 3.36221379e-01 3.36221194e-01 1.84943220e-07
2.82828283e-01 4.34343434e-01 3.23741028e-01 3.23740850e-01 1.78078212e-07
2.92929293e-01 4.34343434e-01 3.10934698e-01 3.10934526e-01 1.71033895e-07
3.03030303e-01 4.34343434e-01 2.97815282e-01 2.97815118e-01 1.63817361e-07
3.13131313e-01 4.34343434e-01 2.84395992e-01 2.84395835e-01 1.56435877e-07
3.23232323e-01 4.34343434e-01 2.70690339e-01 2.70690190e-01 1.48896876e-07
3.33333333e-01 4.34343434e-01 2.56712123e-01 2.56711982e-01 1.41207947e-07
3.43434343e-01 4.34343434e-01 2.42475421e-01 2.42475288e-01 1.33376835e-07
3.53535354e-01 4.34343434e-01 2.27994566e-01 2.27994441e-01 1.25411423e-07
3.63636364e-01 4.34343434e-01 2.13284140e-01 2.13284023e-01 1.17319732e-07
3.73737374e-01 4.34343434e-01 1.98358955e-01 1.98358846e-01 1.09109911e-07
3.83838384e-01 4.34343434e-01 1.83234040e-01 1.83233939e-01 1.00790225e-07
3.93939394e-01 4.34343434e-01 1.67924623e-01 1.67924530e-01 9.23690520e-08
4.04040404e-01 4.34343434e-01 1.52446120e-01 1.52446036e-01 8.38548711e-08
4.14141414e-01 4.34343434e-01 1.36814117e-01 1.36814042e-01 7.52562553e-08
4.24242424e-01 4.34343434e-01 1.21044354e-01 1.21044287e-01 6.65818630e-08
4.34343434e-01 4.34343434e-01 1.05152709e-01 1.05152651e-01 5.78404284e-08
4.44444444e-01 4.34343434e-01 8.91551848e-02 8.91551358e-02 4.90407534e-08
4.54545455e-01 4.34343434e-01 7.30678887e-02 7.30678485e-02 4.01916985e-08
4.64646465e-01 4.34343434e-01 5.69070193e-02 5.69069880e-02 3.13021739e-08
4.74747475e-01 4.34343434e-01 4.06888494e-02 4.06888270e-02 2.23811307e-08
4.84848485e-01 4.34343434e-01 2.44297093e-02 2.44296959e-02 1.34375516e-08
4.94949495e-01 4.34343434e-01 8.14597053e-03 8.14596605e-03 4.48044203e-09
5.05050505e-01 4.34343434e-01 -8.14597053e-03 -8.14596605e-03 4.48117896e-09
5.15151515e-01 4.34343434e-01 -2.44297093e-02 -2.44296959e-02 1.34382878e-08
5.25252525e-01 4.34343434e-01 -4.06888494e-02 -4.06888270e-02 2.23818654e-08
5.35353535e-01 4.34343434e-01 -5.69070193e-02 -5.69069880e-02 3.13029064e-08
5.45454545e-01 4.34343434e-01 -7.30678887e-02 -7.30678485e-02 4.01924280e-08
5.55555556e-01 4.34343434e-01 -8.91551848e-02 -8.91551358e-02 4.90414793e-08
5.65656566e-01 4.34343434e-01 -1.05152709e-01 -1.05152651e-01 5.78411498e-08
5.75757576e-01 4.34343434e-01 -1.21044354e-01 -1.21044287e-01 6.65825793e-08
5.85858586e-01 4.34343434e-01 -1.36814117e-01 -1.36814042e-01 7.52569658e-08
5.95959596e-01 4.34343434e-01 -1.52446120e-01 -1.52446036e-01 8.38555748e-08
6.06060606e-01 4.34343434e-01 -1.67924623e-01 -1.67924530e-01 9.23697485e-08
6.16161616e-01 4.34343434e-01 -1.83234040e-01 -1.83233939e-01 1.00790914e-07
6.26262626e-01 4.34343434e-01 -1.98358955e-01 -1.98358846e-01 1.09110591e-07
6.36363636e-01 4.34343434e-01 -2.13284140e-01 -2.13284023e-01 1.17320403e-07
6.46464646e-01 4.34343434e-01 -2.27994566e-01 -2.27994441e-01 1.25412083e-07
6.56565657e-01 4.34343434e-01 -2.42475421e-01 -2.42475288e-01 1.33377484e-07
6.66666667e-01 4.34343434e-01 -2.56712123e-01 -2.56711982e-01 1.41208586e-07
6.76767677e-01 4.34343434e-01 -2.70690339e-01 -2.70690190e-01 1.48897502e-07
6.86868687e-01 4.34343434e-01 -2.84395992e-01 -2.84395835e-01 1.56436491e-07
6.96969697e-01 4.34343434e-01 -2.97815282e-01 -2.97815118e-01 1.63817961e-07
7.07070707e-01 4.34343434e-01 -3.10934698e-01 -3.10934526e-01 1.71034481e-07
7.17171717e-01 4.34343434e-01 -3.23741028e-01 -3.23740850e-01 1.78078784e-07
7.27272727e-01 4.34343434e-01 -3.36221379e-01 -3.36221194e-01 1.84943777e-07
7.37373737e-01 4.34343434e-01 -3.48363184e-01 -3.48362992e-01 1.91622546e-07
7.47474747e-01 4.34343434e-01 -3.60154216e-01 -3.60154018e-01 1.98108368e-07
7.57575758e-01 4.34343434e-01 -3.71582603e-01 -3.71582399e-01 2.04394712e-07
7.67676768e-01 4.34343434e-01 -3.82636839e-01 -3.82636628e-01 2.10475248e-07
7.77777778e-01 4.34343434e-01 -3.93305791e-01 -3.93305575e-01 2.16343853e-07
7.87878788e-01 4.34343434e-01 -4.03578718e-01 -4.03578496e-01 2.21994617e-07
7.97979798e-01 4.34343434e-01 -4.13445276e-01 -4.13445048e-01 2.27421853e-07
8.08080808e-01 4.34343434e-01 -4.22895529e-01 -4.22895296e-01 2.32620093e-07
8.18181818e-01 4.34343434e-01 -4.31919962e-01 -4.31919724e-01 2.37584105e-07
8.28282828e-01 4.34343434e-01 -4.40509488e-01 -4.40509245e-01 2.42308890e-07
8.38383838e-01 4.34343434e-01 -4.48655458e-01 -4.48655212e-01 2.46789691e-07
8.48484848e-01 4.34343434e-01 -4.56349671e-01 -4.56349420e-01 2.51021995e-07
8.58585859e-01 4.34343434e-01 -4.63584378e-01 -4.63584123e-01 2.55001541e-07
8.68686869e-01 4.34343434e-01 -4.70352295e-01 -4.70352036e-01 2.58724322e-07
8.78787879e-01 4.34343434e-01 -4.76646607e-01 -4.76646345e-01 2.62186590e-07
8.88888889e-01 4.34343434e-01 -4.82460976e-01 -4.82460711e-01 2.65384858e-07
8.98989899e-01 4.34343434e-01 -4.87789548e-01 -4.87789280e-01 2.68315906e-07
9.09090909e-01 4.34343434e-01 -4.92626957e-01 -4.92626686e-01 2.70976783e-07
9.19191919e-01 4.34343434e-01 -4.96968333e-01 -4.96968060e-01 2.73364808e-07
9.29292929e-01 4.34343434e-01 -5.00809304e-01 -5.00809028e-01 2.75477565e-07
9.39393939e-01 4.34343434e-01 -5.04146002e-01 -5.04145725e-01 2.77312774e-07
9.49494949e-01 4.34343434e-01 -5.06975068e-01 -5.06974789e-01 2.78866736e-07
9.59595960e-01 4.34343434e-01 -5.09293653e-01 -5.09293373e-01 2.80129303e-07
9.69696970e-01 4.34343434e-01 -5.11099422e-01 -5.11099141e-01 2.80933172e-07
9.79797980e-01 4.34343434e-01 -5.12390555e-01 -5.12390276e-01 2.79068143e-07
9.89898990e-01 4.34343434e-01 -5.13165728e-01 -5.13165477e-01 2.50427092e-07
1.00000000e+00 4.34343434e-01 -5.13423964e-01 -5.13423964e-01 0.00000000e+00
0.00000000e+00 4.44444444e-01 6.42470485e-01 6.42470485e-01 0.00000000e+00
1.01010101e-02 4.44444444e-01 6.42147342e-01 6.42147028e-01 3.13373375e-07
2.02020202e-02 4.44444444e-01 6.41177333e-01 6.41176984e-01 3.49213506e-07
3.03030303e-02 4.44444444e-01 6.39561680e-01 6.39561329e-01 3.51547279e-07
4.04040404e-02 4.44444444e-01 6.37302040e-01 6.37301690e-01 3.50541152e-07
5.05050505e-02 4.44444444e-01 6.34400691e-01 6.34400342e-01 3.48960366e-07
6.06060606e-02 4.44444444e-01 6.30860553e-01 6.30860206e-01 3.47013919e-07
7.07070707e-02 4.44444444e-01 6.26685193e-01 6.26684848e-01 3.44717233e-07
8.08080808e-02 4.44444444e-01 6.21878814e-01 6.21878472e-01 3.42073402e-07
9.09090909e-02 4.44444444e-01 6.16446255e-01 6.16445916e-01 3.39085130e-07
1.01010101e-01 4.44444444e-01 6.10392988e-01 6.10392652e-01 3.35755428e-07
1.11111111e-01 4.44444444e-01 6.03725106e-01 6.03724774e-01 3.32087648e-07
1.21212121e-01 4.44444444e-01 5.96449324e-01 5.96448996e-01 3.28085485e-07
1.31313131e-01 4.44444444e-01 5.88572969e-01 5.88572645e-01 3.23752967e-07
1.41414141e-01 4.44444444e-01 5.80103970e-01 5.80103651e-01 3.19094458e-07
1.51515152e-01 4.44444444e-01 5.71050856e-01 5.71050542e-01 3.14114648e-07
1.61616162e-01 4.44444444e-01 5.61422742e-01 5.61422433e-01 3.08818550e-07
1.71717172e-01 4.44444444e-01 5.51229323e-01 5.51229020e-01 3.03211499e-07
1.81818182e-01 4.44444444e-01 5.40480863e-01 5.40480565e-01 2.97299139e-07
1.91919192e-01 4.44444444e-01 5.29188184e-01 5.29187893e-01 2.91087424e-07
2.02020202e-01 4.44444444e-01 5.17362657e-01 5.17362373e-01 2.84582609e-07
2.12121212e-01 4.44444444e-01 5.05016191e-01 5.05015913e-01 2.77791243e-07
2.22222222e-01 4.44444444e-01 4.92161216e-01 4.92160945e-01 2.70720165e-07
2.32323232e-01 4.44444444e-01 4.78810676e-01 4.78810412e-01 2.63376495e-07
2.42424242e-01 4.44444444e-01 4.64978014e-01 4.64977758e-01 2.55767627e-07
2.52525253e-01 4.44444444e-01 4.50677159e-01 4.50676911e-01 2.47901223e-07
2.62626263e-01 4.44444444e-01 4.35922510e-01 4.35922271e-01 2.39785203e-07
2.72727273e-01 4.44444444e-01 4.20728925e-01 4.20728693e-01 2.31427740e-07
2.82828283e-01 4.44444444e-01 4.05111701e-01 4.05111478e-01 2.22837249e-07
2.92929293e-01 4.44444444e-01 3.89086563e-01 3.89086349e-01 2.14022379e-07
3.03030303e-01 4.44444444e-01 3.72669649e-01 3.72669444e-01 2.04992007e-07
3.13131313e-01 4.44444444e-01 3.55877488e-01 3.55877292e-01 1.95755226e-07
3.23232323e-01 4.44444444e-01 3.38726988e-01 3.38726802e-01 1.86321335e-07
3.33333333e-01 4.44444444e-01 3.21235419e-01 3.21235242e-01 1.76699835e-07
3.43434343e-01 4.44444444e-01 3.03420393e-01 3.03420226e-01 1.66900413e-07
3.53535354e-01 4.44444444e-01 2.85299849e-01 2.85299692e-01 1.56932936e-07
3.63636364e-01 4.44444444e-01 2.66892032e-01 2.66891885e-01 1.46807442e-07
3.73737374e-01 4.44444444e-01 2.48215477e-01 2.48215340e-01 1.36534124e-07
3.83838384e-01 4.44444444e-01 2.29288990e-01 2.29288864e-01 1.26123329e-07
3.93939394e-01 4.44444444e-01 2.10131629e-01 2.10131513e-01 1.15585538e-07
4.04040404e-01 4.44444444e-01 1.90762682e-01 1.90762578e-01 1.04931362e-07
4.14141414e-01 4.44444444e-01 1.71201654e-01 1.71201560e-01 9.41715287e-08
4.24242424e-01 4.44444444e-01 1.51468241e-01 1.51468158e-01 8.33168730e-08
4.34343434e-01 4.44444444e-01 1.31582312e-01 1.31582239e-01 7.23783243e-08
4.44444444e-01 4.44444444e-01 1.11563890e-01 1.11563829e-01 6.13668967e-08
4.54545455e-01 4.44444444e-01 9.14331335e-02 9.14330832e-02 5.02936778e-08
4.64646465e-01 4.44444444e-01 7.12103112e-02 7.12102720e-02 3.91698175e-08
4.74747475e-01 4.44444444e-01 5.09157862e-02 5.09157582e-02 2.80065165e-08
4.84848485e-01 4.44444444e-01 3.05699934e-02 3.05699765e-02 1.68150153e-08
4.94949495e-01 4.44444444e-01 1.01934191e-02 1.01934135e-02 5.60658282e-09
5.05050505e-01 4.44444444e-01 -1.01934191e-02 -1.01934135e-02 5.60749501e-09
5.15151515e-01 4.44444444e-01 -3.05699934e-02 -3.05699765e-02 1.68159266e-08
5.25252525e-01 4.44444444e-01 -5.09157862e-02 -5.09157582e-02 2.80074259e-08
5.35353535e-01 4.44444444e-01 -7.12103112e-02 -7.12102720e-02 3.91707242e-08
5.45454545e-01 4.44444444e-01 -9.14331335e-02 -9.14330832e-02 5.02945808e-08
5.55555556e-01 4.44444444e-01 -1.11563890e-01 -1.11563829e-01 6.13677951e-08
5.65656566e-01 4.44444444e-01 -1.31582312e-01 -1.31582239e-01 7.23792172e-08
5.75757576e-01 4.44444444e-01 -1.51468241e-01 -1.51468158e-01 8.33177596e-08
5.85858586e-01 4.44444444e-01 -1.71201654e-01 -1.71201560e-01 9.41724081e-08
5.95959596e-01 4.44444444e-01 -1.90762682e-01 -1.90762578e-01 1.04932233e-07
6.06060606e-01 4.44444444e-01 -2.10131629e-01 -2.10131513e-01 1.15586400e-07
6.16161616e-01 4.44444444e-01 -2.29288990e-01 -2.29288864e-01 1.26124181e-07
6.26262626e-01 4.44444444e-01 -2.48215477e-01 -2.48215340e-01 1.36534966e-07
6.36363636e-01 4.44444444e-01 -2.66892032e-01 -2.66891885e-01 1.46808272e-07
6.46464646e-01 4.44444444e-01 -2.85299849e-01 -2.85299692e-01 1.56933754e-07
6.56565657e-01 4.44444444e-01 -3.03420393e-01 -3.03420226e-01 1.66901217e-07
6.66666667e-01 4.44444444e-01 -3.21235419e-01 -3.21235242e-01 1.76700625e-07
6.76767677e-01 4.44444444e-01 -3.38726988e-01 -3.38726802e-01 1.86322110e-07
6.86868687e-01 4.44444444e-01 -3.55877488e-01 -3.55877292e-01 1.95755985e-07
6.96969697e-01 4.44444444e-01 -3.72669649e-01 -3.72669444e-01 2.04992750e-07
7.07070707e-01 4.44444444e-01 -3.89086563e-01 -3.89086349e-01 2.14023105e-07
7.17171717e-01 4.44444444e-01 -4.05111701e-01 -4.05111478e-01 2.22837957e-07
7.27272727e-01 4.44444444e-01 -4.20728925e-01 -4.20728693e-01 2.31428429e-07
7.37373737e-01 4.44444444e-01 -4.35922510e-01 -4.35922271e-01 2.39785873e-07
7.47474747e-01 4.44444444e-01 -4.50677159e-01 -4.50676911e-01 2.47901873e-07
7.57575758e-01 4.44444444e-01 -4.64978014e-01 -4.64977758e-01 2.55768257e-07
7.67676768e-01 4.44444444e-01 -4.78810676e-01 -4.78810412e-01 2.63377104e-07
7.77777778e-01 4.44444444e-01 -4.92161216e-01 -4.92160945e-01 2.70720752e-07
7.87878788e-01 4.44444444e-01 -5.05016191e-01 -5.05015913e-01 2.77791807e-07
7.97979798e-01 4.44444444e-01 -5.17362657e-01 -5.17362373e-01 2.84583150e-07
8.08080808e-01 4.44444444e-01 -5.29188184e-01 -5.29187893e-01 2.91087941e-07
8.18181818e-01 4.44444444e-01 -5.40480863e-01 -5.40480565e-01 2.97299632e-07
8.28282828e-01 4.44444444e-01 -5.51229323e-01 -5.51229020e-01 3.03211967e-07
8.38383838e-01 4.44444444e-01 -5.61422742e-01 -5.61422433e-01 3.08818993e-07
8.48484848e-01 4.44444444e-01 -5.71050856e-01 -5.71050542e-01 3.14115065e-07
8.58585859e-01 4.44444444e-01 -5.80103970e-01 -5.80103651e-01 3.19094850e-07
8.68686869e-01 4.44444444e-01 -5.88572969e-01 -5.88572645e-01 3.23753333e-07
8.78787879e-01 4.44444444e-01 -5.96449324e-01 -5.96448996e-01 3.28085824e-07
8.88888889e-01 4.44444444e-01 -6.03725106e-01 -6.03724774e-01 3.32087960e-07
8.98989899e-01 4.44444444e-01 -6.10392988e-01 -6.10392652e-01 3.35755712e-07
9.09090909e-01 4.44444444e-01 -6.16446255e-01 -6.16445916e-01 3.39085387e-07
9.19191919e-01 4.44444444e-01 -6.21878814e-01 -6.21878472e-01 3.42073630e-07
9.29292929e-01 4.44444444e-01 -6.26685193e-01 -6.26684848e-01 3.44717418e-07
9.39393939e-01 4.44444444e-01 -6.30860553e-01 -6.30860206e-01 3.47013897e-07
9.49494949e-01 4.44444444e-01 -6.34400691e-01 -6.34400342e-01 3.48958441e-07
9.59595960e-01 4.44444444e-01 -6.37302040e-01 -6.37301690e-01 3.50538377e-07
9.69696970e-01 4.44444444e-01 -6.39561680e-01 -6.39561329e-01 3.51544303e-07
9.79797980e-01 4.44444444e-01 -6.41177333e-01 -6.41176984e-01 3.49210511e-07
9.89898990e-01 4.44444444e-01 -6.42147342e-01 -6.42147028e-01 3.13370677e-07
1.00000000e+00 4.44444444e-01 -6.42470485e-01 -6.42470485e-01 0.00000000e+00
0.00000000e+00 4.54545455e-01 7.55376719e-01 7.55376719e-01 0.00000000e+00
1.01010101e-02 4.54545455e-01 7.54996787e-01 7.54996419e-01 3.68444836e-07
2.02020202e-02 4.54545455e-01 7.53856312e-01 7.53855901e-01 4.10583423e-07
3.03030303e-02 4.54545455e-01 7.51956728e-01 7.51956315e-01 4.13327329e-07
4.04040404e-02 4.54545455e-01 7.49299984e-01 7.49299572e-01 4.12144387e-07
5.05050505e-02 4.54545455e-01 7.45888758e-01 7.45888348e-01 4.10285797e-07
6.06060606e-02 4.54545455e-01 7.41726486e-01 7.41726078e-01 4.07997286e-07
7.07070707e-02 4.54545455e-01 7.36817357e-01 7.36816952e-01 4.05296987e-07
8.08080808e-02 4.54545455e-01 7.31166316e-01 7.31165914e-01 4.02188535e-07
9.09090909e-02 4.54545455e-01 7.24779053e-01 7.24778654e-01 3.98675112e-07
1.01010101e-01 4.54545455e-01 7.17661998e-01 7.17661604e-01 3.94760257e-07
1.11111111e-01 4.54545455e-01 7.09822319e-01 7.09821929e-01 3.90447911e-07
1.21212121e-01 4.54545455e-01 7.01267909e-01 7.01267523e-01 3.85742418e-07
1.31313131e-01 4.54545455e-01 6.92007381e-01 6.92007001e-01 3.80648514e-07
1.41414141e-01 4.54545455e-01 6.82050061e-01 6.82049686e-01 3.75171330e-07
1.51515152e-01 4.54545455e-01 6.71405974e-01 6.71405605e-01 3.69316380e-07
1.61616162e-01 4.54545455e-01 6.60085838e-01 6.60085475e-01 3.63089559e-07
1.71717172e-01 4.54545455e-01 6.48101052e-01 6.48100696e-01 3.56497139e-07
1.81818182e-01 4.54545455e-01 6.35463683e-01 6.35463333e-01 3.49545756e-07
1.91919192e-01 4.54545455e-01 6.22186456e-01 6.22186114e-01 3.42242410e-07
2.02020202e-01 4.54545455e-01 6.08282740e-01 6.08282405e-01 3.34594455e-07
2.12121212e-01 4.54545455e-01 5.93766534e-01 5.93766208e-01 3.26609591e-07
2.22222222e-01 4.54545455e-01 5.78652456e-01 5.78652138e-01 3.18295860e-07
2.32323232e-01 4.54545455e-01 5.62955724e-01 5.62955415e-01 3.09661631e-07
2.42424242e-01 4.54545455e-01 5.46692144e-01 5.46691843e-01 3.00715600e-07
2.52525253e-01 4.54545455e-01 5.29878091e-01 5.29877799e-01 2.91466773e-07
2.62626263e-01 4.54545455e-01 5.12530495e-01 5.12530213e-01 2.81924464e-07
2.72727273e-01 4.54545455e-01 4.94666825e-01 4.94666553e-01 2.72098281e-07
2.82828283e-01 4.54545455e-01 4.76305067e-01 4.76304805e-01 2.61998118e-07
2.92929293e-01 4.54545455e-01 4.57463710e-01 4.57463458e-01 2.51634145e-07
3.03030303e-01 4.54545455e-01 4.38161726e-01 4.38161485e-01 2.41016798e-07
3.13131313e-01 4.54545455e-01 4.18418551e-01 4.18418320e-01 2.30156768e-07
3.23232323e-01 4.54545455e-01 3.98254063e-01 3.98253844e-01 2.19064989e-07
3.33333333e-01 4.54545455e-01 3.77688567e-01 3.77688359e-01 2.07752630e-07
3.43434343e-01 4.54545455e-01 3.56742771e-01 3.56742575e-01 1.96231082e-07
3.53535354e-01 4.54545455e-01 3.35437765e-01 3.35437581e-01 1.84511946e-07
3.63636364e-01 4.54545455e-01 3.13795002e-01 3.13794830e-01 1.72607022e-07
3.73737374e-01 4.54545455e-01 2.91836274e-01 2.91836113e-01 1.60528297e-07
3.83838384e-01 4.54545455e-01 2.69583691e-01 2.69583543e-01 1.48287934e-07
3.93939394e-01 4.54545455e-01 2.47059661e-01 2.47059525e-01 1.35898258e-07
4.04040404e-01 4.54545455e-01 2.24286862e-01 2.24286739e-01 1.23371743e-07
4.14141414e-01 4.54545455e-01 2.01288226e-01 2.01288115e-01 1.10721004e-07
4.24242424e-01 4.54545455e-01 1.78086909e-01 1.78086811e-01 9.79587779e-08
4.34343434e-01 4.54545455e-01 1.54706274e-01 1.54706189e-01 8.50979156e-08
4.44444444e-01 4.54545455e-01 1.31169863e-01 1.31169791e-01 7.21513671e-08
4.54545455e-01 4.54545455e-01 1.07501375e-01 1.07501316e-01 5.91321681e-08
4.64646465e-01 4.54545455e-01 8.37246418e-02 8.37245958e-02 4.60534282e-08
4.74747475e-01 4.54545455e-01 5.98636053e-02 5.98635724e-02 3.29283164e-08
4.84848485e-01 4.54545455e-01 3.59422912e-02 3.59422715e-02 1.97700484e-08
4.94949495e-01 4.54545455e-01 1.19847863e-02 1.19847797e-02 6.59187379e-09
5.05050505e-01 4.54545455e-01 -1.19847863e-02 -1.19847797e-02 6.59293832e-09
5.15151515e-01 4.54545455e-01 -3.59422912e-02 -3.59422715e-02 1.97711119e-08
5.25252525e-01 4.54545455e-01 -5.98636053e-02 -5.98635724e-02 3.29293777e-08
5.35353535e-01 4.54545455e-01 -8.37246418e-02 -8.37245958e-02 4.60544863e-08
5.45454545e-01 4.54545455e-01 -1.07501375e-01 -1.07501316e-01 5.91332220e-08
5.55555556e-01 4.54545455e-01 -1.31169863e-01 -1.31169791e-01 7.21524156e-08
5.65656566e-01 4.54545455e-01 -1.54706274e-01 -1.54706189e-01 8.50989577e-08
5.75757576e-01 4.54545455e-01 -1.78086909e-01 -1.78086811e-01 9.79598125e-08
5.85858586e-01 4.54545455e-01 -2.01288226e-01 -2.01288115e-01 1.10722030e-07
5.95959596e-01 4.54545455e-01 -2.24286862e-01 -2.24286739e-01 1.23372760e-07
6.06060606e-01 4.54545455e-01 -2.47059661e-01 -2.47059525e-01 1.35899264e-07
6.16161616e-01 4.54545455e-01 -2.69583691e-01 -2.69583543e-01 1.48288929e-07
6.26262626e-01 4.54545455e-01 -2.91836274e-01 -2.91836113e-01 1.60529279e-07
6.36363636e-01 4.54545455e-01 -3.13795002e-01 -3.13794830e-01 1.72607990e-07
6.46464646e-01 4.54545455e-01 -3.35437765e-01 -3.35437581e-01 1.84512900e-07
6.56565657e-01 4.54545455e-01 -3.56742771e-01 -3.56742575e-01 1.96232020e-07
6.66666667e-01 4.54545455e-01 -3.77688567e-01 -3.77688359e-01 2.07753552e-07
6.76767677e-01 4.54545455e-01 -3.98254063e-01 -3.98253844e-01 2.19065894e-07
6.86868687e-01 4.54545455e-01 -4.18418551e-01 -4.18418320e-01 2.30157654e-07
6.96969697e-01 4.54545455e-01 -4.38161726e-01 -4.38161485e-01 2.41017666e-07
7.07070707e-01 4.54545455e-01 -4.57463710e-01 -4.57463458e-01 2.51634992e-07
7.17171717e-01 4.54545455e-01 -4.76305067e-01 -4.76304805e-01 2.61998945e-07
7.27272727e-01 4.54545455e-01 -4.94666825e-01 -4.94666553e-01 2.72099086e-07
7.37373737e-01 4.54545455e-01 -5.12530495e-01 -5.12530213e-01 2.81925246e-07
7.47474747e-01 4.54545455e-01 -5.29878091e-01 -5.29877799e-01 2.91467532e-07
7.57575758e-01 4.54545455e-01 -5.46692144e-01 -5.46691843e-01 3.00716335e-07
7.67676768e-01 4.54545455e-01 -5.62955724e-01 -5.62955415e-01 3.09662341e-07
7.77777778e-01 4.54545455e-01 -5.78652456e-01 -5.78652138e-01 3.18296544e-07
7.87878788e-01 4.54545455e-01 -5.93766534e-01 -5.93766208e-01 3.26610250e-07
7.97979798e-01 4.54545455e-01 -6.08282740e-01 -6.08282405e-01 3.34595086e-07
8.08080808e-01 4.54545455e-01 -6.22186456e-01 -6.22186114e-01 3.42243014e-07
8.18181818e-01 4.54545455e-01 -6.35463683e-01 -6.35463333e-01 3.49546331e-07
8.28282828e-01 4.54545455e-01 -6.48101052e-01 -6.48100696e-01 3.56497686e-07
8.38383838e-01 4.54545455e-01 -6.60085838e-01 -6.60085475e-01 3.63090077e-07
8.48484848e-01 4.54545455e-01 -6.71405974e-01 -6.71405605e-01 3.69316868e-07
8.58585859e-01 4.54545455e-01 -6.82050061e-01 -6.82049686e-01 3.75171787e-07
8.68686869e-01 4.54545455e-01 -6.92007381e-01 -6.92007001e-01 3.80648941e-07
8.78787879e-01 4.54545455e-01 -7.01267909e-01 -7.01267523e-01 3.85742813e-07
8.88888889e-01 4.54545455e-01 -7.09822319e-01 -7.09821929e-01 3.90448275e-07
8.98989899e-01 4.54545455e-01 -7.17661998e-01 -7.17661604e-01 3.94760589e-07
9.09090909e-01 4.54545455e-01 -7.24779053e-01 -7.24778654e-01 3.98675412e-07
9.19191919e-01 4.54545455e-01 -7.31166316e-01 -7.31165914e-01 4.02188802e-07
9.29292929e-01 4.54545455e-01 -7.36817357e-01 -7.36816952e-01 4.05297203e-07
9.39393939e-01 4.54545455e-01 -7.41726486e-01 -7.41726078e-01 4.07997259e-07
9.49494949e-01 4.54545455e-01 -7.45888758e-01 -7.45888348e-01 4.10283535e-07
9.59595960e-01 4.54545455e-01 -7.49299984e-01 -7.49299572e-01 4.12141147e-07
9.69696970e-01 4.54545455e-01 -7.51956728e-01 -7.51956315e-01 4.13323861e-07
9.79797980e-01 4.54545455e-01 -7.53856312e-01 -7.53855901e-01 4.10579935e-07
9.89898990e-01 4.54545455e-01 -7.54996787e-01 -7.54996419e-01 3.68441694e-07
1.00000000e+00 4.54545455e-01 -7.55376719e-01 -7.55376719e-01 0.00000000e+00
0.00000000e+00 4.64646465e-01 8.49306211e-01 8.49306211e-01 0.00000000e+00
1.01010101e-02 4.64646465e-01 8.48879035e-01 8.48878621e-01 4.14260145e-07
2.02020202e-02 4.64646465e-01 8.47596744e-01 8.47596283e-01 4.61638573e-07
3.03030303e-02 4.64646465e-01 8.45460951e-01 8.45460486e-01 4.64723677e-07
4.04040404e-02 4.64646465e-01 8.42473847e-01 8.42473383e-01 4.63393639e-07
5.05050505e-02 4.64646465e-01 8.38638442e-01 8.38637981e-01 4.61303937e-07
6.06060606e-02 4.64646465e-01 8.33958600e-01 8.33958141e-01 4.58730856e-07
7.07070707e-02 4.64646465e-01 8.28439032e-01 8.28438576e-01 4.55694779e-07
8.08080808e-02 4.64646465e-01 8.22085296e-01 8.22084844e-01 4.52199799e-07
9.09090909e-02 4.64646465e-01 8.14903790e-01 8.14903342e-01 4.48249490e-07
1.01010101e-01 4.64646465e-01 8.06901745e-01 8.06901301e-01 4.43847831e-07
1.11111111e-01 4.64646465e-01 7.98087218e-01 7.98086779e-01 4.38999254e-07
1.21212121e-01 4.64646465e-01 7.88469085e-01 7.88468651e-01 4.33708643e-07
1.31313131e-01 4.64646465e-01 7.78057031e-01 7.78056603e-01 4.27981324e-07
1.41414141e-01 4.64646465e-01 7.66861539e-01 7.66861117e-01 4.21823064e-07
1.51515152e-01 4.64646465e-01 7.54893882e-01 7.54893467e-01 4.15240064e-07
1.61616162e-01 4.64646465e-01 7.42166111e-01 7.42165703e-01 4.08238952e-07
1.71717172e-01 4.64646465e-01 7.28691042e-01 7.28690642e-01 4.00826779e-07
1.81818182e-01 4.64646465e-01 7.14482243e-01 7.14481850e-01 3.93011007e-07
1.91919192e-01 4.64646465e-01 6.99554021e-01 6.99553636e-01 3.84799505e-07
2.02020202e-01 4.64646465e-01 6.83921407e-01 6.83921031e-01 3.76200544e-07
2.12121212e-01 4.64646465e-01 6.67600143e-01 6.67599775e-01 3.67222780e-07
2.22222222e-01 4.64646465e-01 6.50606661e-01 6.50606303e-01 3.57875255e-07
2.32323232e-01 4.64646465e-01 6.32958074e-01 6.32957726e-01 3.48167379e-07
2.42424242e-01 4.64646465e-01 6.14672152e-01 6.14671813e-01 3.38108928e-07
2.52525253e-01 4.64646465e-01 5.95767306e-01 5.95766979e-01 3.27710030e-07
2.62626263e-01 4.64646465e-01 5.76262574e-01 5.76262257e-01 3.16981156e-07
2.72727273e-01 4.64646465e-01 5.56177594e-01 5.56177288e-01 3.05933109e-07
2.82828283e-01 4.64646465e-01 5.35532591e-01 5.35532296e-01 2.94577013e-07
2.92929293e-01 4.64646465e-01 5.14348351e-01 5.14348069e-01 2.82924303e-07
3.03030303e-01 4.64646465e-01 4.92646207e-01 4.92645936e-01 2.70986712e-07
3.13131313e-01 4.64646465e-01 4.70448009e-01 4.70447750e-01 2.58776260e-07
3.23232323e-01 4.64646465e-01 4.47776110e-01 4.47775864e-01 2.46305243e-07
3.33333333e-01 4.64646465e-01 4.24653339e-01 4.24653105e-01 2.33586217e-07
3.43434343e-01 4.64646465e-01 4.01102978e-01 4.01102757e-01 2.20631990e-07
3.53535354e-01 4.64646465e-01 3.77148740e-01 3.77148532e-01 2.07455605e-07
3.63636364e-01 4.64646465e-01 3.52814745e-01 3.52814551e-01 1.94070330e-07
3.73737374e-01 4.64646465e-01 3.28125495e-01 3.28125315e-01 1.80489642e-07
3.83838384e-01 4.64646465e-01 3.03105851e-01 3.03105685e-01 1.66727217e-07
3.93939394e-01 4.64646465e-01 2.77781005e-01 2.77780853e-01 1.52796912e-07
4.04040404e-01 4.64646465e-01 2.52176458e-01 2.52176319e-01 1.38712752e-07
4.14141414e-01 4.64646465e-01 2.26317989e-01 2.26317865e-01 1.24488921e-07
4.24242424e-01 4.64646465e-01 2.00231638e-01 2.00231528e-01 1.10139740e-07
4.34343434e-01 4.64646465e-01 1.73943671e-01 1.73943575e-01 9.56796583e-08
4.44444444e-01 4.64646465e-01 1.47480557e-01 1.47480476e-01 8.11232348e-08
4.54545455e-01 4.64646465e-01 1.20868943e-01 1.20868876e-01 6.64851270e-08
4.64646465e-01 4.64646465e-01 9.41356233e-02 9.41355716e-02 5.17800745e-08
4.74747475e-01 4.64646465e-01 6.73075176e-02 6.73074806e-02 3.70228837e-08
4.84848485e-01 4.64646465e-01 4.04116389e-02 4.04116166e-02 2.22284140e-08
4.94949495e-01 4.64646465e-01 1.34750690e-02 1.34750616e-02 7.41156223e-09
5.05050505e-01 4.64646465e-01 -1.34750690e-02 -1.34750616e-02 7.41275237e-09
5.15151515e-01 4.64646465e-01 -4.04116389e-02 -4.04116166e-02 2.22296029e-08
5.25252525e-01 4.64646465e-01 -6.73075176e-02 -6.73074806e-02 3.70240703e-08
5.35353535e-01 4.64646465e-01 -9.41356233e-02 -9.41355716e-02 5.17812574e-08
5.45454545e-01 4.64646465e-01 -1.20868943e-01 -1.20868876e-01 6.64863052e-08
5.55555556e-01 4.64646465e-01 -1.47480557e-01 -1.47480476e-01 8.11244071e-08
5.65656566e-01 4.64646465e-01 -1.73943671e-01 -1.73943575e-01 9.56808232e-08
5.75757576e-01 4.64646465e-01 -2.00231638e-01 -2.00231528e-01 1.10140897e-07
5.85858586e-01 4.64646465e-01 -2.26317989e-01 -2.26317865e-01 1.24490069e-07
5.95959596e-01 4.64646465e-01 -2.52176458e-01 -2.52176319e-01 1.38713889e-07
6.06060606e-01 4.64646465e-01 -2.77781005e-01 -2.77780853e-01 1.52798036e-07
6.16161616e-01 4.64646465e-01 -3.03105851e-01 -3.03105685e-01 1.66728329e-07
6.26262626e-01 4.64646465e-01 -3.28125495e-01 -3.28125315e-01 1.80490740e-07
6.36363636e-01 4.64646465e-01 -3.52814745e-01 -3.52814551e-01 1.94071412e-07
6.46464646e-01 4.64646465e-01 -3.77148740e-01 -3.77148532e-01 2.07456672e-07
6.56565657e-01 4.64646465e-01 -4.01102978e-01 -4.01102757e-01 2.20633039e-07
6.66666667e-01 4.64646465e-01 -4.24653339e-01 -4.24653105e-01 2.33587248e-07
6.76767677e-01 4.64646465e-01 -4.47776110e-01 -4.47775864e-01 2.46306254e-07
6.86868687e-01 4.64646465e-01 -4.70448009e-01 -4.70447750e-01 2.58777251e-07
6.96969697e-01 4.64646465e-01 -4.92646207e-01 -4.92645936e-01 2.70987681e-07
7.07070707e-01 4.64646465e-01 -5.14348351e-01 -5.14348069e-01 2.82925250e-07
7.17171717e-01 4.64646465e-01 -5.35532591e-01 -5.35532296e-01 2.94577936e-07
7.27272727e-01 4.64646465e-01 -5.56177594e-01 -5.56177288e-01 3.05934008e-07
7.37373737e-01 4.64646465e-01 -5.76262574e-01 -5.76262257e-01 3.16982030e-07
7.47474747e-01 4.64646465e-01 -5.95767306e-01 -5.95766979e-01 3.27710878e-07
7.57575758e-01 4.64646465e-01 -6.14672152e-01 -6.14671813e-01 3.38109749e-07
7.67676768e-01 4.64646465e-01 -6.32958074e-01 -6.32957726e-01 3.48168172e-07
7.77777778e-01 4.64646465e-01 -6.50606661e-01 -6.50606303e-01 3.57876020e-07
7.87878788e-01 4.64646465e-01 -6.67600143e-01 -6.67599775e-01 3.67223516e-07
7.97979798e-01 4.64646465e-01 -6.83921407e-01 -6.83921031e-01 3.76201250e-07
8.08080808e-01 4.64646465e-01 -6.99554021e-01 -6.99553636e-01 3.84800180e-07
8.18181818e-01 4.64646465e-01 -7.14482243e-01 -7.14481850e-01 3.93011650e-07
8.28282828e-01 4.64646465e-01 -7.28691042e-01 -7.28690642e-01 4.00827390e-07
8.38383838e-01 4.64646465e-01 -7.42166111e-01 -7.42165703e-01 4.08239531e-07
8.48484848e-01 4.64646465e-01 -7.54893882e-01 -7.54893467e-01 4.15240609e-07
8.58585859e-01 4.64646465e-01 -7.66861539e-01 -7.66861117e-01 4.21823576e-07
8.68686869e-01 4.64646465e-01 -7.78057031e-01 -7.78056603e-01 4.27981801e-07
8.78787879e-01 4.64646465e-01 -7.88469085e-01 -7.88468651e-01 4.33709086e-07
8.88888889e-01 4.64646465e-01 -7.98087218e-01 -7.98086779e-01 4.38999661e-07
8.98989899e-01 4.64646465e-01 -8.06901745e-01 -8.06901301e-01 4.43848202e-07
9.09090909e-01 4.64646465e-01 -8.14903790e-01 -8.14903342e-01 4.48249825e-07
9.19191919e-01 4.64646465e-01 -8.22085296e-01 -8.22084844e-01 4.52200097e-07
9.29292929e-01 4.64646465e-01 -8.28439032e-01 -8.28438576e-01 4.55695021e-07
9.39393939e-01 4.64646465e-01 -8.33958600e-01 -8.33958141e-01 4.58730824e-07
9.49494949e-01 4.64646465e-01 -8.38638442e-01 -8.38637981e-01 4.61301395e-07
9.59595960e-01 4.64646465e-01 -8.42473847e-01 -8.42473383e-01 4.63390016e-07
9.69696970e-01 4.64646465e-01 -8.45460951e-01 -8.45460486e-01 4.64719804e-07
9.79797980e-01 4.64646465e-01 -8.47596744e-01 -8.47596283e-01 4.61634678e-07
9.89898990e-01 4.64646465e-01 -8.48879035e-01 -8.48878621e-01 4.14256637e-07
1.00000000e+00 4.64646465e-01 -8.49306211e-01 -8.49306211e-01 0.00000000e+00
0.00000000e+00 4.74747475e-01 9.21899243e-01 9.21899243e-01 0.00000000e+00
1.01010101e-02 4.74747475e-01 9.21435555e-01 9.21435106e-01 4.49668317e-07
2.02020202e-02 4.74747475e-01 9.20043662e-01 9.20043161e-01 5.01096335e-07
3.03030303e-02 4.74747475e-01 9.17725316e-01 9.17724812e-01 5.04445133e-07
4.04040404e-02 4.74747475e-01 9.14482894e-01 9.14482391e-01 5.03001412e-07
5.05050505e-02 4.74747475e-01 9.10319665e-01 9.10319164e-01 5.00733097e-07
6.06060606e-02 4.74747475e-01 9.05239820e-01 9.05239322e-01 4.97940086e-07
7.07070707e-02 4.74747475e-01 8.99248477e-01 8.99247982e-01 4.94644506e-07
8.08080808e-02 4.74747475e-01 8.92351666e-01 8.92351175e-01 4.90850799e-07
9.09090909e-02 4.74747475e-01 8.84556332e-01 8.84555846e-01 4.86562844e-07
1.01010101e-01 4.74747475e-01 8.75870326e-01 8.75869844e-01 4.81784961e-07
1.11111111e-01 4.74747475e-01 8.66302392e-01 8.66301916e-01 4.76521961e-07
1.21212121e-01 4.74747475e-01 8.55862165e-01 8.55861694e-01 4.70779144e-07
1.31313131e-01 4.74747475e-01 8.44560158e-01 8.44559693e-01 4.64562292e-07
1.41414141e-01 4.74747475e-01 8.32407750e-01 8.32407292e-01 4.57877665e-07
1.51515152e-01 4.74747475e-01 8.19417178e-01 8.19416727e-01 4.50731995e-07
1.61616162e-01 4.74747475e-01 8.05601522e-01 8.05601079e-01 4.43132475e-07
1.71717172e-01 4.74747475e-01 7.90974694e-01 7.90974259e-01 4.35086759e-07
1.81818182e-01 4.74747475e-01 7.75551422e-01 7.75550995e-01 4.26602947e-07
1.91919192e-01 4.74747475e-01 7.59347234e-01 7.59346817e-01 4.17689582e-07
2.02020202e-01 4.74747475e-01 7.42378449e-01 7.42378041e-01 4.08355639e-07
2.12121212e-01 4.74747475e-01 7.24662151e-01 7.24661753e-01 3.98610517e-07
2.22222222e-01 4.74747475e-01 7.06216181e-01 7.06215792e-01 3.88464028e-07
2.32323232e-01 4.74747475e-01 6.87059110e-01 6.87058732e-01 3.77926388e-07
2.42424242e-01 4.74747475e-01 6.67210229e-01 6.67209862e-01 3.67008208e-07
2.52525253e-01 4.74747475e-01 6.46689524e-01 6.46689168e-01 3.55720483e-07
2.62626263e-01 4.74747475e-01 6.25517657e-01 6.25517313e-01 3.44074576e-07
2.72727273e-01 4.74747475e-01 6.03715947e-01 6.03715615e-01 3.32082217e-07
2.82828283e-01 4.74747475e-01 5.81306346e-01 5.81306026e-01 3.19755478e-07
2.92929293e-01 4.74747475e-01 5.58311419e-01 5.58311112e-01 3.07106773e-07
3.03030303e-01 4.74747475e-01 5.34754320e-01 5.34754026e-01 2.94148837e-07
3.13131313e-01 4.74747475e-01 5.10658768e-01 5.10658487e-01 2.80894718e-07
3.23232323e-01 4.74747475e-01 4.86049027e-01 4.86048759e-01 2.67357762e-07
3.33333333e-01 4.74747475e-01 4.60949875e-01 4.60949621e-01 2.53551599e-07
3.43434343e-01 4.74747475e-01 4.35386586e-01 4.35386346e-01 2.39490132e-07
3.53535354e-01 4.74747475e-01 4.09384899e-01 4.09384674e-01 2.25187518e-07
3.63636364e-01 4.74747475e-01 3.82970997e-01 3.82970786e-01 2.10658160e-07
3.73737374e-01 4.74747475e-01 3.56171475e-01 3.56171279e-01 1.95916686e-07
3.83838384e-01 4.74747475e-01 3.29013318e-01 3.29013137e-01 1.80977941e-07
3.93939394e-01 4.74747475e-01 3.01523874e-01 3.01523708e-01 1.65856967e-07
4.04040404e-01 4.74747475e-01 2.73730820e-01 2.73730669e-01 1.50568989e-07
4.14141414e-01 4.74747475e-01 2.45662142e-01 2.45662007e-01 1.35129400e-07
4.24242424e-01 4.74747475e-01 2.17346104e-01 2.17345984e-01 1.19553748e-07
4.34343434e-01 4.74747475e-01 1.88811216e-01 1.88811112e-01 1.03857715e-07
4.44444444e-01 4.74747475e-01 1.60086212e-01 1.60086124e-01 8.80571066e-08
4.54545455e-01 4.74747475e-01 1.31200014e-01 1.31199942e-01 7.21678317e-08
4.64646465e-01 4.74747475e-01 1.02181709e-01 1.02181653e-01 5.62058902e-08
4.74747475e-01 4.74747475e-01 7.30605154e-02 7.30604752e-02 4.01873540e-08
4.84848485e-01 4.74747475e-01 4.38657563e-02 4.38657322e-02 2.41283524e-08
4.94949495e-01 4.74747475e-01 1.46268281e-02 1.46268200e-02 8.04505576e-09
5.05050505e-01 4.74747475e-01 -1.46268281e-02 -1.46268200e-02 8.04634160e-09
5.15151515e-01 4.74747475e-01 -4.38657563e-02 -4.38657322e-02 2.41296369e-08
5.25252525e-01 4.74747475e-01 -7.30605154e-02 -7.30604752e-02 4.01886359e-08
5.35353535e-01 4.74747475e-01 -1.02181709e-01 -1.02181653e-01 5.62071683e-08
5.45454545e-01 4.74747475e-01 -1.31200014e-01 -1.31199942e-01 7.21691047e-08
5.55555556e-01 4.74747475e-01 -1.60086212e-01 -1.60086124e-01 8.80583730e-08
5.65656566e-01 4.74747475e-01 -1.88811216e-01 -1.88811112e-01 1.03858974e-07
5.75757576e-01 4.74747475e-01 -2.17346104e-01 -2.17345984e-01 1.19554998e-07
5.85858586e-01 4.74747475e-01 -2.45662142e-01 -2.45662007e-01 1.35130640e-07
5.95959596e-01 4.74747475e-01 -2.73730820e-01 -2.73730669e-01 1.50570217e-07
6.06060606e-01 4.74747475e-01 -3.01523874e-01 -3.01523708e-01 1.65858182e-07
6.16161616e-01 4.74747475e-01 -3.29013318e-01 -3.29013137e-01 1.80979143e-07
6.26262626e-01 4.74747475e-01 -3.56171475e-01 -3.56171279e-01 1.95917873e-07
6.36363636e-01 4.74747475e-01 -3.82970997e-01 -3.82970786e-01 2.10659329e-07
6.46464646e-01 4.74747475e-01 -4.09384899e-01 -4.09384674e-01 2.25188671e-07
6.56565657e-01 4.74747475e-01 -4.35386586e-01 -4.35386346e-01 2.39491266e-07
6.66666667e-01 4.74747475e-01 -4.60949875e-01 -4.60949621e-01 2.53552713e-07
6.76767677e-01 4.74747475e-01 -4.86049027e-01 -4.86048759e-01 2.67358855e-07
6.86868687e-01 4.74747475e-01 -5.10658768e-01 -5.10658487e-01 2.80895788e-07
6.96969697e-01 4.74747475e-01 -5.34754320e-01 -5.34754026e-01 2.94149885e-07
7.07070707e-01 4.74747475e-01 -5.58311419e-01 -5.58311112e-01 3.07107796e-07
7.17171717e-01 4.74747475e-01 -5.81306346e-01 -5.81306026e-01 3.19756476e-07
7.27272727e-01 4.74747475e-01 -6.03715947e-01 -6.03715615e-01 3.32083189e-07
7.37373737e-01 4.74747475e-01 -6.25517657e-01 -6.25517313e-01 3.44075521e-07
7.47474747e-01 4.74747475e-01 -6.46689524e-01 -6.46689168e-01 3.55721399e-07
7.57575758e-01 4.74747475e-01 -6.67210229e-01 -6.67209862e-01 3.67009096e-07
7.67676768e-01 4.74747475e-01 -6.87059110e-01 -6.87058732e-01 3.77927245e-07
7.77777778e-01 4.74747475e-01 -7.06216181e-01 -7.06215792e-01 3.88464854e-07
7.87878788e-01 4.74747475e-01 -7.24662151e-01 -7.24661753e-01 3.98611312e-07
7.97979798e-01 4.74747475e-01 -7.42378449e-01 -7.42378041e-01 4.08356402e-07
8.08080808e-01 4.74747475e-01 -7.59347234e-01 -7.59346817e-01 4.17690311e-07
8.18181818e-01 4.74747475e-01 -7.75551422e-01 -7.75550995e-01 4.26603642e-07
8.28282828e-01 4.74747475e-01 -7.90974694e-01 -7.90974259e-01 4.35087419e-07
8.38383838e-01 4.74747475e-01 -8.05601522e-01 -8.05601079e-01 4.43133101e-07
8.48484848e-01 4.74747475e-01 -8.19417178e-01 -8.19416727e-01 4.50732584e-07
8.58585859e-01 4.74747475e-01 -8.32407750e-01 -8.32407292e-01 4.57878218e-07
8.68686869e-01 4.74747475e-01 -8.44560158e-01 -8.44559693e-01 4.64562808e-07
8.78787879e-01 4.74747475e-01 -8.55862165e-01 -8.55861694e-01 4.70779622e-07
8.88888889e-01 4.74747475e-01 -8.66302392e-01 -8.66301916e-01 4.76522401e-07
8.98989899e-01 4.74747475e-01 -8.75870326e-01 -8.75869844e-01 4.81785362e-07
9.09090909e-01 4.74747475e-01 -8.84556332e-01 -8.84555846e-01 4.86563206e-07
9.19191919e-01 4.74747475e-01 -8.92351666e-01 -8.92351175e-01 4.90851121e-07
9.29292929e-01 4.74747475e-01 -8.99248477e-01 -8.99247982e-01 4.94644767e-07
9.39393939e-01 4.74747475e-01 -9.05239820e-01 -9.05239322e-01 4.97940051e-07
9.49494949e-01 4.74747475e-01 -9.10319665e-01 -9.10319164e-01 5.00730338e-07
9.59595960e-01 4.74747475e-01 -9.14482894e-01 -9.14482391e-01 5.02997497e-07
9.69696970e-01 4.74747475e-01 -9.17725316e-01 -9.17724812e-01 5.04440954e-07
9.79797980e-01 4.74747475e-01 -9.20043662e-01 -9.20043161e-01 5.01092133e-07
9.89898990e-01 4.74747475e-01 -9.21435555e-01 -9.21435106e-01 4.49664532e-07
1.00000000e+00 4.74747475e-01 -9.21899243e-01 -9.21899243e-01 0.00000000e+00
0.00000000e+00 4.84848485e-01 9.71332117e-01 9.71332117e-01 0.00000000e+00
1.01010101e-02 4.84848485e-01 9.70843566e-01 9.70843092e-01 4.73779823e-07
2.02020202e-02 4.84848485e-01 9.69377039e-01 9.69376511e-01 5.27965444e-07
3.03030303e-02 4.84848485e-01 9.66934381e-01 9.66933850e-01 5.31493806e-07
4.04040404e-02 4.84848485e-01 9.63518098e-01 9.63517568e-01 5.29972673e-07
5.05050505e-02 4.84848485e-01 9.59131634e-01 9.59131106e-01 5.27582729e-07
6.06060606e-02 4.84848485e-01 9.53779405e-01 9.53778880e-01 5.24639955e-07
7.07070707e-02 4.84848485e-01 9.47466801e-01 9.47466280e-01 5.21167664e-07
8.08080808e-02 4.84848485e-01 9.40200178e-01 9.40199661e-01 5.17170536e-07
9.09090909e-02 4.84848485e-01 9.31986854e-01 9.31986341e-01 5.12652658e-07
1.01010101e-01 4.84848485e-01 9.22835098e-01 9.22834590e-01 5.07618582e-07
1.11111111e-01 4.84848485e-01 9.12754125e-01 9.12753623e-01 5.02073376e-07
1.21212121e-01 4.84848485e-01 9.01754086e-01 9.01753590e-01 4.96022626e-07
1.31313131e-01 4.84848485e-01 8.89846057e-01 8.89845567e-01 4.89472422e-07
1.41414141e-01 4.84848485e-01 8.77042028e-01 8.77041546e-01 4.82429362e-07
1.51515152e-01 4.84848485e-01 8.63354893e-01 8.63354418e-01 4.74900536e-07
1.61616162e-01 4.84848485e-01 8.48798432e-01 8.48797965e-01 4.66893525e-07
1.71717172e-01 4.84848485e-01 8.33387303e-01 8.33386845e-01 4.58416393e-07
1.81818182e-01 4.84848485e-01 8.17137024e-01 8.17136575e-01 4.49477673e-07
1.91919192e-01 4.84848485e-01 8.00063958e-01 8.00063517e-01 4.40086368e-07
2.02020202e-01 4.84848485e-01 7.82185294e-01 7.82184864e-01 4.30251933e-07
2.12121212e-01 4.84848485e-01 7.63519036e-01 7.63518616e-01 4.19984271e-07
2.22222222e-01 4.84848485e-01 7.44083980e-01 7.44083571e-01 4.09293721e-07
2.32323232e-01 4.84848485e-01 7.23899694e-01 7.23899296e-01 3.98191046e-07
2.42424242e-01 4.84848485e-01 7.02986502e-01 7.02986115e-01 3.86687427e-07
2.52525253e-01 4.84848485e-01 6.81365462e-01 6.81365088e-01 3.74794446e-07
2.62626263e-01 4.84848485e-01 6.59058346e-01 6.59057983e-01 3.62524079e-07
2.72727273e-01 4.84848485e-01 6.36087613e-01 6.36087263e-01 3.49888681e-07
2.82828283e-01 4.84848485e-01 6.12476394e-01 6.12476057e-01 3.36900975e-07
2.92929293e-01 4.84848485e-01 5.88248463e-01 5.88248139e-01 3.23574038e-07
3.03030303e-01 4.84848485e-01 5.63428216e-01 5.63427906e-01 3.09921289e-07
3.13131313e-01 4.84848485e-01 5.38040644e-01 5.38040348e-01 2.95956476e-07
3.23232323e-01 4.84848485e-01 5.12111311e-01 5.12111030e-01 2.81693660e-07
3.33333333e-01 4.84848485e-01 4.85666326e-01 4.85666058e-01 2.67147202e-07
3.43434343e-01 4.84848485e-01 4.58732315e-01 4.58732063e-01 2.52331750e-07
3.53535354e-01 4.84848485e-01 4.31336400e-01 4.31336163e-01 2.37262221e-07
3.63636364e-01 4.84848485e-01 4.03506166e-01 4.03505944e-01 2.21953789e-07
3.73737374e-01 4.84848485e-01 3.75269635e-01 3.75269429e-01 2.06421868e-07
3.83838384e-01 4.84848485e-01 3.46655240e-01 3.46655049e-01 1.90682098e-07
3.93939394e-01 4.84848485e-01 3.17691792e-01 3.17691617e-01 1.74750327e-07
4.04040404e-01 4.84848485e-01 2.88408455e-01 2.88408297e-01 1.58642598e-07
4.14141414e-01 4.84848485e-01 2.58834716e-01 2.58834574e-01 1.42375129e-07
4.24242424e-01 4.84848485e-01 2.29000352e-01 2.29000226e-01 1.25964300e-07
4.34343434e-01 4.84848485e-01 1.98935404e-01 1.98935294e-01 1.09426636e-07
4.44444444e-01 4.84848485e-01 1.68670145e-01 1.68670052e-01 9.27787881e-08
4.54545455e-01 4.84848485e-01 1.38235049e-01 1.38234973e-01 7.60375202e-08
4.64646465e-01 4.84848485e-01 1.07660763e-01 1.07660703e-01 5.92196889e-08
4.74747475e-01 4.84848485e-01 7.69780707e-02 7.69780284e-02 4.23422286e-08
4.84848485e-01 4.84848485e-01 4.62178684e-02 4.62178430e-02 2.54221329e-08
4.94949495e-01 4.84848485e-01 1.54111287e-02 1.54111202e-02 8.47643961e-09
5.05050505e-01 4.84848485e-01 -1.54111287e-02 -1.54111202e-02 8.47778885e-09
5.15151515e-01 4.84848485e-01 -4.62178684e-02 -4.62178430e-02 2.54234809e-08
5.25252525e-01 4.84848485e-01 -7.69780707e-02 -7.69780284e-02 4.23435737e-08
5.35353535e-01 4.84848485e-01 -1.07660763e-01 -1.07660703e-01 5.92210301e-08
5.45454545e-01 4.84848485e-01 -1.38235049e-01 -1.38234973e-01 7.60388558e-08
5.55555556e-01 4.84848485e-01 -1.68670145e-01 -1.68670052e-01 9.27801171e-08
5.65656566e-01 4.84848485e-01 -1.98935404e-01 -1.98935294e-01 1.09427956e-07
5.75757576e-01 4.84848485e-01 -2.29000352e-01 -2.29000226e-01 1.25965611e-07
5.85858586e-01 4.84848485e-01 -2.58834716e-01 -2.58834574e-01 1.42376429e-07
5.95959596e-01 4.84848485e-01 -2.88408455e-01 -2.88408297e-01 1.58643886e-07
6.06060606e-01 4.84848485e-01 -3.17691792e-01 -3.17691617e-01 1.74751602e-07
6.16161616e-01 4.84848485e-01 -3.46655240e-01 -3.46655049e-01 1.90683358e-07
6.26262626e-01 4.84848485e-01 -3.75269635e-01 -3.75269429e-01 2.06423113e-07
6.36363636e-01 4.84848485e-01 -4.03506166e-01 -4.03505944e-01 2.21955016e-07
6.46464646e-01 4.84848485e-01 -4.31336400e-01 -4.31336163e-01 2.37263430e-07
6.56565657e-01 4.84848485e-01 -4.58732315e-01 -4.58732063e-01 2.52332939e-07
6.66666667e-01 4.84848485e-01 -4.85666326e-01 -4.85666058e-01 2.67148371e-07
6.76767677e-01 4.84848485e-01 -5.12111311e-01 -5.12111030e-01 2.81694807e-07
6.86868687e-01 4.84848485e-01 -5.38040644e-01 -5.38040348e-01 2.95957599e-07
6.96969697e-01 4.84848485e-01 -5.63428216e-01 -5.63427906e-01 3.09922388e-07
7.07070707e-01 4.84848485e-01 -5.88248463e-01 -5.88248139e-01 3.23575111e-07
7.17171717e-01 4.84848485e-01 -6.12476394e-01 -6.12476057e-01 3.36902022e-07
7.27272727e-01 4.84848485e-01 -6.36087613e-01 -6.36087263e-01 3.49889701e-07
7.37373737e-01 4.84848485e-01 -6.59058346e-01 -6.59057983e-01 3.62525070e-07
7.47474747e-01 4.84848485e-01 -6.81365462e-01 -6.81365088e-01 3.74795408e-07
7.57575758e-01 4.84848485e-01 -7.02986502e-01 -7.02986115e-01 3.86688358e-07
7.67676768e-01 4.84848485e-01 -7.23899694e-01 -7.23899296e-01 3.98191946e-07
7.77777778e-01 4.84848485e-01 -7.44083980e-01 -7.44083571e-01 4.09294588e-07
7.87878788e-01 4.84848485e-01 -7.63519036e-01 -7.63518616e-01 4.19985105e-07
7.97979798e-01 4.84848485e-01 -7.82185294e-01 -7.82184864e-01 4.30252733e-07
8.08080808e-01 4.84848485e-01 -8.00063958e-01 -8.00063517e-01 4.40087133e-07
8.18181818e-01 4.84848485e-01 -8.17137024e-01 -8.17136575e-01 4.49478403e-07
8.28282828e-01 4.84848485e-01 -8.33387303e-01 -8.33386845e-01 4.58417086e-07
8.38383838e-01 4.84848485e-01 -8.48798432e-01 -8.48797965e-01 4.66894181e-07
8.48484848e-01 4.84848485e-01 -8.63354893e-01 -8.63354418e-01 4.74901154e-07
8.58585859e-01 4.84848485e-01 -8.77042028e-01 -8.77041546e-01 4.82429942e-07
8.68686869e-01 4.84848485e-01 -8.89846057e-01 -8.89845567e-01 4.89472964e-07
8.78787879e-01 4.84848485e-01 -9.01754086e-01 -9.01753590e-01 4.96023127e-07
8.88888889e-01 4.84848485e-01 -9.12754125e-01 -9.12753623e-01 5.02073838e-07
8.98989899e-01 4.84848485e-01 -9.22835098e-01 -9.22834590e-01 5.07619002e-07
9.09090909e-01 4.84848485e-01 -9.31986854e-01 -9.31986341e-01 5.12653038e-07
9.19191919e-01 4.84848485e-01 -9.40200178e-01 -9.40199661e-01 5.17170873e-07
9.29292929e-01 4.84848485e-01 -9.47466801e-01 -9.47466280e-01 5.21167938e-07
9.39393939e-01 4.84848485e-01 -9.53779405e-01 -9.53778880e-01 5.24639917e-07
9.49494949e-01 4.84848485e-01 -9.59131634e-01 -9.59131106e-01 5.27579822e-07
9.59595960e-01 4.84848485e-01 -9.63518098e-01 -9.63517568e-01 5.29968563e-07
9.69696970e-01 4.84848485e-01 -9.66934381e-01 -9.66933850e-01 5.31489424e-07
9.79797980e-01 4.84848485e-01 -9.69377039e-01 -9.69376511e-01 5.27961038e-07
9.89898990e-01 4.84848485e-01 -9.70843566e-01 -9.70843092e-01 4.73775854e-07
1.00000000e+00 4.84848485e-01 -9.71332117e-01 -9.71332117e-01 0.00000000e+00
0.00000000e+00 4.94949495e-01 9.96362969e-01 9.96362969e-01 0.00000000e+00
1.01010101e-02 4.94949495e-01 9.95861829e-01 9.95861343e-01 4.85988926e-07
2.02020202e-02 4.94949495e-01 9.94357510e-01 9.94356968e-01 5.41570888e-07
3.03030303e-02 4.94949495e-01 9.91851906e-01 9.91851361e-01 5.45190174e-07
4.04040404e-02 4.94949495e-01 9.88347586e-01 9.88347043e-01 5.43629841e-07
5.05050505e-02 4.94949495e-01 9.83848084e-01 9.83847543e-01 5.41178310e-07
6.06060606e-02 4.94949495e-01 9.78357931e-01 9.78357392e-01 5.38159702e-07
7.07070707e-02 4.94949495e-01 9.71882653e-01 9.71882119e-01 5.34597932e-07
8.08080808e-02 4.94949495e-01 9.64428773e-01 9.64428242e-01 5.30497800e-07
9.09090909e-02 4.94949495e-01 9.56003794e-01 9.56003268e-01 5.25863497e-07
1.01010101e-01 4.94949495e-01 9.46616201e-01 9.46615680e-01 5.20699695e-07
1.11111111e-01 4.94949495e-01 9.36275445e-01 9.36274930e-01 5.15011592e-07
1.21212121e-01 4.94949495e-01 9.24991939e-01 9.24991430e-01 5.08804917e-07
1.31313131e-01 4.94949495e-01 9.12777045e-01 9.12776543e-01 5.02085918e-07
1.41414141e-01 4.94949495e-01 8.99643062e-01 8.99642567e-01 4.94861360e-07
1.51515152e-01 4.94949495e-01 8.85603214e-01 8.85602727e-01 4.87138520e-07
1.61616162e-01 4.94949495e-01 8.70671639e-01 8.70671160e-01 4.78925173e-07
1.71717172e-01 4.94949495e-01 8.54863371e-01 8.54862901e-01 4.70229588e-07
1.81818182e-01 4.94949495e-01 8.38194329e-01 8.38193868e-01 4.61060521e-07
1.91919192e-01 4.94949495e-01 8.20681296e-01 8.20680844e-01 4.51427206e-07
2.02020202e-01 4.94949495e-01 8.02341906e-01 8.02341465e-01 4.41339343e-07
2.12121212e-01 4.94949495e-01 7.83194626e-01 7.83194195e-01 4.30807088e-07
2.22222222e-01 4.94949495e-01 7.63258736e-01 7.63258316e-01 4.19841046e-07
2.32323232e-01 4.94949495e-01 7.42554308e-01 7.42553900e-01 4.08452260e-07
2.42424242e-01 4.94949495e-01 7.21102192e-01 7.21101795e-01 3.96652198e-07
2.52525253e-01 4.94949495e-01 6.98923986e-01 6.98923602e-01 3.84452740e-07
2.62626263e-01 4.94949495e-01 6.76042024e-01 6.76041652e-01 3.71866171e-07
2.72727273e-01 4.94949495e-01 6.52479344e-01 6.52478985e-01 3.58905164e-07
2.82828283e-01 4.94949495e-01 6.28259673e-01 6.28259328e-01 3.45582770e-07
2.92929293e-01 4.94949495e-01 6.03407398e-01 6.03407066e-01 3.31912404e-07
3.03030303e-01 4.94949495e-01 5.77947543e-01 5.77947225e-01 3.17907830e-07
3.13131313e-01 4.94949495e-01 5.51905743e-01 5.51905440e-01 3.03583149e-07
3.23232323e-01 4.94949495e-01 5.25308221e-01 5.25307932e-01 2.88952787e-07
3.33333333e-01 4.94949495e-01 4.98181759e-01 4.98181485e-01 2.74031473e-07
3.43434343e-01 4.94949495e-01 4.70553669e-01 4.70553410e-01 2.58834233e-07
3.53535354e-01 4.94949495e-01 4.42451772e-01 4.42451529e-01 2.43376369e-07
3.63636364e-01 4.94949495e-01 4.13904363e-01 4.13904136e-01 2.27673445e-07
3.73737374e-01 4.94949495e-01 3.84940188e-01 3.84939977e-01 2.11741273e-07
3.83838384e-01 4.94949495e-01 3.55588411e-01 3.55588215e-01 1.95595896e-07
3.93939394e-01 4.94949495e-01 3.25878586e-01 3.25878407e-01 1.79253571e-07
4.04040404e-01 4.94949495e-01 2.95840630e-01 2.95840467e-01 1.62730752e-07
4.14141414e-01 4.94949495e-01 2.65504786e-01 2.65504640e-01 1.46044077e-07
4.24242424e-01 4.94949495e-01 2.34901602e-01 2.34901473e-01 1.29210348e-07
4.34343434e-01 4.94949495e-01 2.04061892e-01 2.04061780e-01 1.12246516e-07
4.44444444e-01 4.94949495e-01 1.73016709e-01 1.73016614e-01 9.51696603e-08
4.54545455e-01 4.94949495e-01 1.41797313e-01 1.41797235e-01 7.79969770e-08
4.64646465e-01 4.94949495e-01 1.10435139e-01 1.10435078e-01 6.07457575e-08
4.74747475e-01 4.94949495e-01 7.89617658e-02 7.89617223e-02 4.34333722e-08
4.84848485e-01 4.94949495e-01 4.74088850e-02 4.74088589e-02 2.60772530e-08
4.94949495e-01 4.94949495e-01 1.58082675e-02 1.58082588e-02 8.69487645e-09
5.05050505e-01 4.94949495e-01 -1.58082675e-02 -1.58082588e-02 8.69625520e-09
5.15151515e-01 4.94949495e-01 -4.74088850e-02 -4.74088589e-02 2.60786304e-08
5.25252525e-01 4.94949495e-01 -7.89617658e-02 -7.89617223e-02 4.34347467e-08
5.35353535e-01 4.94949495e-01 -1.10435139e-01 -1.10435078e-01 6.07471280e-08
5.45454545e-01 4.94949495e-01 -1.41797313e-01 -1.41797235e-01 7.79983419e-08
5.55555556e-01 4.94949495e-01 -1.73016709e-01 -1.73016614e-01 9.51710183e-08
5.65656566e-01 4.94949495e-01 -2.04061892e-01 -2.04061780e-01 1.12247865e-07
5.75757576e-01 4.94949495e-01 -2.34901602e-01 -2.34901473e-01 1.29211688e-07
5.85858586e-01 4.94949495e-01 -2.65504786e-01 -2.65504640e-01 1.46045406e-07
5.95959596e-01 4.94949495e-01 -2.95840630e-01 -2.95840467e-01 1.62732068e-07
6.06060606e-01 4.94949495e-01 -3.25878586e-01 -3.25878407e-01 1.79254874e-07
6.16161616e-01 4.94949495e-01 -3.55588411e-01 -3.55588215e-01 1.95597184e-07
6.26262626e-01 4.94949495e-01 -3.84940188e-01 -3.84939977e-01 2.11742545e-07
6.36363636e-01 4.94949495e-01 -4.13904363e-01 -4.13904136e-01 2.27674699e-07
6.46464646e-01 4.94949495e-01 -4.42451772e-01 -4.42451529e-01 2.43377604e-07
6.56565657e-01 4.94949495e-01 -4.70553669e-01 -4.70553410e-01 2.58835448e-07
6.66666667e-01 4.94949495e-01 -4.98181759e-01 -4.98181485e-01 2.74032667e-07
6.76767677e-01 4.94949495e-01 -5.25308221e-01 -5.25307932e-01 2.88953958e-07
6.86868687e-01 4.94949495e-01 -5.51905743e-01 -5.51905440e-01 3.03584298e-07
6.96969697e-01 4.94949495e-01 -5.77947543e-01 -5.77947225e-01 3.17908953e-07
7.07070707e-01 4.94949495e-01 -6.03407398e-01 -6.03407066e-01 3.31913501e-07
7.17171717e-01 4.94949495e-01 -6.28259673e-01 -6.28259328e-01 3.45583841e-07
7.27272727e-01 4.94949495e-01 -6.52479344e-01 -6.52478985e-01 3.58906206e-07
7.37373737e-01 4.94949495e-01 -6.76042024e-01 -6.76041652e-01 3.71867184e-07
7.47474747e-01 4.94949495e-01 -6.98923986e-01 -6.98923602e-01 3.84453723e-07
7.57575758e-01 4.94949495e-01 -7.21102192e-01 -7.21101795e-01 3.96653149e-07
7.67676768e-01 4.94949495e-01 -7.42554308e-01 -7.42553900e-01 4.08453179e-07
7.77777778e-01 4.94949495e-01 -7.63258736e-01 -7.63258316e-01 4.19841933e-07
7.87878788e-01 4.94949495e-01 -7.83194626e-01 -7.83194195e-01 4.30807940e-07
7.97979798e-01 4.94949495e-01 -8.02341906e-01 -8.02341465e-01 4.41340160e-07
8.08080808e-01 4.94949495e-01 -8.20681296e-01 -8.20680844e-01 4.51427988e-07
8.18181818e-01 4.94949495e-01 -8.38194329e-01 -8.38193868e-01 4.61061267e-07
8.28282828e-01 4.94949495e-01 -8.54863371e-01 -8.54862901e-01 4.70230296e-07
8.38383838e-01 4.94949495e-01 -8.70671639e-01 -8.70671160e-01 4.78925843e-07
8.48484848e-01 4.94949495e-01 -8.85603214e-01 -8.85602727e-01 4.87139152e-07
8.58585859e-01 4.94949495e-01 -8.99643062e-01 -8.99642567e-01 4.94861953e-07
8.68686869e-01 4.94949495e-01 -9.12777045e-01 -9.12776543e-01 5.02086471e-07
8.78787879e-01 4.94949495e-01 -9.24991939e-01 -9.24991430e-01 5.08805429e-07
8.88888889e-01 4.94949495e-01 -9.36275445e-01 -9.36274930e-01 5.15012064e-07
8.98989899e-01 4.94949495e-01 -9.46616201e-01 -9.46615680e-01 5.20700125e-07
9.09090909e-01 4.94949495e-01 -9.56003794e-01 -9.56003268e-01 5.25863886e-07
9.19191919e-01 4.94949495e-01 -9.64428773e-01 -9.64428242e-01 5.30498144e-07
9.29292929e-01 4.94949495e-01 -9.71882653e-01 -9.71882119e-01 5.34598211e-07
9.39393939e-01 4.94949495e-01 -9.78357931e-01 -9.78357392e-01 5.38159661e-07
9.49494949e-01 4.94949495e-01 -9.83848084e-01 -9.83847543e-01 5.41175329e-07
9.59595960e-01 4.94949495e-01 -9.88347586e-01 -9.88347043e-01 5.43625641e-07
9.69696970e-01 4.94949495e-01 -9.91851906e-01 -9.91851361e-01 5.45185700e-07
9.79797980e-01 4.94949495e-01 -9.94357510e-01 -9.94356968e-01 5.41566390e-07
9.89898990e-01 4.94949495e-01 -9.95861829e-01 -9.95861343e-01 4.85984875e-07
1.00000000e+00 4.94949495e-01 -9.96362969e-01 -9.96362969e-01 0.00000000e+00
0.00000000e+00 5.05050505e-01 9.96362969e-01 9.96362969e-01 0.00000000e+00
1.01010101e-02 5.05050505e-01 9.95861829e-01 9.95861343e-01 4.85988906e-07
2.02020202e-02 5.05050505e-01 9.94357510e-01 9.94356968e-01 5.41570865e-07
3.03030303e-02 5.05050505e-01 9.91851906e-01 9.91851361e-01 5.45190153e-07
4.04040404e-02 5.05050505e-01 9.88347586e-01 9.88347043e-01 5.43629820e-07
5.05050505e-02 5.05050505e-01 9.83848084e-01 9.83847543e-01 5.41178289e-07
6.06060606e-02 5.05050505e-01 9.78357931e-01 9.78357392e-01 5.38159681e-07
7.07070707e-02 5.05050505e-01 9.71882653e-01 9.71882119e-01 5.34597912e-07
8.08080808e-02 5.05050505e-01 9.64428773e-01 9.64428242e-01 5.30497780e-07
9.09090909e-02 5.05050505e-01 9.56003794e-01 9.56003268e-01 5.25863477e-07
1.01010101e-01 5.05050505e-01 9.46616201e-01 9.46615680e-01 5.20699675e-07
1.11111111e-01 5.05050505e-01 9.36275445e-01 9.36274930e-01 5.15011573e-07
1.21212121e-01 5.05050505e-01 9.24991939e-01 9.24991430e-01 5.08804898e-07
1.31313131e-01 5.05050505e-01 9.12777045e-01 9.12776543e-01 5.02085899e-07
1.41414141e-01 5.05050505e-01 8.99643062e-01 8.99642567e-01 4.94861342e-07
1.51515152e-01 5.05050505e-01 8.85603214e-01 8.85602727e-01 4.87138502e-07
1.61616162e-01 5.05050505e-01 8.70671639e-01 8.70671160e-01 4.78925155e-07
1.71717172e-01 5.05050505e-01 8.54863371e-01 8.54862901e-01 4.70229570e-07
1.81818182e-01 5.05050505e-01 8.38194329e-01 8.38193868e-01 4.61060505e-07
1.91919192e-01 5.05050505e-01 8.20681296e-01 8.20680844e-01 4.51427190e-07
2.02020202e-01 5.05050505e-01 8.02341906e-01 8.02341465e-01 4.41339327e-07
2.12121212e-01 5.05050505e-01 7.83194626e-01 7.83194195e-01 4.30807072e-07
2.22222222e-01 5.05050505e-01 7.63258736e-01 7.63258316e-01 4.19841031e-07
2.32323232e-01 5.05050505e-01 7.42554308e-01 7.42553900e-01 4.08452246e-07
2.42424242e-01 5.05050505e-01 7.21102192e-01 7.21101795e-01 3.96652184e-07
2.52525253e-01 5.05050505e-01 6.98923986e-01 6.98923602e-01 3.84452727e-07
2.62626263e-01 5.05050505e-01 6.76042024e-01 6.76041652e-01 3.71866158e-07
2.72727273e-01 5.05050505e-01 6.52479344e-01 6.52478985e-01 3.58905152e-07
2.82828283e-01 5.05050505e-01 6.28259673e-01 6.28259328e-01 3.45582759e-07
2.92929293e-01 5.05050505e-01 6.03407398e-01 6.03407066e-01 3.31912393e-07
3.03030303e-01 5.05050505e-01 5.77947543e-01 5.77947225e-01 3.17907819e-07
3.13131313e-01 5.05050505e-01 5.51905743e-01 5.51905440e-01 3.03583140e-07
3.23232323e-01 5.05050505e-01 5.25308221e-01 5.25307932e-01 2.88952778e-07
3.33333333e-01 5.05050505e-01 4.98181759e-01 4.98181485e-01 2.74031464e-07
3.43434343e-01 5.05050505e-01 4.70553669e-01 4.70553410e-01 2.58834225e-07
3.53535354e-01 5.05050505e-01 4.42451772e-01 4.42451529e-01 2.43376361e-07
3.63636364e-01 5.05050505e-01 4.13904363e-01 4.13904136e-01 2.27673438e-07
3.73737374e-01 5.05050505e-01 3.84940188e-01 3.84939977e-01 2.11741267e-07
3.83838384e-01 5.05050505e-01 3.55588411e-01 3.55588215e-01 1.95595891e-07
3.93939394e-01 5.05050505e-01 3.25878586e-01 3.25878407e-01 1.79253566e-07
4.04040404e-01 5.05050505e-01 2.95840630e-01 2.95840467e-01 1.62730748e-07
4.14141414e-01 5.05050505e-01 2.65504786e-01 2.65504640e-01 1.46044074e-07
4.24242424e-01 5.05050505e-01 2.34901602e-01 2.34901473e-01 1.29210346e-07
4.34343434e-01 5.05050505e-01 2.04061892e-01 2.04061780e-01 1.12246514e-07
4.44444444e-01 5.05050505e-01 1.73016709e-01 1.73016614e-01 9.51696590e-08
4.54545455e-01 5.05050505e-01 1.41797313e-01 1.41797235e-01 7.79969765e-08
4.64646465e-01 5.05050505e-01 1.10435139e-01 1.10435078e-01 6.07457577e-08
4.74747475e-01 5.05050505e-01 7.89617658e-02 7.89617223e-02 4.34333731e-08
4.84848485e-01 5.05050505e-01 4.74088850e-02 4.74088589e-02 2.60772546e-08
4.94949495e-01 5.05050505e-01 1.58082675e-02 1.58082588e-02 8.69487866e-09
5.05050505e-01 5.05050505e-01 -1.58082675e-02 -1.58082588e-02 8.69625229e-09
5.15151515e-01 5.05050505e-01 -4.74088850e-02 -4.74088589e-02 2.60786268e-08
5.25252525e-01 5.05050505e-01 -7.89617658e-02 -7.89617223e-02 4.34347425e-08
5.35353535e-01 5.05050505e-01 -1.10435139e-01 -1.10435078e-01 6.07471231e-08
5.45454545e-01 5.05050505e-01 -1.41797313e-01 -1.41797235e-01 7.79983363e-08
5.55555556e-01 5.05050505e-01 -1.73016709e-01 -1.73016614e-01 9.51710120e-08
5.65656566e-01 5.05050505e-01 -2.04061892e-01 -2.04061780e-01 1.12247858e-07
5.75757576e-01 5.05050505e-01 -2.34901602e-01 -2.34901473e-01 1.29211681e-07
5.85858586e-01 5.05050505e-01 -2.65504786e-01 -2.65504640e-01 1.46045398e-07
5.95959596e-01 5.05050505e-01 -2.95840630e-01 -2.95840467e-01 1.62732060e-07
6.06060606e-01 5.05050505e-01 -3.25878586e-01 -3.25878407e-01 1.79254864e-07
6.16161616e-01 5.05050505e-01 -3.55588411e-01 -3.55588215e-01 1.95597174e-07
6.26262626e-01 5.05050505e-01 -3.84940188e-01 -3.84939977e-01 2.11742534e-07
6.36363636e-01 5.05050505e-01 -4.13904363e-01 -4.13904136e-01 2.27674688e-07
6.46464646e-01 5.05050505e-01 -4.42451772e-01 -4.42451529e-01 2.43377592e-07
6.56565657e-01 5.05050505e-01 -4.70553669e-01 -4.70553410e-01 2.58835436e-07
6.66666667e-01 5.05050505e-01 -4.98181759e-01 -4.98181485e-01 2.74032654e-07
6.76767677e-01 5.05050505e-01 -5.25308221e-01 -5.25307932e-01 2.88953945e-07
6.86868687e-01 5.05050505e-01 -5.51905743e-01 -5.51905440e-01 3.03584283e-07
6.96969697e-01 5.05050505e-01 -5.77947543e-01 -5.77947225e-01 3.17908939e-07
7.07070707e-01 5.05050505e-01 -6.03407398e-01 -6.03407066e-01 3.31913486e-07
7.17171717e-01 5.05050505e-01 -6.28259673e-01 -6.28259328e-01 3.45583825e-07
7.27272727e-01 5.05050505e-01 -6.52479344e-01 -6.52478985e-01 3.58906190e-07
7.37373737e-01 5.05050505e-01 -6.76042024e-01 -6.76041652e-01 3.71867167e-07
7.47474747e-01 5.05050505e-01 -6.98923986e-01 -6.98923602e-01 3.84453706e-07
7.57575758e-01 5.05050505e-01 -7.21102192e-01 -7.21101795e-01 3.96653132e-07
7.67676768e-01 5.05050505e-01 -7.42554308e-01 -7.42553900e-01 4.08453162e-07
7.77777778e-01 5.05050505e-01 -7.63258736e-01 -7.63258316e-01 4.19841914e-07
7.87878788e-01 5.05050505e-01 -7.83194626e-01 -7.83194195e-01 4.30807921e-07
7.97979798e-01 5.05050505e-01 -8.02341906e-01 -8.02341465e-01 4.41340141e-07
8.08080808e-01 5.05050505e-01 -8.20681296e-01 -8.20680844e-01 4.51427969e-07
8.18181818e-01 5.05050505e-01 -8.38194329e-01 -8.38193868e-01 4.61061247e-07
8.28282828e-01 5.05050505e-01 -8.54863371e-01 -8.54862901e-01 4.70230276e-07
8.38383838e-01 5.05050505e-01 -8.70671639e-01 -8.70671160e-01 4.78925823e-07
8.48484848e-01 5.05050505e-01 -8.85603214e-01 -8.85602727e-01 4.87139131e-07
8.58585859e-01 5.05050505e-01 -8.99643062e-01 -8.99642567e-01 4.94861933e-07
8.68686869e-01 5.05050505e-01 -9.12777045e-01 -9.12776543e-01 5.02086450e-07
8.78787879e-01 5.05050505e-01 -9.24991939e-01 -9.24991430e-01 5.08805408e-07
8.88888889e-01 5.05050505e-01 -9.36275445e-01 -9.36274930e-01 5.15012043e-07
8.98989899e-01 5.05050505e-01 -9.46616201e-01 -9.46615680e-01 5.20700104e-07
9.09090909e-01 5.05050505e-01 -9.56003794e-01 -9.56003268e-01 5.25863864e-07
9.19191919e-01 5.05050505e-01 -9.64428773e-01 -9.64428242e-01 5.30498123e-07
9.29292929e-01 5.05050505e-01 -9.71882653e-01 -9.71882119e-01 5.34598190e-07
9.39393939e-01 5.05050505e-01 -9.78357931e-01 -9.78357392e-01 5.38159640e-07
9.49494949e-01 5.05050505e-01 -9.83848084e-01 -9.83847543e-01 5.41175308e-07
9.59595960e-01 5.05050505e-01 -9.88347586e-01 -9.88347043e-01 5.43625635e-07
9.69696970e-01 5.05050505e-01 -9.91851906e-01 -9.91851361e-01 5.45185699e-07
9.79797980e-01 5.05050505e-01 -9.94357510e-01 -9.94356968e-01 5.41566390e-07
9.89898990e-01 5.05050505e-01 -9.95861829e-01 -9.95861343e-01 4.85984875e-07
1.00000000e+00 5.05050505e-01 -9.96362969e-01 -9.96362969e-01 0.00000000e+00
0.00000000e+00 5.15151515e-01 9.71332117e-01 9.71332117e-01 0.00000000e+00
1.01010101e-02 5.15151515e-01 9.70843566e-01 9.70843092e-01 4.73779766e-07
2.02020202e-02 5.15151515e-01 9.69377039e-01 9.69376511e-01 5.27965380e-07
3.03030303e-02 5.15151515e-01 9.66934381e-01 9.66933850e-01 5.31493742e-07
4.04040404e-02 5.15151515e-01 9.63518098e-01 9.63517568e-01 5.29972609e-07
5.05050505e-02 5.15151515e-01 9.59131634e-01 9.59131106e-01 5.27582667e-07
6.06060606e-02 5.15151515e-01 9.53779405e-01 9.53778880e-01 5.24639893e-07
7.07070707e-02 5.15151515e-01 9.47466801e-01 9.47466280e-01 5.21167603e-07
8.08080808e-02 5.15151515e-01 9.40200178e-01 9.40199661e-01 5.17170475e-07
9.09090909e-02 5.15151515e-01 9.31986854e-01 9.31986341e-01 5.12652598e-07
1.01010101e-01 5.15151515e-01 9.22835098e-01 9.22834590e-01 5.07618522e-07
1.11111111e-01 5.15151515e-01 9.12754125e-01 9.12753623e-01 5.02073318e-07
1.21212121e-01 5.15151515e-01 9.01754086e-01 9.01753590e-01 4.96022568e-07
1.31313131e-01 5.15151515e-01 8.89846057e-01 8.89845567e-01 4.89472366e-07
1.41414141e-01 5.15151515e-01 8.77042028e-01 8.77041546e-01 4.82429307e-07
1.51515152e-01 5.15151515e-01 8.63354893e-01 8.63354418e-01 4.74900482e-07
1.61616162e-01 5.15151515e-01 8.48798432e-01 8.48797965e-01 4.66893473e-07
1.71717172e-01 5.15151515e-01 8.33387303e-01 8.33386845e-01 4.58416341e-07
1.81818182e-01 5.15151515e-01 8.17137024e-01 8.17136575e-01 4.49477623e-07
1.91919192e-01 5.15151515e-01 8.00063958e-01 8.00063517e-01 4.40086319e-07
2.02020202e-01 5.15151515e-01 7.82185294e-01 7.82184864e-01 4.30251886e-07
2.12121212e-01 5.15151515e-01 7.63519036e-01 7.63518616e-01 4.19984225e-07
2.22222222e-01 5.15151515e-01 7.44083980e-01 7.44083571e-01 4.09293676e-07
2.32323232e-01 5.15151515e-01 7.23899694e-01 7.23899296e-01 3.98191003e-07
2.42424242e-01 5.15151515e-01 7.02986502e-01 7.02986115e-01 3.86687385e-07
2.52525253e-01 5.15151515e-01 6.81365462e-01 6.81365088e-01 3.74794406e-07
2.62626263e-01 5.15151515e-01 6.59058346e-01 6.59057983e-01 3.62524041e-07
2.72727273e-01 5.15151515e-01 6.36087613e-01 6.36087263e-01 3.49888645e-07
2.82828283e-01 5.15151515e-01 6.12476394e-01 6.12476057e-01 3.36900940e-07
2.92929293e-01 5.15151515e-01 5.88248463e-01 5.88248139e-01 3.23574005e-07
3.03030303e-01 5.15151515e-01 5.63428216e-01 5.63427906e-01 3.09921258e-07
3.13131313e-01 5.15151515e-01 5.38040644e-01 5.38040348e-01 2.95956447e-07
3.23232323e-01 5.15151515e-01 5.12111311e-01 5.12111030e-01 2.81693632e-07
3.33333333e-01 5.15151515e-01 4.85666326e-01 4.85666058e-01 2.67147176e-07
3.43434343e-01 5.15151515e-01 4.58732315e-01 4.58732063e-01 2.52331726e-07
3.53535354e-01 5.15151515e-01 4.31336400e-01 4.31336163e-01 2.37262199e-07
3.63636364e-01 5.15151515e-01 4.03506166e-01 4.03505944e-01 2.21953769e-07
3.73737374e-01 5.15151515e-01 3.75269635e-01 3.75269429e-01 2.06421850e-07
3.83838384e-01 5.15151515e-01 3.46655240e-01 3.46655049e-01 1.90682082e-07
3.93939394e-01 5.15151515e-01 3.17691792e-01 3.17691617e-01 1.74750313e-07
4.04040404e-01 5.15151515e-01 2.88408455e-01 2.88408297e-01 1.58642586e-07
4.14141414e-01 5.15151515e-01 2.58834716e-01 2.58834574e-01 1.42375119e-07
4.24242424e-01 5.15151515e-01 2.29000352e-01 2.29000226e-01 1.25964292e-07
4.34343434e-01 5.15151515e-01 1.98935404e-01 1.98935294e-01 1.09426630e-07
4.44444444e-01 5.15151515e-01 1.68670145e-01 1.68670052e-01 9.27787844e-08
4.54545455e-01 5.15151515e-01 1.38235049e-01 1.38234973e-01 7.60375185e-08
4.64646465e-01 5.15151515e-01 1.07660763e-01 1.07660703e-01 5.92196894e-08
4.74747475e-01 5.15151515e-01 7.69780707e-02 7.69780284e-02 4.23422311e-08
4.84848485e-01 5.15151515e-01 4.62178684e-02 4.62178430e-02 2.54221375e-08
4.94949495e-01 5.15151515e-01 1.54111287e-02 1.54111202e-02 8.47644621e-09
5.05050505e-01 5.15151515e-01 -1.54111287e-02 -1.54111202e-02 8.47778019e-09
5.15151515e-01 5.15151515e-01 -4.62178684e-02 -4.62178430e-02 2.54234702e-08
5.25252525e-01 5.15151515e-01 -7.69780707e-02 -7.69780284e-02 4.23435609e-08
5.35353535e-01 5.15151515e-01 -1.07660763e-01 -1.07660703e-01 5.92210153e-08
5.45454545e-01 5.15151515e-01 -1.38235049e-01 -1.38234973e-01 7.60388391e-08
5.55555556e-01 5.15151515e-01 -1.68670145e-01 -1.68670052e-01 9.27800983e-08
5.65656566e-01 5.15151515e-01 -1.98935404e-01 -1.98935294e-01 1.09427936e-07
5.75757576e-01 5.15151515e-01 -2.29000352e-01 -2.29000226e-01 1.25965589e-07
5.85858586e-01 5.15151515e-01 -2.58834716e-01 -2.58834574e-01 1.42376405e-07
5.95959596e-01 5.15151515e-01 -2.88408455e-01 -2.88408297e-01 1.58643860e-07
6.06060606e-01 5.15151515e-01 -3.17691792e-01 -3.17691617e-01 1.74751574e-07
6.16161616e-01 5.15151515e-01 -3.46655240e-01 -3.46655049e-01 1.90683328e-07
6.26262626e-01 5.15151515e-01 -3.75269635e-01 -3.75269429e-01 2.06423081e-07
6.36363636e-01 5.15151515e-01 -4.03506166e-01 -4.03505944e-01 2.21954982e-07
6.46464646e-01 5.15151515e-01 -4.31336400e-01 -4.31336163e-01 2.37263394e-07
6.56565657e-01 5.15151515e-01 -4.58732315e-01 -4.58732063e-01 2.52332902e-07
6.66666667e-01 5.15151515e-01 -4.85666326e-01 -4.85666058e-01 2.67148332e-07
6.76767677e-01 5.15151515e-01 -5.12111311e-01 -5.12111030e-01 2.81694766e-07
6.86868687e-01 5.15151515e-01 -5.38040644e-01 -5.38040348e-01 2.95957557e-07
6.96969697e-01 5.15151515e-01 -5.63428216e-01 -5.63427906e-01 3.09922345e-07
7.07070707e-01 5.15151515e-01 -5.88248463e-01 -5.88248139e-01 3.23575066e-07
7.17171717e-01 5.15151515e-01 -6.12476394e-01 -6.12476057e-01 3.36901975e-07
7.27272727e-01 5.15151515e-01 -6.36087613e-01 -6.36087263e-01 3.49889653e-07
7.37373737e-01 5.15151515e-01 -6.59058346e-01 -6.59057983e-01 3.62525021e-07
7.47474747e-01 5.15151515e-01 -6.81365462e-01 -6.81365088e-01 3.74795357e-07
7.57575758e-01 5.15151515e-01 -7.02986502e-01 -7.02986115e-01 3.86688306e-07
7.67676768e-01 5.15151515e-01 -7.23899694e-01 -7.23899296e-01 3.98191892e-07
7.77777778e-01 5.15151515e-01 -7.44083980e-01 -7.44083571e-01 4.09294534e-07
7.87878788e-01 5.15151515e-01 -7.63519036e-01 -7.63518616e-01 4.19985050e-07
7.97979798e-01 5.15151515e-01 -7.82185294e-01 -7.82184864e-01 4.30252677e-07
8.08080808e-01 5.15151515e-01 -8.00063958e-01 -8.00063517e-01 4.40087076e-07
8.18181818e-01 5.15151515e-01 -8.17137024e-01 -8.17136575e-01 4.49478344e-07
8.28282828e-01 5.15151515e-01 -8.33387303e-01 -8.33386845e-01 4.58417027e-07
8.38383838e-01 5.15151515e-01 -8.48798432e-01 -8.48797965e-01 4.66894121e-07
8.48484848e-01 5.15151515e-01 -8.63354893e-01 -8.63354418e-01 4.74901093e-07
8.58585859e-01 5.15151515e-01 -8.77042028e-01 -8.77041546e-01 4.82429880e-07
8.68686869e-01 5.15151515e-01 -8.89846057e-01 -8.89845567e-01 4.89472901e-07
8.78787879e-01 5.15151515e-01 -9.01754086e-01 -9.01753590e-01 4.96023064e-07
8.88888889e-01 5.15151515e-01 -9.12754125e-01 -9.12753623e-01 5.02073774e-07
8.98989899e-01 5.15151515e-01 -9.22835098e-01 -9.22834590e-01 5.07618939e-07
9.09090909e-01 5.15151515e-01 -9.31986854e-01 -9.31986341e-01 5.12652974e-07
9.19191919e-01 5.15151515e-01 -9.40200178e-01 -9.40199661e-01 5.17170809e-07
9.29292929e-01 5.15151515e-01 -9.47466801e-01 -9.47466280e-01 5.21167873e-07
9.39393939e-01 5.15151515e-01 -9.53779405e-01 -9.53778880e-01 5.24639852e-07
9.49494949e-01 5.15151515e-01 -9.59131634e-01 -9.59131106e-01 5.27579761e-07
9.59595960e-01 5.15151515e-01 -9.63518098e-01 -9.63517568e-01 5.29968544e-07
9.69696970e-01 5.15151515e-01 -9.66934381e-01 -9.66933850e-01 5.31489421e-07
9.79797980e-01 5.15151515e-01 -9.69377039e-01 -9.69376511e-01 5.27961038e-07
9.89898990e-01 5.15151515e-01 -9.70843566e-01 -9.70843092e-01 4.73775854e-07
1.00000000e+00 5.15151515e-01 -9.71332117e-01 -9.71332117e-01 0.00000000e+00
0.00000000e+00 5.25252525e-01 9.21899243e-01 9.21899243e-01 0.00000000e+00
1.01010101e-02 5.25252525e-01 9.21435555e-01 9.21435106e-01 4.49668224e-07
2.02020202e-02 5.25252525e-01 9.20043662e-01 9.20043161e-01 5.01096231e-07
3.03030303e-02 5.25252525e-01 9.17725316e-01 9.17724812e-01 5.04445028e-07
4.04040404e-02 5.25252525e-01 9.14482894e-01 9.14482391e-01 5.03001309e-07
5.05050505e-02 5.25252525e-01 9.10319665e-01 9.10319164e-01 5.00732995e-07
6.06060606e-02 5.25252525e-01 9.05239820e-01 9.05239322e-01 4.97939984e-07
7.07070707e-02 5.25252525e-01 8.99248477e-01 8.99247982e-01 4.94644406e-07
8.08080808e-02 5.25252525e-01 8.92351666e-01 8.92351175e-01 4.90850700e-07
9.09090909e-02 5.25252525e-01 8.84556332e-01 8.84555846e-01 4.86562746e-07
1.01010101e-01 5.25252525e-01 8.75870326e-01 8.75869844e-01 4.81784864e-07
1.11111111e-01 5.25252525e-01 8.66302392e-01 8.66301916e-01 4.76521866e-07
1.21212121e-01 5.25252525e-01 8.55862165e-01 8.55861694e-01 4.70779050e-07
1.31313131e-01 5.25252525e-01 8.44560158e-01 8.44559693e-01 4.64562200e-07
1.41414141e-01 5.25252525e-01 8.32407750e-01 8.32407292e-01 4.57877575e-07
1.51515152e-01 5.25252525e-01 8.19417178e-01 8.19416727e-01 4.50731906e-07
1.61616162e-01 5.25252525e-01 8.05601522e-01 8.05601079e-01 4.43132389e-07
1.71717172e-01 5.25252525e-01 7.90974694e-01 7.90974259e-01 4.35086674e-07
1.81818182e-01 5.25252525e-01 7.75551422e-01 7.75550995e-01 4.26602865e-07
1.91919192e-01 5.25252525e-01 7.59347234e-01 7.59346817e-01 4.17689502e-07
2.02020202e-01 5.25252525e-01 7.42378449e-01 7.42378041e-01 4.08355561e-07
2.12121212e-01 5.25252525e-01 7.24662151e-01 7.24661753e-01 3.98610441e-07
2.22222222e-01 5.25252525e-01 7.06216181e-01 7.06215792e-01 3.88463954e-07
2.32323232e-01 5.25252525e-01 6.87059110e-01 6.87058732e-01 3.77926317e-07
2.42424242e-01 5.25252525e-01 6.67210229e-01 6.67209862e-01 3.67008140e-07
2.52525253e-01 5.25252525e-01 6.46689524e-01 6.46689168e-01 3.55720417e-07
2.62626263e-01 5.25252525e-01 6.25517657e-01 6.25517313e-01 3.44074514e-07
2.72727273e-01 5.25252525e-01 6.03715947e-01 6.03715615e-01 3.32082157e-07
2.82828283e-01 5.25252525e-01 5.81306346e-01 5.81306026e-01 3.19755421e-07
2.92929293e-01 5.25252525e-01 5.58311419e-01 5.58311112e-01 3.07106718e-07
3.03030303e-01 5.25252525e-01 5.34754320e-01 5.34754026e-01 2.94148785e-07
3.13131313e-01 5.25252525e-01 5.10658768e-01 5.10658487e-01 2.80894670e-07
3.23232323e-01 5.25252525e-01 4.86049027e-01 4.86048759e-01 2.67357717e-07
3.33333333e-01 5.25252525e-01 4.60949875e-01 4.60949621e-01 2.53551558e-07
3.43434343e-01 5.25252525e-01 4.35386586e-01 4.35386346e-01 2.39490093e-07
3.53535354e-01 5.25252525e-01 4.09384899e-01 4.09384674e-01 2.25187482e-07
3.63636364e-01 5.25252525e-01 3.82970997e-01 3.82970786e-01 2.10658127e-07
3.73737374e-01 5.25252525e-01 3.56171475e-01 3.56171279e-01 1.95916657e-07
3.83838384e-01 5.25252525e-01 3.29013318e-01 3.29013137e-01 1.80977915e-07
3.93939394e-01 5.25252525e-01 3.01523874e-01 3.01523708e-01 1.65856944e-07
4.04040404e-01 5.25252525e-01 2.73730820e-01 2.73730669e-01 1.50568969e-07
4.14141414e-01 5.25252525e-01 2.45662142e-01 2.45662007e-01 1.35129384e-07
4.24242424e-01 5.25252525e-01 2.17346104e-01 2.17345984e-01 1.19553735e-07
4.34343434e-01 5.25252525e-01 1.88811216e-01 1.88811112e-01 1.03857706e-07
4.44444444e-01 5.25252525e-01 1.60086212e-01 1.60086124e-01 8.80571005e-08
4.54545455e-01 5.25252525e-01 1.31200014e-01 1.31199942e-01 7.21678291e-08
4.64646465e-01 5.25252525e-01 1.02181709e-01 1.02181653e-01 5.62058908e-08
4.74747475e-01 5.25252525e-01 7.30605154e-02 7.30604752e-02 4.01873581e-08
4.84848485e-01 5.25252525e-01 4.38657563e-02 4.38657322e-02 2.41283598e-08
4.94949495e-01 5.25252525e-01 1.46268281e-02 1.46268200e-02 8.04506658e-09
5.05050505e-01 5.25252525e-01 -1.46268281e-02 -1.46268200e-02 8.04632741e-09
5.15151515e-01 5.25252525e-01 -4.38657563e-02 -4.38657322e-02 2.41296194e-08
5.25252525e-01 5.25252525e-01 -7.30605154e-02 -7.30604752e-02 4.01886150e-08
5.35353535e-01 5.25252525e-01 -1.02181709e-01 -1.02181653e-01 5.62071441e-08
5.45454545e-01 5.25252525e-01 -1.31200014e-01 -1.31199942e-01 7.21690773e-08
5.55555556e-01 5.25252525e-01 -1.60086212e-01 -1.60086124e-01 8.80583424e-08
5.65656566e-01 5.25252525e-01 -1.88811216e-01 -1.88811112e-01 1.03858940e-07
5.75757576e-01 5.25252525e-01 -2.17346104e-01 -2.17345984e-01 1.19554961e-07
5.85858586e-01 5.25252525e-01 -2.45662142e-01 -2.45662007e-01 1.35130600e-07
5.95959596e-01 5.25252525e-01 -2.73730820e-01 -2.73730669e-01 1.50570173e-07
6.06060606e-01 5.25252525e-01 -3.01523874e-01 -3.01523708e-01 1.65858136e-07
6.16161616e-01 5.25252525e-01 -3.29013318e-01 -3.29013137e-01 1.80979093e-07
6.26262626e-01 5.25252525e-01 -3.56171475e-01 -3.56171279e-01 1.95917820e-07
6.36363636e-01 5.25252525e-01 -3.82970997e-01 -3.82970786e-01 2.10659274e-07
6.46464646e-01 5.25252525e-01 -4.09384899e-01 -4.09384674e-01 2.25188612e-07
6.56565657e-01 5.25252525e-01 -4.35386586e-01 -4.35386346e-01 2.39491205e-07
6.66666667e-01 5.25252525e-01 -4.60949875e-01 -4.60949621e-01 2.53552649e-07
6.76767677e-01 5.25252525e-01 -4.86049027e-01 -4.86048759e-01 2.67358788e-07
6.86868687e-01 5.25252525e-01 -5.10658768e-01 -5.10658487e-01 2.80895719e-07
6.96969697e-01 5.25252525e-01 -5.34754320e-01 -5.34754026e-01 2.94149813e-07
7.07070707e-01 5.25252525e-01 -5.58311419e-01 -5.58311112e-01 3.07107722e-07
7.17171717e-01 5.25252525e-01 -5.81306346e-01 -5.81306026e-01 3.19756399e-07
7.27272727e-01 5.25252525e-01 -6.03715947e-01 -6.03715615e-01 3.32083110e-07
7.37373737e-01 5.25252525e-01 -6.25517657e-01 -6.25517313e-01 3.44075440e-07
7.47474747e-01 5.25252525e-01 -6.46689524e-01 -6.46689168e-01 3.55721316e-07
7.57575758e-01 5.25252525e-01 -6.67210229e-01 -6.67209862e-01 3.67009011e-07
7.67676768e-01 5.25252525e-01 -6.87059110e-01 -6.87058732e-01 3.77927158e-07
7.77777778e-01 5.25252525e-01 -7.06216181e-01 -7.06215792e-01 3.88464765e-07
7.87878788e-01 5.25252525e-01 -7.24662151e-01 -7.24661753e-01 3.98611221e-07
7.97979798e-01 5.25252525e-01 -7.42378449e-01 -7.42378041e-01 4.08356309e-07
8.08080808e-01 5.25252525e-01 -7.59347234e-01 -7.59346817e-01 4.17690217e-07
8.18181818e-01 5.25252525e-01 -7.75551422e-01 -7.75550995e-01 4.26603546e-07
8.28282828e-01 5.25252525e-01 -7.90974694e-01 -7.90974259e-01 4.35087322e-07
8.38383838e-01 5.25252525e-01 -8.05601522e-01 -8.05601079e-01 4.43133002e-07
8.48484848e-01 5.25252525e-01 -8.19417178e-01 -8.19416727e-01 4.50732484e-07
8.58585859e-01 5.25252525e-01 -8.32407750e-01 -8.32407292e-01 4.57878117e-07
8.68686869e-01 5.25252525e-01 -8.44560158e-01 -8.44559693e-01 4.64562705e-07
8.78787879e-01 5.25252525e-01 -8.55862165e-01 -8.55861694e-01 4.70779518e-07
8.88888889e-01 5.25252525e-01 -8.66302392e-01 -8.66301916e-01 4.76522297e-07
8.98989899e-01 5.25252525e-01 -8.75870326e-01 -8.75869844e-01 4.81785257e-07
9.09090909e-01 5.25252525e-01 -8.84556332e-01 -8.84555846e-01 4.86563101e-07
9.19191919e-01 5.25252525e-01 -8.92351666e-01 -8.92351175e-01 4.90851015e-07
9.29292929e-01 5.25252525e-01 -8.99248477e-01 -8.99247982e-01 4.94644661e-07
9.39393939e-01 5.25252525e-01 -9.05239820e-01 -9.05239322e-01 4.97939944e-07
9.49494949e-01 5.25252525e-01 -9.10319665e-01 -9.10319164e-01 5.00730237e-07
9.59595960e-01 5.25252525e-01 -9.14482894e-01 -9.14482391e-01 5.02997466e-07
9.69696970e-01 5.25252525e-01 -9.17725316e-01 -9.17724812e-01 5.04440948e-07
9.79797980e-01 5.25252525e-01 -9.20043662e-01 -9.20043161e-01 5.01092132e-07
9.89898990e-01 5.25252525e-01 -9.21435555e-01 -9.21435106e-01 4.49664532e-07
1.00000000e+00 5.25252525e-01 -9.21899243e-01 -9.21899243e-01 0.00000000e+00
0.00000000e+00 5.35353535e-01 8.49306211e-01 8.49306211e-01 0.00000000e+00
1.01010101e-02 5.35353535e-01 8.48879035e-01 8.48878621e-01 4.14260018e-07
2.02020202e-02 5.35353535e-01 8.47596744e-01 8.47596283e-01 4.61638431e-07
3.03030303e-02 5.35353535e-01 8.45460951e-01 8.45460486e-01 4.64723534e-07
4.04040404e-02 5.35353535e-01 8.42473847e-01 8.42473383e-01 4.63393498e-07
5.05050505e-02 5.35353535e-01 8.38638442e-01 8.38637981e-01 4.61303797e-07
6.06060606e-02 5.35353535e-01 8.33958600e-01 8.33958141e-01 4.58730717e-07
7.07070707e-02 5.35353535e-01 8.28439032e-01 8.28438576e-01 4.55694642e-07
8.08080808e-02 5.35353535e-01 8.22085296e-01 8.22084844e-01 4.52199664e-07
9.09090909e-02 5.35353535e-01 8.14903790e-01 8.14903342e-01 4.48249356e-07
1.01010101e-01 5.35353535e-01 8.06901745e-01 8.06901301e-01 4.43847699e-07
1.11111111e-01 5.35353535e-01 7.98087218e-01 7.98086779e-01 4.38999124e-07
1.21212121e-01 5.35353535e-01 7.88469085e-01 7.88468651e-01 4.33708515e-07
1.31313131e-01 5.35353535e-01 7.78057031e-01 7.78056603e-01 4.27981199e-07
1.41414141e-01 5.35353535e-01 7.66861539e-01 7.66861117e-01 4.21822941e-07
1.51515152e-01 5.35353535e-01 7.54893882e-01 7.54893467e-01 4.15239943e-07
1.61616162e-01 5.35353535e-01 7.42166111e-01 7.42165703e-01 4.08238834e-07
1.71717172e-01 5.35353535e-01 7.28691042e-01 7.28690642e-01 4.00826663e-07
1.81818182e-01 5.35353535e-01 7.14482243e-01 7.14481850e-01 3.93010894e-07
1.91919192e-01 5.35353535e-01 6.99554021e-01 6.99553636e-01 3.84799396e-07
2.02020202e-01 5.35353535e-01 6.83921407e-01 6.83921031e-01 3.76200438e-07
2.12121212e-01 5.35353535e-01 6.67600143e-01 6.67599775e-01 3.67222677e-07
2.22222222e-01 5.35353535e-01 6.50606661e-01 6.50606303e-01 3.57875155e-07
2.32323232e-01 5.35353535e-01 6.32958074e-01 6.32957726e-01 3.48167282e-07
2.42424242e-01 5.35353535e-01 6.14672152e-01 6.14671813e-01 3.38108835e-07
2.52525253e-01 5.35353535e-01 5.95767306e-01 5.95766979e-01 3.27709941e-07
2.62626263e-01 5.35353535e-01 5.76262574e-01 5.76262257e-01 3.16981070e-07
2.72727273e-01 5.35353535e-01 5.56177594e-01 5.56177288e-01 3.05933027e-07
2.82828283e-01 5.35353535e-01 5.35532591e-01 5.35532296e-01 2.94576935e-07
2.92929293e-01 5.35353535e-01 5.14348351e-01 5.14348069e-01 2.82924229e-07
3.03030303e-01 5.35353535e-01 4.92646207e-01 4.92645936e-01 2.70986642e-07
3.13131313e-01 5.35353535e-01 4.70448009e-01 4.70447750e-01 2.58776194e-07
3.23232323e-01 5.35353535e-01 4.47776110e-01 4.47775864e-01 2.46305181e-07
3.33333333e-01 5.35353535e-01 4.24653339e-01 4.24653105e-01 2.33586160e-07
3.43434343e-01 5.35353535e-01 4.01102978e-01 4.01102757e-01 2.20631937e-07
3.53535354e-01 5.35353535e-01 3.77148740e-01 3.77148532e-01 2.07455556e-07
3.63636364e-01 5.35353535e-01 3.52814745e-01 3.52814551e-01 1.94070285e-07
3.73737374e-01 5.35353535e-01 3.28125495e-01 3.28125315e-01 1.80489602e-07
3.83838384e-01 5.35353535e-01 3.03105851e-01 3.03105685e-01 1.66727181e-07
3.93939394e-01 5.35353535e-01 2.77781005e-01 2.77780853e-01 1.52796880e-07
4.04040404e-01 5.35353535e-01 2.52176458e-01 2.52176319e-01 1.38712726e-07
4.14141414e-01 5.35353535e-01 2.26317989e-01 2.26317865e-01 1.24488899e-07
4.24242424e-01 5.35353535e-01 2.00231638e-01 2.00231528e-01 1.10139723e-07
4.34343434e-01 5.35353535e-01 1.73943671e-01 1.73943575e-01 9.56796454e-08
4.44444444e-01 5.35353535e-01 1.47480557e-01 1.47480476e-01 8.11232265e-08
4.54545455e-01 5.35353535e-01 1.20868943e-01 1.20868876e-01 6.64851234e-08
4.64646465e-01 5.35353535e-01 9.41356233e-02 9.41355716e-02 5.17800754e-08
4.74747475e-01 5.35353535e-01 6.73075176e-02 6.73074806e-02 3.70228893e-08
4.84848485e-01 5.35353535e-01 4.04116389e-02 4.04116166e-02 2.22284241e-08
4.94949495e-01 5.35353535e-01 1.34750690e-02 1.34750616e-02 7.41157700e-09
5.05050505e-01 5.35353535e-01 -1.34750690e-02 -1.34750616e-02 7.41273301e-09
5.15151515e-01 5.35353535e-01 -4.04116389e-02 -4.04116166e-02 2.22295790e-08
5.25252525e-01 5.35353535e-01 -6.73075176e-02 -6.73074806e-02 3.70240418e-08
5.35353535e-01 5.35353535e-01 -9.41356233e-02 -9.41355716e-02 5.17812245e-08
5.45454545e-01 5.35353535e-01 -1.20868943e-01 -1.20868876e-01 6.64862677e-08
5.55555556e-01 5.35353535e-01 -1.47480557e-01 -1.47480476e-01 8.11243652e-08
5.65656566e-01 5.35353535e-01 -1.73943671e-01 -1.73943575e-01 9.56807770e-08
5.75757576e-01 5.35353535e-01 -2.00231638e-01 -2.00231528e-01 1.10140847e-07
5.85858586e-01 5.35353535e-01 -2.26317989e-01 -2.26317865e-01 1.24490014e-07
5.95959596e-01 5.35353535e-01 -2.52176458e-01 -2.52176319e-01 1.38713830e-07
6.06060606e-01 5.35353535e-01 -2.77781005e-01 -2.77780853e-01 1.52797973e-07
6.16161616e-01 5.35353535e-01 -3.03105851e-01 -3.03105685e-01 1.66728261e-07
6.26262626e-01 5.35353535e-01 -3.28125495e-01 -3.28125315e-01 1.80490669e-07
6.36363636e-01 5.35353535e-01 -3.52814745e-01 -3.52814551e-01 1.94071337e-07
6.46464646e-01 5.35353535e-01 -3.77148740e-01 -3.77148532e-01 2.07456592e-07
6.56565657e-01 5.35353535e-01 -4.01102978e-01 -4.01102757e-01 2.20632956e-07
6.66666667e-01 5.35353535e-01 -4.24653339e-01 -4.24653105e-01 2.33587161e-07
6.76767677e-01 5.35353535e-01 -4.47776110e-01 -4.47775864e-01 2.46306164e-07
6.86868687e-01 5.35353535e-01 -4.70448009e-01 -4.70447750e-01 2.58777157e-07
6.96969697e-01 5.35353535e-01 -4.92646207e-01 -4.92645936e-01 2.70987584e-07
7.07070707e-01 5.35353535e-01 -5.14348351e-01 -5.14348069e-01 2.82925149e-07
7.17171717e-01 5.35353535e-01 -5.35532591e-01 -5.35532296e-01 2.94577832e-07
7.27272727e-01 5.35353535e-01 -5.56177594e-01 -5.56177288e-01 3.05933900e-07
7.37373737e-01 5.35353535e-01 -5.76262574e-01 -5.76262257e-01 3.16981919e-07
7.47474747e-01 5.35353535e-01 -5.95767306e-01 -5.95766979e-01 3.27710765e-07
7.57575758e-01 5.35353535e-01 -6.14672152e-01 -6.14671813e-01 3.38109633e-07
7.67676768e-01 5.35353535e-01 -6.32958074e-01 -6.32957726e-01 3.48168053e-07
7.77777778e-01 5.35353535e-01 -6.50606661e-01 -6.50606303e-01 3.57875898e-07
7.87878788e-01 5.35353535e-01 -6.67600143e-01 -6.67599775e-01 3.67223392e-07
7.97979798e-01 5.35353535e-01 -6.83921407e-01 -6.83921031e-01 3.76201123e-07
8.08080808e-01 5.35353535e-01 -6.99554021e-01 -6.99553636e-01 3.84800051e-07
8.18181818e-01 5.35353535e-01 -7.14482243e-01 -7.14481850e-01 3.93011519e-07
8.28282828e-01 5.35353535e-01 -7.28691042e-01 -7.28690642e-01 4.00827257e-07
8.38383838e-01 5.35353535e-01 -7.42166111e-01 -7.42165703e-01 4.08239396e-07
8.48484848e-01 5.35353535e-01 -7.54893882e-01 -7.54893467e-01 4.15240473e-07
8.58585859e-01 5.35353535e-01 -7.66861539e-01 -7.66861117e-01 4.21823438e-07
8.68686869e-01 5.35353535e-01 -7.78057031e-01 -7.78056603e-01 4.27981662e-07
8.78787879e-01 5.35353535e-01 -7.88469085e-01 -7.88468651e-01 4.33708945e-07
8.88888889e-01 5.35353535e-01 -7.98087218e-01 -7.98086779e-01 4.38999520e-07
8.98989899e-01 5.35353535e-01 -8.06901745e-01 -8.06901301e-01 4.43848060e-07
9.09090909e-01 5.35353535e-01 -8.14903790e-01 -8.14903342e-01 4.48249681e-07
9.19191919e-01 5.35353535e-01 -8.22085296e-01 -8.22084844e-01 4.52199953e-07
9.29292929e-01 5.35353535e-01 -8.28439032e-01 -8.28438576e-01 4.55694876e-07
9.39393939e-01 5.35353535e-01 -8.33958600e-01 -8.33958141e-01 4.58730679e-07
9.49494949e-01 5.35353535e-01 -8.38638442e-01 -8.38637981e-01 4.61301257e-07
9.59595960e-01 5.35353535e-01 -8.42473847e-01 -8.42473383e-01 4.63389974e-07
9.69696970e-01 5.35353535e-01 -8.45460951e-01 -8.45460486e-01 4.64719797e-07
9.79797980e-01 5.35353535e-01 -8.47596744e-01 -8.47596283e-01 4.61634678e-07
9.89898990e-01 5.35353535e-01 -8.48879035e-01 -8.48878621e-01 4.14256637e-07
1.00000000e+00 5.35353535e-01 -8.49306211e-01 -8.49306211e-01 0.00000000e+00
0.00000000e+00 5.45454545e-01 7.55376719e-01 7.55376719e-01 0.00000000e+00
1.01010101e-02 5.45454545e-01 7.54996787e-01 7.54996419e-01 3.68444679e-07
2.02020202e-02 5.45454545e-01 7.53856312e-01 7.53855901e-01 4.10583248e-07
3.03030303e-02 5.45454545e-01 7.51956728e-01 7.51956315e-01 4.13327152e-07
4.04040404e-02 5.45454545e-01 7.49299984e-01 7.49299572e-01 4.12144211e-07
5.05050505e-02 5.45454545e-01 7.45888758e-01 7.45888348e-01 4.10285623e-07
6.06060606e-02 5.45454545e-01 7.41726486e-01 7.41726078e-01 4.07997114e-07
7.07070707e-02 5.45454545e-01 7.36817357e-01 7.36816952e-01 4.05296816e-07
8.08080808e-02 5.45454545e-01 7.31166316e-01 7.31165914e-01 4.02188367e-07
9.09090909e-02 5.45454545e-01 7.24779053e-01 7.24778654e-01 3.98674946e-07
1.01010101e-01 5.45454545e-01 7.17661998e-01 7.17661604e-01 3.94760093e-07
1.11111111e-01 5.45454545e-01 7.09822319e-01 7.09821929e-01 3.90447750e-07
1.21212121e-01 5.45454545e-01 7.01267909e-01 7.01267523e-01 3.85742259e-07
1.31313131e-01 5.45454545e-01 6.92007381e-01 6.92007001e-01 3.80648358e-07
1.41414141e-01 5.45454545e-01 6.82050061e-01 6.82049686e-01 3.75171177e-07
1.51515152e-01 5.45454545e-01 6.71405974e-01 6.71405605e-01 3.69316230e-07
1.61616162e-01 5.45454545e-01 6.60085838e-01 6.60085475e-01 3.63089413e-07
1.71717172e-01 5.45454545e-01 6.48101052e-01 6.48100696e-01 3.56496996e-07
1.81818182e-01 5.45454545e-01 6.35463683e-01 6.35463333e-01 3.49545616e-07
1.91919192e-01 5.45454545e-01 6.22186456e-01 6.22186114e-01 3.42242274e-07
2.02020202e-01 5.45454545e-01 6.08282740e-01 6.08282405e-01 3.34594323e-07
2.12121212e-01 5.45454545e-01 5.93766534e-01 5.93766208e-01 3.26609463e-07
2.22222222e-01 5.45454545e-01 5.78652456e-01 5.78652138e-01 3.18295736e-07
2.32323232e-01 5.45454545e-01 5.62955724e-01 5.62955415e-01 3.09661512e-07
2.42424242e-01 5.45454545e-01 5.46692144e-01 5.46691843e-01 3.00715484e-07
2.52525253e-01 5.45454545e-01 5.29878091e-01 5.29877799e-01 2.91466662e-07
2.62626263e-01 5.45454545e-01 5.12530495e-01 5.12530213e-01 2.81924358e-07
2.72727273e-01 5.45454545e-01 4.94666825e-01 4.94666553e-01 2.72098180e-07
2.82828283e-01 5.45454545e-01 4.76305067e-01 4.76304805e-01 2.61998021e-07
2.92929293e-01 5.45454545e-01 4.57463710e-01 4.57463458e-01 2.51634053e-07
3.03030303e-01 5.45454545e-01 4.38161726e-01 4.38161485e-01 2.41016711e-07
3.13131313e-01 5.45454545e-01 4.18418551e-01 4.18418320e-01 2.30156686e-07
3.23232323e-01 5.45454545e-01 3.98254063e-01 3.98253844e-01 2.19064912e-07
3.33333333e-01 5.45454545e-01 3.77688567e-01 3.77688359e-01 2.07752559e-07
3.43434343e-01 5.45454545e-01 3.56742771e-01 3.56742575e-01 1.96231016e-07
3.53535354e-01 5.45454545e-01 3.35437765e-01 3.35437581e-01 1.84511885e-07
3.63636364e-01 5.45454545e-01 3.13795002e-01 3.13794830e-01 1.72606966e-07
3.73737374e-01 5.45454545e-01 2.91836274e-01 2.91836113e-01 1.60528247e-07
3.83838384e-01 5.45454545e-01 2.69583691e-01 2.69583543e-01 1.48287890e-07
3.93939394e-01 5.45454545e-01 2.47059661e-01 2.47059525e-01 1.35898219e-07
4.04040404e-01 5.45454545e-01 2.24286862e-01 2.24286739e-01 1.23371710e-07
4.14141414e-01 5.45454545e-01 2.01288226e-01 2.01288115e-01 1.10720976e-07
4.24242424e-01 5.45454545e-01 1.78086909e-01 1.78086811e-01 9.79587561e-08
4.34343434e-01 5.45454545e-01 1.54706274e-01 1.54706189e-01 8.50978997e-08
4.44444444e-01 5.45454545e-01 1.31169863e-01 1.31169791e-01 7.21513568e-08
4.54545455e-01 5.45454545e-01 1.07501375e-01 1.07501316e-01 5.91321636e-08
4.64646465e-01 5.45454545e-01 8.37246418e-02 8.37245958e-02 4.60534294e-08
4.74747475e-01 5.45454545e-01 5.98636053e-02 5.98635724e-02 3.29283233e-08
4.84848485e-01 5.45454545e-01 3.59422912e-02 3.59422715e-02 1.97700610e-08
4.94949495e-01 5.45454545e-01 1.19847863e-02 1.19847797e-02 6.59189214e-09
5.05050505e-01 5.45454545e-01 -1.19847863e-02 -1.19847797e-02 6.59291427e-09
5.15151515e-01 5.45454545e-01 -3.59422912e-02 -3.59422715e-02 1.97710821e-08
5.25252525e-01 5.45454545e-01 -5.98636053e-02 -5.98635724e-02 3.29293423e-08
5.35353535e-01 5.45454545e-01 -8.37246418e-02 -8.37245958e-02 4.60544454e-08
5.45454545e-01 5.45454545e-01 -1.07501375e-01 -1.07501316e-01 5.91331755e-08
5.55555556e-01 5.45454545e-01 -1.31169863e-01 -1.31169791e-01 7.21523636e-08
5.65656566e-01 5.45454545e-01 -1.54706274e-01 -1.54706189e-01 8.50989002e-08
5.75757576e-01 5.45454545e-01 -1.78086909e-01 -1.78086811e-01 9.79597496e-08
5.85858586e-01 5.45454545e-01 -2.01288226e-01 -2.01288115e-01 1.10721962e-07
5.95959596e-01 5.45454545e-01 -2.24286862e-01 -2.24286739e-01 1.23372686e-07
6.06060606e-01 5.45454545e-01 -2.47059661e-01 -2.47059525e-01 1.35899185e-07
6.16161616e-01 5.45454545e-01 -2.69583691e-01 -2.69583543e-01 1.48288845e-07
6.26262626e-01 5.45454545e-01 -2.91836274e-01 -2.91836113e-01 1.60529190e-07
6.36363636e-01 5.45454545e-01 -3.13795002e-01 -3.13794830e-01 1.72607896e-07
6.46464646e-01 5.45454545e-01 -3.35437765e-01 -3.35437581e-01 1.84512801e-07
6.56565657e-01 5.45454545e-01 -3.56742771e-01 -3.56742575e-01 1.96231917e-07
6.66666667e-01 5.45454545e-01 -3.77688567e-01 -3.77688359e-01 2.07753444e-07
6.76767677e-01 5.45454545e-01 -3.98254063e-01 -3.98253844e-01 2.19065781e-07
6.86868687e-01 5.45454545e-01 -4.18418551e-01 -4.18418320e-01 2.30157537e-07
6.96969697e-01 5.45454545e-01 -4.38161726e-01 -4.38161485e-01 2.41017544e-07
7.07070707e-01 5.45454545e-01 -4.57463710e-01 -4.57463458e-01 2.51634867e-07
7.17171717e-01 5.45454545e-01 -4.76305067e-01 -4.76304805e-01 2.61998815e-07
7.27272727e-01 5.45454545e-01 -4.94666825e-01 -4.94666553e-01 2.72098952e-07
7.37373737e-01 5.45454545e-01 -5.12530495e-01 -5.12530213e-01 2.81925108e-07
7.47474747e-01 5.45454545e-01 -5.29878091e-01 -5.29877799e-01 2.91467391e-07
7.57575758e-01 5.45454545e-01 -5.46692144e-01 -5.46691843e-01 3.00716190e-07
7.67676768e-01 5.45454545e-01 -5.62955724e-01 -5.62955415e-01 3.09662193e-07
7.77777778e-01 5.45454545e-01 -5.78652456e-01 -5.78652138e-01 3.18296393e-07
7.87878788e-01 5.45454545e-01 -5.93766534e-01 -5.93766208e-01 3.26610095e-07
7.97979798e-01 5.45454545e-01 -6.08282740e-01 -6.08282405e-01 3.34594929e-07
8.08080808e-01 5.45454545e-01 -6.22186456e-01 -6.22186114e-01 3.42242854e-07
8.18181818e-01 5.45454545e-01 -6.35463683e-01 -6.35463333e-01 3.49546169e-07
8.28282828e-01 5.45454545e-01 -6.48101052e-01 -6.48100696e-01 3.56497521e-07
8.38383838e-01 5.45454545e-01 -6.60085838e-01 -6.60085475e-01 3.63089910e-07
8.48484848e-01 5.45454545e-01 -6.71405974e-01 -6.71405605e-01 3.69316698e-07
8.58585859e-01 5.45454545e-01 -6.82050061e-01 -6.82049686e-01 3.75171616e-07
8.68686869e-01 5.45454545e-01 -6.92007381e-01 -6.92007001e-01 3.80648768e-07
8.78787879e-01 5.45454545e-01 -7.01267909e-01 -7.01267523e-01 3.85742639e-07
8.88888889e-01 5.45454545e-01 -7.09822319e-01 -7.09821929e-01 3.90448100e-07
8.98989899e-01 5.45454545e-01 -7.17661998e-01 -7.17661604e-01 3.94760412e-07
9.09090909e-01 5.45454545e-01 -7.24779053e-01 -7.24778654e-01 3.98675234e-07
9.19191919e-01 5.45454545e-01 -7.31166316e-01 -7.31165914e-01 4.02188622e-07
9.29292929e-01 5.45454545e-01 -7.36817357e-01 -7.36816952e-01 4.05297023e-07
9.39393939e-01 5.45454545e-01 -7.41726486e-01 -7.41726078e-01 4.07997080e-07
9.49494949e-01 5.45454545e-01 -7.45888758e-01 -7.45888348e-01 4.10283364e-07
9.59595960e-01 5.45454545e-01 -7.49299984e-01 -7.49299572e-01 4.12141095e-07
9.69696970e-01 5.45454545e-01 -7.51956728e-01 -7.51956315e-01 4.13323852e-07
9.79797980e-01 5.45454545e-01 -7.53856312e-01 -7.53855901e-01 4.10579934e-07
9.89898990e-01 5.45454545e-01 -7.54996787e-01 -7.54996419e-01 3.68441694e-07
1.00000000e+00 5.45454545e-01 -7.55376719e-01 -7.55376719e-01 0.00000000e+00
0.00000000e+00 5.55555556e-01 6.42470485e-01 6.42470485e-01 0.00000000e+00
1.01010101e-02 5.55555556e-01 6.42147342e-01 6.42147028e-01 3.13373191e-07
2.02020202e-02 5.55555556e-01 6.41177333e-01 6.41176984e-01 3.49213300e-07
3.03030303e-02 5.55555556e-01 6.39561680e-01 6.39561329e-01 3.51547073e-07
4.04040404e-02 5.55555556e-01 6.37302040e-01 6.37301690e-01 3.50540947e-07
5.05050505e-02 5.55555556e-01 6.34400691e-01 6.34400342e-01 3.48960162e-07
6.06060606e-02 5.55555556e-01 6.30860553e-01 6.30860206e-01 3.47013717e-07
7.07070707e-02 5.55555556e-01 6.26685193e-01 6.26684848e-01 3.44717033e-07
8.08080808e-02 5.55555556e-01 6.21878814e-01 6.21878472e-01 3.42073205e-07
9.09090909e-02 5.55555556e-01 6.16446255e-01 6.16445916e-01 3.39084935e-07
1.01010101e-01 5.55555556e-01 6.10392988e-01 6.10392652e-01 3.35755236e-07
1.11111111e-01 5.55555556e-01 6.03725106e-01 6.03724774e-01 3.32087459e-07
1.21212121e-01 5.55555556e-01 5.96449324e-01 5.96448996e-01 3.28085299e-07
1.31313131e-01 5.55555556e-01 5.88572969e-01 5.88572645e-01 3.23752785e-07
1.41414141e-01 5.55555556e-01 5.80103970e-01 5.80103651e-01 3.19094279e-07
1.51515152e-01 5.55555556e-01 5.71050856e-01 5.71050542e-01 3.14114472e-07
1.61616162e-01 5.55555556e-01 5.61422742e-01 5.61422433e-01 3.08818379e-07
1.71717172e-01 5.55555556e-01 5.51229323e-01 5.51229020e-01 3.03211331e-07
1.81818182e-01 5.55555556e-01 5.40480863e-01 5.40480565e-01 2.97298975e-07
1.91919192e-01 5.55555556e-01 5.29188184e-01 5.29187893e-01 2.91087266e-07
2.02020202e-01 5.55555556e-01 5.17362657e-01 5.17362373e-01 2.84582455e-07
2.12121212e-01 5.55555556e-01 5.05016191e-01 5.05015913e-01 2.77791094e-07
2.22222222e-01 5.55555556e-01 4.92161216e-01 4.92160945e-01 2.70720020e-07
2.32323232e-01 5.55555556e-01 4.78810676e-01 4.78810412e-01 2.63376355e-07
2.42424242e-01 5.55555556e-01 4.64978014e-01 4.64977758e-01 2.55767492e-07
2.52525253e-01 5.55555556e-01 4.50677159e-01 4.50676911e-01 2.47901093e-07
2.62626263e-01 5.55555556e-01 4.35922510e-01 4.35922271e-01 2.39785079e-07
2.72727273e-01 5.55555556e-01 4.20728925e-01 4.20728693e-01 2.31427621e-07
2.82828283e-01 5.55555556e-01 4.05111701e-01 4.05111478e-01 2.22837135e-07
2.92929293e-01 5.55555556e-01 3.89086563e-01 3.89086349e-01 2.14022272e-07
3.03030303e-01 5.55555556e-01 3.72669649e-01 3.72669444e-01 2.04991905e-07
3.13131313e-01 5.55555556e-01 3.55877488e-01 3.55877292e-01 1.95755130e-07
3.23232323e-01 5.55555556e-01 3.38726988e-01 3.38726802e-01 1.86321245e-07
3.33333333e-01 5.55555556e-01 3.21235419e-01 3.21235242e-01 1.76699751e-07
3.43434343e-01 5.55555556e-01 3.03420393e-01 3.03420226e-01 1.66900336e-07
3.53535354e-01 5.55555556e-01 2.85299849e-01 2.85299692e-01 1.56932865e-07
3.63636364e-01 5.55555556e-01 2.66892032e-01 2.66891885e-01 1.46807377e-07
3.73737374e-01 5.55555556e-01 2.48215477e-01 2.48215340e-01 1.36534066e-07
3.83838384e-01 5.55555556e-01 2.29288990e-01 2.29288864e-01 1.26123277e-07
3.93939394e-01 5.55555556e-01 2.10131629e-01 2.10131513e-01 1.15585492e-07
4.04040404e-01 5.55555556e-01 1.90762682e-01 1.90762578e-01 1.04931323e-07
4.14141414e-01 5.55555556e-01 1.71201654e-01 1.71201560e-01 9.41714966e-08
4.24242424e-01 5.55555556e-01 1.51468241e-01 1.51468158e-01 8.33168476e-08
4.34343434e-01 5.55555556e-01 1.31582312e-01 1.31582239e-01 7.23783055e-08
4.44444444e-01 5.55555556e-01 1.11563890e-01 1.11563829e-01 6.13668846e-08
4.54545455e-01 5.55555556e-01 9.14331335e-02 9.14330832e-02 5.02936724e-08
4.64646465e-01 5.55555556e-01 7.12103112e-02 7.12102720e-02 3.91698188e-08
4.74747475e-01 5.55555556e-01 5.09157862e-02 5.09157582e-02 2.80065246e-08
4.84848485e-01 5.55555556e-01 3.05699934e-02 3.05699765e-02 1.68150300e-08
4.94949495e-01 5.55555556e-01 1.01934191e-02 1.01934135e-02 5.60660429e-09
5.05050505e-01 5.55555556e-01 -1.01934191e-02 -1.01934135e-02 5.60746688e-09
5.15151515e-01 5.55555556e-01 -3.05699934e-02 -3.05699765e-02 1.68158918e-08
5.25252525e-01 5.55555556e-01 -5.09157862e-02 -5.09157582e-02 2.80073846e-08
5.35353535e-01 5.55555556e-01 -7.12103112e-02 -7.12102720e-02 3.91706762e-08
5.45454545e-01 5.55555556e-01 -9.14331335e-02 -9.14330832e-02 5.02945263e-08
5.55555556e-01 5.55555556e-01 -1.11563890e-01 -1.11563829e-01 6.13677342e-08
5.65656566e-01 5.55555556e-01 -1.31582312e-01 -1.31582239e-01 7.23791499e-08
5.75757576e-01 5.55555556e-01 -1.51468241e-01 -1.51468158e-01 8.33176859e-08
5.85858586e-01 5.55555556e-01 -1.71201654e-01 -1.71201560e-01 9.41723282e-08
5.95959596e-01 5.55555556e-01 -1.90762682e-01 -1.90762578e-01 1.04932147e-07
6.06060606e-01 5.55555556e-01 -2.10131629e-01 -2.10131513e-01 1.15586308e-07
6.16161616e-01 5.55555556e-01 -2.29288990e-01 -2.29288864e-01 1.26124083e-07
6.26262626e-01 5.55555556e-01 -2.48215477e-01 -2.48215340e-01 1.36534862e-07
6.36363636e-01 5.55555556e-01 -2.66892032e-01 -2.66891885e-01 1.46808162e-07
6.46464646e-01 5.55555556e-01 -2.85299849e-01 -2.85299692e-01 1.56933638e-07
6.56565657e-01 5.55555556e-01 -3.03420393e-01 -3.03420226e-01 1.66901096e-07
6.66666667e-01 5.55555556e-01 -3.21235419e-01 -3.21235242e-01 1.76700499e-07
6.76767677e-01 5.55555556e-01 -3.38726988e-01 -3.38726802e-01 1.86321979e-07
6.86868687e-01 5.55555556e-01 -3.55877488e-01 -3.55877292e-01 1.95755848e-07
6.96969697e-01 5.55555556e-01 -3.72669649e-01 -3.72669444e-01 2.04992608e-07
7.07070707e-01 5.55555556e-01 -3.89086563e-01 -3.89086349e-01 2.14022958e-07
7.17171717e-01 5.55555556e-01 -4.05111701e-01 -4.05111478e-01 2.22837805e-07
7.27272727e-01 5.55555556e-01 -4.20728925e-01 -4.20728693e-01 2.31428273e-07
7.37373737e-01 5.55555556e-01 -4.35922510e-01 -4.35922271e-01 2.39785713e-07
7.47474747e-01 5.55555556e-01 -4.50677159e-01 -4.50676911e-01 2.47901708e-07
7.57575758e-01 5.55555556e-01 -4.64978014e-01 -4.64977758e-01 2.55768088e-07
7.67676768e-01 5.55555556e-01 -4.78810676e-01 -4.78810412e-01 2.63376930e-07
7.77777778e-01 5.55555556e-01 -4.92161216e-01 -4.92160945e-01 2.70720575e-07
7.87878788e-01 5.55555556e-01 -5.05016191e-01 -5.05015913e-01 2.77791627e-07
7.97979798e-01 5.55555556e-01 -5.17362657e-01 -5.17362373e-01 2.84582966e-07
8.08080808e-01 5.55555556e-01 -5.29188184e-01 -5.29187893e-01 2.91087754e-07
8.18181818e-01 5.55555556e-01 -5.40480863e-01 -5.40480565e-01 2.97299442e-07
8.28282828e-01 5.55555556e-01 -5.51229323e-01 -5.51229020e-01 3.03211774e-07
8.38383838e-01 5.55555556e-01 -5.61422742e-01 -5.61422433e-01 3.08818798e-07
8.48484848e-01 5.55555556e-01 -5.71050856e-01 -5.71050542e-01 3.14114867e-07
8.58585859e-01 5.55555556e-01 -5.80103970e-01 -5.80103651e-01 3.19094650e-07
8.68686869e-01 5.55555556e-01 -5.88572969e-01 -5.88572645e-01 3.23753131e-07
8.78787879e-01 5.55555556e-01 -5.96449324e-01 -5.96448996e-01 3.28085620e-07
8.88888889e-01 5.55555556e-01 -6.03725106e-01 -6.03724774e-01 3.32087755e-07
8.98989899e-01 5.55555556e-01 -6.10392988e-01 -6.10392652e-01 3.35755505e-07
9.09090909e-01 5.55555556e-01 -6.16446255e-01 -6.16445916e-01 3.39085178e-07
9.19191919e-01 5.55555556e-01 -6.21878814e-01 -6.21878472e-01 3.42073420e-07
9.29292929e-01 5.55555556e-01 -6.26685193e-01 -6.26684848e-01 3.44717208e-07
9.39393939e-01 5.55555556e-01 -6.30860553e-01 -6.30860206e-01 3.47013686e-07
9.49494949e-01 5.55555556e-01 -6.34400691e-01 -6.34400342e-01 3.48958241e-07
9.59595960e-01 5.55555556e-01 -6.37302040e-01 -6.37301690e-01 3.50538316e-07
9.69696970e-01 5.55555556e-01 -6.39561680e-01 -6.39561329e-01 3.51544293e-07
9.79797980e-01 5.55555556e-01 -6.41177333e-01 -6.41176984e-01 3.49210510e-07
9.89898990e-01 5.55555556e-01 -6.42147342e-01 -6.42147028e-01 3.13370677e-07
1.00000000e+00 5.55555556e-01 -6.42470485e-01 -6.42470485e-01 0.00000000e+00
0.00000000e+00 5.65656566e-01 5.13423964e-01 5.13423964e-01 0.00000000e+00
1.01010101e-02 5.65656566e-01 5.13165728e-01 5.13165477e-01 2.50429071e-07
2.02020202e-02 5.65656566e-01 5.12390555e-01 5.12390276e-01 2.79070339e-07
3.03030303e-02 5.65656566e-01 5.11099422e-01 5.11099141e-01 2.80935350e-07
4.04040404e-02 5.65656566e-01 5.09293653e-01 5.09293373e-01 2.80131314e-07
5.05050505e-02 5.65656566e-01 5.06975068e-01 5.06974789e-01 2.78868046e-07
6.06060606e-02 5.65656566e-01 5.04146002e-01 5.04145725e-01 2.77312564e-07
7.07070707e-02 5.65656566e-01 5.00809304e-01 5.00809028e-01 2.75477192e-07
8.08080808e-02 5.65656566e-01 4.96968333e-01 4.96968060e-01 2.73364403e-07
9.09090909e-02 5.65656566e-01 4.92626957e-01 4.92626686e-01 2.70976357e-07
1.01010101e-01 5.65656566e-01 4.87789548e-01 4.87789280e-01 2.68315461e-07
1.11111111e-01 5.65656566e-01 4.82460976e-01 4.82460711e-01 2.65384394e-07
1.21212121e-01 5.65656566e-01 4.76646607e-01 4.76646345e-01 2.62186108e-07
1.31313131e-01 5.65656566e-01 4.70352295e-01 4.70352036e-01 2.58723822e-07
1.41414141e-01 5.65656566e-01 4.63584378e-01 4.63584123e-01 2.55001024e-07
1.51515152e-01 5.65656566e-01 4.56349671e-01 4.56349420e-01 2.51021461e-07
1.61616162e-01 5.65656566e-01 4.48655458e-01 4.48655212e-01 2.46789140e-07
1.71717172e-01 5.65656566e-01 4.40509488e-01 4.40509245e-01 2.42308324e-07
1.81818182e-01 5.65656566e-01 4.31919962e-01 4.31919724e-01 2.37583524e-07
1.91919192e-01 5.65656566e-01 4.22895529e-01 4.22895296e-01 2.32619498e-07
2.02020202e-01 5.65656566e-01 4.13445276e-01 4.13445048e-01 2.27421243e-07
2.12121212e-01 5.65656566e-01 4.03578718e-01 4.03578496e-01 2.21993994e-07
2.22222222e-01 5.65656566e-01 3.93305791e-01 3.93305575e-01 2.16343217e-07
2.32323232e-01 5.65656566e-01 3.82636839e-01 3.82636628e-01 2.10474600e-07
2.42424242e-01 5.65656566e-01 3.71582603e-01 3.71582399e-01 2.04394052e-07
2.52525253e-01 5.65656566e-01 3.60154216e-01 3.60154018e-01 1.98107698e-07
2.62626263e-01 5.65656566e-01 3.48363184e-01 3.48362992e-01 1.91621866e-07
2.72727273e-01 5.65656566e-01 3.36221379e-01 3.36221194e-01 1.84943086e-07
2.82828283e-01 5.65656566e-01 3.23741028e-01 3.23740850e-01 1.78078085e-07
2.92929293e-01 5.65656566e-01 3.10934698e-01 3.10934526e-01 1.71033775e-07
3.03030303e-01 5.65656566e-01 2.97815282e-01 2.97815118e-01 1.63817247e-07
3.13131313e-01 5.65656566e-01 2.84395992e-01 2.84395835e-01 1.56435770e-07
3.23232323e-01 5.65656566e-01 2.70690339e-01 2.70690190e-01 1.48896775e-07
3.33333333e-01 5.65656566e-01 2.56712123e-01 2.56711982e-01 1.41207854e-07
3.43434343e-01 5.65656566e-01 2.42475421e-01 2.42475288e-01 1.33376748e-07
3.53535354e-01 5.65656566e-01 2.27994566e-01 2.27994441e-01 1.25411343e-07
3.63636364e-01 5.65656566e-01 2.13284140e-01 2.13284023e-01 1.17319660e-07
3.73737374e-01 5.65656566e-01 1.98358955e-01 1.98358846e-01 1.09109846e-07
3.83838384e-01 5.65656566e-01 1.83234040e-01 1.83233939e-01 1.00790167e-07
3.93939394e-01 5.65656566e-01 1.67924623e-01 1.67924530e-01 9.23690014e-08
4.04040404e-01 5.65656566e-01 1.52446120e-01 1.52446036e-01 8.38548278e-08
4.14141414e-01 5.65656566e-01 1.36814117e-01 1.36814042e-01 7.52562195e-08
4.24242424e-01 5.65656566e-01 1.21044354e-01 1.21044287e-01 6.65818346e-08
4.34343434e-01 5.65656566e-01 1.05152709e-01 1.05152651e-01 5.78404075e-08
4.44444444e-01 5.65656566e-01 8.91551848e-02 8.91551358e-02 4.90407399e-08
4.54545455e-01 5.65656566e-01 7.30678887e-02 7.30678485e-02 4.01916925e-08
4.64646465e-01 5.65656566e-01 5.69070193e-02 5.69069880e-02 3.13021754e-08
4.74747475e-01 5.65656566e-01 4.06888494e-02 4.06888270e-02 2.23811398e-08
4.84848485e-01 5.65656566e-01 2.44297093e-02 2.44296959e-02 1.34375681e-08
4.94949495e-01 5.65656566e-01 8.14597053e-03 8.14596605e-03 4.48046608e-09
5.05050505e-01 5.65656566e-01 -8.14597053e-03 -8.14596605e-03 4.48114745e-09
5.15151515e-01 5.65656566e-01 -2.44297093e-02 -2.44296959e-02 1.34382488e-08
5.25252525e-01 5.65656566e-01 -4.06888494e-02 -4.06888270e-02 2.23818191e-08
5.35353535e-01 5.65656566e-01 -5.69070193e-02 -5.69069880e-02 3.13028527e-08
5.45454545e-01 5.65656566e-01 -7.30678887e-02 -7.30678485e-02 4.01923670e-08
5.55555556e-01 5.65656566e-01 -8.91551848e-02 -8.91551358e-02 4.90414111e-08
5.65656566e-01 5.65656566e-01 -1.05152709e-01 -1.05152651e-01 5.78410744e-08
5.75757576e-01 5.65656566e-01 -1.21044354e-01 -1.21044287e-01 6.65824968e-08
5.85858586e-01 5.65656566e-01 -1.36814117e-01 -1.36814042e-01 7.52568764e-08
5.95959596e-01 5.65656566e-01 -1.52446120e-01 -1.52446036e-01 8.38554784e-08
6.06060606e-01 5.65656566e-01 -1.67924623e-01 -1.67924530e-01 9.23696453e-08
6.16161616e-01 5.65656566e-01 -1.83234040e-01 -1.83233939e-01 1.00790804e-07
6.26262626e-01 5.65656566e-01 -1.98358955e-01 -1.98358846e-01 1.09110474e-07
6.36363636e-01 5.65656566e-01 -2.13284140e-01 -2.13284023e-01 1.17320280e-07
6.46464646e-01 5.65656566e-01 -2.27994566e-01 -2.27994441e-01 1.25411954e-07
6.56565657e-01 5.65656566e-01 -2.42475421e-01 -2.42475288e-01 1.33377349e-07
6.66666667e-01 5.65656566e-01 -2.56712123e-01 -2.56711982e-01 1.41208444e-07
6.76767677e-01 5.65656566e-01 -2.70690339e-01 -2.70690190e-01 1.48897354e-07
6.86868687e-01 5.65656566e-01 -2.84395992e-01 -2.84395835e-01 1.56436337e-07
6.96969697e-01 5.65656566e-01 -2.97815282e-01 -2.97815118e-01 1.63817803e-07
7.07070707e-01 5.65656566e-01 -3.10934698e-01 -3.10934526e-01 1.71034317e-07
7.17171717e-01 5.65656566e-01 -3.23741028e-01 -3.23740850e-01 1.78078614e-07
7.27272727e-01 5.65656566e-01 -3.36221379e-01 -3.36221194e-01 1.84943601e-07
7.37373737e-01 5.65656566e-01 -3.48363184e-01 -3.48362992e-01 1.91622366e-07
7.47474747e-01 5.65656566e-01 -3.60154216e-01 -3.60154018e-01 1.98108184e-07
7.57575758e-01 5.65656566e-01 -3.71582603e-01 -3.71582399e-01 2.04394523e-07
7.67676768e-01 5.65656566e-01 -3.82636839e-01 -3.82636628e-01 2.10475054e-07
7.77777778e-01 5.65656566e-01 -3.93305791e-01 -3.93305575e-01 2.16343655e-07
7.87878788e-01 5.65656566e-01 -4.03578718e-01 -4.03578496e-01 2.21994416e-07
7.97979798e-01 5.65656566e-01 -4.13445276e-01 -4.13445048e-01 2.27421647e-07
8.08080808e-01 5.65656566e-01 -4.22895529e-01 -4.22895296e-01 2.32619884e-07
8.18181818e-01 5.65656566e-01 -4.31919962e-01 -4.31919724e-01 2.37583892e-07
8.28282828e-01 5.65656566e-01 -4.40509488e-01 -4.40509245e-01 2.42308674e-07
8.38383838e-01 5.65656566e-01 -4.48655458e-01 -4.48655212e-01 2.46789471e-07
8.48484848e-01 5.65656566e-01 -4.56349671e-01 -4.56349420e-01 2.51021773e-07
8.58585859e-01 5.65656566e-01 -4.63584378e-01 -4.63584123e-01 2.55001316e-07
8.68686869e-01 5.65656566e-01 -4.70352295e-01 -4.70352036e-01 2.58724095e-07
8.78787879e-01 5.65656566e-01 -4.76646607e-01 -4.76646345e-01 2.62186361e-07
8.88888889e-01 5.65656566e-01 -4.82460976e-01 -4.82460711e-01 2.65384627e-07
8.98989899e-01 5.65656566e-01 -4.87789548e-01 -4.87789280e-01 2.68315674e-07
9.09090909e-01 5.65656566e-01 -4.92626957e-01 -4.92626686e-01 2.70976549e-07
9.19191919e-01 5.65656566e-01 -4.96968333e-01 -4.96968060e-01 2.73364573e-07
9.29292929e-01 5.65656566e-01 -5.00809304e-01 -5.00809028e-01 2.75477330e-07
9.39393939e-01 5.65656566e-01 -5.04146002e-01 -5.04145725e-01 2.77312538e-07
9.49494949e-01 5.65656566e-01 -5.06975068e-01 -5.06974789e-01 2.78866512e-07
9.59595960e-01 5.65656566e-01 -5.09293653e-01 -5.09293373e-01 2.80129235e-07
9.69696970e-01 5.65656566e-01 -5.11099422e-01 -5.11099141e-01 2.80933160e-07
9.79797980e-01 5.65656566e-01 -5.12390555e-01 -5.12390276e-01 2.79068142e-07
9.89898990e-01 5.65656566e-01 -5.13165728e-01 -5.13165477e-01 2.50427092e-07
1.00000000e+00 5.65656566e-01 -5.13423964e-01 -5.13423964e-01 0.00000000e+00
0.00000000e+00 5.75757576e-01 3.71479093e-01 3.71479093e-01 0.00000000e+00
1.01010101e-02 5.75757576e-01 3.71292250e-01 3.71292069e-01 1.81193617e-07
2.02020202e-02 5.75757576e-01 3.70731387e-01 3.70731185e-01 2.01916510e-07
3.03030303e-02 5.75757576e-01 3.69797210e-01 3.69797007e-01 2.03265907e-07
4.04040404e-02 5.75757576e-01 3.68490677e-01 3.68490474e-01 2.02684161e-07
5.05050505e-02 5.75757576e-01 3.66813104e-01 3.66812903e-01 2.01770145e-07
6.06060606e-02 5.75757576e-01 3.64766182e-01 3.64765982e-01 2.00644703e-07
7.07070707e-02 5.75757576e-01 3.62351972e-01 3.62351772e-01 1.99316752e-07
8.08080808e-02 5.75757576e-01 3.59572903e-01 3.59572706e-01 1.97788080e-07
9.09090909e-02 5.75757576e-01 3.56431775e-01 3.56431579e-01 1.96060251e-07
1.01010101e-01 5.75757576e-01 3.52931751e-01 3.52931557e-01 1.94135006e-07
1.11111111e-01 5.75757576e-01 3.49076354e-01 3.49076162e-01 1.92014283e-07
1.21212121e-01 5.75757576e-01 3.44869467e-01 3.44869278e-01 1.89700219e-07
1.31313131e-01 5.75757576e-01 3.40315326e-01 3.40315139e-01 1.87195142e-07
1.41414141e-01 5.75757576e-01 3.35418516e-01 3.35418331e-01 1.84501576e-07
1.51515152e-01 5.75757576e-01 3.30183968e-01 3.30183786e-01 1.81622232e-07
1.61616162e-01 5.75757576e-01 3.24616952e-01 3.24616774e-01 1.78560010e-07
1.71717172e-01 5.75757576e-01 3.18723075e-01 3.18722900e-01 1.75317993e-07
1.81818182e-01 5.75757576e-01 3.12508271e-01 3.12508099e-01 1.71899446e-07
1.91919192e-01 5.75757576e-01 3.05978798e-01 3.05978629e-01 1.68307811e-07
2.02020202e-01 5.75757576e-01 2.99141229e-01 2.99141065e-01 1.64546704e-07
2.12121212e-01 5.75757576e-01 2.92002451e-01 2.92002291e-01 1.60619912e-07
2.22222222e-01 5.75757576e-01 2.84569651e-01 2.84569495e-01 1.56531390e-07
2.32323232e-01 5.75757576e-01 2.76850314e-01 2.76850162e-01 1.52285254e-07
2.42424242e-01 5.75757576e-01 2.68852212e-01 2.68852064e-01 1.47885780e-07
2.52525253e-01 5.75757576e-01 2.60583398e-01 2.60583255e-01 1.43337397e-07
2.62626263e-01 5.75757576e-01 2.52052199e-01 2.52052061e-01 1.38644685e-07
2.72727273e-01 5.75757576e-01 2.43267205e-01 2.43267071e-01 1.33812371e-07
2.82828283e-01 5.75757576e-01 2.34237262e-01 2.34237133e-01 1.28845318e-07
2.92929293e-01 5.75757576e-01 2.24971461e-01 2.24971337e-01 1.23748529e-07
3.03030303e-01 5.75757576e-01 2.15479133e-01 2.15479015e-01 1.18527136e-07
3.13131313e-01 5.75757576e-01 2.05769836e-01 2.05769723e-01 1.13186396e-07
3.23232323e-01 5.75757576e-01 1.95853346e-01 1.95853238e-01 1.07731687e-07
3.33333333e-01 5.75757576e-01 1.85739649e-01 1.85739546e-01 1.02168501e-07
3.43434343e-01 5.75757576e-01 1.75438927e-01 1.75438830e-01 9.65024402e-08
3.53535354e-01 5.75757576e-01 1.64961553e-01 1.64961462e-01 9.07392097e-08
3.63636364e-01 5.75757576e-01 1.54318077e-01 1.54317992e-01 8.48846123e-08
3.73737374e-01 5.75757576e-01 1.43519216e-01 1.43519137e-01 7.89445435e-08
3.83838384e-01 5.75757576e-01 1.32575843e-01 1.32575770e-01 7.29249842e-08
3.93939394e-01 5.75757576e-01 1.21498977e-01 1.21498910e-01 6.68319957e-08
4.04040404e-01 5.75757576e-01 1.10299772e-01 1.10299712e-01 6.06717129e-08
4.14141414e-01 5.75757576e-01 9.89895050e-02 9.89894506e-02 5.44503388e-08
4.24242424e-01 5.75757576e-01 8.75795637e-02 8.75795155e-02 4.81741379e-08
4.34343434e-01 5.75757576e-01 7.60814371e-02 7.60813953e-02 4.18494298e-08
4.44444444e-01 5.75757576e-01 6.45067030e-02 6.45066675e-02 3.54825828e-08
4.54545455e-01 5.75757576e-01 5.28670161e-02 5.28669870e-02 2.90800078e-08
4.64646465e-01 5.75757576e-01 4.11740966e-02 4.11740740e-02 2.26481518e-08
4.74747475e-01 5.75757576e-01 2.94397183e-02 2.94397021e-02 1.61934910e-08
4.84848485e-01 5.75757576e-01 1.76756966e-02 1.76756869e-02 9.72252464e-09
4.94949495e-01 5.75757576e-01 5.89387709e-03 5.89387385e-03 3.24176860e-09
5.05050505e-01 5.75757576e-01 -5.89387709e-03 -5.89387385e-03 3.24225164e-09
5.15151515e-01 5.75757576e-01 -1.76756966e-02 -1.76756869e-02 9.72300720e-09
5.25252525e-01 5.75757576e-01 -2.94397183e-02 -2.94397021e-02 1.61939725e-08
5.35353535e-01 5.75757576e-01 -4.11740966e-02 -4.11740740e-02 2.26486319e-08
5.45454545e-01 5.75757576e-01 -5.28670161e-02 -5.28669870e-02 2.90804860e-08
5.55555556e-01 5.75757576e-01 -6.45067030e-02 -6.45066675e-02 3.54830586e-08
5.65656566e-01 5.75757576e-01 -7.60814371e-02 -7.60813953e-02 4.18499026e-08
5.75757576e-01 5.75757576e-01 -8.75795637e-02 -8.75795155e-02 4.81746074e-08
5.85858586e-01 5.75757576e-01 -9.89895050e-02 -9.89894506e-02 5.44508045e-08
5.95959596e-01 5.75757576e-01 -1.10299772e-01 -1.10299712e-01 6.06721742e-08
6.06060606e-01 5.75757576e-01 -1.21498977e-01 -1.21498910e-01 6.68324521e-08
6.16161616e-01 5.75757576e-01 -1.32575843e-01 -1.32575770e-01 7.29254355e-08
6.26262626e-01 5.75757576e-01 -1.43519216e-01 -1.43519137e-01 7.89449892e-08
6.36363636e-01 5.75757576e-01 -1.54318077e-01 -1.54317992e-01 8.48850518e-08
6.46464646e-01 5.75757576e-01 -1.64961553e-01 -1.64961462e-01 9.07396426e-08
6.56565657e-01 5.75757576e-01 -1.75438927e-01 -1.75438830e-01 9.65028661e-08
6.66666667e-01 5.75757576e-01 -1.85739649e-01 -1.85739546e-01 1.02168919e-07
6.76767677e-01 5.75757576e-01 -1.95853346e-01 -1.95853238e-01 1.07732097e-07
6.86868687e-01 5.75757576e-01 -2.05769836e-01 -2.05769723e-01 1.13186798e-07
6.96969697e-01 5.75757576e-01 -2.15479133e-01 -2.15479015e-01 1.18527529e-07
7.07070707e-01 5.75757576e-01 -2.24971461e-01 -2.24971337e-01 1.23748913e-07
7.17171717e-01 5.75757576e-01 -2.34237262e-01 -2.34237133e-01 1.28845693e-07
7.27272727e-01 5.75757576e-01 -2.43267205e-01 -2.43267071e-01 1.33812736e-07
7.37373737e-01 5.75757576e-01 -2.52052199e-01 -2.52052061e-01 1.38645040e-07
7.47474747e-01 5.75757576e-01 -2.60583398e-01 -2.60583255e-01 1.43337741e-07
7.57575758e-01 5.75757576e-01 -2.68852212e-01 -2.68852064e-01 1.47886113e-07
7.67676768e-01 5.75757576e-01 -2.76850314e-01 -2.76850162e-01 1.52285576e-07
7.77777778e-01 5.75757576e-01 -2.84569651e-01 -2.84569495e-01 1.56531701e-07
7.87878788e-01 5.75757576e-01 -2.92002451e-01 -2.92002291e-01 1.60620211e-07
7.97979798e-01 5.75757576e-01 -2.99141229e-01 -2.99141065e-01 1.64546990e-07
8.08080808e-01 5.75757576e-01 -3.05978798e-01 -3.05978629e-01 1.68308085e-07
8.18181818e-01 5.75757576e-01 -3.12508271e-01 -3.12508099e-01 1.71899707e-07
8.28282828e-01 5.75757576e-01 -3.18723075e-01 -3.18722900e-01 1.75318241e-07
8.38383838e-01 5.75757576e-01 -3.24616952e-01 -3.24616774e-01 1.78560245e-07
8.48484848e-01 5.75757576e-01 -3.30183968e-01 -3.30183786e-01 1.81622453e-07
8.58585859e-01 5.75757576e-01 -3.35418516e-01 -3.35418331e-01 1.84501783e-07
8.68686869e-01 5.75757576e-01 -3.40315326e-01 -3.40315139e-01 1.87195336e-07
8.78787879e-01 5.75757576e-01 -3.44869467e-01 -3.44869278e-01 1.89700398e-07
8.88888889e-01 5.75757576e-01 -3.49076354e-01 -3.49076162e-01 1.92014449e-07
8.98989899e-01 5.75757576e-01 -3.52931751e-01 -3.52931557e-01 1.94135157e-07
9.09090909e-01 5.75757576e-01 -3.56431775e-01 -3.56431579e-01 1.96060387e-07
9.19191919e-01 5.75757576e-01 -3.59572903e-01 -3.59572706e-01 1.97788201e-07
9.29292929e-01 5.75757576e-01 -3.62351972e-01 -3.62351772e-01 1.99316849e-07
9.39393939e-01 5.75757576e-01 -3.64766182e-01 -3.64765982e-01 2.00644683e-07
9.49494949e-01 5.75757576e-01 -3.66813104e-01 -3.66812903e-01 2.01769036e-07
9.59595960e-01 5.75757576e-01 -3.68490677e-01 -3.68490474e-01 2.02682685e-07
9.69696970e-01 5.75757576e-01 -3.69797210e-01 -3.69797007e-01 2.03264361e-07
9.79797980e-01 5.75757576e-01 -3.70731387e-01 -3.70731185e-01 2.01914961e-07
9.89898990e-01 5.75757576e-01 -3.71292250e-01 -3.71292069e-01 1.81192222e-07
1.00000000e+00 5.75757576e-01 -3.71479093e-01 -3.71479093e-01 0.00000000e+00
0.00000000e+00 5.85858586e-01 2.20201841e-01 2.20201841e-01 0.00000000e+00
1.01010101e-02 5.85858586e-01 2.20091086e-01 2.20090978e-01 1.07406176e-07
2.02020202e-02 5.85858586e-01 2.19758623e-01 2.19758503e-01 1.19690090e-07
3.03030303e-02 5.85858586e-01 2.19204870e-01 2.19204750e-01 1.20489972e-07
4.04040404e-02 5.85858586e-01 2.18430396e-01 2.18430276e-01 1.20145131e-07
5.05050505e-02 5.85858586e-01 2.17435980e-01 2.17435861e-01 1.19603330e-07
6.06060606e-02 5.85858586e-01 2.16222626e-01 2.16222507e-01 1.18936201e-07
7.07070707e-02 5.85858586e-01 2.14791553e-01 2.14791435e-01 1.18149032e-07
8.08080808e-02 5.85858586e-01 2.13144203e-01 2.13144086e-01 1.17242881e-07
9.09090909e-02 5.85858586e-01 2.11282235e-01 2.11282119e-01 1.16218675e-07
1.01010101e-01 5.85858586e-01 2.09207524e-01 2.09207409e-01 1.15077448e-07
1.11111111e-01 5.85858586e-01 2.06922159e-01 2.06922045e-01 1.13820347e-07
1.21212121e-01 5.85858586e-01 2.04428440e-01 2.04428328e-01 1.12448638e-07
1.31313131e-01 5.85858586e-01 2.01728880e-01 2.01728769e-01 1.10963704e-07
1.41414141e-01 5.85858586e-01 1.98826195e-01 1.98826086e-01 1.09367038e-07
1.51515152e-01 5.85858586e-01 1.95723310e-01 1.95723202e-01 1.07660249e-07
1.61616162e-01 5.85858586e-01 1.92423347e-01 1.92423241e-01 1.05845055e-07
1.71717172e-01 5.85858586e-01 1.88929631e-01 1.88929527e-01 1.03923285e-07
1.81818182e-01 5.85858586e-01 1.85245678e-01 1.85245576e-01 1.01896872e-07
1.91919192e-01 5.85858586e-01 1.81375199e-01 1.81375099e-01 9.97678580e-08
2.02020202e-01 5.85858586e-01 1.77322091e-01 1.77321993e-01 9.75383861e-08
2.12121212e-01 5.85858586e-01 1.73090434e-01 1.73090338e-01 9.52107012e-08
2.22222222e-01 5.85858586e-01 1.68684489e-01 1.68684396e-01 9.27871472e-08
2.32323232e-01 5.85858586e-01 1.64108694e-01 1.64108604e-01 9.02701645e-08
2.42424242e-01 5.85858586e-01 1.59367655e-01 1.59367567e-01 8.76622873e-08
2.52525253e-01 5.85858586e-01 1.54466146e-01 1.54466061e-01 8.49661418e-08
2.62626263e-01 5.85858586e-01 1.49409104e-01 1.49409021e-01 8.21844424e-08
2.72727273e-01 5.85858586e-01 1.44201618e-01 1.44201539e-01 7.93199904e-08
2.82828283e-01 5.85858586e-01 1.38848934e-01 1.38848858e-01 7.63756698e-08
2.92929293e-01 5.85858586e-01 1.33356441e-01 1.33356368e-01 7.33544453e-08
3.03030303e-01 5.85858586e-01 1.27729669e-01 1.27729599e-01 7.02593592e-08
3.13131313e-01 5.85858586e-01 1.21974285e-01 1.21974218e-01 6.70935277e-08
3.23232323e-01 5.85858586e-01 1.16096082e-01 1.16096018e-01 6.38601389e-08
3.33333333e-01 5.85858586e-01 1.10100981e-01 1.10100920e-01 6.05624483e-08
3.43434343e-01 5.85858586e-01 1.03995017e-01 1.03994960e-01 5.72037765e-08
3.53535354e-01 5.85858586e-01 9.77843393e-02 9.77842855e-02 5.37875053e-08
3.63636364e-01 5.85858586e-01 9.14752008e-02 9.14751505e-02 5.03170746e-08
3.73737374e-01 5.85858586e-01 8.50739546e-02 8.50739078e-02 4.67959789e-08
3.83838384e-01 5.85858586e-01 7.85870461e-02 7.85870029e-02 4.32277636e-08
3.93939394e-01 5.85858586e-01 7.20210072e-02 7.20209676e-02 3.96160217e-08
4.04040404e-01 5.85858586e-01 6.53824492e-02 6.53824132e-02 3.59643897e-08
4.14141414e-01 5.85858586e-01 5.86780566e-02 5.86780243e-02 3.22765447e-08
4.24242424e-01 5.85858586e-01 5.19145801e-02 5.19145516e-02 2.85561999e-08
4.34343434e-01 5.85858586e-01 4.50988301e-02 4.50988053e-02 2.48071015e-08
4.44444444e-01 5.85858586e-01 3.82376694e-02 3.82376484e-02 2.10330244e-08
4.54545455e-01 5.85858586e-01 3.13380066e-02 3.13379893e-02 1.72377688e-08
4.64646465e-01 5.85858586e-01 2.44067891e-02 2.44067756e-02 1.34251562e-08
4.74747475e-01 5.85858586e-01 1.74509960e-02 1.74509864e-02 9.59902570e-09
4.84848485e-01 5.85858586e-01 1.04776312e-02 1.04776254e-02 5.76322971e-09
4.94949495e-01 5.85858586e-01 3.49371636e-03 3.49371444e-03 1.92163069e-09
5.05050505e-01 5.85858586e-01 -3.49371636e-03 -3.49371444e-03 1.92190326e-09
5.15151515e-01 5.85858586e-01 -1.04776312e-02 -1.04776254e-02 5.76350201e-09
5.25252525e-01 5.85858586e-01 -1.74509960e-02 -1.74509864e-02 9.59929742e-09
5.35353535e-01 5.85858586e-01 -2.44067891e-02 -2.44067756e-02 1.34254271e-08
5.45454545e-01 5.85858586e-01 -3.13380066e-02 -3.13379893e-02 1.72380386e-08
5.55555556e-01 5.85858586e-01 -3.82376694e-02 -3.82376484e-02 2.10332928e-08
5.65656566e-01 5.85858586e-01 -4.50988301e-02 -4.50988053e-02 2.48073683e-08
5.75757576e-01 5.85858586e-01 -5.19145801e-02 -5.19145516e-02 2.85564648e-08
5.85858586e-01 5.85858586e-01 -5.86780566e-02 -5.86780243e-02 3.22768075e-08
5.95959596e-01 5.85858586e-01 -6.53824492e-02 -6.53824132e-02 3.59646500e-08
6.06060606e-01 5.85858586e-01 -7.20210072e-02 -7.20209676e-02 3.96162793e-08
6.16161616e-01 5.85858586e-01 -7.85870461e-02 -7.85870029e-02 4.32280183e-08
6.26262626e-01 5.85858586e-01 -8.50739546e-02 -8.50739078e-02 4.67962303e-08
6.36363636e-01 5.85858586e-01 -9.14752008e-02 -9.14751505e-02 5.03173225e-08
6.46464646e-01 5.85858586e-01 -9.77843393e-02 -9.77842855e-02 5.37877495e-08
6.56565657e-01 5.85858586e-01 -1.03995017e-01 -1.03994960e-01 5.72040168e-08
6.66666667e-01 5.85858586e-01 -1.10100981e-01 -1.10100920e-01 6.05626844e-08
6.76767677e-01 5.85858586e-01 -1.16096082e-01 -1.16096018e-01 6.38603706e-08
6.86868687e-01 5.85858586e-01 -1.21974285e-01 -1.21974218e-01 6.70937547e-08
6.96969697e-01 5.85858586e-01 -1.27729669e-01 -1.27729599e-01 7.02595812e-08
7.07070707e-01 5.85858586e-01 -1.33356441e-01 -1.33356368e-01 7.33546622e-08
7.17171717e-01 5.85858586e-01 -1.38848934e-01 -1.38848858e-01 7.63758813e-08
7.27272727e-01 5.85858586e-01 -1.44201618e-01 -1.44201539e-01 7.93201964e-08
7.37373737e-01 5.85858586e-01 -1.49409104e-01 -1.49409021e-01 8.21846426e-08
7.47474747e-01 5.85858586e-01 -1.54466146e-01 -1.54466061e-01 8.49663360e-08
7.57575758e-01 5.85858586e-01 -1.59367655e-01 -1.59367567e-01 8.76624754e-08
7.67676768e-01 5.85858586e-01 -1.64108694e-01 -1.64108604e-01 9.02703463e-08
7.77777778e-01 5.85858586e-01 -1.68684489e-01 -1.68684396e-01 9.27873225e-08
7.87878788e-01 5.85858586e-01 -1.73090434e-01 -1.73090338e-01 9.52108697e-08
7.97979798e-01 5.85858586e-01 -1.77322091e-01 -1.77321993e-01 9.75385477e-08
8.08080808e-01 5.85858586e-01 -1.81375199e-01 -1.81375099e-01 9.97680126e-08
8.18181818e-01 5.85858586e-01 -1.85245678e-01 -1.85245576e-01 1.01897019e-07
8.28282828e-01 5.85858586e-01 -1.88929631e-01 -1.88929527e-01 1.03923425e-07
8.38383838e-01 5.85858586e-01 -1.92423347e-01 -1.92423241e-01 1.05845188e-07
8.48484848e-01 5.85858586e-01 -1.95723310e-01 -1.95723202e-01 1.07660374e-07
8.58585859e-01 5.85858586e-01 -1.98826195e-01 -1.98826086e-01 1.09367155e-07
8.68686869e-01 5.85858586e-01 -2.01728880e-01 -2.01728769e-01 1.10963813e-07
8.78787879e-01 5.85858586e-01 -2.04428440e-01 -2.04428328e-01 1.12448740e-07
8.88888889e-01 5.85858586e-01 -2.06922159e-01 -2.06922045e-01 1.13820440e-07
8.98989899e-01 5.85858586e-01 -2.09207524e-01 -2.09207409e-01 1.15077533e-07
9.09090909e-01 5.85858586e-01 -2.11282235e-01 -2.11282119e-01 1.16218752e-07
9.19191919e-01 5.85858586e-01 -2.13144203e-01 -2.13144086e-01 1.17242949e-07
9.29292929e-01 5.85858586e-01 -2.14791553e-01 -2.14791435e-01 1.18149086e-07
9.39393939e-01 5.85858586e-01 -2.16222626e-01 -2.16222507e-01 1.18936187e-07
9.49494949e-01 5.85858586e-01 -2.17435980e-01 -2.17435861e-01 1.19602673e-07
9.59595960e-01 5.85858586e-01 -2.18430396e-01 -2.18430276e-01 1.20144296e-07
9.69696970e-01 5.85858586e-01 -2.19204870e-01 -2.19204750e-01 1.20489111e-07
9.79797980e-01 5.85858586e-01 -2.19758623e-01 -2.19758503e-01 1.19689229e-07
9.89898990e-01 5.85858586e-01 -2.20091086e-01 -2.20090978e-01 1.07405401e-07
1.00000000e+00 5.85858586e-01 -2.20201841e-01 -2.20201841e-01 0.00000000e+00
0.00000000e+00 5.95959596e-01 6.33926289e-02 6.33926289e-02 0.00000000e+00
1.01010101e-02 5.95959596e-01 6.33607443e-02 6.33607134e-02 3.09204540e-08
2.02020202e-02 5.95959596e-01 6.32650335e-02 6.32649991e-02 3.44567885e-08
3.03030303e-02 5.95959596e-01 6.31056169e-02 6.31055822e-02 3.46870616e-08
4.04040404e-02 5.95959596e-01 6.28826580e-02 6.28826234e-02 3.45877878e-08
5.05050505e-02 5.95959596e-01 6.25963815e-02 6.25963471e-02 3.44318127e-08
6.06060606e-02 5.95959596e-01 6.22470758e-02 6.22470415e-02 3.42397579e-08
7.07070707e-02 5.95959596e-01 6.18350925e-02 6.18350585e-02 3.40131451e-08
8.08080808e-02 5.95959596e-01 6.13608466e-02 6.13608128e-02 3.37522797e-08
9.09090909e-02 5.95959596e-01 6.08248155e-02 6.08247820e-02 3.34574284e-08
1.01010101e-01 5.95959596e-01 6.02275390e-02 6.02275058e-02 3.31288883e-08
1.11111111e-01 5.95959596e-01 5.95696184e-02 5.95695856e-02 3.27669902e-08
1.21212121e-01 5.95959596e-01 5.88517163e-02 5.88516839e-02 3.23720985e-08
1.31313131e-01 5.95959596e-01 5.80745554e-02 5.80745235e-02 3.19446108e-08
1.41414141e-01 5.95959596e-01 5.72389185e-02 5.72388870e-02 3.14849576e-08
1.51515152e-01 5.95959596e-01 5.63456468e-02 5.63456158e-02 3.09936018e-08
1.61616162e-01 5.95959596e-01 5.53956398e-02 5.53956093e-02 3.04710380e-08
1.71717172e-01 5.95959596e-01 5.43898541e-02 5.43898241e-02 2.99177925e-08
1.81818182e-01 5.95959596e-01 5.33293024e-02 5.33292730e-02 2.93344223e-08
1.91919192e-01 5.95959596e-01 5.22150526e-02 5.22150239e-02 2.87215148e-08
2.02020202e-01 5.95959596e-01 5.10482267e-02 5.10481986e-02 2.80796871e-08
2.12121212e-01 5.95959596e-01 4.98299996e-02 4.98299722e-02 2.74095857e-08
2.22222222e-01 5.95959596e-01 4.85615978e-02 4.85615711e-02 2.67118851e-08
2.32323232e-01 5.95959596e-01 4.72442987e-02 4.72442727e-02 2.59872878e-08
2.42424242e-01 5.95959596e-01 4.58794286e-02 4.58794033e-02 2.52365236e-08
2.52525253e-01 5.95959596e-01 4.44683617e-02 4.44683373e-02 2.44603484e-08
2.62626263e-01 5.95959596e-01 4.30125190e-02 4.30124954e-02 2.36595436e-08
2.72727273e-01 5.95959596e-01 4.15133663e-02 4.15133435e-02 2.28349157e-08
2.82828283e-01 5.95959596e-01 3.99724132e-02 3.99723912e-02 2.19872950e-08
2.92929293e-01 5.95959596e-01 3.83912113e-02 3.83911902e-02 2.11175349e-08
3.03030303e-01 5.95959596e-01 3.67713527e-02 3.67713324e-02 2.02265113e-08
3.13131313e-01 5.95959596e-01 3.51144684e-02 3.51144491e-02 1.93151212e-08
3.23232323e-01 5.95959596e-01 3.34222268e-02 3.34222084e-02 1.83842825e-08
3.33333333e-01 5.95959596e-01 3.16963319e-02 3.16963145e-02 1.74349324e-08
3.43434343e-01 5.95959596e-01 2.99385215e-02 2.99385050e-02 1.64680268e-08
3.53535354e-01 5.95959596e-01 2.81505655e-02 2.81505500e-02 1.54845392e-08
3.63636364e-01 5.95959596e-01 2.63342643e-02 2.63342498e-02 1.44854601e-08
3.73737374e-01 5.95959596e-01 2.44914467e-02 2.44914332e-02 1.34717953e-08
3.83838384e-01 5.95959596e-01 2.26239683e-02 2.26239558e-02 1.24445656e-08
3.93939394e-01 5.95959596e-01 2.07337094e-02 2.07336980e-02 1.14048052e-08
4.04040404e-01 5.95959596e-01 1.88225735e-02 1.88225632e-02 1.03535612e-08
4.14141414e-01 5.95959596e-01 1.68924849e-02 1.68924756e-02 9.29189197e-09
4.24242424e-01 5.95959596e-01 1.49453869e-02 1.49453787e-02 8.22086663e-09
4.34343434e-01 5.95959596e-01 1.29832403e-02 1.29832331e-02 7.14156358e-09
4.44444444e-01 5.95959596e-01 1.10080205e-02 1.10080145e-02 6.05506958e-09
4.54545455e-01 5.95959596e-01 9.02171670e-03 9.02171173e-03 4.96247863e-09
4.64646465e-01 5.95959596e-01 7.02632874e-03 7.02632488e-03 3.86489089e-09
4.74747475e-01 5.95959596e-01 5.02386587e-03 5.02386311e-03 2.76341154e-09
4.84848485e-01 5.95959596e-01 3.01634439e-03 3.01634273e-03 1.65914965e-09
4.94949495e-01 5.95959596e-01 1.00578571e-03 1.00578516e-03 5.53217148e-10
5.05050505e-01 5.95959596e-01 -1.00578571e-03 -1.00578516e-03 5.53272397e-10
5.15151515e-01 5.95959596e-01 -3.01634439e-03 -3.01634273e-03 1.65920484e-09
5.25252525e-01 5.95959596e-01 -5.02386587e-03 -5.02386311e-03 2.76346661e-09
5.35353535e-01 5.95959596e-01 -7.02632874e-03 -7.02632488e-03 3.86494581e-09
5.45454545e-01 5.95959596e-01 -9.02171670e-03 -9.02171173e-03 4.96253332e-09
5.55555556e-01 5.95959596e-01 -1.10080205e-02 -1.10080145e-02 6.05512399e-09
5.65656566e-01 5.95959596e-01 -1.29832403e-02 -1.29832331e-02 7.14161766e-09
5.75757576e-01 5.95959596e-01 -1.49453869e-02 -1.49453787e-02 8.22092034e-09
5.85858586e-01 5.95959596e-01 -1.68924849e-02 -1.68924756e-02 9.29194524e-09
5.95959596e-01 5.95959596e-01 -1.88225735e-02 -1.88225632e-02 1.03536139e-08
6.06060606e-01 5.95959596e-01 -2.07337094e-02 -2.07336980e-02 1.14048574e-08
6.16161616e-01 5.95959596e-01 -2.26239683e-02 -2.26239558e-02 1.24446172e-08
6.26262626e-01 5.95959596e-01 -2.44914467e-02 -2.44914332e-02 1.34718463e-08
6.36363636e-01 5.95959596e-01 -2.63342643e-02 -2.63342498e-02 1.44855103e-08
6.46464646e-01 5.95959596e-01 -2.81505655e-02 -2.81505500e-02 1.54845888e-08
6.56565657e-01 5.95959596e-01 -2.99385215e-02 -2.99385050e-02 1.64680755e-08
6.66666667e-01 5.95959596e-01 -3.16963319e-02 -3.16963145e-02 1.74349802e-08
6.76767677e-01 5.95959596e-01 -3.34222268e-02 -3.34222084e-02 1.83843295e-08
6.86868687e-01 5.95959596e-01 -3.51144684e-02 -3.51144491e-02 1.93151672e-08
6.96969697e-01 5.95959596e-01 -3.67713527e-02 -3.67713324e-02 2.02265563e-08
7.07070707e-01 5.95959596e-01 -3.83912113e-02 -3.83911902e-02 2.11175789e-08
7.17171717e-01 5.95959596e-01 -3.99724132e-02 -3.99723912e-02 2.19873379e-08
7.27272727e-01 5.95959596e-01 -4.15133663e-02 -4.15133435e-02 2.28349575e-08
7.37373737e-01 5.95959596e-01 -4.30125190e-02 -4.30124954e-02 2.36595842e-08
7.47474747e-01 5.95959596e-01 -4.44683617e-02 -4.44683373e-02 2.44603877e-08
7.57575758e-01 5.95959596e-01 -4.58794286e-02 -4.58794033e-02 2.52365617e-08
7.67676768e-01 5.95959596e-01 -4.72442987e-02 -4.72442727e-02 2.59873247e-08
7.77777778e-01 5.95959596e-01 -4.85615978e-02 -4.85615711e-02 2.67119206e-08
7.87878788e-01 5.95959596e-01 -4.98299996e-02 -4.98299722e-02 2.74096198e-08
7.97979798e-01 5.95959596e-01 -5.10482267e-02 -5.10481986e-02 2.80797199e-08
8.08080808e-01 5.95959596e-01 -5.22150526e-02 -5.22150239e-02 2.87215461e-08
8.18181818e-01 5.95959596e-01 -5.33293024e-02 -5.33292730e-02 2.93344521e-08
8.28282828e-01 5.95959596e-01 -5.43898541e-02 -5.43898241e-02 2.99178209e-08
8.38383838e-01 5.95959596e-01 -5.53956398e-02 -5.53956093e-02 3.04710649e-08
8.48484848e-01 5.95959596e-01 -5.63456468e-02 -5.63456158e-02 3.09936271e-08
8.58585859e-01 5.95959596e-01 -5.72389185e-02 -5.72388870e-02 3.14849814e-08
8.68686869e-01 5.95959596e-01 -5.80745554e-02 -5.80745235e-02 3.19446329e-08
8.78787879e-01 5.95959596e-01 -5.88517163e-02 -5.88516839e-02 3.23721190e-08
8.88888889e-01 5.95959596e-01 -5.95696184e-02 -5.95695856e-02 3.27670090e-08
8.98989899e-01 5.95959596e-01 -6.02275390e-02 -6.02275058e-02 3.31289055e-08
9.09090909e-01 5.95959596e-01 -6.08248155e-02 -6.08247820e-02 3.34574439e-08
9.19191919e-01 5.95959596e-01 -6.13608466e-02 -6.13608128e-02 3.37522935e-08
9.29292929e-01 5.95959596e-01 -6.18350925e-02 -6.18350585e-02 3.40131558e-08
9.39393939e-01 5.95959596e-01 -6.22470758e-02 -6.22470415e-02 3.42397497e-08
9.49494949e-01 5.95959596e-01 -6.25963815e-02 -6.25963471e-02 3.44316250e-08
9.59595960e-01 5.95959596e-01 -6.28826580e-02 -6.28826234e-02 3.45876150e-08
9.69696970e-01 5.95959596e-01 -6.31056169e-02 -6.31055822e-02 3.46869053e-08
9.79797980e-01 5.95959596e-01 -6.32650335e-02 -6.32649991e-02 3.44566363e-08
9.89898990e-01 5.95959596e-01 -6.33607443e-02 -6.33607134e-02 3.09203169e-08
1.00000000e+00 5.95959596e-01 -6.33926289e-02 -6.33926289e-02 0.00000000e+00
0.00000000e+00 6.06060606e-01 -9.50091466e-02 -9.50091466e-02 0.00000000e+00
1.01010101e-02 6.06060606e-01 -9.49613599e-02 -9.49613135e-02 4.63420590e-08
2.02020202e-02 6.06060606e-01 -9.48179141e-02 -9.48178624e-02 5.16421440e-08
3.03030303e-02 6.06060606e-01 -9.45789898e-02 -9.45789378e-02 5.19872651e-08
4.04040404e-02 6.06060606e-01 -9.42448321e-02 -9.42447802e-02 5.18384773e-08
5.05050505e-02 6.06060606e-01 -9.38157777e-02 -9.38157261e-02 5.16047080e-08
6.06060606e-02 6.06060606e-01 -9.32922589e-02 -9.32922075e-02 5.13168645e-08
7.07070707e-02 6.06060606e-01 -9.26748026e-02 -9.26747516e-02 5.09772271e-08
8.08080808e-02 6.06060606e-01 -9.19640307e-02 -9.19639801e-02 5.05862536e-08
9.09090909e-02 6.06060606e-01 -9.11606587e-02 -9.11606086e-02 5.01443436e-08
1.01010101e-01 6.06060606e-01 -9.02654958e-02 -9.02654461e-02 4.96519426e-08
1.11111111e-01 6.06060606e-01 -8.92794431e-02 -8.92793940e-02 4.91095462e-08
1.21212121e-01 6.06060606e-01 -8.82034936e-02 -8.82034450e-02 4.85177006e-08
1.31313131e-01 6.06060606e-01 -8.70387306e-02 -8.70386827e-02 4.78770019e-08
1.41414141e-01 6.06060606e-01 -8.57863270e-02 -8.57862798e-02 4.71880951e-08
1.51515152e-01 6.06060606e-01 -8.44475439e-02 -8.44474974e-02 4.64516739e-08
1.61616162e-01 6.06060606e-01 -8.30237292e-02 -8.30236836e-02 4.56684797e-08
1.71717172e-01 6.06060606e-01 -8.15163167e-02 -8.15162719e-02 4.48393013e-08
1.81818182e-01 6.06060606e-01 -7.99268242e-02 -7.99267802e-02 4.39649736e-08
1.91919192e-01 6.06060606e-01 -7.82568521e-02 -7.82568091e-02 4.30463767e-08
2.02020202e-01 6.06060606e-01 -7.65080820e-02 -7.65080399e-02 4.20844359e-08
2.12121212e-01 6.06060606e-01 -7.46822748e-02 -7.46822337e-02 4.10801196e-08
2.22222222e-01 6.06060606e-01 -7.27812688e-02 -7.27812288e-02 4.00344391e-08
2.32323232e-01 6.06060606e-01 -7.08069783e-02 -7.08069394e-02 3.89484473e-08
2.42424242e-01 6.06060606e-01 -6.87613911e-02 -6.87613533e-02 3.78232377e-08
2.52525253e-01 6.06060606e-01 -6.66465671e-02 -6.66465304e-02 3.66599434e-08
2.62626263e-01 6.06060606e-01 -6.44646356e-02 -6.44646002e-02 3.54597356e-08
2.72727273e-01 6.06060606e-01 -6.22177937e-02 -6.22177595e-02 3.42238228e-08
2.82828283e-01 6.06060606e-01 -5.99083037e-02 -5.99082708e-02 3.29534495e-08
2.92929293e-01 6.06060606e-01 -5.75384912e-02 -5.75384595e-02 3.16498949e-08
3.03030303e-01 6.06060606e-01 -5.51107423e-02 -5.51107120e-02 3.03144716e-08
3.13131313e-01 6.06060606e-01 -5.26275015e-02 -5.26274726e-02 2.89485241e-08
3.23232323e-01 6.06060606e-01 -5.00912693e-02 -5.00912417e-02 2.75534279e-08
3.33333333e-01 6.06060606e-01 -4.75045994e-02 -4.75045733e-02 2.61305878e-08
3.43434343e-01 6.06060606e-01 -4.48700965e-02 -4.48700718e-02 2.46814364e-08
3.53535354e-01 6.06060606e-01 -4.21904131e-02 -4.21903899e-02 2.32074329e-08
3.63636364e-01 6.06060606e-01 -3.94682476e-02 -3.94682259e-02 2.17100614e-08
3.73737374e-01 6.06060606e-01 -3.67063409e-02 -3.67063207e-02 2.01908298e-08
3.83838384e-01 6.06060606e-01 -3.39074740e-02 -3.39074553e-02 1.86512677e-08
3.93939394e-01 6.06060606e-01 -3.10744652e-02 -3.10744481e-02 1.70929253e-08
4.04040404e-01 6.06060606e-01 -2.82101670e-02 -2.82101515e-02 1.55173719e-08
4.14141414e-01 6.06060606e-01 -2.53174636e-02 -2.53174496e-02 1.39261937e-08
4.24242424e-01 6.06060606e-01 -2.23992676e-02 -2.23992553e-02 1.23209931e-08
4.34343434e-01 6.06060606e-01 -1.94585175e-02 -1.94585068e-02 1.07033862e-08
4.44444444e-01 6.06060606e-01 -1.64981742e-02 -1.64981652e-02 9.07500200e-09
4.54545455e-01 6.06060606e-01 -1.35212188e-02 -1.35212113e-02 7.43747999e-09
4.64646465e-01 6.06060606e-01 -1.05306486e-02 -1.05306428e-02 5.79246909e-09
4.74747475e-01 6.06060606e-01 -7.52947491e-03 -7.52947077e-03 4.14162566e-09
4.84848485e-01 6.06060606e-01 -4.52071970e-03 -4.52071722e-03 2.48661194e-09
4.94949495e-01 6.06060606e-01 -1.50741251e-03 -1.50741168e-03 8.29094440e-10
5.05050505e-01 6.06060606e-01 1.50741251e-03 1.50741168e-03 8.29257896e-10
5.15151515e-01 6.06060606e-01 4.52071970e-03 4.52071722e-03 2.48677524e-09
5.25252525e-01 6.06060606e-01 7.52947491e-03 7.52947077e-03 4.14178862e-09
5.35353535e-01 6.06060606e-01 1.05306486e-02 1.05306428e-02 5.79263156e-09
5.45454545e-01 6.06060606e-01 1.35212188e-02 1.35212113e-02 7.43764181e-09
5.55555556e-01 6.06060606e-01 1.64981742e-02 1.64981652e-02 9.07516300e-09
5.65656566e-01 6.06060606e-01 1.94585175e-02 1.94585068e-02 1.07035462e-08
5.75757576e-01 6.06060606e-01 2.23992676e-02 2.23992553e-02 1.23211519e-08
5.85858586e-01 6.06060606e-01 2.53174636e-02 2.53174496e-02 1.39263513e-08
5.95959596e-01 6.06060606e-01 2.82101670e-02 2.82101515e-02 1.55175280e-08
6.06060606e-01 6.06060606e-01 3.10744652e-02 3.10744481e-02 1.70930798e-08
6.16161616e-01 6.06060606e-01 3.39074740e-02 3.39074553e-02 1.86514204e-08
6.26262626e-01 6.06060606e-01 3.67063409e-02 3.67063207e-02 2.01909805e-08
6.36363636e-01 6.06060606e-01 3.94682476e-02 3.94682259e-02 2.17102101e-08
6.46464646e-01 6.06060606e-01 4.21904131e-02 4.21903899e-02 2.32075793e-08
6.56565657e-01 6.06060606e-01 4.48700965e-02 4.48700718e-02 2.46815805e-08
6.66666667e-01 6.06060606e-01 4.75045994e-02 4.75045733e-02 2.61307294e-08
6.76767677e-01 6.06060606e-01 5.00912693e-02 5.00912417e-02 2.75535668e-08
6.86868687e-01 6.06060606e-01 5.26275015e-02 5.26274726e-02 2.89486602e-08
6.96969697e-01 6.06060606e-01 5.51107423e-02 5.51107120e-02 3.03146047e-08
7.07070707e-01 6.06060606e-01 5.75384912e-02 5.75384595e-02 3.16500250e-08
7.17171717e-01 6.06060606e-01 5.99083037e-02 5.99082708e-02 3.29535764e-08
7.27272727e-01 6.06060606e-01 6.22177937e-02 6.22177595e-02 3.42239463e-08
7.37373737e-01 6.06060606e-01 6.44646356e-02 6.44646002e-02 3.54598556e-08
7.47474747e-01 6.06060606e-01 6.66465671e-02 6.66465304e-02 3.66600598e-08
7.57575758e-01 6.06060606e-01 6.87613911e-02 6.87613533e-02 3.78233505e-08
7.67676768e-01 6.06060606e-01 7.08069783e-02 7.08069394e-02 3.89485563e-08
7.77777778e-01 6.06060606e-01 7.27812688e-02 7.27812288e-02 4.00345442e-08
7.87878788e-01 6.06060606e-01 7.46822748e-02 7.46822337e-02 4.10802206e-08
7.97979798e-01 6.06060606e-01 7.65080820e-02 7.65080399e-02 4.20845328e-08
8.08080808e-01 6.06060606e-01 7.82568521e-02 7.82568091e-02 4.30464694e-08
8.18181818e-01 6.06060606e-01 7.99268242e-02 7.99267802e-02 4.39650619e-08
8.28282828e-01 6.06060606e-01 8.15163167e-02 8.15162719e-02 4.48393853e-08
8.38383838e-01 6.06060606e-01 8.30237292e-02 8.30236836e-02 4.56685592e-08
8.48484848e-01 6.06060606e-01 8.44475439e-02 8.44474974e-02 4.64517488e-08
8.58585859e-01 6.06060606e-01 8.57863270e-02 8.57862798e-02 4.71881654e-08
8.68686869e-01 6.06060606e-01 8.70387306e-02 8.70386827e-02 4.78770674e-08
8.78787879e-01 6.06060606e-01 8.82034936e-02 8.82034450e-02 4.85177614e-08
8.88888889e-01 6.06060606e-01 8.92794431e-02 8.92793940e-02 4.91096021e-08
8.98989899e-01 6.06060606e-01 9.02654958e-02 9.02654461e-02 4.96519936e-08
9.09090909e-01 6.06060606e-01 9.11606587e-02 9.11606086e-02 5.01443897e-08
9.19191919e-01 6.06060606e-01 9.19640307e-02 9.19639801e-02 5.05862945e-08
9.29292929e-01 6.06060606e-01 9.26748026e-02 9.26747516e-02 5.09772608e-08
9.39393939e-01 6.06060606e-01 9.32922589e-02 9.32922075e-02 5.13168662e-08
9.49494949e-01 6.06060606e-01 9.38157777e-02 9.38157261e-02 5.16044217e-08
9.59595960e-01 6.06060606e-01 9.42448321e-02 9.42447802e-02 5.18379839e-08
9.69696970e-01 6.06060606e-01 9.45789898e-02 9.45789378e-02 5.19867121e-08
9.79797980e-01 6.06060606e-01 9.48179141e-02 9.48178624e-02 5.16415834e-08
9.89898990e-01 6.06060606e-01 9.49613599e-02 9.49613135e-02 4.63415540e-08
1.00000000e+00 6.06060606e-01 9.50091466e-02 9.50091466e-02 0.00000000e+00
0.00000000e+00 6.16161616e-01 -2.51024081e-01 -2.51024081e-01 0.00000000e+00
1.01010101e-02 6.16161616e-01 -2.50897824e-01 -2.50897701e-01 1.22440356e-07
2.02020202e-02 6.16161616e-01 -2.50518825e-01 -2.50518689e-01 1.36443711e-07
3.03030303e-02 6.16161616e-01 -2.49887562e-01 -2.49887425e-01 1.37355556e-07
4.04040404e-02 6.16161616e-01 -2.49004682e-01 -2.49004545e-01 1.36962445e-07
5.05050505e-02 6.16161616e-01 -2.47871076e-01 -2.47870940e-01 1.36344804e-07
6.06060606e-02 6.16161616e-01 -2.46487885e-01 -2.46487749e-01 1.35584293e-07
7.07070707e-02 6.16161616e-01 -2.44856501e-01 -2.44856366e-01 1.34686938e-07
8.08080808e-02 6.16161616e-01 -2.42978567e-01 -2.42978433e-01 1.33653948e-07
9.09090909e-02 6.16161616e-01 -2.40855975e-01 -2.40855842e-01 1.32486378e-07
1.01010101e-01 6.16161616e-01 -2.38490861e-01 -2.38490729e-01 1.31185406e-07
1.11111111e-01 6.16161616e-01 -2.35885606e-01 -2.35885477e-01 1.29752342e-07
1.21212121e-01 6.16161616e-01 -2.33042836e-01 -2.33042707e-01 1.28188627e-07
1.31313131e-01 6.16161616e-01 -2.29965410e-01 -2.29965284e-01 1.26495838e-07
1.41414141e-01 6.16161616e-01 -2.26656429e-01 -2.26656305e-01 1.24675678e-07
1.51515152e-01 6.16161616e-01 -2.23119225e-01 -2.23119102e-01 1.22729980e-07
1.61616162e-01 6.16161616e-01 -2.19357358e-01 -2.19357237e-01 1.20660704e-07
1.71717172e-01 6.16161616e-01 -2.15374616e-01 -2.15374498e-01 1.18469932e-07
1.81818182e-01 6.16161616e-01 -2.11175011e-01 -2.11174895e-01 1.16159871e-07
1.91919192e-01 6.16161616e-01 -2.06762771e-01 -2.06762657e-01 1.13732848e-07
2.02020202e-01 6.16161616e-01 -2.02142338e-01 -2.02142227e-01 1.11191304e-07
2.12121212e-01 6.16161616e-01 -1.97318364e-01 -1.97318256e-01 1.08537801e-07
2.22222222e-01 6.16161616e-01 -1.92295708e-01 -1.92295602e-01 1.05775009e-07
2.32323232e-01 6.16161616e-01 -1.87079427e-01 -1.87079324e-01 1.02905711e-07
2.42424242e-01 6.16161616e-01 -1.81674772e-01 -1.81674672e-01 9.99327952e-08
2.52525253e-01 6.16161616e-01 -1.76087186e-01 -1.76087089e-01 9.68592558e-08
2.62626263e-01 6.16161616e-01 -1.70322295e-01 -1.70322202e-01 9.36881873e-08
2.72727273e-01 6.16161616e-01 -1.64385904e-01 -1.64385814e-01 9.04227828e-08
2.82828283e-01 6.16161616e-01 -1.58283991e-01 -1.58283904e-01 8.70663301e-08
2.92929293e-01 6.16161616e-01 -1.52022699e-01 -1.52022615e-01 8.36222091e-08
3.03030303e-01 6.16161616e-01 -1.45608333e-01 -1.45608253e-01 8.00938875e-08
3.13131313e-01 6.16161616e-01 -1.39047352e-01 -1.39047275e-01 7.64849182e-08
3.23232323e-01 6.16161616e-01 -1.32346361e-01 -1.32346289e-01 7.27989351e-08
3.33333333e-01 6.16161616e-01 -1.25512110e-01 -1.25512041e-01 6.90396496e-08
3.43434343e-01 6.16161616e-01 -1.18551478e-01 -1.18551413e-01 6.52108470e-08
3.53535354e-01 6.16161616e-01 -1.11471475e-01 -1.11471413e-01 6.13163827e-08
3.63636364e-01 6.16161616e-01 -1.04279229e-01 -1.04279172e-01 5.73601779e-08
3.73737374e-01 6.16161616e-01 -9.69819835e-02 -9.69819302e-02 5.33462163e-08
3.83838384e-01 6.16161616e-01 -8.95870851e-02 -8.95870359e-02 4.92785396e-08
3.93939394e-01 6.16161616e-01 -8.21019801e-02 -8.21019350e-02 4.51612436e-08
4.04040404e-01 6.16161616e-01 -7.45342054e-02 -7.45341644e-02 4.09984740e-08
4.14141414e-01 6.16161616e-01 -6.68913810e-02 -6.68913442e-02 3.67944224e-08
4.24242424e-01 6.16161616e-01 -5.91812027e-02 -5.91811702e-02 3.25533220e-08
4.34343434e-01 6.16161616e-01 -5.14114340e-02 -5.14114057e-02 2.82794432e-08
4.44444444e-01 6.16161616e-01 -4.35898982e-02 -4.35898742e-02 2.39770894e-08
4.54545455e-01 6.16161616e-01 -3.57244712e-02 -3.57244515e-02 1.96505926e-08
4.64646465e-01 6.16161616e-01 -2.78230726e-02 -2.78230573e-02 1.53043094e-08
4.74747475e-01 6.16161616e-01 -1.98936585e-02 -1.98936476e-02 1.09426160e-08
4.84848485e-01 6.16161616e-01 -1.19442133e-02 -1.19442067e-02 6.56990432e-09
4.94949495e-01 6.16161616e-01 -3.98274118e-03 -3.98273899e-03 2.19057733e-09
5.05050505e-01 6.16161616e-01 3.98274118e-03 3.98273899e-03 2.19095539e-09
5.15151515e-01 6.16161616e-01 1.19442133e-02 1.19442067e-02 6.57028200e-09
5.25252525e-01 6.16161616e-01 1.98936585e-02 1.98936476e-02 1.09429929e-08
5.35353535e-01 6.16161616e-01 2.78230726e-02 2.78230573e-02 1.53046851e-08
5.45454545e-01 6.16161616e-01 3.57244712e-02 3.57244515e-02 1.96509668e-08
5.55555556e-01 6.16161616e-01 4.35898982e-02 4.35898742e-02 2.39774617e-08
5.65656566e-01 6.16161616e-01 5.14114340e-02 5.14114057e-02 2.82798133e-08
5.75757576e-01 6.16161616e-01 5.91812027e-02 5.91811702e-02 3.25536895e-08
5.85858586e-01 6.16161616e-01 6.68913810e-02 6.68913442e-02 3.67947869e-08
5.95959596e-01 6.16161616e-01 7.45342054e-02 7.45341644e-02 4.09988350e-08
6.06060606e-01 6.16161616e-01 8.21019801e-02 8.21019350e-02 4.51616009e-08
6.16161616e-01 6.16161616e-01 8.95870851e-02 8.95870359e-02 4.92788928e-08
6.26262626e-01 6.16161616e-01 9.69819835e-02 9.69819302e-02 5.33465651e-08
6.36363636e-01 6.16161616e-01 1.04279229e-01 1.04279172e-01 5.73605218e-08
6.46464646e-01 6.16161616e-01 1.11471475e-01 1.11471413e-01 6.13167214e-08
6.56565657e-01 6.16161616e-01 1.18551478e-01 1.18551413e-01 6.52111803e-08
6.66666667e-01 6.16161616e-01 1.25512110e-01 1.25512041e-01 6.90399770e-08
6.76767677e-01 6.16161616e-01 1.32346361e-01 1.32346289e-01 7.27992564e-08
6.86868687e-01 6.16161616e-01 1.39047352e-01 1.39047275e-01 7.64852330e-08
6.96969697e-01 6.16161616e-01 1.45608333e-01 1.45608253e-01 8.00941955e-08
7.07070707e-01 6.16161616e-01 1.52022699e-01 1.52022615e-01 8.36225099e-08
7.17171717e-01 6.16161616e-01 1.58283991e-01 1.58283904e-01 8.70666235e-08
7.27272727e-01 6.16161616e-01 1.64385904e-01 1.64385814e-01 9.04230685e-08
7.37373737e-01 6.16161616e-01 1.70322295e-01 1.70322202e-01 9.36884651e-08
7.47474747e-01 6.16161616e-01 1.76087186e-01 1.76087089e-01 9.68595253e-08
7.57575758e-01 6.16161616e-01 1.81674772e-01 1.81674672e-01 9.99330562e-08
7.67676768e-01 6.16161616e-01 1.87079427e-01 1.87079324e-01 1.02905963e-07
7.77777778e-01 6.16161616e-01 1.92295708e-01 1.92295602e-01 1.05775252e-07
7.87878788e-01 6.16161616e-01 1.97318364e-01 1.97318256e-01 1.08538035e-07
7.97979798e-01 6.16161616e-01 2.02142338e-01 2.02142227e-01 1.11191529e-07
8.08080808e-01 6.16161616e-01 2.06762771e-01 2.06762657e-01 1.13733062e-07
8.18181818e-01 6.16161616e-01 2.11175011e-01 2.11174895e-01 1.16160076e-07
8.28282828e-01 6.16161616e-01 2.15374616e-01 2.15374498e-01 1.18470126e-07
8.38383838e-01 6.16161616e-01 2.19357358e-01 2.19357237e-01 1.20660888e-07
8.48484848e-01 6.16161616e-01 2.23119225e-01 2.23119102e-01 1.22730153e-07
8.58585859e-01 6.16161616e-01 2.26656429e-01 2.26656305e-01 1.24675840e-07
8.68686869e-01 6.16161616e-01 2.29965410e-01 2.29965284e-01 1.26495989e-07
8.78787879e-01 6.16161616e-01 2.33042836e-01 2.33042707e-01 1.28188768e-07
8.88888889e-01 6.16161616e-01 2.35885606e-01 2.35885477e-01 1.29752471e-07
8.98989899e-01 6.16161616e-01 2.38490861e-01 2.38490729e-01 1.31185524e-07
9.09090909e-01 6.16161616e-01 2.40855975e-01 2.40855842e-01 1.32486485e-07
9.19191919e-01 6.16161616e-01 2.42978567e-01 2.42978433e-01 1.33654042e-07
9.29292929e-01 6.16161616e-01 2.44856501e-01 2.44856366e-01 1.34687015e-07
9.39393939e-01 6.16161616e-01 2.46487885e-01 2.46487749e-01 1.35584288e-07
9.49494949e-01 6.16161616e-01 2.47871076e-01 2.47870940e-01 1.36344051e-07
9.59595960e-01 6.16161616e-01 2.49004682e-01 2.49004545e-01 1.36961297e-07
9.69696970e-01 6.16161616e-01 2.49887562e-01 2.49887425e-01 1.37354308e-07
9.79797980e-01 6.16161616e-01 2.50518825e-01 2.50518689e-01 1.36442452e-07
9.89898990e-01 6.16161616e-01 2.50897824e-01 2.50897701e-01 1.22439222e-07
1.00000000e+00 6.16161616e-01 2.51024081e-01 2.51024081e-01 0.00000000e+00
0.00000000e+00 6.26262626e-01 -4.00732733e-01 -4.00732733e-01 0.00000000e+00
1.01010101e-02 6.26262626e-01 -4.00531176e-01 -4.00530981e-01 1.95462680e-07
2.02020202e-02 6.26262626e-01 -3.99926146e-01 -3.99925928e-01 2.17817509e-07
3.03030303e-02 6.26262626e-01 -3.98918403e-01 -3.98918184e-01 2.19273170e-07
4.04040404e-02 6.26262626e-01 -3.97508982e-01 -3.97508763e-01 2.18645611e-07
5.05050505e-02 6.26262626e-01 -3.95699302e-01 -3.95699084e-01 2.17659615e-07
6.06060606e-02 6.26262626e-01 -3.93491187e-01 -3.93490970e-01 2.16445543e-07
7.07070707e-02 6.26262626e-01 -3.90886859e-01 -3.90886644e-01 2.15013014e-07
8.08080808e-02 6.26262626e-01 -3.87888942e-01 -3.87888728e-01 2.13363958e-07
9.09090909e-02 6.26262626e-01 -3.84500453e-01 -3.84500242e-01 2.11500061e-07
1.01010101e-01 6.26262626e-01 -3.80724805e-01 -3.80724595e-01 2.09423201e-07
1.11111111e-01 6.26262626e-01 -3.76565799e-01 -3.76565592e-01 2.07135470e-07
1.21212121e-01 6.26262626e-01 -3.72027624e-01 -3.72027419e-01 2.04639171e-07
1.31313131e-01 6.26262626e-01 -3.67114848e-01 -3.67114646e-01 2.01936817e-07
1.41414141e-01 6.26262626e-01 -3.61832418e-01 -3.61832219e-01 1.99031131e-07
1.51515152e-01 6.26262626e-01 -3.56185654e-01 -3.56185458e-01 1.95925037e-07
1.61616162e-01 6.26262626e-01 -3.50180242e-01 -3.50180049e-01 1.92621663e-07
1.71717172e-01 6.26262626e-01 -3.43822227e-01 -3.43822038e-01 1.89124335e-07
1.81818182e-01 6.26262626e-01 -3.37118013e-01 -3.37117827e-01 1.85436575e-07
1.91919192e-01 6.26262626e-01 -3.30074349e-01 -3.30074168e-01 1.81562096e-07
2.02020202e-01 6.26262626e-01 -3.22698329e-01 -3.22698151e-01 1.77504800e-07
2.12121212e-01 6.26262626e-01 -3.14997378e-01 -3.14997205e-01 1.73268771e-07
2.22222222e-01 6.26262626e-01 -3.06979252e-01 -3.06979083e-01 1.68858276e-07
2.32323232e-01 6.26262626e-01 -2.98652024e-01 -2.98651860e-01 1.64277754e-07
2.42424242e-01 6.26262626e-01 -2.90024079e-01 -2.90023919e-01 1.59531819e-07
2.52525253e-01 6.26262626e-01 -2.81104103e-01 -2.81103949e-01 1.54625248e-07
2.62626263e-01 6.26262626e-01 -2.71901080e-01 -2.71900931e-01 1.49562984e-07
2.72727273e-01 6.26262626e-01 -2.62424276e-01 -2.62424132e-01 1.44350121e-07
2.82828283e-01 6.26262626e-01 -2.52683233e-01 -2.52683094e-01 1.38991911e-07
2.92929293e-01 6.26262626e-01 -2.42687759e-01 -2.42687625e-01 1.33493747e-07
3.03030303e-01 6.26262626e-01 -2.32447918e-01 -2.32447791e-01 1.27861167e-07
3.13131313e-01 6.26262626e-01 -2.21974023e-01 -2.21973901e-01 1.22099841e-07
3.23232323e-01 6.26262626e-01 -2.11276619e-01 -2.11276503e-01 1.16215571e-07
3.33333333e-01 6.26262626e-01 -2.00366477e-01 -2.00366366e-01 1.10214282e-07
3.43434343e-01 6.26262626e-01 -1.89254583e-01 -1.89254478e-01 1.04102016e-07
3.53535354e-01 6.26262626e-01 -1.77952125e-01 -1.77952027e-01 9.78849287e-08
3.63636364e-01 6.26262626e-01 -1.66470485e-01 -1.66470393e-01 9.15692793e-08
3.73737374e-01 6.26262626e-01 -1.54821223e-01 -1.54821138e-01 8.51614273e-08
3.83838384e-01 6.26262626e-01 -1.43016070e-01 -1.43015991e-01 7.86678250e-08
3.93939394e-01 6.26262626e-01 -1.31066911e-01 -1.31066839e-01 7.20950110e-08
4.04040404e-01 6.26262626e-01 -1.18985779e-01 -1.18985713e-01 6.54496034e-08
4.14141414e-01 6.26262626e-01 -1.06784838e-01 -1.06784780e-01 5.87382935e-08
4.24242424e-01 6.26262626e-01 -9.44763745e-02 -9.44763225e-02 5.19678392e-08
4.34343434e-01 6.26262626e-01 -8.20727810e-02 -8.20727358e-02 4.51450577e-08
4.44444444e-01 6.26262626e-01 -6.95865471e-02 -6.95865088e-02 3.82768189e-08
4.54545455e-01 6.26262626e-01 -5.70302454e-02 -5.70302141e-02 3.13700386e-08
4.64646465e-01 6.26262626e-01 -4.44165192e-02 -4.44164948e-02 2.44316714e-08
4.74747475e-01 6.26262626e-01 -3.17580693e-02 -3.17580518e-02 1.74687035e-08
4.84848485e-01 6.26262626e-01 -1.90676417e-02 -1.90676312e-02 1.04881461e-08
4.94949495e-01 6.26262626e-01 -6.35801455e-03 -6.35801105e-03 3.49702806e-09
5.05050505e-01 6.26262626e-01 6.35801455e-03 6.35801105e-03 3.49761121e-09
5.15151515e-01 6.26262626e-01 1.90676417e-02 1.90676312e-02 1.04887287e-08
5.25252525e-01 6.26262626e-01 3.17580693e-02 3.17580518e-02 1.74692849e-08
5.35353535e-01 6.26262626e-01 4.44165192e-02 4.44164948e-02 2.44322510e-08
5.45454545e-01 6.26262626e-01 5.70302454e-02 5.70302141e-02 3.13706159e-08
5.55555556e-01 6.26262626e-01 6.95865471e-02 6.95865088e-02 3.82773933e-08
5.65656566e-01 6.26262626e-01 8.20727810e-02 8.20727358e-02 4.51456285e-08
5.75757576e-01 6.26262626e-01 9.44763745e-02 9.44763225e-02 5.19684060e-08
5.85858586e-01 6.26262626e-01 1.06784838e-01 1.06784780e-01 5.87388557e-08
5.95959596e-01 6.26262626e-01 1.18985779e-01 1.18985713e-01 6.54501603e-08
6.06060606e-01 6.26262626e-01 1.31066911e-01 1.31066839e-01 7.20955623e-08
6.16161616e-01 6.26262626e-01 1.43016070e-01 1.43015991e-01 7.86683700e-08
6.26262626e-01 6.26262626e-01 1.54821223e-01 1.54821138e-01 8.51619653e-08
6.36363636e-01 6.26262626e-01 1.66470485e-01 1.66470393e-01 9.15698097e-08
6.46464646e-01 6.26262626e-01 1.77952125e-01 1.77952027e-01 9.78854512e-08
6.56565657e-01 6.26262626e-01 1.89254583e-01 1.89254478e-01 1.04102530e-07
6.66666667e-01 6.26262626e-01 2.00366477e-01 2.00366366e-01 1.10214787e-07
6.76767677e-01 6.26262626e-01 2.11276619e-01 2.11276503e-01 1.16216067e-07
6.86868687e-01 6.26262626e-01 2.21974023e-01 2.21973901e-01 1.22100327e-07
6.96969697e-01 6.26262626e-01 2.32447918e-01 2.32447791e-01 1.27861642e-07
7.07070707e-01 6.26262626e-01 2.42687759e-01 2.42687625e-01 1.33494211e-07
7.17171717e-01 6.26262626e-01 2.52683233e-01 2.52683094e-01 1.38992364e-07
7.27272727e-01 6.26262626e-01 2.62424276e-01 2.62424132e-01 1.44350562e-07
7.37373737e-01 6.26262626e-01 2.71901080e-01 2.71900931e-01 1.49563412e-07
7.47474747e-01 6.26262626e-01 2.81104103e-01 2.81103949e-01 1.54625664e-07
7.57575758e-01 6.26262626e-01 2.90024079e-01 2.90023919e-01 1.59532221e-07
7.67676768e-01 6.26262626e-01 2.98652024e-01 2.98651860e-01 1.64278143e-07
7.77777778e-01 6.26262626e-01 3.06979252e-01 3.06979083e-01 1.68858651e-07
7.87878788e-01 6.26262626e-01 3.14997378e-01 3.14997205e-01 1.73269132e-07
7.97979798e-01 6.26262626e-01 3.22698329e-01 3.22698151e-01 1.77505146e-07
8.08080808e-01 6.26262626e-01 3.30074349e-01 3.30074168e-01 1.81562427e-07
8.18181818e-01 6.26262626e-01 3.37118013e-01 3.37117827e-01 1.85436891e-07
8.28282828e-01 6.26262626e-01 3.43822227e-01 3.43822038e-01 1.89124635e-07
8.38383838e-01 6.26262626e-01 3.50180242e-01 3.50180049e-01 1.92621946e-07
8.48484848e-01 6.26262626e-01 3.56185654e-01 3.56185458e-01 1.95925304e-07
8.58585859e-01 6.26262626e-01 3.61832418e-01 3.61832219e-01 1.99031381e-07
8.68686869e-01 6.26262626e-01 3.67114848e-01 3.67114646e-01 2.01937051e-07
8.78787879e-01 6.26262626e-01 3.72027624e-01 3.72027419e-01 2.04639387e-07
8.88888889e-01 6.26262626e-01 3.76565799e-01 3.76565592e-01 2.07135669e-07
8.98989899e-01 6.26262626e-01 3.80724805e-01 3.80724595e-01 2.09423383e-07
9.09090909e-01 6.26262626e-01 3.84500453e-01 3.84500242e-01 2.11500225e-07
9.19191919e-01 6.26262626e-01 3.87888942e-01 3.87888728e-01 2.13364103e-07
9.29292929e-01 6.26262626e-01 3.90886859e-01 3.90886644e-01 2.15013133e-07
9.39393939e-01 6.26262626e-01 3.93491187e-01 3.93490970e-01 2.16445532e-07
9.49494949e-01 6.26262626e-01 3.95699302e-01 3.95699084e-01 2.17658414e-07
9.59595960e-01 6.26262626e-01 3.97508982e-01 3.97508763e-01 2.18643838e-07
9.69696970e-01 6.26262626e-01 3.98918403e-01 3.98918184e-01 2.19271258e-07
9.79797980e-01 6.26262626e-01 3.99926146e-01 3.99925928e-01 2.17815582e-07
9.89898990e-01 6.26262626e-01 4.00531176e-01 4.00530981e-01 1.95460944e-07
1.00000000e+00 6.26262626e-01 4.00732733e-01 4.00732733e-01 0.00000000e+00
0.00000000e+00 6.36363636e-01 -5.40374088e-01 -5.40374088e-01 0.00000000e+00
1.01010101e-02 6.36363636e-01 -5.40102296e-01 -5.40102032e-01 2.63574547e-07
2.02020202e-02 6.36363636e-01 -5.39286434e-01 -5.39286140e-01 2.93719247e-07
3.03030303e-02 6.36363636e-01 -5.37927528e-01 -5.37927232e-01 2.95682155e-07
4.04040404e-02 6.36363636e-01 -5.36026972e-01 -5.36026677e-01 2.94835913e-07
5.05050505e-02 6.36363636e-01 -5.33586682e-01 -5.33586389e-01 2.93506333e-07
6.06060606e-02 6.36363636e-01 -5.30609116e-01 -5.30608824e-01 2.91869200e-07
7.07070707e-02 6.36363636e-01 -5.27097271e-01 -5.27096981e-01 2.89937485e-07
8.08080808e-02 6.36363636e-01 -5.23054684e-01 -5.23054396e-01 2.87713791e-07
9.09090909e-02 6.36363636e-01 -5.18485425e-01 -5.18485140e-01 2.85200391e-07
1.01010101e-01 6.36363636e-01 -5.13394096e-01 -5.13393814e-01 2.82399819e-07
1.11111111e-01 6.36363636e-01 -5.07785822e-01 -5.07785543e-01 2.79314894e-07
1.21212121e-01 6.36363636e-01 -5.01666251e-01 -5.01665975e-01 2.75948723e-07
1.31313131e-01 6.36363636e-01 -4.95041544e-01 -4.95041272e-01 2.72304695e-07
1.41414141e-01 6.36363636e-01 -4.87918373e-01 -4.87918104e-01 2.68386479e-07
1.51515152e-01 6.36363636e-01 -4.80303909e-01 -4.80303645e-01 2.64198021e-07
1.61616162e-01 6.36363636e-01 -4.72205820e-01 -4.72205560e-01 2.59743537e-07
1.71717172e-01 6.36363636e-01 -4.63632259e-01 -4.63632004e-01 2.55027514e-07
1.81818182e-01 6.36363636e-01 -4.54591860e-01 -4.54591610e-01 2.50054700e-07
1.91919192e-01 6.36363636e-01 -4.45093726e-01 -4.45093481e-01 2.44830102e-07
2.02020202e-01 6.36363636e-01 -4.35147420e-01 -4.35147181e-01 2.39358981e-07
2.12121212e-01 6.36363636e-01 -4.24762958e-01 -4.24762724e-01 2.33646845e-07
2.22222222e-01 6.36363636e-01 -4.13950795e-01 -4.13950567e-01 2.27699447e-07
2.32323232e-01 6.36363636e-01 -4.02721819e-01 -4.02721597e-01 2.21522775e-07
2.42424242e-01 6.36363636e-01 -3.91087336e-01 -3.91087121e-01 2.15123048e-07
2.52525253e-01 6.36363636e-01 -3.79059061e-01 -3.79058853e-01 2.08506711e-07
2.62626263e-01 6.36363636e-01 -3.66649106e-01 -3.66648904e-01 2.01680425e-07
2.72727273e-01 6.36363636e-01 -3.53869966e-01 -3.53869772e-01 1.94651064e-07
2.82828283e-01 6.36363636e-01 -3.40734510e-01 -3.40734322e-01 1.87425706e-07
2.92929293e-01 6.36363636e-01 -3.27255962e-01 -3.27255782e-01 1.80011626e-07
3.03030303e-01 6.36363636e-01 -3.13447896e-01 -3.13447723e-01 1.72416290e-07
3.13131313e-01 6.36363636e-01 -2.99324214e-01 -2.99324049e-01 1.64647345e-07
3.23232323e-01 6.36363636e-01 -2.84899138e-01 -2.84898981e-01 1.56712614e-07
3.33333333e-01 6.36363636e-01 -2.70187192e-01 -2.70187044e-01 1.48620087e-07
3.43434343e-01 6.36363636e-01 -2.55203192e-01 -2.55203051e-01 1.40377911e-07
3.53535354e-01 6.36363636e-01 -2.39962223e-01 -2.39962091e-01 1.31994388e-07
3.63636364e-01 6.36363636e-01 -2.24479632e-01 -2.24479509e-01 1.23477957e-07
3.73737374e-01 6.36363636e-01 -2.08771010e-01 -2.08770895e-01 1.14837194e-07
3.83838384e-01 6.36363636e-01 -1.92852172e-01 -1.92852066e-01 1.06080800e-07
3.93939394e-01 6.36363636e-01 -1.76739150e-01 -1.76739052e-01 9.72175915e-08
4.04040404e-01 6.36363636e-01 -1.60448165e-01 -1.60448077e-01 8.82564933e-08
4.14141414e-01 6.36363636e-01 -1.43995623e-01 -1.43995544e-01 7.92065282e-08
4.24242424e-01 6.36363636e-01 -1.27398090e-01 -1.27398020e-01 7.00768087e-08
4.34343434e-01 6.36363636e-01 -1.10672277e-01 -1.10672216e-01 6.08765280e-08
4.44444444e-01 6.36363636e-01 -9.38350272e-02 -9.38349756e-02 5.16149498e-08
4.54545455e-01 6.36363636e-01 -7.69032932e-02 -7.69032509e-02 4.23013995e-08
4.64646465e-01 6.36363636e-01 -5.98941241e-02 -5.98940912e-02 3.29452555e-08
4.74747475e-01 6.36363636e-01 -4.28246467e-02 -4.28246231e-02 2.35559384e-08
4.84848485e-01 6.36363636e-01 -2.57120485e-02 -2.57120344e-02 1.41429023e-08
4.94949495e-01 6.36363636e-01 -8.57356045e-03 -8.57355573e-03 4.71562566e-09
5.05050505e-01 6.36363636e-01 8.57356045e-03 8.57355573e-03 4.71639926e-09
5.15151515e-01 6.36363636e-01 2.57120485e-02 2.57120344e-02 1.41436752e-08
5.25252525e-01 6.36363636e-01 4.28246467e-02 4.28246231e-02 2.35567096e-08
5.35353535e-01 6.36363636e-01 5.98941241e-02 5.98940912e-02 3.29460245e-08
5.45454545e-01 6.36363636e-01 7.69032932e-02 7.69032509e-02 4.23021654e-08
5.55555556e-01 6.36363636e-01 9.38350272e-02 9.38349756e-02 5.16157117e-08
5.65656566e-01 6.36363636e-01 1.10672277e-01 1.10672216e-01 6.08772853e-08
5.75757576e-01 6.36363636e-01 1.27398090e-01 1.27398020e-01 7.00775607e-08
5.85858586e-01 6.36363636e-01 1.43995623e-01 1.43995544e-01 7.92072739e-08
5.95959596e-01 6.36363636e-01 1.60448165e-01 1.60448077e-01 8.82572320e-08
6.06060606e-01 6.36363636e-01 1.76739150e-01 1.76739052e-01 9.72183227e-08
6.16161616e-01 6.36363636e-01 1.92852172e-01 1.92852066e-01 1.06081523e-07
6.26262626e-01 6.36363636e-01 2.08771010e-01 2.08770895e-01 1.14837908e-07
6.36363636e-01 6.36363636e-01 2.24479632e-01 2.24479509e-01 1.23478660e-07
6.46464646e-01 6.36363636e-01 2.39962223e-01 2.39962091e-01 1.31995081e-07
6.56565657e-01 6.36363636e-01 2.55203192e-01 2.55203051e-01 1.40378593e-07
6.66666667e-01 6.36363636e-01 2.70187192e-01 2.70187044e-01 1.48620757e-07
6.76767677e-01 6.36363636e-01 2.84899138e-01 2.84898981e-01 1.56713271e-07
6.86868687e-01 6.36363636e-01 2.99324214e-01 2.99324049e-01 1.64647989e-07
6.96969697e-01 6.36363636e-01 3.13447896e-01 3.13447723e-01 1.72416920e-07
7.07070707e-01 6.36363636e-01 3.27255962e-01 3.27255782e-01 1.80012242e-07
7.17171717e-01 6.36363636e-01 3.40734510e-01 3.40734322e-01 1.87426307e-07
7.27272727e-01 6.36363636e-01 3.53869966e-01 3.53869772e-01 1.94651649e-07
7.37373737e-01 6.36363636e-01 3.66649106e-01 3.66648904e-01 2.01680994e-07
7.47474747e-01 6.36363636e-01 3.79059061e-01 3.79058853e-01 2.08507263e-07
7.57575758e-01 6.36363636e-01 3.91087336e-01 3.91087121e-01 2.15123583e-07
7.67676768e-01 6.36363636e-01 4.02721819e-01 4.02721597e-01 2.21523291e-07
7.77777778e-01 6.36363636e-01 4.13950795e-01 4.13950567e-01 2.27699945e-07
7.87878788e-01 6.36363636e-01 4.24762958e-01 4.24762724e-01 2.33647324e-07
7.97979798e-01 6.36363636e-01 4.35147420e-01 4.35147181e-01 2.39359440e-07
8.08080808e-01 6.36363636e-01 4.45093726e-01 4.45093481e-01 2.44830541e-07
8.18181818e-01 6.36363636e-01 4.54591860e-01 4.54591610e-01 2.50055118e-07
8.28282828e-01 6.36363636e-01 4.63632259e-01 4.63632004e-01 2.55027912e-07
8.38383838e-01 6.36363636e-01 4.72205820e-01 4.72205560e-01 2.59743914e-07
8.48484848e-01 6.36363636e-01 4.80303909e-01 4.80303645e-01 2.64198375e-07
8.58585859e-01 6.36363636e-01 4.87918373e-01 4.87918104e-01 2.68386812e-07
8.68686869e-01 6.36363636e-01 4.95041544e-01 4.95041272e-01 2.72305005e-07
8.78787879e-01 6.36363636e-01 5.01666251e-01 5.01665975e-01 2.75949011e-07
8.88888889e-01 6.36363636e-01 5.07785822e-01 5.07785543e-01 2.79315159e-07
8.98989899e-01 6.36363636e-01 5.13394096e-01 5.13393814e-01 2.82400061e-07
9.09090909e-01 6.36363636e-01 5.18485425e-01 5.18485140e-01 2.85200609e-07
9.19191919e-01 6.36363636e-01 5.23054684e-01 5.23054396e-01 2.87713984e-07
9.29292929e-01 6.36363636e-01 5.27097271e-01 5.27096981e-01 2.89937642e-07
9.39393939e-01 6.36363636e-01 5.30609116e-01 5.30608824e-01 2.91869182e-07
9.49494949e-01 6.36363636e-01 5.33586682e-01 5.33586389e-01 2.93504714e-07
9.59595960e-01 6.36363636e-01 5.36026972e-01 5.36026677e-01 2.94833561e-07
9.69696970e-01 6.36363636e-01 5.37927528e-01 5.37927232e-01 2.95679627e-07
9.79797980e-01 6.36363636e-01 5.39286434e-01 5.39286140e-01 2.93716701e-07
9.89898990e-01 6.36363636e-01 5.40102296e-01 5.40102032e-01 2.63572254e-07
1.00000000e+00 6.36363636e-01 5.40374088e-01 5.40374088e-01 0.00000000e+00
0.00000000e+00 6.46464646e-01 -6.66440044e-01 -6.66440044e-01 0.00000000e+00
1.01010101e-02 6.46464646e-01 -6.66104845e-01 -6.66104520e-01 3.25064835e-07
2.02020202e-02 6.46464646e-01 -6.65098647e-01 -6.65098285e-01 3.62242104e-07
3.03030303e-02 6.46464646e-01 -6.63422717e-01 -6.63422352e-01 3.64662947e-07
4.04040404e-02 6.46464646e-01 -6.61078773e-01 -6.61078409e-01 3.63619282e-07
5.05050505e-02 6.46464646e-01 -6.58069179e-01 -6.58068817e-01 3.61979519e-07
6.06060606e-02 6.46464646e-01 -6.54396965e-01 -6.54396605e-01 3.59960453e-07
7.07070707e-02 6.46464646e-01 -6.50065828e-01 -6.50065470e-01 3.57578082e-07
8.08080808e-02 6.46464646e-01 -6.45080130e-01 -6.45079776e-01 3.54835614e-07
9.09090909e-02 6.46464646e-01 -6.39444892e-01 -6.39444540e-01 3.51735854e-07
1.01010101e-01 6.46464646e-01 -6.33165786e-01 -6.33165438e-01 3.48281927e-07
1.11111111e-01 6.46464646e-01 -6.26249136e-01 -6.26248792e-01 3.44477308e-07
1.21212121e-01 6.46464646e-01 -6.18701907e-01 -6.18701566e-01 3.40325831e-07
1.31313131e-01 6.46464646e-01 -6.10531697e-01 -6.10531361e-01 3.35831673e-07
1.41414141e-01 6.46464646e-01 -6.01746733e-01 -6.01746402e-01 3.30999362e-07
1.51515152e-01 6.46464646e-01 -5.92355862e-01 -5.92355536e-01 3.25833763e-07
1.61616162e-01 6.46464646e-01 -5.82368538e-01 -5.82368218e-01 3.20340077e-07
1.71717172e-01 6.46464646e-01 -5.71794819e-01 -5.71794504e-01 3.14523836e-07
1.81818182e-01 6.46464646e-01 -5.60645350e-01 -5.60645042e-01 3.08390895e-07
1.91919192e-01 6.46464646e-01 -5.48931359e-01 -5.48931057e-01 3.01947431e-07
2.02020202e-01 6.46464646e-01 -5.36664641e-01 -5.36664346e-01 2.95199932e-07
2.12121212e-01 6.46464646e-01 -5.23857547e-01 -5.23857259e-01 2.88155191e-07
2.22222222e-01 6.46464646e-01 -5.10522973e-01 -5.10522693e-01 2.80820303e-07
2.32323232e-01 6.46464646e-01 -4.96674346e-01 -4.96674073e-01 2.73202652e-07
2.42424242e-01 6.46464646e-01 -4.82325610e-01 -4.82325344e-01 2.65309909e-07
2.52525253e-01 6.46464646e-01 -4.67491212e-01 -4.67490955e-01 2.57150022e-07
2.62626263e-01 6.46464646e-01 -4.52186091e-01 -4.52185842e-01 2.48731206e-07
2.72727273e-01 6.46464646e-01 -4.36425657e-01 -4.36425417e-01 2.40061940e-07
2.82828283e-01 6.46464646e-01 -4.20225779e-01 -4.20225547e-01 2.31150951e-07
2.92929293e-01 6.46464646e-01 -4.03602769e-01 -4.03602547e-01 2.22007213e-07
3.03030303e-01 6.46464646e-01 -3.86573365e-01 -3.86573153e-01 2.12639932e-07
3.13131313e-01 6.46464646e-01 -3.69154715e-01 -3.69154512e-01 2.03058541e-07
3.23232323e-01 6.46464646e-01 -3.51364357e-01 -3.51364164e-01 1.93272687e-07
3.33333333e-01 6.46464646e-01 -3.33220205e-01 -3.33220022e-01 1.83292224e-07
3.43434343e-01 6.46464646e-01 -3.14740529e-01 -3.14740356e-01 1.73127202e-07
3.53535354e-01 6.46464646e-01 -2.95943936e-01 -2.95943773e-01 1.62787854e-07
3.63636364e-01 6.46464646e-01 -2.76849352e-01 -2.76849200e-01 1.52284594e-07
3.73737374e-01 6.46464646e-01 -2.57476004e-01 -2.57475863e-01 1.41627995e-07
3.83838384e-01 6.46464646e-01 -2.37843400e-01 -2.37843269e-01 1.30828789e-07
3.93939394e-01 6.46464646e-01 -2.17971308e-01 -2.17971188e-01 1.19897850e-07
4.04040404e-01 6.46464646e-01 -1.97879737e-01 -1.97879628e-01 1.08846184e-07
4.14141414e-01 6.46464646e-01 -1.77588918e-01 -1.77588820e-01 9.76849187e-08
4.24242424e-01 6.46464646e-01 -1.57119282e-01 -1.57119195e-01 8.64252931e-08
4.34343434e-01 6.46464646e-01 -1.36491440e-01 -1.36491365e-01 7.50786447e-08
4.44444444e-01 6.46464646e-01 -1.15726163e-01 -1.15726099e-01 6.36563983e-08
4.54545455e-01 6.46464646e-01 -9.48443593e-02 -9.48443071e-02 5.21700553e-08
4.64646465e-01 6.46464646e-01 -7.38670555e-02 -7.38670149e-02 4.06311816e-08
4.74747475e-01 6.46464646e-01 -5.28153738e-02 -5.28153448e-02 2.90513957e-08
4.84848485e-01 6.46464646e-01 -3.17105115e-02 -3.17104941e-02 1.74423574e-08
4.94949495e-01 6.46464646e-01 -1.05737195e-02 -1.05737136e-02 5.81575627e-09
5.05050505e-01 6.46464646e-01 1.05737195e-02 1.05737136e-02 5.81670089e-09
5.15151515e-01 6.46464646e-01 3.17105115e-02 3.17104941e-02 1.74433011e-08
5.25252525e-01 6.46464646e-01 5.28153738e-02 5.28153448e-02 2.90523374e-08
5.35353535e-01 6.46464646e-01 7.38670555e-02 7.38670149e-02 4.06321205e-08
5.45454545e-01 6.46464646e-01 9.48443593e-02 9.48443071e-02 5.21709905e-08
5.55555556e-01 6.46464646e-01 1.15726163e-01 1.15726099e-01 6.36573287e-08
5.65656566e-01 6.46464646e-01 1.36491440e-01 1.36491365e-01 7.50795693e-08
5.75757576e-01 6.46464646e-01 1.57119282e-01 1.57119195e-01 8.64262112e-08
5.85858586e-01 6.46464646e-01 1.77588918e-01 1.77588820e-01 9.76858293e-08
5.95959596e-01 6.46464646e-01 1.97879737e-01 1.97879628e-01 1.08847086e-07
6.06060606e-01 6.46464646e-01 2.17971308e-01 2.17971188e-01 1.19898743e-07
6.16161616e-01 6.46464646e-01 2.37843400e-01 2.37843269e-01 1.30829672e-07
6.26262626e-01 6.46464646e-01 2.57476004e-01 2.57475863e-01 1.41628866e-07
6.36363636e-01 6.46464646e-01 2.76849352e-01 2.76849200e-01 1.52285453e-07
6.46464646e-01 6.46464646e-01 2.95943936e-01 2.95943773e-01 1.62788701e-07
6.56565657e-01 6.46464646e-01 3.14740529e-01 3.14740356e-01 1.73128034e-07
6.66666667e-01 6.46464646e-01 3.33220205e-01 3.33220022e-01 1.83293042e-07
6.76767677e-01 6.46464646e-01 3.51364357e-01 3.51364164e-01 1.93273490e-07
6.86868687e-01 6.46464646e-01 3.69154715e-01 3.69154512e-01 2.03059327e-07
6.96969697e-01 6.46464646e-01 3.86573365e-01 3.86573153e-01 2.12640702e-07
7.07070707e-01 6.46464646e-01 4.03602769e-01 4.03602547e-01 2.22007964e-07
7.17171717e-01 6.46464646e-01 4.20225779e-01 4.20225547e-01 2.31151684e-07
7.27272727e-01 6.46464646e-01 4.36425657e-01 4.36425417e-01 2.40062654e-07
7.37373737e-01 6.46464646e-01 4.52186091e-01 4.52185842e-01 2.48731900e-07
7.47474747e-01 6.46464646e-01 4.67491212e-01 4.67490955e-01 2.57150695e-07
7.57575758e-01 6.46464646e-01 4.82325610e-01 4.82325344e-01 2.65310561e-07
7.67676768e-01 6.46464646e-01 4.96674346e-01 4.96674073e-01 2.73203282e-07
7.77777778e-01 6.46464646e-01 5.10522973e-01 5.10522693e-01 2.80820910e-07
7.87878788e-01 6.46464646e-01 5.23857547e-01 5.23857259e-01 2.88155775e-07
7.97979798e-01 6.46464646e-01 5.36664641e-01 5.36664346e-01 2.95200492e-07
8.08080808e-01 6.46464646e-01 5.48931359e-01 5.48931057e-01 3.01947967e-07
8.18181818e-01 6.46464646e-01 5.60645350e-01 5.60645042e-01 3.08391406e-07
8.28282828e-01 6.46464646e-01 5.71794819e-01 5.71794504e-01 3.14524321e-07
8.38383838e-01 6.46464646e-01 5.82368538e-01 5.82368218e-01 3.20340536e-07
8.48484848e-01 6.46464646e-01 5.92355862e-01 5.92355536e-01 3.25834196e-07
8.58585859e-01 6.46464646e-01 6.01746733e-01 6.01746402e-01 3.30999768e-07
8.68686869e-01 6.46464646e-01 6.10531697e-01 6.10531361e-01 3.35832053e-07
8.78787879e-01 6.46464646e-01 6.18701907e-01 6.18701566e-01 3.40326182e-07
8.88888889e-01 6.46464646e-01 6.26249136e-01 6.26248792e-01 3.44477631e-07
8.98989899e-01 6.46464646e-01 6.33165786e-01 6.33165438e-01 3.48282221e-07
9.09090909e-01 6.46464646e-01 6.39444892e-01 6.39444540e-01 3.51736120e-07
9.19191919e-01 6.46464646e-01 6.45080130e-01 6.45079776e-01 3.54835850e-07
9.29292929e-01 6.46464646e-01 6.50065828e-01 6.50065470e-01 3.57578273e-07
9.39393939e-01 6.46464646e-01 6.54396965e-01 6.54396605e-01 3.59960430e-07
9.49494949e-01 6.46464646e-01 6.58069179e-01 6.58068817e-01 3.61977524e-07
9.59595960e-01 6.46464646e-01 6.61078773e-01 6.61078409e-01 3.63616408e-07
9.69696970e-01 6.46464646e-01 6.63422717e-01 6.63422352e-01 3.64659866e-07
9.79797980e-01 6.46464646e-01 6.65098647e-01 6.65098285e-01 3.62239004e-07
9.89898990e-01 6.46464646e-01 6.66104845e-01 6.66104520e-01 3.25062042e-07
1.00000000e+00 6.46464646e-01 6.66440044e-01 6.66440044e-01 0.00000000e+00
0.00000000e+00 6.56565657e-01 -7.75763546e-01 -7.75763546e-01 0.00000000e+00
1.01010101e-02 6.56565657e-01 -7.75373360e-01 -7.75372982e-01 3.78388772e-07
2.02020202e-02 6.56565657e-01 -7.74202105e-01 -7.74201683e-01 4.21664635e-07
3.03030303e-02 6.56565657e-01 -7.72251253e-01 -7.72250828e-01 4.24482595e-07
4.04040404e-02 6.56565657e-01 -7.69522806e-01 -7.69522383e-01 4.23267727e-07
5.05050505e-02 6.56565657e-01 -7.66019515e-01 -7.66019094e-01 4.21358975e-07
6.06060606e-02 6.56565657e-01 -7.61744907e-01 -7.61744488e-01 4.19008701e-07
7.07070707e-02 6.56565657e-01 -7.56703286e-01 -7.56702870e-01 4.16235522e-07
8.08080808e-02 6.56565657e-01 -7.50899730e-01 -7.50899317e-01 4.13043178e-07
9.09090909e-02 6.56565657e-01 -7.44340081e-01 -7.44339671e-01 4.09434931e-07
1.01010101e-01 6.56565657e-01 -7.37030945e-01 -7.37030539e-01 4.05414418e-07
1.11111111e-01 6.56565657e-01 -7.28979680e-01 -7.28979280e-01 4.00985687e-07
1.21212121e-01 6.56565657e-01 -7.20194396e-01 -7.20194000e-01 3.96153197e-07
1.31313131e-01 6.56565657e-01 -7.10683936e-01 -7.10683545e-01 3.90921814e-07
1.41414141e-01 6.56565657e-01 -7.00457878e-01 -7.00457493e-01 3.85296807e-07
1.51515152e-01 6.56565657e-01 -6.89526519e-01 -6.89526139e-01 3.79283838e-07
1.61616162e-01 6.56565657e-01 -6.77900864e-01 -6.77900491e-01 3.72888962e-07
1.71717172e-01 6.56565657e-01 -6.65592621e-01 -6.65592255e-01 3.66118619e-07
1.81818182e-01 6.56565657e-01 -6.52614183e-01 -6.52613824e-01 3.58979625e-07
1.91919192e-01 6.56565657e-01 -6.38978617e-01 -6.38978265e-01 3.51479170e-07
2.02020202e-01 6.56565657e-01 -6.24699654e-01 -6.24699310e-01 3.43624804e-07
2.12121212e-01 6.56565657e-01 -6.09791671e-01 -6.09791336e-01 3.35424438e-07
2.22222222e-01 6.56565657e-01 -5.94269680e-01 -5.94269353e-01 3.26886328e-07
2.32323232e-01 6.56565657e-01 -5.78149310e-01 -5.78148992e-01 3.18019071e-07
2.42424242e-01 6.56565657e-01 -5.61446792e-01 -5.61446484e-01 3.08831595e-07
2.52525253e-01 6.56565657e-01 -5.44178946e-01 -5.44178646e-01 2.99333152e-07
2.62626263e-01 6.56565657e-01 -5.26363157e-01 -5.26362867e-01 2.89533307e-07
2.72727273e-01 6.56565657e-01 -5.08017364e-01 -5.08017085e-01 2.79441925e-07
2.82828283e-01 6.56565657e-01 -4.89160042e-01 -4.89159773e-01 2.69069170e-07
2.92929293e-01 6.56565657e-01 -4.69810177e-01 -4.69809918e-01 2.58425485e-07
3.03030303e-01 6.56565657e-01 -4.49987252e-01 -4.49987005e-01 2.47521587e-07
3.13131313e-01 6.56565657e-01 -4.29711229e-01 -4.29710993e-01 2.36368455e-07
3.23232323e-01 6.56565657e-01 -4.09002523e-01 -4.09002298e-01 2.24977321e-07
3.33333333e-01 6.56565657e-01 -3.87881986e-01 -3.87881773e-01 2.13359654e-07
3.43434343e-01 6.56565657e-01 -3.66370885e-01 -3.66370684e-01 2.01527151e-07
3.53535354e-01 6.56565657e-01 -3.44490879e-01 -3.44490690e-01 1.89491728e-07
3.63636364e-01 6.56565657e-01 -3.22264001e-01 -3.22263823e-01 1.77265503e-07
3.73737374e-01 6.56565657e-01 -2.99712629e-01 -2.99712465e-01 1.64860786e-07
3.83838384e-01 6.56565657e-01 -2.76859473e-01 -2.76859321e-01 1.52290069e-07
3.93939394e-01 6.56565657e-01 -2.53727543e-01 -2.53727403e-01 1.39566008e-07
4.04040404e-01 6.56565657e-01 -2.30340130e-01 -2.30340003e-01 1.26701416e-07
4.14141414e-01 6.56565657e-01 -2.06720784e-01 -2.06720671e-01 1.13709247e-07
4.24242424e-01 6.56565657e-01 -1.82893288e-01 -1.82893188e-01 1.00602582e-07
4.34343434e-01 6.56565657e-01 -1.58881634e-01 -1.58881547e-01 8.73946188e-08
4.44444444e-01 6.56565657e-01 -1.34710000e-01 -1.34709926e-01 7.40986567e-08
4.54545455e-01 6.56565657e-01 -1.10402724e-01 -1.10402664e-01 6.07280834e-08
4.64646465e-01 6.56565657e-01 -8.59842823e-02 -8.59842350e-02 4.72963621e-08
4.74747475e-01 6.56565657e-01 -6.14792614e-02 -6.14792275e-02 3.38170174e-08
4.84848485e-01 6.56565657e-01 -3.69123360e-02 -3.69123157e-02 2.03036217e-08
4.94949495e-01 6.56565657e-01 -1.23082431e-02 -1.23082364e-02 6.76978215e-09
5.05050505e-01 6.56565657e-01 1.23082431e-02 1.23082364e-02 6.77087405e-09
5.15151515e-01 6.56565657e-01 3.69123360e-02 3.69123157e-02 2.03047125e-08
5.25252525e-01 6.56565657e-01 6.14792614e-02 6.14792275e-02 3.38181060e-08
5.35353535e-01 6.56565657e-01 8.59842823e-02 8.59842350e-02 4.72974474e-08
5.45454545e-01 6.56565657e-01 1.10402724e-01 1.10402664e-01 6.07291643e-08
5.55555556e-01 6.56565657e-01 1.34710000e-01 1.34709926e-01 7.40997322e-08
5.65656566e-01 6.56565657e-01 1.58881634e-01 1.58881547e-01 8.73956876e-08
5.75757576e-01 6.56565657e-01 1.82893288e-01 1.82893188e-01 1.00603643e-07
5.85858586e-01 6.56565657e-01 2.06720784e-01 2.06720671e-01 1.13710300e-07
5.95959596e-01 6.56565657e-01 2.30340130e-01 2.30340003e-01 1.26702459e-07
6.06060606e-01 6.56565657e-01 2.53727543e-01 2.53727403e-01 1.39567040e-07
6.16161616e-01 6.56565657e-01 2.76859473e-01 2.76859321e-01 1.52291089e-07
6.26262626e-01 6.56565657e-01 2.99712629e-01 2.99712465e-01 1.64861793e-07
6.36363636e-01 6.56565657e-01 3.22264001e-01 3.22263823e-01 1.77266496e-07
6.46464646e-01 6.56565657e-01 3.44490879e-01 3.44490690e-01 1.89492707e-07
6.56565657e-01 6.56565657e-01 3.66370885e-01 3.66370684e-01 2.01528114e-07
6.66666667e-01 6.56565657e-01 3.87881986e-01 3.87881773e-01 2.13360599e-07
6.76767677e-01 6.56565657e-01 4.09002523e-01 4.09002298e-01 2.24978249e-07
6.86868687e-01 6.56565657e-01 4.29711229e-01 4.29710993e-01 2.36369365e-07
6.96969697e-01 6.56565657e-01 4.49987252e-01 4.49987005e-01 2.47522476e-07
7.07070707e-01 6.56565657e-01 4.69810177e-01 4.69809918e-01 2.58426353e-07
7.17171717e-01 6.56565657e-01 4.89160042e-01 4.89159773e-01 2.69070017e-07
7.27272727e-01 6.56565657e-01 5.08017364e-01 5.08017085e-01 2.79442751e-07
7.37373737e-01 6.56565657e-01 5.26363157e-01 5.26362867e-01 2.89534109e-07
7.47474747e-01 6.56565657e-01 5.44178946e-01 5.44178646e-01 2.99333931e-07
7.57575758e-01 6.56565657e-01 5.61446792e-01 5.61446484e-01 3.08832349e-07
7.67676768e-01 6.56565657e-01 5.78149310e-01 5.78148992e-01 3.18019799e-07
7.77777778e-01 6.56565657e-01 5.94269680e-01 5.94269353e-01 3.26887030e-07
7.87878788e-01 6.56565657e-01 6.09791671e-01 6.09791336e-01 3.35425113e-07
7.97979798e-01 6.56565657e-01 6.24699654e-01 6.24699310e-01 3.43625452e-07
8.08080808e-01 6.56565657e-01 6.38978617e-01 6.38978265e-01 3.51479789e-07
8.18181818e-01 6.56565657e-01 6.52614183e-01 6.52613824e-01 3.58980215e-07
8.28282828e-01 6.56565657e-01 6.65592621e-01 6.65592255e-01 3.66119180e-07
8.38383838e-01 6.56565657e-01 6.77900864e-01 6.77900491e-01 3.72889493e-07
8.48484848e-01 6.56565657e-01 6.89526519e-01 6.89526139e-01 3.79284338e-07
8.58585859e-01 6.56565657e-01 7.00457878e-01 7.00457493e-01 3.85297276e-07
8.68686869e-01 6.56565657e-01 7.10683936e-01 7.10683545e-01 3.90922252e-07
8.78787879e-01 6.56565657e-01 7.20194396e-01 7.20194000e-01 3.96153602e-07
8.88888889e-01 6.56565657e-01 7.28979680e-01 7.28979280e-01 4.00986060e-07
8.98989899e-01 6.56565657e-01 7.37030945e-01 7.37030539e-01 4.05414758e-07
9.09090909e-01 6.56565657e-01 7.44340081e-01 7.44339671e-01 4.09435238e-07
9.19191919e-01 6.56565657e-01 7.50899730e-01 7.50899317e-01 4.13043450e-07
9.29292929e-01 6.56565657e-01 7.56703286e-01 7.56702870e-01 4.16235744e-07
9.39393939e-01 6.56565657e-01 7.61744907e-01 7.61744488e-01 4.19008672e-07
9.49494949e-01 6.56565657e-01 7.66019515e-01 7.66019094e-01 4.21356653e-07
9.59595960e-01 6.56565657e-01 7.69522806e-01 7.69522383e-01 4.23264403e-07
9.69696970e-01 6.56565657e-01 7.72251253e-01 7.72250828e-01 4.24479039e-07
9.79797980e-01 6.56565657e-01 7.74202105e-01 7.74201683e-01 4.21661058e-07
9.89898990e-01 6.56565657e-01 7.75373360e-01 7.75372982e-01 3.78385549e-07
1.00000000e+00 6.56565657e-01 7.75763546e-01 7.75763546e-01 0.00000000e+00
0.00000000e+00 6.66666667e-01 -8.65598143e-01 -8.65598143e-01 0.00000000e+00
1.01010101e-02 6.66666667e-01 -8.65162773e-01 -8.65162351e-01 4.22206742e-07
2.02020202e-02 6.66666667e-01 -8.63855884e-01 -8.63855414e-01 4.70494013e-07
3.03030303e-02 6.66666667e-01 -8.61679121e-01 -8.61678647e-01 4.73638297e-07
4.04040404e-02 6.66666667e-01 -8.58634716e-01 -8.58634244e-01 4.72282745e-07
5.05050505e-02 6.66666667e-01 -8.54725738e-01 -8.54725268e-01 4.70152958e-07
6.06060606e-02 6.66666667e-01 -8.49956124e-01 -8.49955657e-01 4.67530518e-07
7.07070707e-02 6.66666667e-01 -8.44330676e-01 -8.44330212e-01 4.64436202e-07
8.08080808e-02 6.66666667e-01 -8.37855059e-01 -8.37854598e-01 4.60874179e-07
9.09090909e-02 6.66666667e-01 -8.30535793e-01 -8.30535336e-01 4.56848092e-07
1.01010101e-01 6.66666667e-01 -8.22380247e-01 -8.22379795e-01 4.52361997e-07
1.11111111e-01 6.66666667e-01 -8.13396635e-01 -8.13396187e-01 4.47420413e-07
1.21212121e-01 6.66666667e-01 -8.03594001e-01 -8.03593559e-01 4.42028314e-07
1.31313131e-01 6.66666667e-01 -7.92982216e-01 -7.92981779e-01 4.36191129e-07
1.41414141e-01 6.66666667e-01 -7.81571965e-01 -7.81571535e-01 4.29914738e-07
1.51515152e-01 6.66666667e-01 -7.69374737e-01 -7.69374314e-01 4.23205459e-07
1.61616162e-01 6.66666667e-01 -7.56402814e-01 -7.56402398e-01 4.16070047e-07
1.71717172e-01 6.66666667e-01 -7.42669258e-01 -7.42668849e-01 4.08515689e-07
1.81818182e-01 6.66666667e-01 -7.28187896e-01 -7.28187496e-01 4.00549990e-07
1.91919192e-01 6.66666667e-01 -7.12973311e-01 -7.12972919e-01 3.92180970e-07
2.02020202e-01 6.66666667e-01 -6.97040823e-01 -6.97040439e-01 3.83417058e-07
2.12121212e-01 6.66666667e-01 -6.80406473e-01 -6.80406099e-01 3.74267078e-07
2.22222222e-01 6.66666667e-01 -6.63087012e-01 -6.63086647e-01 3.64740242e-07
2.32323232e-01 6.66666667e-01 -6.45099878e-01 -6.45099524e-01 3.54846143e-07
2.42424242e-01 6.66666667e-01 -6.26463184e-01 -6.26462839e-01 3.44594745e-07
2.52525253e-01 6.66666667e-01 -6.07195694e-01 -6.07195360e-01 3.33996369e-07
2.62626263e-01 6.66666667e-01 -5.87316810e-01 -5.87316487e-01 3.23061687e-07
2.72727273e-01 6.66666667e-01 -5.66846547e-01 -5.66846235e-01 3.11801709e-07
2.82828283e-01 6.66666667e-01 -5.45805518e-01 -5.45805218e-01 3.00227773e-07
2.92929293e-01 6.66666667e-01 -5.24214909e-01 -5.24214620e-01 2.88351534e-07
3.03030303e-01 6.66666667e-01 -5.02096460e-01 -5.02096184e-01 2.76184949e-07
3.13131313e-01 6.66666667e-01 -4.79472442e-01 -4.79472179e-01 2.63740269e-07
3.23232323e-01 6.66666667e-01 -4.56365637e-01 -4.56365386e-01 2.51030025e-07
3.33333333e-01 6.66666667e-01 -4.32799309e-01 -4.32799071e-01 2.38067015e-07
3.43434343e-01 6.66666667e-01 -4.08797190e-01 -4.08796965e-01 2.24864291e-07
3.53535354e-01 6.66666667e-01 -3.84383447e-01 -3.84383235e-01 2.11435149e-07
3.63636364e-01 6.66666667e-01 -3.59582662e-01 -3.59582464e-01 1.97793109e-07
3.73737374e-01 6.66666667e-01 -3.34419807e-01 -3.34419623e-01 1.83951908e-07
3.83838384e-01 6.66666667e-01 -3.08920221e-01 -3.08920051e-01 1.69925483e-07
3.93939394e-01 6.66666667e-01 -2.83109577e-01 -2.83109422e-01 1.55727958e-07
4.04040404e-01 6.66666667e-01 -2.57013867e-01 -2.57013725e-01 1.41373628e-07
4.14141414e-01 6.66666667e-01 -2.30659365e-01 -2.30659238e-01 1.26876946e-07
4.24242424e-01 6.66666667e-01 -2.04072609e-01 -2.04072497e-01 1.12252510e-07
4.34343434e-01 6.66666667e-01 -1.77280369e-01 -1.77280272e-01 9.75150459e-08
4.44444444e-01 6.66666667e-01 -1.50309623e-01 -1.50309540e-01 8.26793920e-08
4.54545455e-01 6.66666667e-01 -1.23187527e-01 -1.23187460e-01 6.77604869e-08
4.64646465e-01 6.66666667e-01 -9.59413928e-02 -9.59413400e-02 5.27733529e-08
4.74747475e-01 6.66666667e-01 -6.85986532e-02 -6.85986155e-02 3.77330805e-08
4.84848485e-01 6.66666667e-01 -4.11868406e-02 -4.11868180e-02 2.26548139e-08
4.94949495e-01 6.66666667e-01 -1.37335564e-02 -1.37335488e-02 7.55373605e-09
5.05050505e-01 6.66666667e-01 1.37335564e-02 1.37335488e-02 7.55494782e-09
5.15151515e-01 6.66666667e-01 4.11868406e-02 4.11868180e-02 2.26560245e-08
5.25252525e-01 6.66666667e-01 6.85986532e-02 6.85986155e-02 3.77342885e-08
5.35353535e-01 6.66666667e-01 9.59413928e-02 9.59413400e-02 5.27745573e-08
5.45454545e-01 6.66666667e-01 1.23187527e-01 1.23187460e-01 6.77616865e-08
5.55555556e-01 6.66666667e-01 1.50309623e-01 1.50309540e-01 8.26805855e-08
5.65656566e-01 6.66666667e-01 1.77280369e-01 1.77280272e-01 9.75162320e-08
5.75757576e-01 6.66666667e-01 2.04072609e-01 2.04072497e-01 1.12253688e-07
5.85858586e-01 6.66666667e-01 2.30659365e-01 2.30659238e-01 1.26878114e-07
5.95959596e-01 6.66666667e-01 2.57013867e-01 2.57013725e-01 1.41374785e-07
6.06060606e-01 6.66666667e-01 2.83109577e-01 2.83109422e-01 1.55729103e-07
6.16161616e-01 6.66666667e-01 3.08920221e-01 3.08920051e-01 1.69926615e-07
6.26262626e-01 6.66666667e-01 3.34419807e-01 3.34419623e-01 1.83953026e-07
6.36363636e-01 6.66666667e-01 3.59582662e-01 3.59582464e-01 1.97794211e-07
6.46464646e-01 6.66666667e-01 3.84383447e-01 3.84383235e-01 2.11436235e-07
6.56565657e-01 6.66666667e-01 4.08797190e-01 4.08796965e-01 2.24865359e-07
6.66666667e-01 6.66666667e-01 4.32799309e-01 4.32799071e-01 2.38068064e-07
6.76767677e-01 6.66666667e-01 4.56365637e-01 4.56365386e-01 2.51031054e-07
6.86868687e-01 6.66666667e-01 4.79472442e-01 4.79472179e-01 2.63741278e-07
6.96969697e-01 6.66666667e-01 5.02096460e-01 5.02096184e-01 2.76185936e-07
7.07070707e-01 6.66666667e-01 5.24214909e-01 5.24214620e-01 2.88352498e-07
7.17171717e-01 6.66666667e-01 5.45805518e-01 5.45805218e-01 3.00228714e-07
7.27272727e-01 6.66666667e-01 5.66846547e-01 5.66846235e-01 3.11802625e-07
7.37373737e-01 6.66666667e-01 5.87316810e-01 5.87316487e-01 3.23062577e-07
7.47474747e-01 6.66666667e-01 6.07195694e-01 6.07195360e-01 3.33997233e-07
7.57575758e-01 6.66666667e-01 6.26463184e-01 6.26462839e-01 3.44595582e-07
7.67676768e-01 6.66666667e-01 6.45099878e-01 6.45099524e-01 3.54846952e-07
7.77777778e-01 6.66666667e-01 6.63087012e-01 6.63086647e-01 3.64741021e-07
7.87878788e-01 6.66666667e-01 6.80406473e-01 6.80406099e-01 3.74267827e-07
7.97979798e-01 6.66666667e-01 6.97040823e-01 6.97040439e-01 3.83417777e-07
8.08080808e-01 6.66666667e-01 7.12973311e-01 7.12972919e-01 3.92181658e-07
8.18181818e-01 6.66666667e-01 7.28187896e-01 7.28187496e-01 4.00550645e-07
8.28282828e-01 6.66666667e-01 7.42669258e-01 7.42668849e-01 4.08516311e-07
8.38383838e-01 6.66666667e-01 7.56402814e-01 7.56402398e-01 4.16070636e-07
8.48484848e-01 6.66666667e-01 7.69374737e-01 7.69374314e-01 4.23206014e-07
8.58585859e-01 6.66666667e-01 7.81571965e-01 7.81571535e-01 4.29915259e-07
8.68686869e-01 6.66666667e-01 7.92982216e-01 7.92981779e-01 4.36191615e-07
8.78787879e-01 6.66666667e-01 8.03594001e-01 8.03593559e-01 4.42028764e-07
8.88888889e-01 6.66666667e-01 8.13396635e-01 8.13396187e-01 4.47420827e-07
8.98989899e-01 6.66666667e-01 8.22380247e-01 8.22379795e-01 4.52362376e-07
9.09090909e-01 6.66666667e-01 8.30535793e-01 8.30535336e-01 4.56848433e-07
9.19191919e-01 6.66666667e-01 8.37855059e-01 8.37854598e-01 4.60874482e-07
9.29292929e-01 6.66666667e-01 8.44330676e-01 8.44330212e-01 4.64436447e-07
9.39393939e-01 6.66666667e-01 8.49956124e-01 8.49955657e-01 4.67530485e-07
9.49494949e-01 6.66666667e-01 8.54725738e-01 8.54725268e-01 4.70150367e-07
9.59595960e-01 6.66666667e-01 8.58634716e-01 8.58634244e-01 4.72279056e-07
9.69696970e-01 6.66666667e-01 8.61679121e-01 8.61678647e-01 4.73634355e-07
9.79797980e-01 6.66666667e-01 8.63855884e-01 8.63855414e-01 4.70490049e-07
9.89898990e-01 6.66666667e-01 8.65162773e-01 8.65162351e-01 4.22203171e-07
1.00000000e+00 6.66666667e-01 8.65598143e-01 8.65598143e-01 0.00000000e+00
0.00000000e+00 6.76767677e-01 -9.33686990e-01 -9.33686990e-01 0.00000000e+00
1.01010101e-02 6.76767677e-01 -9.33217374e-01 -9.33216919e-01 4.55417940e-07
2.02020202e-02 6.76767677e-01 -9.31807684e-01 -9.31807177e-01 5.07503535e-07
3.03030303e-02 6.76767677e-01 -9.29459694e-01 -9.29459184e-01 5.10895152e-07
4.04040404e-02 6.76767677e-01 -9.26175813e-01 -9.26175304e-01 5.09432972e-07
5.05050505e-02 6.76767677e-01 -9.21959351e-01 -9.21958844e-01 5.07135653e-07
6.06060606e-02 6.76767677e-01 -9.16814555e-01 -9.16814050e-01 5.04306929e-07
7.07070707e-02 6.76767677e-01 -9.10746603e-01 -9.10746102e-01 5.00969211e-07
8.08080808e-02 6.76767677e-01 -9.03761607e-01 -9.03761110e-01 4.97126996e-07
9.09090909e-02 6.76767677e-01 -8.95866600e-01 -8.95866107e-01 4.92784213e-07
1.01010101e-01 6.76767677e-01 -8.87069531e-01 -8.87069043e-01 4.87945239e-07
1.11111111e-01 6.76767677e-01 -8.77379258e-01 -8.77378775e-01 4.82614944e-07
1.21212121e-01 6.76767677e-01 -8.66805538e-01 -8.66805061e-01 4.76798697e-07
1.31313131e-01 6.76767677e-01 -8.55359019e-01 -8.55358549e-01 4.70502355e-07
1.41414141e-01 6.76767677e-01 -8.43051226e-01 -8.43050762e-01 4.63732256e-07
1.51515152e-01 6.76767677e-01 -8.29894552e-01 -8.29894095e-01 4.56495218e-07
1.61616162e-01 6.76767677e-01 -8.15902244e-01 -8.15901795e-01 4.48798528e-07
1.71717172e-01 6.76767677e-01 -8.01088392e-01 -8.01087951e-01 4.40649937e-07
1.81818182e-01 6.76767677e-01 -7.85467911e-01 -7.85467479e-01 4.32057648e-07
1.91919192e-01 6.76767677e-01 -7.69056531e-01 -7.69056108e-01 4.23030313e-07
2.02020202e-01 6.76767677e-01 -7.51870777e-01 -7.51870363e-01 4.13577023e-07
2.12121212e-01 6.76767677e-01 -7.33927952e-01 -7.33927548e-01 4.03707296e-07
2.22222222e-01 6.76767677e-01 -7.15246124e-01 -7.15245731e-01 3.93431070e-07
2.32323232e-01 6.76767677e-01 -6.95844104e-01 -6.95843721e-01 3.82758692e-07
2.42424242e-01 6.76767677e-01 -6.75741428e-01 -6.75741056e-01 3.71700909e-07
2.52525253e-01 6.76767677e-01 -6.54958337e-01 -6.54957977e-01 3.60268854e-07
2.62626263e-01 6.76767677e-01 -6.33515759e-01 -6.33515411e-01 3.48474040e-07
2.72727273e-01 6.76767677e-01 -6.11435284e-01 -6.11434948e-01 3.36328341e-07
2.82828283e-01 6.76767677e-01 -5.88739146e-01 -5.88738822e-01 3.23843988e-07
2.92929293e-01 6.76767677e-01 -5.65450197e-01 -5.65449886e-01 3.11033552e-07
3.03030303e-01 6.76767677e-01 -5.41591888e-01 -5.41591590e-01 2.97909931e-07
3.13131313e-01 6.76767677e-01 -5.17188242e-01 -5.17187957e-01 2.84486340e-07
3.23232323e-01 6.76767677e-01 -4.92263831e-01 -4.92263560e-01 2.70776296e-07
3.33333333e-01 6.76767677e-01 -4.66843752e-01 -4.66843495e-01 2.56793603e-07
3.43434343e-01 6.76767677e-01 -4.40953601e-01 -4.40953359e-01 2.42552340e-07
3.53535354e-01 6.76767677e-01 -4.14619447e-01 -4.14619219e-01 2.28066848e-07
3.63636364e-01 6.76767677e-01 -3.87867807e-01 -3.87867593e-01 2.13351712e-07
3.73737374e-01 6.76767677e-01 -3.60725616e-01 -3.60725418e-01 1.98421749e-07
3.83838384e-01 6.76767677e-01 -3.33220205e-01 -3.33220022e-01 1.83291992e-07
3.93939394e-01 6.76767677e-01 -3.05379270e-01 -3.05379102e-01 1.67977675e-07
4.04040404e-01 6.76767677e-01 -2.77230844e-01 -2.77230692e-01 1.52494219e-07
4.14141414e-01 6.76767677e-01 -2.48803270e-01 -2.48803133e-01 1.36857215e-07
4.24242424e-01 6.76767677e-01 -2.20125172e-01 -2.20125051e-01 1.21082406e-07
4.34343434e-01 6.76767677e-01 -1.91225427e-01 -1.91225322e-01 1.05185678e-07
4.44444444e-01 6.76767677e-01 -1.62133134e-01 -1.62133044e-01 8.91830374e-08
4.54545455e-01 6.76767677e-01 -1.32877586e-01 -1.32877513e-01 7.30905965e-08
4.64646465e-01 6.76767677e-01 -1.03488242e-01 -1.03488185e-01 5.69245597e-08
4.74747475e-01 6.76767677e-01 -7.39946944e-02 -7.39946537e-02 4.07012047e-08
4.84848485e-01 6.76767677e-01 -4.44266402e-02 -4.44266158e-02 2.44368668e-08
4.94949495e-01 6.76767677e-01 -1.48138522e-02 -1.48138440e-02 8.14792333e-09
5.05050505e-01 6.76767677e-01 1.48138522e-02 1.48138440e-02 8.14922450e-09
5.15151515e-01 6.76767677e-01 4.44266402e-02 4.44266158e-02 2.44381667e-08
5.25252525e-01 6.76767677e-01 7.39946944e-02 7.39946537e-02 4.07025018e-08
5.35353535e-01 6.76767677e-01 1.03488242e-01 1.03488185e-01 5.69258530e-08
5.45454545e-01 6.76767677e-01 1.32877586e-01 1.32877513e-01 7.30918845e-08
5.55555556e-01 6.76767677e-01 1.62133134e-01 1.62133044e-01 8.91843190e-08
5.65656566e-01 6.76767677e-01 1.91225427e-01 1.91225322e-01 1.05186952e-07
5.75757576e-01 6.76767677e-01 2.20125172e-01 2.20125051e-01 1.21083671e-07
5.85858586e-01 6.76767677e-01 2.48803270e-01 2.48803133e-01 1.36858469e-07
5.95959596e-01 6.76767677e-01 2.77230844e-01 2.77230692e-01 1.52495462e-07
6.06060606e-01 6.76767677e-01 3.05379270e-01 3.05379102e-01 1.67978905e-07
6.16161616e-01 6.76767677e-01 3.33220205e-01 3.33220022e-01 1.83293207e-07
6.26262626e-01 6.76767677e-01 3.60725616e-01 3.60725418e-01 1.98422949e-07
6.36363636e-01 6.76767677e-01 3.87867807e-01 3.87867593e-01 2.13352896e-07
6.46464646e-01 6.76767677e-01 4.14619447e-01 4.14619219e-01 2.28068014e-07
6.56565657e-01 6.76767677e-01 4.40953601e-01 4.40953359e-01 2.42553488e-07
6.66666667e-01 6.76767677e-01 4.66843752e-01 4.66843495e-01 2.56794730e-07
6.76767677e-01 6.76767677e-01 4.92263831e-01 4.92263560e-01 2.70777402e-07
6.86868687e-01 6.76767677e-01 5.17188242e-01 5.17187957e-01 2.84487424e-07
6.96969697e-01 6.76767677e-01 5.41591888e-01 5.41591590e-01 2.97910991e-07
7.07070707e-01 6.76767677e-01 5.65450197e-01 5.65449886e-01 3.11034587e-07
7.17171717e-01 6.76767677e-01 5.88739146e-01 5.88738822e-01 3.23844998e-07
7.27272727e-01 6.76767677e-01 6.11435284e-01 6.11434948e-01 3.36329324e-07
7.37373737e-01 6.76767677e-01 6.33515759e-01 6.33515411e-01 3.48474996e-07
7.47474747e-01 6.76767677e-01 6.54958337e-01 6.54957977e-01 3.60269782e-07
7.57575758e-01 6.76767677e-01 6.75741428e-01 6.75741056e-01 3.71701807e-07
7.67676768e-01 6.76767677e-01 6.95844104e-01 6.95843721e-01 3.82759560e-07
7.77777778e-01 6.76767677e-01 7.15246124e-01 7.15245731e-01 3.93431907e-07
7.87878788e-01 6.76767677e-01 7.33927952e-01 7.33927548e-01 4.03708101e-07
7.97979798e-01 6.76767677e-01 7.51870777e-01 7.51870363e-01 4.13577795e-07
8.08080808e-01 6.76767677e-01 7.69056531e-01 7.69056108e-01 4.23031052e-07
8.18181818e-01 6.76767677e-01 7.85467911e-01 7.85467479e-01 4.32058351e-07
8.28282828e-01 6.76767677e-01 8.01088392e-01 8.01087951e-01 4.40650605e-07
8.38383838e-01 6.76767677e-01 8.15902244e-01 8.15901795e-01 4.48799161e-07
8.48484848e-01 6.76767677e-01 8.29894552e-01 8.29894095e-01 4.56495815e-07
8.58585859e-01 6.76767677e-01 8.43051226e-01 8.43050762e-01 4.63732815e-07
8.68686869e-01 6.76767677e-01 8.55359019e-01 8.55358549e-01 4.70502876e-07
8.78787879e-01 6.76767677e-01 8.66805538e-01 8.66805061e-01 4.76799181e-07
8.88888889e-01 6.76767677e-01 8.77379258e-01 8.77378775e-01 4.82615389e-07
8.98989899e-01 6.76767677e-01 8.87069531e-01 8.87069043e-01 4.87945645e-07
9.09090909e-01 6.76767677e-01 8.95866600e-01 8.95866107e-01 4.92784580e-07
9.19191919e-01 6.76767677e-01 9.03761607e-01 9.03761110e-01 4.97127322e-07
9.29292929e-01 6.76767677e-01 9.10746603e-01 9.10746102e-01 5.00969475e-07
9.39393939e-01 6.76767677e-01 9.16814555e-01 9.16814050e-01 5.04306893e-07
9.49494949e-01 6.76767677e-01 9.21959351e-01 9.21958844e-01 5.07132858e-07
9.59595960e-01 6.76767677e-01 9.26175813e-01 9.26175304e-01 5.09429009e-07
9.69696970e-01 6.76767677e-01 9.29459694e-01 9.29459184e-01 5.10890924e-07
9.79797980e-01 6.76767677e-01 9.31807684e-01 9.31807177e-01 5.07499284e-07
9.89898990e-01 6.76767677e-01 9.33217374e-01 9.33216919e-01 4.55414110e-07
1.00000000e+00 6.76767677e-01 9.33686990e-01 9.33686990e-01 0.00000000e+00
0.00000000e+00 6.86868687e-01 -9.78319546e-01 -9.78319546e-01 0.00000000e+00
1.01010101e-02 6.86868687e-01 -9.77827480e-01 -9.77827003e-01 4.77188027e-07
2.02020202e-02 6.86868687e-01 -9.76350404e-01 -9.76349872e-01 5.31763440e-07
3.03030303e-02 6.86868687e-01 -9.73890174e-01 -9.73889639e-01 5.35317185e-07
4.04040404e-02 6.86868687e-01 -9.70449316e-01 -9.70448782e-01 5.33785109e-07
5.05050505e-02 6.86868687e-01 -9.66031296e-01 -9.66030765e-01 5.31377973e-07
6.06060606e-02 6.86868687e-01 -9.60640565e-01 -9.60640037e-01 5.28414030e-07
7.07070707e-02 6.86868687e-01 -9.54282551e-01 -9.54282026e-01 5.24916761e-07
8.08080808e-02 6.86868687e-01 -9.46963655e-01 -9.46963134e-01 5.20890879e-07
9.09090909e-02 6.86868687e-01 -9.38691246e-01 -9.38690730e-01 5.16340500e-07
1.01010101e-01 6.86868687e-01 -9.29473656e-01 -9.29473144e-01 5.11270211e-07
1.11111111e-01 6.86868687e-01 -9.19320164e-01 -9.19319658e-01 5.05685115e-07
1.21212121e-01 6.86868687e-01 -9.08240994e-01 -9.08240494e-01 4.99590838e-07
1.31313131e-01 6.86868687e-01 -8.96247303e-01 -8.96246810e-01 4.92993515e-07
1.41414141e-01 6.86868687e-01 -8.83351167e-01 -8.83350681e-01 4.85899789e-07
1.51515152e-01 6.86868687e-01 -8.69565571e-01 -8.69565092e-01 4.78316803e-07
1.61616162e-01 6.86868687e-01 -8.54904396e-01 -8.54903926e-01 4.70252193e-07
1.71717172e-01 6.86868687e-01 -8.39382405e-01 -8.39381943e-01 4.61714079e-07
1.81818182e-01 6.86868687e-01 -8.23015227e-01 -8.23014774e-01 4.52711057e-07
1.91919192e-01 6.86868687e-01 -8.05819342e-01 -8.05818899e-01 4.43252195e-07
2.02020202e-01 6.86868687e-01 -7.87812066e-01 -7.87811633e-01 4.33347014e-07
2.12121212e-01 6.86868687e-01 -7.69011530e-01 -7.69011107e-01 4.23005490e-07
2.22222222e-01 6.86868687e-01 -7.49436664e-01 -7.49436252e-01 4.12238036e-07
2.32323232e-01 6.86868687e-01 -7.29107179e-01 -7.29106778e-01 4.01055492e-07
2.42424242e-01 6.86868687e-01 -7.08043545e-01 -7.08043155e-01 3.89469120e-07
2.52525253e-01 6.86868687e-01 -6.86266971e-01 -6.86266593e-01 3.77490585e-07
2.62626263e-01 6.86868687e-01 -6.63799384e-01 -6.63799019e-01 3.65131950e-07
2.72727273e-01 6.86868687e-01 -6.40663408e-01 -6.40663056e-01 3.52405657e-07
2.82828283e-01 6.86868687e-01 -6.16882338e-01 -6.16881999e-01 3.39324522e-07
2.92929293e-01 6.86868687e-01 -5.92480120e-01 -5.92479794e-01 3.25901716e-07
3.03030303e-01 6.86868687e-01 -5.67481324e-01 -5.67481012e-01 3.12150754e-07
3.13131313e-01 6.86868687e-01 -5.41911123e-01 -5.41910825e-01 2.98085483e-07
3.23232323e-01 6.86868687e-01 -5.15795264e-01 -5.15794980e-01 2.83720065e-07
3.33333333e-01 6.86868687e-01 -4.89160042e-01 -4.89159773e-01 2.69068965e-07
3.43434343e-01 6.86868687e-01 -4.62032277e-01 -4.62032023e-01 2.54146936e-07
3.53535354e-01 6.86868687e-01 -4.34439286e-01 -4.34439047e-01 2.38969002e-07
3.63636364e-01 6.86868687e-01 -4.06408850e-01 -4.06408627e-01 2.23550446e-07
3.73737374e-01 6.86868687e-01 -3.77969196e-01 -3.77968988e-01 2.07906794e-07
3.83838384e-01 6.86868687e-01 -3.49148958e-01 -3.49148766e-01 1.92053798e-07
3.93939394e-01 6.86868687e-01 -3.19977157e-01 -3.19976981e-01 1.76007420e-07
4.04040404e-01 6.86868687e-01 -2.90483166e-01 -2.90483007e-01 1.59783817e-07
4.14141414e-01 6.86868687e-01 -2.60696684e-01 -2.60696540e-01 1.43399326e-07
4.24242424e-01 6.86868687e-01 -2.30647702e-01 -2.30647575e-01 1.26870443e-07
4.34343434e-01 6.86868687e-01 -2.00366477e-01 -2.00366366e-01 1.10213813e-07
4.44444444e-01 6.86868687e-01 -1.69883500e-01 -1.69883406e-01 9.34462065e-08
4.54545455e-01 6.86868687e-01 -1.39229465e-01 -1.39229388e-01 7.65845078e-08
4.64646465e-01 6.86868687e-01 -1.08435237e-01 -1.08435177e-01 5.96456951e-08
4.74747475e-01 6.86868687e-01 -7.75318244e-02 -7.75317818e-02 4.26468242e-08
4.84848485e-01 6.86868687e-01 -4.65503439e-02 -4.65503183e-02 2.56050113e-08
4.94949495e-01 6.86868687e-01 -1.55219911e-02 -1.55219825e-02 8.53741665e-09
5.05050505e-01 6.86868687e-01 1.55219911e-02 1.55219825e-02 8.53877454e-09
5.15151515e-01 6.86868687e-01 4.65503439e-02 4.65503183e-02 2.56063679e-08
5.25252525e-01 6.86868687e-01 7.75318244e-02 7.75317818e-02 4.26481779e-08
5.35353535e-01 6.86868687e-01 1.08435237e-01 1.08435177e-01 5.96470448e-08
5.45454545e-01 6.86868687e-01 1.39229465e-01 1.39229388e-01 7.65858520e-08
5.55555556e-01 6.86868687e-01 1.69883500e-01 1.69883406e-01 9.34475440e-08
5.65656566e-01 6.86868687e-01 2.00366477e-01 2.00366366e-01 1.10215142e-07
5.75757576e-01 6.86868687e-01 2.30647702e-01 2.30647575e-01 1.26871763e-07
5.85858586e-01 6.86868687e-01 2.60696684e-01 2.60696540e-01 1.43400635e-07
5.95959596e-01 6.86868687e-01 2.90483166e-01 2.90483007e-01 1.59785114e-07
6.06060606e-01 6.86868687e-01 3.19977157e-01 3.19976981e-01 1.76008703e-07
6.16161616e-01 6.86868687e-01 3.49148958e-01 3.49148766e-01 1.92055067e-07
6.26262626e-01 6.86868687e-01 3.77969196e-01 3.77968988e-01 2.07908047e-07
6.36363636e-01 6.86868687e-01 4.06408850e-01 4.06408627e-01 2.23551682e-07
6.46464646e-01 6.86868687e-01 4.34439286e-01 4.34439047e-01 2.38970219e-07
6.56565657e-01 6.86868687e-01 4.62032277e-01 4.62032023e-01 2.54148133e-07
6.66666667e-01 6.86868687e-01 4.89160042e-01 4.89159773e-01 2.69070141e-07
6.76767677e-01 6.86868687e-01 5.15795264e-01 5.15794980e-01 2.83721219e-07
6.86868687e-01 6.86868687e-01 5.41911123e-01 5.41910825e-01 2.98086613e-07
6.96969697e-01 6.86868687e-01 5.67481324e-01 5.67481012e-01 3.12151860e-07
7.07070707e-01 6.86868687e-01 5.92480120e-01 5.92479794e-01 3.25902796e-07
7.17171717e-01 6.86868687e-01 6.16882338e-01 6.16881999e-01 3.39325576e-07
7.27272727e-01 6.86868687e-01 6.40663408e-01 6.40663056e-01 3.52406684e-07
7.37373737e-01 6.86868687e-01 6.63799384e-01 6.63799019e-01 3.65132947e-07
7.47474747e-01 6.86868687e-01 6.86266971e-01 6.86266593e-01 3.77491553e-07
7.57575758e-01 6.86868687e-01 7.08043545e-01 7.08043155e-01 3.89470057e-07
7.67676768e-01 6.86868687e-01 7.29107179e-01 7.29106778e-01 4.01056398e-07
7.77777778e-01 6.86868687e-01 7.49436664e-01 7.49436252e-01 4.12238909e-07
7.87878788e-01 6.86868687e-01 7.69011530e-01 7.69011107e-01 4.23006330e-07
7.97979798e-01 6.86868687e-01 7.87812066e-01 7.87811633e-01 4.33347820e-07
8.08080808e-01 6.86868687e-01 8.05819342e-01 8.05818899e-01 4.43252965e-07
8.18181818e-01 6.86868687e-01 8.23015227e-01 8.23014774e-01 4.52711792e-07
8.28282828e-01 6.86868687e-01 8.39382405e-01 8.39381943e-01 4.61714776e-07
8.38383838e-01 6.86868687e-01 8.54904396e-01 8.54903926e-01 4.70252853e-07
8.48484848e-01 6.86868687e-01 8.69565571e-01 8.69565092e-01 4.78317425e-07
8.58585859e-01 6.86868687e-01 8.83351167e-01 8.83350681e-01 4.85900372e-07
8.68686869e-01 6.86868687e-01 8.96247303e-01 8.96246810e-01 4.92994059e-07
8.78787879e-01 6.86868687e-01 9.08240994e-01 9.08240494e-01 4.99591343e-07
8.88888889e-01 6.86868687e-01 9.19320164e-01 9.19319658e-01 5.05685580e-07
8.98989899e-01 6.86868687e-01 9.29473656e-01 9.29473144e-01 5.11270635e-07
9.09090909e-01 6.86868687e-01 9.38691246e-01 9.38690730e-01 5.16340883e-07
9.19191919e-01 6.86868687e-01 9.46963655e-01 9.46963134e-01 5.20891218e-07
9.29292929e-01 6.86868687e-01 9.54282551e-01 9.54282026e-01 5.24917036e-07
9.39393939e-01 6.86868687e-01 9.60640565e-01 9.60640037e-01 5.28413991e-07
9.49494949e-01 6.86868687e-01 9.66031296e-01 9.66030765e-01 5.31375046e-07
9.59595960e-01 6.86868687e-01 9.70449316e-01 9.70448782e-01 5.33780974e-07
9.69696970e-01 6.86868687e-01 9.73890174e-01 9.73889639e-01 5.35312776e-07
9.79797980e-01 6.86868687e-01 9.76350404e-01 9.76349872e-01 5.31759009e-07
9.89898990e-01 6.86868687e-01 9.77827480e-01 9.77827003e-01 4.77184035e-07
1.00000000e+00 6.86868687e-01 9.78319546e-01 9.78319546e-01 0.00000000e+00
0.00000000e+00 6.96969697e-01 -9.98374540e-01 -9.98374540e-01 0.00000000e+00
1.01010101e-02 6.96969697e-01 -9.97872387e-01 -9.97871900e-01 4.86970091e-07
2.02020202e-02 6.96969697e-01 -9.96365031e-01 -9.96364489e-01 5.42664267e-07
3.03030303e-02 6.96969697e-01 -9.93854369e-01 -9.93853822e-01 5.46290861e-07
4.04040404e-02 6.96969697e-01 -9.90342974e-01 -9.90342429e-01 5.44727379e-07
5.05050505e-02 6.96969697e-01 -9.85834388e-01 -9.85833846e-01 5.42270898e-07
6.06060606e-02 6.96969697e-01 -9.80333150e-01 -9.80332611e-01 5.39246195e-07
7.07070707e-02 6.96969697e-01 -9.73844800e-01 -9.73844264e-01 5.35677235e-07
8.08080808e-02 6.96969697e-01 -9.66375871e-01 -9.66375339e-01 5.31568825e-07
9.09090909e-02 6.96969697e-01 -9.57933883e-01 -9.57933356e-01 5.26925166e-07
1.01010101e-01 6.96969697e-01 -9.48527336e-01 -9.48526815e-01 5.21750939e-07
1.11111111e-01 6.96969697e-01 -9.38165704e-01 -9.38165188e-01 5.16051352e-07
1.21212121e-01 6.96969697e-01 -9.26859417e-01 -9.26858908e-01 5.09832146e-07
1.31313131e-01 6.96969697e-01 -9.14619862e-01 -9.14619359e-01 5.03099582e-07
1.41414141e-01 6.96969697e-01 -9.01459363e-01 -9.01458867e-01 4.95860439e-07
1.51515152e-01 6.96969697e-01 -8.87391170e-01 -8.87390682e-01 4.88122007e-07
1.61616162e-01 6.96969697e-01 -8.72429449e-01 -8.72428969e-01 4.79892077e-07
1.71717172e-01 6.96969697e-01 -8.56589266e-01 -8.56588795e-01 4.71178937e-07
1.81818182e-01 6.96969697e-01 -8.39886570e-01 -8.39886108e-01 4.61991359e-07
1.91919192e-01 6.96969697e-01 -8.22338180e-01 -8.22337728e-01 4.52338596e-07
2.02020202e-01 6.96969697e-01 -8.03961765e-01 -8.03961323e-01 4.42230365e-07
2.12121212e-01 6.96969697e-01 -7.84775828e-01 -7.84775396e-01 4.31676846e-07
2.22222222e-01 6.96969697e-01 -7.64799689e-01 -7.64799268e-01 4.20688665e-07
2.32323232e-01 6.96969697e-01 -7.44053461e-01 -7.44053052e-01 4.09276887e-07
2.42424242e-01 6.96969697e-01 -7.22558034e-01 -7.22557637e-01 3.97453001e-07
2.52525253e-01 6.96969697e-01 -7.00335053e-01 -7.00334668e-01 3.85228914e-07
2.62626263e-01 6.96969697e-01 -6.77406894e-01 -6.77406521e-01 3.72616934e-07
2.72727273e-01 6.96969697e-01 -6.53796643e-01 -6.53796284e-01 3.59629760e-07
2.82828283e-01 6.96969697e-01 -6.29528075e-01 -6.29527729e-01 3.46280470e-07
2.92929293e-01 6.96969697e-01 -6.04625625e-01 -6.04625293e-01 3.32582504e-07
3.03030303e-01 6.96969697e-01 -5.79114369e-01 -5.79114050e-01 3.18549656e-07
3.13131313e-01 6.96969697e-01 -5.53019993e-01 -5.53019689e-01 3.04196056e-07
3.23232323e-01 6.96969697e-01 -5.26368773e-01 -5.26368483e-01 2.89536155e-07
3.33333333e-01 6.96969697e-01 -4.99187544e-01 -4.99187270e-01 2.74584717e-07
3.43434343e-01 6.96969697e-01 -4.71503676e-01 -4.71503417e-01 2.59356795e-07
3.53535354e-01 6.96969697e-01 -4.43345044e-01 -4.43344800e-01 2.43867723e-07
3.63636364e-01 6.96969697e-01 -4.14740000e-01 -4.14739772e-01 2.28133096e-07
3.73737374e-01 6.96969697e-01 -3.85717349e-01 -3.85717137e-01 2.12168759e-07
3.83838384e-01 6.96969697e-01 -3.56306313e-01 -3.56306117e-01 1.95990786e-07
3.93939394e-01 6.96969697e-01 -3.26536507e-01 -3.26536327e-01 1.79615467e-07
4.04040404e-01 6.96969697e-01 -2.96437906e-01 -2.96437743e-01 1.63059290e-07
4.14141414e-01 6.96969697e-01 -2.66040817e-01 -2.66040671e-01 1.46338927e-07
4.24242424e-01 6.96969697e-01 -2.35375848e-01 -2.35375719e-01 1.29471212e-07
4.34343434e-01 6.96969697e-01 -2.04473875e-01 -2.04473763e-01 1.12473131e-07
4.44444444e-01 6.96969697e-01 -1.73366015e-01 -1.73365919e-01 9.53617992e-08
4.54545455e-01 6.96969697e-01 -1.42083589e-01 -1.42083511e-01 7.81544460e-08
4.64646465e-01 6.96969697e-01 -1.10658098e-01 -1.10658037e-01 6.08683980e-08
4.74747475e-01 6.96969697e-01 -7.91211827e-02 -7.91211392e-02 4.35210607e-08
4.84848485e-01 6.96969697e-01 -4.75045994e-02 -4.75045733e-02 2.61299010e-08
4.94949495e-01 6.96969697e-01 -1.58401830e-02 -1.58401743e-02 8.71243109e-09
5.05050505e-01 6.96969697e-01 1.58401831e-02 1.58401743e-02 8.71381160e-09
5.15151515e-01 6.96969697e-01 4.75045994e-02 4.75045733e-02 2.61312802e-08
5.25252525e-01 6.96969697e-01 7.91211827e-02 7.91211392e-02 4.35224369e-08
5.35353535e-01 6.96969697e-01 1.10658098e-01 1.10658037e-01 6.08697702e-08
5.45454545e-01 6.96969697e-01 1.42083589e-01 1.42083511e-01 7.81558127e-08
5.55555556e-01 6.96969697e-01 1.73366015e-01 1.73365919e-01 9.53631590e-08
5.65656566e-01 6.96969697e-01 2.04473875e-01 2.04473763e-01 1.12474483e-07
5.75757576e-01 6.96969697e-01 2.35375848e-01 2.35375719e-01 1.29472554e-07
5.85858586e-01 6.96969697e-01 2.66040817e-01 2.66040671e-01 1.46340258e-07
5.95959596e-01 6.96969697e-01 2.96437906e-01 2.96437743e-01 1.63060609e-07
6.06060606e-01 6.96969697e-01 3.26536507e-01 3.26536327e-01 1.79616772e-07
6.16161616e-01 6.96969697e-01 3.56306313e-01 3.56306117e-01 1.95992076e-07
6.26262626e-01 6.96969697e-01 3.85717349e-01 3.85717137e-01 2.12170033e-07
6.36363636e-01 6.96969697e-01 4.14740000e-01 4.14739772e-01 2.28134352e-07
6.46464646e-01 6.96969697e-01 4.43345044e-01 4.43344800e-01 2.43868960e-07
6.56565657e-01 6.96969697e-01 4.71503676e-01 4.71503417e-01 2.59358012e-07
6.66666667e-01 6.96969697e-01 4.99187544e-01 4.99187270e-01 2.74585913e-07
6.76767677e-01 6.96969697e-01 5.26368773e-01 5.26368483e-01 2.89537329e-07
6.86868687e-01 6.96969697e-01 5.53019993e-01 5.53019689e-01 3.04197205e-07
6.96969697e-01 6.96969697e-01 5.79114369e-01 5.79114050e-01 3.18550781e-07
7.07070707e-01 6.96969697e-01 6.04625625e-01 6.04625293e-01 3.32583602e-07
7.17171717e-01 6.96969697e-01 6.29528075e-01 6.29527729e-01 3.46281541e-07
7.27272727e-01 6.96969697e-01 6.53796643e-01 6.53796284e-01 3.59630804e-07
7.37373737e-01 6.96969697e-01 6.77406894e-01 6.77406521e-01 3.72617948e-07
7.47474747e-01 6.96969697e-01 7.00335053e-01 7.00334668e-01 3.85229898e-07
7.57575758e-01 6.96969697e-01 7.22558034e-01 7.22557637e-01 3.97453954e-07
7.67676768e-01 6.96969697e-01 7.44053461e-01 7.44053052e-01 4.09277808e-07
7.77777778e-01 6.96969697e-01 7.64799689e-01 7.64799268e-01 4.20689553e-07
7.87878788e-01 6.96969697e-01 7.84775828e-01 7.84775396e-01 4.31677700e-07
7.97979798e-01 6.96969697e-01 8.03961765e-01 8.03961323e-01 4.42231184e-07
8.08080808e-01 6.96969697e-01 8.22338180e-01 8.22337728e-01 4.52339379e-07
8.18181818e-01 6.96969697e-01 8.39886570e-01 8.39886108e-01 4.61992106e-07
8.28282828e-01 6.96969697e-01 8.56589266e-01 8.56588795e-01 4.71179646e-07
8.38383838e-01 6.96969697e-01 8.72429449e-01 8.72428969e-01 4.79892748e-07
8.48484848e-01 6.96969697e-01 8.87391170e-01 8.87390682e-01 4.88122640e-07
8.58585859e-01 6.96969697e-01 9.01459363e-01 9.01458867e-01 4.95861032e-07
8.68686869e-01 6.96969697e-01 9.14619862e-01 9.14619359e-01 5.03100135e-07
8.78787879e-01 6.96969697e-01 9.26859417e-01 9.26858908e-01 5.09832659e-07
8.88888889e-01 6.96969697e-01 9.38165704e-01 9.38165188e-01 5.16051825e-07
8.98989899e-01 6.96969697e-01 9.48527336e-01 9.48526815e-01 5.21751370e-07
9.09090909e-01 6.96969697e-01 9.57933883e-01 9.57933356e-01 5.26925555e-07
9.19191919e-01 6.96969697e-01 9.66375871e-01 9.66375339e-01 5.31569170e-07
9.29292929e-01 6.96969697e-01 9.73844800e-01 9.73844264e-01 5.35677514e-07
9.39393939e-01 6.96969697e-01 9.80333150e-01 9.80332611e-01 5.39246155e-07
9.49494949e-01 6.96969697e-01 9.85834388e-01 9.85833846e-01 5.42267910e-07
9.59595960e-01 6.96969697e-01 9.90342974e-01 9.90342429e-01 5.44723173e-07
9.69696970e-01 6.96969697e-01 9.93854369e-01 9.93853822e-01 5.46286382e-07
9.79797980e-01 6.96969697e-01 9.96365031e-01 9.96364489e-01 5.42659765e-07
9.89898990e-01 6.96969697e-01 9.97872387e-01 9.97871900e-01 4.86966036e-07
1.00000000e+00 6.96969697e-01 9.98374540e-01 9.98374540e-01 0.00000000e+00
0.00000000e+00 7.07070707e-01 -9.93348146e-01 -9.93348146e-01 0.00000000e+00
1.01010101e-02 7.07070707e-01 -9.92848522e-01 -9.92848037e-01 4.84518383e-07
2.02020202e-02 7.07070707e-01 -9.91348755e-01 -9.91348215e-01 5.39932161e-07
3.03030303e-02 7.07070707e-01 -9.88850732e-01 -9.88850189e-01 5.43540496e-07
4.04040404e-02 7.07070707e-01 -9.85357016e-01 -9.85356474e-01 5.41984885e-07
5.05050505e-02 7.07070707e-01 -9.80871129e-01 -9.80870589e-01 5.39540772e-07
6.06060606e-02 7.07070707e-01 -9.75397587e-01 -9.75397051e-01 5.36531298e-07
7.07070707e-02 7.07070707e-01 -9.68941903e-01 -9.68941370e-01 5.32980306e-07
8.08080808e-02 7.07070707e-01 -9.61510577e-01 -9.61510048e-01 5.28892580e-07
9.09090909e-02 7.07070707e-01 -9.53111091e-01 -9.53110566e-01 5.24272301e-07
1.01010101e-01 7.07070707e-01 -9.43751902e-01 -9.43751383e-01 5.19124123e-07
1.11111111e-01 7.07070707e-01 -9.33442436e-01 -9.33441923e-01 5.13453232e-07
1.21212121e-01 7.07070707e-01 -9.22193072e-01 -9.22192565e-01 5.07265338e-07
1.31313131e-01 7.07070707e-01 -9.10015138e-01 -9.10014638e-01 5.00566669e-07
1.41414141e-01 7.07070707e-01 -8.96920896e-01 -8.96920403e-01 4.93363973e-07
1.51515152e-01 7.07070707e-01 -8.82923531e-01 -8.82923045e-01 4.85664501e-07
1.61616162e-01 7.07070707e-01 -8.68037136e-01 -8.68036658e-01 4.77476006e-07
1.71717172e-01 7.07070707e-01 -8.52276701e-01 -8.52276233e-01 4.68806733e-07
1.81818182e-01 7.07070707e-01 -8.35658097e-01 -8.35657637e-01 4.59665411e-07
1.91919192e-01 7.07070707e-01 -8.18198055e-01 -8.18197605e-01 4.50061245e-07
2.02020202e-01 7.07070707e-01 -7.99914157e-01 -7.99913717e-01 4.40003907e-07
2.12121212e-01 7.07070707e-01 -7.80824814e-01 -7.80824384e-01 4.29503521e-07
2.22222222e-01 7.07070707e-01 -7.60949246e-01 -7.60948827e-01 4.18570661e-07
2.32323232e-01 7.07070707e-01 -7.40307466e-01 -7.40307059e-01 4.07216336e-07
2.42424242e-01 7.07070707e-01 -7.18920260e-01 -7.18919865e-01 3.95451979e-07
2.52525253e-01 7.07070707e-01 -6.96809162e-01 -6.96808779e-01 3.83289436e-07
2.62626263e-01 7.07070707e-01 -6.73996437e-01 -6.73996066e-01 3.70740952e-07
2.72727273e-01 7.07070707e-01 -6.50505054e-01 -6.50504696e-01 3.57819164e-07
2.82828283e-01 7.07070707e-01 -6.26358667e-01 -6.26358323e-01 3.44537082e-07
2.92929293e-01 7.07070707e-01 -6.01581591e-01 -6.01581260e-01 3.30908081e-07
3.03030303e-01 7.07070707e-01 -5.76198773e-01 -5.76198456e-01 3.16945883e-07
3.13131313e-01 7.07070707e-01 -5.50235771e-01 -5.50235468e-01 3.02664547e-07
3.23232323e-01 7.07070707e-01 -5.23718729e-01 -5.23718441e-01 2.88078454e-07
3.33333333e-01 7.07070707e-01 -4.96674346e-01 -4.96674073e-01 2.73202291e-07
3.43434343e-01 7.07070707e-01 -4.69129855e-01 -4.69129596e-01 2.58051035e-07
3.53535354e-01 7.07070707e-01 -4.41112989e-01 -4.41112746e-01 2.42639945e-07
3.63636364e-01 7.07070707e-01 -4.12651960e-01 -4.12651733e-01 2.26984536e-07
3.73737374e-01 7.07070707e-01 -3.83775425e-01 -3.83775214e-01 2.11100573e-07
3.83838384e-01 7.07070707e-01 -3.54512461e-01 -3.54512266e-01 1.95004050e-07
3.93939394e-01 7.07070707e-01 -3.24892534e-01 -3.24892355e-01 1.78711175e-07
4.04040404e-01 7.07070707e-01 -2.94945467e-01 -2.94945304e-01 1.62238352e-07
4.14141414e-01 7.07070707e-01 -2.64701414e-01 -2.64701269e-01 1.45602169e-07
4.24242424e-01 7.07070707e-01 -2.34190830e-01 -2.34190701e-01 1.28819377e-07
4.34343434e-01 7.07070707e-01 -2.03444436e-01 -2.03444324e-01 1.11906875e-07
4.44444444e-01 7.07070707e-01 -1.72493190e-01 -1.72493095e-01 9.48816917e-08
4.54545455e-01 7.07070707e-01 -1.41368258e-01 -1.41368181e-01 7.77609708e-08
4.64646465e-01 7.07070707e-01 -1.10100981e-01 -1.10100920e-01 6.05619515e-08
4.74747475e-01 7.07070707e-01 -7.87228410e-02 -7.87227977e-02 4.33019513e-08
4.84848485e-01 7.07070707e-01 -4.72654339e-02 -4.72654079e-02 2.59983496e-08
4.94949495e-01 7.07070707e-01 -1.57604344e-02 -1.57604258e-02 8.66856991e-09
5.05050505e-01 7.07070707e-01 1.57604344e-02 1.57604258e-02 8.66993833e-09
5.15151515e-01 7.07070707e-01 4.72654339e-02 4.72654079e-02 2.59997166e-08
5.25252525e-01 7.07070707e-01 7.87228410e-02 7.87227977e-02 4.33033156e-08
5.35353535e-01 7.07070707e-01 1.10100981e-01 1.10100920e-01 6.05633117e-08
5.45454545e-01 7.07070707e-01 1.41368258e-01 1.41368181e-01 7.77623256e-08
5.55555556e-01 7.07070707e-01 1.72493190e-01 1.72493095e-01 9.48830396e-08
5.65656566e-01 7.07070707e-01 2.03444436e-01 2.03444324e-01 1.11908214e-07
5.75757576e-01 7.07070707e-01 2.34190830e-01 2.34190701e-01 1.28820707e-07
5.85858586e-01 7.07070707e-01 2.64701414e-01 2.64701269e-01 1.45603488e-07
5.95959596e-01 7.07070707e-01 2.94945467e-01 2.94945304e-01 1.62239659e-07
6.06060606e-01 7.07070707e-01 3.24892534e-01 3.24892355e-01 1.78712468e-07
6.16161616e-01 7.07070707e-01 3.54512461e-01 3.54512266e-01 1.95005329e-07
6.26262626e-01 7.07070707e-01 3.83775425e-01 3.83775214e-01 2.11101836e-07
6.36363636e-01 7.07070707e-01 4.12651960e-01 4.12651733e-01 2.26985781e-07
6.46464646e-01 7.07070707e-01 4.41112989e-01 4.41112746e-01 2.42641171e-07
6.56565657e-01 7.07070707e-01 4.69129855e-01 4.69129596e-01 2.58052242e-07
6.66666667e-01 7.07070707e-01 4.96674346e-01 4.96674073e-01 2.73203476e-07
6.76767677e-01 7.07070707e-01 5.23718729e-01 5.23718441e-01 2.88079617e-07
6.86868687e-01 7.07070707e-01 5.50235771e-01 5.50235468e-01 3.02665687e-07
6.96969697e-01 7.07070707e-01 5.76198773e-01 5.76198456e-01 3.16946998e-07
7.07070707e-01 7.07070707e-01 6.01581591e-01 6.01581260e-01 3.30909170e-07
7.17171717e-01 7.07070707e-01 6.26358667e-01 6.26358323e-01 3.44538145e-07
7.27272727e-01 7.07070707e-01 6.50505054e-01 6.50504696e-01 3.57820198e-07
7.37373737e-01 7.07070707e-01 6.73996437e-01 6.73996066e-01 3.70741957e-07
7.47474747e-01 7.07070707e-01 6.96809162e-01 6.96808779e-01 3.83290411e-07
7.57575758e-01 7.07070707e-01 7.18920260e-01 7.18919865e-01 3.95452924e-07
7.67676768e-01 7.07070707e-01 7.40307466e-01 7.40307059e-01 4.07217249e-07
7.77777778e-01 7.07070707e-01 7.60949246e-01 7.60948827e-01 4.18571541e-07
7.87878788e-01 7.07070707e-01 7.80824814e-01 7.80824384e-01 4.29504367e-07
7.97979798e-01 7.07070707e-01 7.99914157e-01 7.99913717e-01 4.40004718e-07
8.08080808e-01 7.07070707e-01 8.18198055e-01 8.18197605e-01 4.50062022e-07
8.18181818e-01 7.07070707e-01 8.35658097e-01 8.35657637e-01 4.59666151e-07
8.28282828e-01 7.07070707e-01 8.52276701e-01 8.52276233e-01 4.68807436e-07
8.38383838e-01 7.07070707e-01 8.68037136e-01 8.68036658e-01 4.77476671e-07
8.48484848e-01 7.07070707e-01 8.82923531e-01 8.82923045e-01 4.85665128e-07
8.58585859e-01 7.07070707e-01 8.96920896e-01 8.96920403e-01 4.93364561e-07
8.68686869e-01 7.07070707e-01 9.10015138e-01 9.10014638e-01 5.00567218e-07
8.78787879e-01 7.07070707e-01 9.22193072e-01 9.22192565e-01 5.07265846e-07
8.88888889e-01 7.07070707e-01 9.33442436e-01 9.33441923e-01 5.13453701e-07
8.98989899e-01 7.07070707e-01 9.43751902e-01 9.43751383e-01 5.19124550e-07
9.09090909e-01 7.07070707e-01 9.53111091e-01 9.53110566e-01 5.24272686e-07
9.19191919e-01 7.07070707e-01 9.61510577e-01 9.61510048e-01 5.28892922e-07
9.29292929e-01 7.07070707e-01 9.68941903e-01 9.68941370e-01 5.32980583e-07
9.39393939e-01 7.07070707e-01 9.75397587e-01 9.75397051e-01 5.36531257e-07
9.49494949e-01 7.07070707e-01 9.80871129e-01 9.80870589e-01 5.39537800e-07
9.59595960e-01 7.07070707e-01 9.85357016e-01 9.85356474e-01 5.41980716e-07
9.69696970e-01 7.07070707e-01 9.88850732e-01 9.88850189e-01 5.43536061e-07
9.79797980e-01 7.07070707e-01 9.91348755e-01 9.91348215e-01 5.39927703e-07
9.89898990e-01 7.07070707e-01 9.92848522e-01 9.92848037e-01 4.84514368e-07
1.00000000e+00 7.07070707e-01 9.93348146e-01 9.93348146e-01 0.00000000e+00
0.00000000e+00 7.17171717e-01 -9.63366639e-01 -9.63366639e-01 0.00000000e+00
1.01010101e-02 7.17171717e-01 -9.62882094e-01 -9.62881625e-01 4.69894497e-07
2.02020202e-02 7.17171717e-01 -9.61427594e-01 -9.61427070e-01 5.23635758e-07
3.03030303e-02 7.17171717e-01 -9.59004967e-01 -9.59004440e-01 5.27135186e-07
4.04040404e-02 7.17171717e-01 -9.55616700e-01 -9.55616174e-01 5.25626527e-07
5.05050505e-02 7.17171717e-01 -9.51266207e-01 -9.51265683e-01 5.23256183e-07
6.06060606e-02 7.17171717e-01 -9.45957869e-01 -9.45957349e-01 5.20337542e-07
7.07070707e-02 7.17171717e-01 -9.39697032e-01 -9.39696515e-01 5.16893727e-07
8.08080808e-02 7.17171717e-01 -9.32490000e-01 -9.32489487e-01 5.12929378e-07
9.09090909e-02 7.17171717e-01 -9.24344029e-01 -9.24343521e-01 5.08448550e-07
1.01010101e-01 7.17171717e-01 -9.15267323e-01 -9.15266819e-01 5.03455757e-07
1.11111111e-01 7.17171717e-01 -9.05269020e-01 -9.05268522e-01 4.97956026e-07
1.21212121e-01 7.17171717e-01 -8.94359187e-01 -8.94358695e-01 4.91954896e-07
1.31313131e-01 7.17171717e-01 -8.82548811e-01 -8.82548325e-01 4.85458409e-07
1.41414141e-01 7.17171717e-01 -8.69849783e-01 -8.69849304e-01 4.78473107e-07
1.51515152e-01 7.17171717e-01 -8.56274890e-01 -8.56274419e-01 4.71006023e-07
1.61616162e-01 7.17171717e-01 -8.41837800e-01 -8.41837337e-01 4.63064676e-07
1.71717172e-01 7.17171717e-01 -8.26553052e-01 -8.26552597e-01 4.54657062e-07
1.81818182e-01 7.17171717e-01 -8.10436034e-01 -8.10435588e-01 4.45791646e-07
1.91919192e-01 7.17171717e-01 -7.93502976e-01 -7.93502540e-01 4.36477357e-07
2.02020202e-01 7.17171717e-01 -7.75770928e-01 -7.75770501e-01 4.26723572e-07
2.12121212e-01 7.17171717e-01 -7.57257744e-01 -7.57257328e-01 4.16540112e-07
2.22222222e-01 7.17171717e-01 -7.37982066e-01 -7.37981660e-01 4.05937231e-07
2.32323232e-01 7.17171717e-01 -7.17963303e-01 -7.17962908e-01 3.94925606e-07
2.42424242e-01 7.17171717e-01 -6.97221611e-01 -6.97221228e-01 3.83516325e-07
2.52525253e-01 7.17171717e-01 -6.75777877e-01 -6.75777505e-01 3.71720875e-07
2.62626263e-01 7.17171717e-01 -6.53653691e-01 -6.53653331e-01 3.59551134e-07
2.72727273e-01 7.17171717e-01 -6.30871331e-01 -6.30870984e-01 3.47019355e-07
2.82828283e-01 7.17171717e-01 -6.07453738e-01 -6.07453404e-01 3.34138157e-07
2.92929293e-01 7.17171717e-01 -5.83424490e-01 -5.83424169e-01 3.20920511e-07
3.03030303e-01 7.17171717e-01 -5.58807783e-01 -5.58807475e-01 3.07379724e-07
3.13131313e-01 7.17171717e-01 -5.33628404e-01 -5.33628110e-01 2.93529433e-07
3.23232323e-01 7.17171717e-01 -5.07911706e-01 -5.07911427e-01 2.79383582e-07
3.33333333e-01 7.17171717e-01 -4.81683584e-01 -4.81683319e-01 2.64956415e-07
3.43434343e-01 7.17171717e-01 -4.54970448e-01 -4.54970198e-01 2.50262460e-07
3.53535354e-01 7.17171717e-01 -4.27799195e-01 -4.27798960e-01 2.35316512e-07
3.63636364e-01 7.17171717e-01 -4.00197185e-01 -4.00196965e-01 2.20133620e-07
3.73737374e-01 7.17171717e-01 -3.72192210e-01 -3.72192005e-01 2.04729072e-07
3.83838384e-01 7.17171717e-01 -3.43812469e-01 -3.43812280e-01 1.89118379e-07
3.93939394e-01 7.17171717e-01 -3.15086538e-01 -3.15086364e-01 1.73317260e-07
4.04040404e-01 7.17171717e-01 -2.86043341e-01 -2.86043184e-01 1.57341625e-07
4.14141414e-01 7.17171717e-01 -2.56712123e-01 -2.56711982e-01 1.41207561e-07
4.24242424e-01 7.17171717e-01 -2.27122418e-01 -2.27122293e-01 1.24931312e-07
4.34343434e-01 7.17171717e-01 -1.97304020e-01 -1.97303911e-01 1.08529269e-07
4.44444444e-01 7.17171717e-01 -1.67286953e-01 -1.67286861e-01 9.20179451e-08
4.54545455e-01 7.17171717e-01 -1.37101443e-01 -1.37101367e-01 7.54139673e-08
4.64646465e-01 7.17171717e-01 -1.06777883e-01 -1.06777824e-01 5.87340541e-08
4.74747475e-01 7.17171717e-01 -7.63468066e-02 -7.63467646e-02 4.19950008e-08
4.84848485e-01 7.17171717e-01 -4.58388555e-02 -4.58388303e-02 2.52136618e-08
4.94949495e-01 7.17171717e-01 -1.52847487e-02 -1.52847403e-02 8.40693496e-09
5.05050505e-01 7.17171717e-01 1.52847487e-02 1.52847403e-02 8.40825696e-09
5.15151515e-01 7.17171717e-01 4.58388555e-02 4.58388303e-02 2.52149824e-08
5.25252525e-01 7.17171717e-01 7.63468066e-02 7.63467646e-02 4.19963187e-08
5.35353535e-01 7.17171717e-01 1.06777883e-01 1.06777824e-01 5.87353682e-08
5.45454545e-01 7.17171717e-01 1.37101443e-01 1.37101367e-01 7.54152760e-08
5.55555556e-01 7.17171717e-01 1.67286953e-01 1.67286861e-01 9.20192473e-08
5.65656566e-01 7.17171717e-01 1.97304020e-01 1.97303911e-01 1.08530563e-07
5.75757576e-01 7.17171717e-01 2.27122418e-01 2.27122293e-01 1.24932597e-07
5.85858586e-01 7.17171717e-01 2.56712123e-01 2.56711982e-01 1.41208835e-07
5.95959596e-01 7.17171717e-01 2.86043341e-01 2.86043184e-01 1.57342888e-07
6.06060606e-01 7.17171717e-01 3.15086538e-01 3.15086364e-01 1.73318509e-07
6.16161616e-01 7.17171717e-01 3.43812469e-01 3.43812280e-01 1.89119614e-07
6.26262626e-01 7.17171717e-01 3.72192210e-01 3.72192005e-01 2.04730291e-07
6.36363636e-01 7.17171717e-01 4.00197185e-01 4.00196965e-01 2.20134822e-07
6.46464646e-01 7.17171717e-01 4.27799195e-01 4.27798960e-01 2.35317696e-07
6.56565657e-01 7.17171717e-01 4.54970448e-01 4.54970198e-01 2.50263625e-07
6.66666667e-01 7.17171717e-01 4.81683584e-01 4.81683319e-01 2.64957560e-07
6.76767677e-01 7.17171717e-01 5.07911706e-01 5.07911427e-01 2.79384705e-07
6.86868687e-01 7.17171717e-01 5.33628404e-01 5.33628110e-01 2.93530533e-07
6.96969697e-01 7.17171717e-01 5.58807783e-01 5.58807475e-01 3.07380801e-07
7.07070707e-01 7.17171717e-01 5.83424490e-01 5.83424169e-01 3.20921563e-07
7.17171717e-01 7.17171717e-01 6.07453738e-01 6.07453404e-01 3.34139184e-07
7.27272727e-01 7.17171717e-01 6.30871331e-01 6.30870984e-01 3.47020355e-07
7.37373737e-01 7.17171717e-01 6.53653691e-01 6.53653331e-01 3.59552105e-07
7.47474747e-01 7.17171717e-01 6.75777877e-01 6.75777505e-01 3.71721818e-07
7.57575758e-01 7.17171717e-01 6.97221611e-01 6.97221228e-01 3.83517237e-07
7.67676768e-01 7.17171717e-01 7.17963303e-01 7.17962908e-01 3.94926488e-07
7.77777778e-01 7.17171717e-01 7.37982066e-01 7.37981660e-01 4.05938081e-07
7.87878788e-01 7.17171717e-01 7.57257744e-01 7.57257328e-01 4.16540929e-07
7.97979798e-01 7.17171717e-01 7.75770928e-01 7.75770501e-01 4.26724356e-07
8.08080808e-01 7.17171717e-01 7.93502976e-01 7.93502540e-01 4.36478106e-07
8.18181818e-01 7.17171717e-01 8.10436034e-01 8.10435588e-01 4.45792361e-07
8.28282828e-01 7.17171717e-01 8.26553052e-01 8.26552597e-01 4.54657741e-07
8.38383838e-01 7.17171717e-01 8.41837800e-01 8.41837337e-01 4.63065319e-07
8.48484848e-01 7.17171717e-01 8.56274890e-01 8.56274419e-01 4.71006629e-07
8.58585859e-01 7.17171717e-01 8.69849783e-01 8.69849304e-01 4.78473676e-07
8.68686869e-01 7.17171717e-01 8.82548811e-01 8.82548325e-01 4.85458940e-07
8.78787879e-01 7.17171717e-01 8.94359187e-01 8.94358695e-01 4.91955388e-07
8.88888889e-01 7.17171717e-01 9.05269020e-01 9.05268522e-01 4.97956478e-07
8.98989899e-01 7.17171717e-01 9.15267323e-01 9.15266819e-01 5.03456169e-07
9.09090909e-01 7.17171717e-01 9.24344029e-01 9.24343521e-01 5.08448922e-07
9.19191919e-01 7.17171717e-01 9.32490000e-01 9.32489487e-01 5.12929708e-07
9.29292929e-01 7.17171717e-01 9.39697032e-01 9.39696515e-01 5.16893994e-07
9.39393939e-01 7.17171717e-01 9.45957869e-01 9.45957349e-01 5.20337501e-07
9.49494949e-01 7.17171717e-01 9.51266207e-01 9.51265683e-01 5.23253301e-07
9.59595960e-01 7.17171717e-01 9.55616700e-01 9.55616174e-01 5.25622499e-07
9.69696970e-01 7.17171717e-01 9.59004967e-01 9.59004440e-01 5.27130904e-07
9.79797980e-01 7.17171717e-01 9.61427594e-01 9.61427070e-01 5.23631456e-07
9.89898990e-01 7.17171717e-01 9.62882094e-01 9.62881625e-01 4.69890622e-07
1.00000000e+00 7.17171717e-01 9.63366639e-01 9.63366639e-01 0.00000000e+00
0.00000000e+00 7.27272727e-01 -9.09183221e-01 -9.09183221e-01 0.00000000e+00
1.01010101e-02 7.27272727e-01 -9.08725929e-01 -9.08725485e-01 4.43465817e-07
2.02020202e-02 7.27272727e-01 -9.07353235e-01 -9.07352741e-01 4.94184462e-07
3.03030303e-02 7.27272727e-01 -9.05066866e-01 -9.05066369e-01 4.97487068e-07
4.04040404e-02 7.27272727e-01 -9.01869168e-01 -9.01868672e-01 4.96063262e-07
5.05050505e-02 7.27272727e-01 -8.97763363e-01 -8.97762869e-01 4.93826236e-07
6.06060606e-02 7.27272727e-01 -8.92753587e-01 -8.92753095e-01 4.91071750e-07
7.07070707e-02 7.27272727e-01 -8.86844883e-01 -8.86844395e-01 4.87821629e-07
8.08080808e-02 7.27272727e-01 -8.80043202e-01 -8.80042718e-01 4.84080250e-07
9.09090909e-02 7.27272727e-01 -8.72355392e-01 -8.72354912e-01 4.79851441e-07
1.01010101e-01 7.27272727e-01 -8.63789194e-01 -8.63788719e-01 4.75139462e-07
1.11111111e-01 7.27272727e-01 -8.54353233e-01 -8.54352763e-01 4.69949058e-07
1.21212121e-01 7.27272727e-01 -8.44057012e-01 -8.44056547e-01 4.64285455e-07
1.31313131e-01 7.27272727e-01 -8.32910896e-01 -8.32910438e-01 4.58154355e-07
1.41414141e-01 7.27272727e-01 -8.20926110e-01 -8.20925658e-01 4.51561933e-07
1.51515152e-01 7.27272727e-01 -8.08114720e-01 -8.08114276e-01 4.44514827e-07
1.61616162e-01 7.27272727e-01 -7.94489628e-01 -7.94489191e-01 4.37020132e-07
1.71717172e-01 7.27272727e-01 -7.80064552e-01 -7.80064123e-01 4.29085395e-07
1.81818182e-01 7.27272727e-01 -7.64854017e-01 -7.64853596e-01 4.20718605e-07
1.91919192e-01 7.27272727e-01 -7.48873339e-01 -7.48872927e-01 4.11928187e-07
2.02020202e-01 7.27272727e-01 -7.32138609e-01 -7.32138206e-01 4.02722992e-07
2.12121212e-01 7.27272727e-01 -7.14666677e-01 -7.14666284e-01 3.93112289e-07
2.22222222e-01 7.27272727e-01 -6.96475137e-01 -6.96474754e-01 3.83105756e-07
2.32323232e-01 7.27272727e-01 -6.77582305e-01 -6.77581933e-01 3.72713467e-07
2.42424242e-01 7.27272727e-01 -6.58007206e-01 -6.58006844e-01 3.61945888e-07
2.52525253e-01 7.27272727e-01 -6.37769548e-01 -6.37769198e-01 3.50813860e-07
2.62626263e-01 7.27272727e-01 -6.16889711e-01 -6.16889372e-01 3.39328592e-07
2.72727273e-01 7.27272727e-01 -5.95388719e-01 -5.95388391e-01 3.27501649e-07
2.82828283e-01 7.27272727e-01 -5.73288220e-01 -5.73287905e-01 3.15344940e-07
2.92929293e-01 7.27272727e-01 -5.50610469e-01 -5.50610166e-01 3.02870704e-07
3.03030303e-01 7.27272727e-01 -5.27378299e-01 -5.27378009e-01 2.90091504e-07
3.13131313e-01 7.27272727e-01 -5.03615105e-01 -5.03614828e-01 2.77020206e-07
3.23232323e-01 7.27272727e-01 -4.79344812e-01 -4.79344549e-01 2.63669973e-07
3.33333333e-01 7.27272727e-01 -4.54591860e-01 -4.54591610e-01 2.50054246e-07
3.43434343e-01 7.27272727e-01 -4.29381173e-01 -4.29380937e-01 2.36186735e-07
3.53535354e-01 7.27272727e-01 -4.03738135e-01 -4.03737913e-01 2.22081405e-07
3.63636364e-01 7.27272727e-01 -3.77688567e-01 -3.77688359e-01 2.07752457e-07
3.73737374e-01 7.27272727e-01 -3.51258699e-01 -3.51258506e-01 1.93214321e-07
3.83838384e-01 7.27272727e-01 -3.24475143e-01 -3.24474964e-01 1.78481633e-07
3.93939394e-01 7.27272727e-01 -2.97364868e-01 -2.97364704e-01 1.63569231e-07
4.04040404e-01 7.27272727e-01 -2.69955172e-01 -2.69955023e-01 1.48492127e-07
4.14141414e-01 7.27272727e-01 -2.42273653e-01 -2.42273520e-01 1.33265505e-07
4.24242424e-01 7.27272727e-01 -2.14348186e-01 -2.14348068e-01 1.17904696e-07
4.34343434e-01 7.27272727e-01 -1.86206889e-01 -1.86206786e-01 1.02425166e-07
4.44444444e-01 7.27272727e-01 -1.57878096e-01 -1.57878009e-01 8.68425032e-08
4.54545455e-01 7.27272727e-01 -1.29390334e-01 -1.29390263e-01 7.11723972e-08
4.64646465e-01 7.27272727e-01 -1.00772287e-01 -1.00772232e-01 5.54306268e-08
4.74747475e-01 7.27272727e-01 -7.20527706e-02 -7.20527310e-02 3.96330424e-08
4.84848485e-01 7.27272727e-01 -4.32607033e-02 -4.32606795e-02 2.37955507e-08
4.94949495e-01 7.27272727e-01 -1.44250760e-02 -1.44250681e-02 7.93409914e-09
5.05050505e-01 7.27272727e-01 1.44250760e-02 1.44250681e-02 7.93534147e-09
5.15151515e-01 7.27272727e-01 4.32607033e-02 4.32606795e-02 2.37967918e-08
5.25252525e-01 7.27272727e-01 7.20527706e-02 7.20527310e-02 3.96342809e-08
5.35353535e-01 7.27272727e-01 1.00772287e-01 1.00772232e-01 5.54318617e-08
5.45454545e-01 7.27272727e-01 1.29390334e-01 1.29390263e-01 7.11736271e-08
5.55555556e-01 7.27272727e-01 1.57878096e-01 1.57878009e-01 8.68437269e-08
5.65656566e-01 7.27272727e-01 1.86206889e-01 1.86206786e-01 1.02426382e-07
5.75757576e-01 7.27272727e-01 2.14348186e-01 2.14348068e-01 1.17905903e-07
5.85858586e-01 7.27272727e-01 2.42273653e-01 2.42273520e-01 1.33266703e-07
5.95959596e-01 7.27272727e-01 2.69955172e-01 2.69955023e-01 1.48493314e-07
6.06060606e-01 7.27272727e-01 2.97364868e-01 2.97364704e-01 1.63570405e-07
6.16161616e-01 7.27272727e-01 3.24475143e-01 3.24474964e-01 1.78482794e-07
6.26262626e-01 7.27272727e-01 3.51258699e-01 3.51258506e-01 1.93215467e-07
6.36363636e-01 7.27272727e-01 3.77688567e-01 3.77688359e-01 2.07753588e-07
6.46464646e-01 7.27272727e-01 4.03738135e-01 4.03737913e-01 2.22082518e-07
6.56565657e-01 7.27272727e-01 4.29381173e-01 4.29380937e-01 2.36187831e-07
6.66666667e-01 7.27272727e-01 4.54591860e-01 4.54591610e-01 2.50055322e-07
6.76767677e-01 7.27272727e-01 4.79344812e-01 4.79344549e-01 2.63671029e-07
6.86868687e-01 7.27272727e-01 5.03615105e-01 5.03614828e-01 2.77021241e-07
6.96969697e-01 7.27272727e-01 5.27378299e-01 5.27378009e-01 2.90092516e-07
7.07070707e-01 7.27272727e-01 5.50610469e-01 5.50610166e-01 3.02871693e-07
7.17171717e-01 7.27272727e-01 5.73288220e-01 5.73287905e-01 3.15345904e-07
7.27272727e-01 7.27272727e-01 5.95388719e-01 5.95388391e-01 3.27502588e-07
7.37373737e-01 7.27272727e-01 6.16889711e-01 6.16889372e-01 3.39329505e-07
7.47474747e-01 7.27272727e-01 6.37769548e-01 6.37769198e-01 3.50814745e-07
7.57575758e-01 7.27272727e-01 6.58007206e-01 6.58006844e-01 3.61946745e-07
7.67676768e-01 7.27272727e-01 6.77582305e-01 6.77581933e-01 3.72714296e-07
7.77777778e-01 7.27272727e-01 6.96475137e-01 6.96474754e-01 3.83106554e-07
7.87878788e-01 7.27272727e-01 7.14666677e-01 7.14666284e-01 3.93113057e-07
7.97979798e-01 7.27272727e-01 7.32138609e-01 7.32138206e-01 4.02723729e-07
8.08080808e-01 7.27272727e-01 7.48873339e-01 7.48872927e-01 4.11928892e-07
8.18181818e-01 7.27272727e-01 7.64854017e-01 7.64853596e-01 4.20719276e-07
8.28282828e-01 7.27272727e-01 7.80064552e-01 7.80064123e-01 4.29086033e-07
8.38383838e-01 7.27272727e-01 7.94489628e-01 7.94489191e-01 4.37020736e-07
8.48484848e-01 7.27272727e-01 8.08114720e-01 8.08114276e-01 4.44515397e-07
8.58585859e-01 7.27272727e-01 8.20926110e-01 8.20925658e-01 4.51562468e-07
8.68686869e-01 7.27272727e-01 8.32910896e-01 8.32910438e-01 4.58154854e-07
8.78787879e-01 7.27272727e-01 8.44057012e-01 8.44056547e-01 4.64285916e-07
8.88888889e-01 7.27272727e-01 8.54353233e-01 8.54352763e-01 4.69949483e-07
8.98989899e-01 7.27272727e-01 8.63789194e-01 8.63788719e-01 4.75139850e-07
9.09090909e-01 7.27272727e-01 8.72355392e-01 8.72354912e-01 4.79851791e-07
9.19191919e-01 7.27272727e-01 8.80043202e-01 8.80042718e-01 4.84080561e-07
9.29292929e-01 7.27272727e-01 8.86844883e-01 8.86844395e-01 4.87821880e-07
9.39393939e-01 7.27272727e-01 8.92753587e-01 8.92753095e-01 4.91071711e-07
9.49494949e-01 7.27272727e-01 8.97763363e-01 8.97762869e-01 4.93823516e-07
9.59595960e-01 7.27272727e-01 9.01869168e-01 9.01868672e-01 4.96059476e-07
9.69696970e-01 7.27272727e-01 9.05066866e-01 9.05066369e-01 4.97483049e-07
9.79797980e-01 7.27272727e-01 9.07353235e-01 9.07352741e-01 4.94180424e-07
9.89898990e-01 7.27272727e-01 9.08725929e-01 9.08725485e-01 4.43462179e-07
1.00000000e+00 7.27272727e-01 9.09183221e-01 9.09183221e-01 0.00000000e+00
0.00000000e+00 7.37373737e-01 -8.32159099e-01 -8.32159099e-01 0.00000000e+00
1.01010101e-02 7.37373737e-01 -8.31740548e-01 -8.31740142e-01 4.05896289e-07
2.02020202e-02 7.37373737e-01 -8.30484146e-01 -8.30483694e-01 4.52318154e-07
3.03030303e-02 7.37373737e-01 -8.28391474e-01 -8.28391018e-01 4.55340970e-07
4.04040404e-02 7.37373737e-01 -8.25464678e-01 -8.25464224e-01 4.54037786e-07
5.05050505e-02 7.37373737e-01 -8.21706708e-01 -8.21706256e-01 4.51990275e-07
6.06060606e-02 7.37373737e-01 -8.17121350e-01 -8.17120900e-01 4.49469145e-07
7.07070707e-02 7.37373737e-01 -8.11713219e-01 -8.11712773e-01 4.46494367e-07
8.08080808e-02 7.37373737e-01 -8.05487763e-01 -8.05487319e-01 4.43069950e-07
9.09090909e-02 7.37373737e-01 -7.98451248e-01 -7.98450809e-01 4.39199398e-07
1.01010101e-01 7.37373737e-01 -7.90610760e-01 -7.90610326e-01 4.34886608e-07
1.11111111e-01 7.37373737e-01 -7.81974195e-01 -7.81973765e-01 4.30135924e-07
1.21212121e-01 7.37373737e-01 -7.72550248e-01 -7.72549823e-01 4.24952130e-07
1.31313131e-01 7.37373737e-01 -7.62348408e-01 -7.62347989e-01 4.19340445e-07
1.41414141e-01 7.37373737e-01 -7.51378948e-01 -7.51378535e-01 4.13306521e-07
1.51515152e-01 7.37373737e-01 -7.39652913e-01 -7.39652506e-01 4.06856431e-07
1.61616162e-01 7.37373737e-01 -7.27182110e-01 -7.27181710e-01 3.99996671e-07
1.71717172e-01 7.37373737e-01 -7.13979097e-01 -7.13978704e-01 3.92734149e-07
1.81818182e-01 7.37373737e-01 -7.00057167e-01 -7.00056782e-01 3.85076177e-07
1.91919192e-01 7.37373737e-01 -6.85430339e-01 -6.85429962e-01 3.77030465e-07
2.02020202e-01 7.37373737e-01 -6.70113341e-01 -6.70112972e-01 3.68605116e-07
2.12121212e-01 7.37373737e-01 -6.54121595e-01 -6.54121235e-01 3.59808612e-07
2.22222222e-01 7.37373737e-01 -6.37471204e-01 -6.37470854e-01 3.50649813e-07
2.32323232e-01 7.37373737e-01 -6.20178934e-01 -6.20178593e-01 3.41137938e-07
2.42424242e-01 7.37373737e-01 -6.02262197e-01 -6.02261865e-01 3.31282566e-07
2.52525253e-01 7.37373737e-01 -5.83739032e-01 -5.83738711e-01 3.21093621e-07
2.62626263e-01 7.37373737e-01 -5.64628091e-01 -5.64627781e-01 3.10581362e-07
2.72727273e-01 7.37373737e-01 -5.44948618e-01 -5.44948318e-01 2.99756374e-07
2.82828283e-01 7.37373737e-01 -5.24720428e-01 -5.24720139e-01 2.88629556e-07
2.92929293e-01 7.37373737e-01 -5.03963889e-01 -5.03963612e-01 2.77212113e-07
3.03030303e-01 7.37373737e-01 -4.82699901e-01 -4.82699635e-01 2.65515541e-07
3.13131313e-01 7.37373737e-01 -4.60949875e-01 -4.60949621e-01 2.53551617e-07
3.23232323e-01 7.37373737e-01 -4.38735712e-01 -4.38735470e-01 2.41332388e-07
3.33333333e-01 7.37373737e-01 -4.16079778e-01 -4.16079550e-01 2.28870158e-07
3.43434343e-01 7.37373737e-01 -3.93004888e-01 -3.93004672e-01 2.16177475e-07
3.53535354e-01 7.37373737e-01 -3.69534276e-01 -3.69534072e-01 2.03267120e-07
3.63636364e-01 7.37373737e-01 -3.45691573e-01 -3.45691383e-01 1.90152092e-07
3.73737374e-01 7.37373737e-01 -3.21500789e-01 -3.21500612e-01 1.76845597e-07
3.83838384e-01 7.37373737e-01 -2.96986280e-01 -2.96986117e-01 1.63361033e-07
3.93939394e-01 7.37373737e-01 -2.72172731e-01 -2.72172582e-01 1.49711979e-07
4.04040404e-01 7.37373737e-01 -2.47085128e-01 -2.47084992e-01 1.35912177e-07
4.14141414e-01 7.37373737e-01 -2.21748731e-01 -2.21748609e-01 1.21975523e-07
4.24242424e-01 7.37373737e-01 -1.96189051e-01 -1.96188943e-01 1.07916051e-07
4.34343434e-01 7.37373737e-01 -1.70431826e-01 -1.70431732e-01 9.37479158e-08
4.44444444e-01 7.37373737e-01 -1.44502991e-01 -1.44502911e-01 7.94853847e-08
4.54545455e-01 7.37373737e-01 -1.18428653e-01 -1.18428588e-01 6.51428185e-08
4.64646465e-01 7.37373737e-01 -9.22350673e-02 -9.22350166e-02 5.07346590e-08
4.74747475e-01 7.37373737e-01 -6.59486090e-02 -6.59485727e-02 3.62754140e-08
4.84848485e-01 7.37373737e-01 -3.95957460e-02 -3.95957242e-02 2.17796426e-08
4.94949495e-01 7.37373737e-01 -1.32030134e-02 -1.32030062e-02 7.26194111e-09
5.05050505e-01 7.37373737e-01 1.32030134e-02 1.32030062e-02 7.26307257e-09
5.15151515e-01 7.37373737e-01 3.95957460e-02 3.95957242e-02 2.17807729e-08
5.25252525e-01 7.37373737e-01 6.59486090e-02 6.59485727e-02 3.62765419e-08
5.35353535e-01 7.37373737e-01 9.22350673e-02 9.22350166e-02 5.07357836e-08
5.45454545e-01 7.37373737e-01 1.18428653e-01 1.18428588e-01 6.51439385e-08
5.55555556e-01 7.37373737e-01 1.44502991e-01 1.44502911e-01 7.94864991e-08
5.65656566e-01 7.37373737e-01 1.70431826e-01 1.70431732e-01 9.37490234e-08
5.75757576e-01 7.37373737e-01 1.96189051e-01 1.96188943e-01 1.07917150e-07
5.85858586e-01 7.37373737e-01 2.21748731e-01 2.21748609e-01 1.21976614e-07
5.95959596e-01 7.37373737e-01 2.47085128e-01 2.47084992e-01 1.35913258e-07
6.06060606e-01 7.37373737e-01 2.72172731e-01 2.72172582e-01 1.49713048e-07
6.16161616e-01 7.37373737e-01 2.96986280e-01 2.96986117e-01 1.63362090e-07
6.26262626e-01 7.37373737e-01 3.21500789e-01 3.21500612e-01 1.76846640e-07
6.36363636e-01 7.37373737e-01 3.45691573e-01 3.45691383e-01 1.90153121e-07
6.46464646e-01 7.37373737e-01 3.69534276e-01 3.69534072e-01 2.03268134e-07
6.56565657e-01 7.37373737e-01 3.93004888e-01 3.93004672e-01 2.16178472e-07
6.66666667e-01 7.37373737e-01 4.16079778e-01 4.16079550e-01 2.28871138e-07
6.76767677e-01 7.37373737e-01 4.38735712e-01 4.38735470e-01 2.41333350e-07
6.86868687e-01 7.37373737e-01 4.60949875e-01 4.60949621e-01 2.53552559e-07
6.96969697e-01 7.37373737e-01 4.82699901e-01 4.82699635e-01 2.65516463e-07
7.07070707e-01 7.37373737e-01 5.03963889e-01 5.03963612e-01 2.77213013e-07
7.17171717e-01 7.37373737e-01 5.24720428e-01 5.24720139e-01 2.88630434e-07
7.27272727e-01 7.37373737e-01 5.44948618e-01 5.44948318e-01 2.99757229e-07
7.37373737e-01 7.37373737e-01 5.64628091e-01 5.64627781e-01 3.10582193e-07
7.47474747e-01 7.37373737e-01 5.83739032e-01 5.83738711e-01 3.21094427e-07
7.57575758e-01 7.37373737e-01 6.02262197e-01 6.02261865e-01 3.31283347e-07
7.67676768e-01 7.37373737e-01 6.20178934e-01 6.20178593e-01 3.41138692e-07
7.77777778e-01 7.37373737e-01 6.37471204e-01 6.37470854e-01 3.50650540e-07
7.87878788e-01 7.37373737e-01 6.54121595e-01 6.54121235e-01 3.59809312e-07
7.97979798e-01 7.37373737e-01 6.70113341e-01 6.70112972e-01 3.68605787e-07
8.08080808e-01 7.37373737e-01 6.85430339e-01 6.85429962e-01 3.77031107e-07
8.18181818e-01 7.37373737e-01 7.00057167e-01 7.00056782e-01 3.85076788e-07
8.28282828e-01 7.37373737e-01 7.13979097e-01 7.13978704e-01 3.92734730e-07
8.38383838e-01 7.37373737e-01 7.27182110e-01 7.27181710e-01 3.99997221e-07
8.48484848e-01 7.37373737e-01 7.39652913e-01 7.39652506e-01 4.06856949e-07
8.58585859e-01 7.37373737e-01 7.51378948e-01 7.51378535e-01 4.13307007e-07
8.68686869e-01 7.37373737e-01 7.62348408e-01 7.62347989e-01 4.19340900e-07
8.78787879e-01 7.37373737e-01 7.72550248e-01 7.72549823e-01 4.24952551e-07
8.88888889e-01 7.37373737e-01 7.81974195e-01 7.81973765e-01 4.30136311e-07
8.98989899e-01 7.37373737e-01 7.90610760e-01 7.90610326e-01 4.34886961e-07
9.09090909e-01 7.37373737e-01 7.98451248e-01 7.98450809e-01 4.39199716e-07
9.19191919e-01 7.37373737e-01 8.05487763e-01 8.05487319e-01 4.43070233e-07
9.29292929e-01 7.37373737e-01 8.11713219e-01 8.11712773e-01 4.46494596e-07
9.39393939e-01 7.37373737e-01 8.17121350e-01 8.17120900e-01 4.49469107e-07
9.49494949e-01 7.37373737e-01 8.21706708e-01 8.21706256e-01 4.51987787e-07
9.59595960e-01 7.37373737e-01 8.25464678e-01 8.25464224e-01 4.54034336e-07
9.69696970e-01 7.37373737e-01 8.28391474e-01 8.28391018e-01 4.55337313e-07
9.79797980e-01 7.37373737e-01 8.30484146e-01 8.30483694e-01 4.52314481e-07
9.89898990e-01 7.37373737e-01 8.31740548e-01 8.31740142e-01 4.05892981e-07
1.00000000e+00 7.37373737e-01 8.32159099e-01 8.32159099e-01 0.00000000e+00
0.00000000e+00 7.47474747e-01 -7.34229292e-01 -7.34229292e-01 0.00000000e+00
1.01010101e-02 7.47474747e-01 -7.33859996e-01 -7.33859638e-01 3.58129745e-07
2.02020202e-02 7.47474747e-01 -7.32751450e-01 -7.32751051e-01 3.99088607e-07
3.03030303e-02 7.47474747e-01 -7.30905046e-01 -7.30904645e-01 4.01755694e-07
4.04040404e-02 7.47474747e-01 -7.28322680e-01 -7.28322280e-01 4.00605871e-07
5.05050505e-02 7.47474747e-01 -7.25006955e-01 -7.25006556e-01 3.98799315e-07
6.06060606e-02 7.47474747e-01 -7.20961208e-01 -7.20960812e-01 3.96574875e-07
7.07070707e-02 7.47474747e-01 -7.16189515e-01 -7.16189121e-01 3.93950174e-07
8.08080808e-02 7.47474747e-01 -7.10696680e-01 -7.10696289e-01 3.90928749e-07
9.09090909e-02 7.47474747e-01 -7.04488234e-01 -7.04487846e-01 3.87513689e-07
1.01010101e-01 7.47474747e-01 -6.97570427e-01 -6.97570044e-01 3.83708436e-07
1.11111111e-01 7.47474747e-01 -6.89950227e-01 -6.89949847e-01 3.79516821e-07
1.21212121e-01 7.47474747e-01 -6.81635305e-01 -6.81634930e-01 3.74943064e-07
1.31313131e-01 7.47474747e-01 -6.72634034e-01 -6.72633664e-01 3.69991772e-07
1.41414141e-01 7.47474747e-01 -6.62955477e-01 -6.62955113e-01 3.64667929e-07
1.51515152e-01 7.47474747e-01 -6.52609381e-01 -6.52609022e-01 3.58976897e-07
1.61616162e-01 7.47474747e-01 -6.41606162e-01 -6.41605809e-01 3.52924405e-07
1.71717172e-01 7.47474747e-01 -6.29956900e-01 -6.29956554e-01 3.46516548e-07
1.81818182e-01 7.47474747e-01 -6.17673325e-01 -6.17672985e-01 3.39759779e-07
1.91919192e-01 7.47474747e-01 -6.04767806e-01 -6.04767473e-01 3.32660900e-07
2.02020202e-01 7.47474747e-01 -5.91253336e-01 -5.91253011e-01 3.25227060e-07
2.12121212e-01 7.47474747e-01 -5.77143524e-01 -5.77143207e-01 3.17465743e-07
2.22222222e-01 7.47474747e-01 -5.62452578e-01 -5.62452269e-01 3.09384766e-07
2.32323232e-01 7.47474747e-01 -5.47195290e-01 -5.47194989e-01 3.00992265e-07
2.42424242e-01 7.47474747e-01 -5.31387022e-01 -5.31386730e-01 2.92296689e-07
2.52525253e-01 7.47474747e-01 -5.15043693e-01 -5.15043410e-01 2.83306796e-07
2.62626263e-01 7.47474747e-01 -4.98181759e-01 -4.98181485e-01 2.74031637e-07
2.72727273e-01 7.47474747e-01 -4.80818197e-01 -4.80817933e-01 2.64480551e-07
2.82828283e-01 7.47474747e-01 -4.62970493e-01 -4.62970238e-01 2.54663156e-07
2.92929293e-01 7.47474747e-01 -4.44656616e-01 -4.44656372e-01 2.44589337e-07
3.03030303e-01 7.47474747e-01 -4.25895008e-01 -4.25894774e-01 2.34269237e-07
3.13131313e-01 7.47474747e-01 -4.06704560e-01 -4.06704336e-01 2.23713247e-07
3.23232323e-01 7.47474747e-01 -3.87104595e-01 -3.87104382e-01 2.12931997e-07
3.33333333e-01 7.47474747e-01 -3.67114848e-01 -3.67114646e-01 2.01936343e-07
3.43434343e-01 7.47474747e-01 -3.46755447e-01 -3.46755257e-01 1.90737356e-07
3.53535354e-01 7.47474747e-01 -3.26046894e-01 -3.26046714e-01 1.79346313e-07
3.63636364e-01 7.47474747e-01 -3.05010038e-01 -3.05009871e-01 1.67774683e-07
3.73737374e-01 7.47474747e-01 -2.83666064e-01 -2.83665908e-01 1.56034118e-07
3.83838384e-01 7.47474747e-01 -2.62036462e-01 -2.62036318e-01 1.44136440e-07
3.93939394e-01 7.47474747e-01 -2.40143011e-01 -2.40142879e-01 1.32093629e-07
4.04040404e-01 7.47474747e-01 -2.18007757e-01 -2.18007637e-01 1.19917811e-07
4.14141414e-01 7.47474747e-01 -1.95652987e-01 -1.95652879e-01 1.07621246e-07
4.24242424e-01 7.47474747e-01 -1.73101211e-01 -1.73101116e-01 9.52163150e-08
4.34343434e-01 7.47474747e-01 -1.50375138e-01 -1.50375055e-01 8.27155095e-08
4.44444444e-01 7.47474747e-01 -1.27497649e-01 -1.27497578e-01 7.01314166e-08
4.54545455e-01 7.47474747e-01 -1.04491780e-01 -1.04491723e-01 5.74767072e-08
4.64646465e-01 7.47474747e-01 -8.13806978e-02 -8.13806530e-02 4.47641237e-08
4.74747475e-01 7.47474747e-01 -5.81876717e-02 -5.81876397e-02 3.20064665e-08
4.84848485e-01 7.47474747e-01 -3.49360556e-02 -3.49360363e-02 1.92165814e-08
4.94949495e-01 7.47474747e-01 -1.16492618e-02 -1.16492554e-02 6.40734698e-09
5.05050505e-01 7.47474747e-01 1.16492618e-02 1.16492554e-02 6.40833914e-09
5.15151515e-01 7.47474747e-01 3.49360556e-02 3.49360363e-02 1.92175726e-08
5.25252525e-01 7.47474747e-01 5.81876717e-02 5.81876397e-02 3.20074556e-08
5.35353535e-01 7.47474747e-01 8.13806978e-02 8.13806530e-02 4.47651099e-08
5.45454545e-01 7.47474747e-01 1.04491780e-01 1.04491723e-01 5.74776894e-08
5.55555556e-01 7.47474747e-01 1.27497649e-01 1.27497578e-01 7.01323939e-08
5.65656566e-01 7.47474747e-01 1.50375138e-01 1.50375055e-01 8.27164807e-08
5.75757576e-01 7.47474747e-01 1.73101211e-01 1.73101116e-01 9.52172792e-08
5.85858586e-01 7.47474747e-01 1.95652987e-01 1.95652879e-01 1.07622202e-07
5.95959596e-01 7.47474747e-01 2.18007757e-01 2.18007637e-01 1.19918758e-07
6.06060606e-01 7.47474747e-01 2.40143011e-01 2.40142879e-01 1.32094567e-07
6.16161616e-01 7.47474747e-01 2.62036462e-01 2.62036318e-01 1.44137367e-07
6.26262626e-01 7.47474747e-01 2.83666064e-01 2.83665908e-01 1.56035033e-07
6.36363636e-01 7.47474747e-01 3.05010038e-01 3.05009871e-01 1.67775585e-07
6.46464646e-01 7.47474747e-01 3.26046894e-01 3.26046714e-01 1.79347202e-07
6.56565657e-01 7.47474747e-01 3.46755447e-01 3.46755257e-01 1.90738231e-07
6.66666667e-01 7.47474747e-01 3.67114848e-01 3.67114646e-01 2.01937202e-07
6.76767677e-01 7.47474747e-01 3.87104595e-01 3.87104382e-01 2.12932840e-07
6.86868687e-01 7.47474747e-01 4.06704560e-01 4.06704336e-01 2.23714073e-07
6.96969697e-01 7.47474747e-01 4.25895008e-01 4.25894774e-01 2.34270045e-07
7.07070707e-01 7.47474747e-01 4.44656616e-01 4.44656372e-01 2.44590126e-07
7.17171717e-01 7.47474747e-01 4.62970493e-01 4.62970238e-01 2.54663926e-07
7.27272727e-01 7.47474747e-01 4.80818197e-01 4.80817933e-01 2.64481301e-07
7.37373737e-01 7.47474747e-01 4.98181759e-01 4.98181485e-01 2.74032366e-07
7.47474747e-01 7.47474747e-01 5.15043693e-01 5.15043410e-01 2.83307504e-07
7.57575758e-01 7.47474747e-01 5.31387022e-01 5.31386730e-01 2.92297374e-07
7.67676768e-01 7.47474747e-01 5.47195290e-01 5.47194989e-01 3.00992926e-07
7.77777778e-01 7.47474747e-01 5.62452578e-01 5.62452269e-01 3.09385404e-07
7.87878788e-01 7.47474747e-01 5.77143524e-01 5.77143207e-01 3.17466357e-07
7.97979798e-01 7.47474747e-01 5.91253336e-01 5.91253011e-01 3.25227648e-07
8.08080808e-01 7.47474747e-01 6.04767806e-01 6.04767473e-01 3.32661463e-07
8.18181818e-01 7.47474747e-01 6.17673325e-01 6.17672985e-01 3.39760315e-07
8.28282828e-01 7.47474747e-01 6.29956900e-01 6.29956554e-01 3.46517058e-07
8.38383838e-01 7.47474747e-01 6.41606162e-01 6.41605809e-01 3.52924887e-07
8.48484848e-01 7.47474747e-01 6.52609381e-01 6.52609022e-01 3.58977351e-07
8.58585859e-01 7.47474747e-01 6.62955477e-01 6.62955113e-01 3.64668356e-07
8.68686869e-01 7.47474747e-01 6.72634034e-01 6.72633664e-01 3.69992170e-07
8.78787879e-01 7.47474747e-01 6.81635305e-01 6.81634930e-01 3.74943433e-07
8.88888889e-01 7.47474747e-01 6.89950227e-01 6.89949847e-01 3.79517160e-07
8.98989899e-01 7.47474747e-01 6.97570427e-01 6.97570044e-01 3.83708745e-07
9.09090909e-01 7.47474747e-01 7.04488234e-01 7.04487846e-01 3.87513969e-07
9.19191919e-01 7.47474747e-01 7.10696680e-01 7.10696289e-01 3.90928997e-07
9.29292929e-01 7.47474747e-01 7.16189515e-01 7.16189121e-01 3.93950375e-07
9.39393939e-01 7.47474747e-01 7.20961208e-01 7.20960812e-01 3.96574841e-07
9.49494949e-01 7.47474747e-01 7.25006955e-01 7.25006556e-01 3.98797120e-07
9.59595960e-01 7.47474747e-01 7.28322680e-01 7.28322280e-01 4.00602845e-07
9.69696970e-01 7.47474747e-01 7.30905046e-01 7.30904645e-01 4.01752492e-07
9.79797980e-01 7.47474747e-01 7.32751450e-01 7.32751051e-01 3.99085392e-07
9.89898990e-01 7.47474747e-01 7.33859996e-01 7.33859638e-01 3.58126849e-07
1.00000000e+00 7.47474747e-01 7.34229292e-01 7.34229292e-01 0.00000000e+00
0.00000000e+00 7.57575758e-01 -6.17854012e-01 -6.17854012e-01 0.00000000e+00
1.01010101e-02 7.57575758e-01 -6.17543250e-01 -6.17542949e-01 3.01366185e-07
2.02020202e-02 7.57575758e-01 -6.16610408e-01 -6.16610072e-01 3.35833069e-07
3.03030303e-02 7.57575758e-01 -6.15056660e-01 -6.15056321e-01 3.38077422e-07
4.04040404e-02 7.57575758e-01 -6.12883598e-01 -6.12883261e-01 3.37109846e-07
5.05050505e-02 7.57575758e-01 -6.10093415e-01 -6.10093079e-01 3.35589630e-07
6.06060606e-02 7.57575758e-01 -6.06688919e-01 -6.06688585e-01 3.33717763e-07
7.07070707e-02 7.57575758e-01 -6.02673539e-01 -6.02673207e-01 3.31509078e-07
8.08080808e-02 7.57575758e-01 -5.98051318e-01 -5.98050989e-01 3.28966549e-07
9.09090909e-02 7.57575758e-01 -5.92826910e-01 -5.92826583e-01 3.26092776e-07
1.01010101e-01 7.57575758e-01 -5.87005575e-01 -5.87005252e-01 3.22890655e-07
1.11111111e-01 7.57575758e-01 -5.80593175e-01 -5.80592856e-01 3.19363411e-07
1.21212121e-01 7.57575758e-01 -5.73596168e-01 -5.73595852e-01 3.15514595e-07
1.31313131e-01 7.57575758e-01 -5.66021597e-01 -5.66021286e-01 3.11348082e-07
1.41414141e-01 7.57575758e-01 -5.57877091e-01 -5.57876784e-01 3.06868069e-07
1.51515152e-01 7.57575758e-01 -5.49170850e-01 -5.49170548e-01 3.02079065e-07
1.61616162e-01 7.57575758e-01 -5.39911641e-01 -5.39911344e-01 2.96985893e-07
1.71717172e-01 7.57575758e-01 -5.30108786e-01 -5.30108494e-01 2.91593682e-07
1.81818182e-01 7.57575758e-01 -5.19772156e-01 -5.19771871e-01 2.85907860e-07
1.91919192e-01 7.57575758e-01 -5.08912161e-01 -5.08911881e-01 2.79934154e-07
2.02020202e-01 7.57575758e-01 -4.97539733e-01 -4.97539460e-01 2.73678577e-07
2.12121212e-01 7.57575758e-01 -4.85666326e-01 -4.85666058e-01 2.67147430e-07
2.22222222e-01 7.57575758e-01 -4.73303893e-01 -4.73303633e-01 2.60347287e-07
2.32323232e-01 7.57575758e-01 -4.60464884e-01 -4.60464630e-01 2.53284997e-07
2.42424242e-01 7.57575758e-01 -4.47162225e-01 -4.47161979e-01 2.45967670e-07
2.52525253e-01 7.57575758e-01 -4.33409312e-01 -4.33409074e-01 2.38402675e-07
2.62626263e-01 7.57575758e-01 -4.19219993e-01 -4.19219762e-01 2.30597629e-07
2.72727273e-01 7.57575758e-01 -4.04608554e-01 -4.04608332e-01 2.22560390e-07
2.82828283e-01 7.57575758e-01 -3.89589710e-01 -3.89589495e-01 2.14299052e-07
2.92929293e-01 7.57575758e-01 -3.74178581e-01 -3.74178375e-01 2.05821933e-07
3.03030303e-01 7.57575758e-01 -3.58390686e-01 -3.58390489e-01 1.97137568e-07
3.13131313e-01 7.57575758e-01 -3.42241922e-01 -3.42241734e-01 1.88254703e-07
3.23232323e-01 7.57575758e-01 -3.25748550e-01 -3.25748371e-01 1.79182281e-07
3.33333333e-01 7.57575758e-01 -3.08927176e-01 -3.08927006e-01 1.69929438e-07
3.43434343e-01 7.57575758e-01 -2.91794739e-01 -2.91794578e-01 1.60505491e-07
3.53535354e-01 7.57575758e-01 -2.74368489e-01 -2.74368338e-01 1.50919928e-07
3.63636364e-01 7.57575758e-01 -2.56665974e-01 -2.56665833e-01 1.41182401e-07
3.73737374e-01 7.57575758e-01 -2.38705017e-01 -2.38704886e-01 1.31302716e-07
3.83838384e-01 7.57575758e-01 -2.20503705e-01 -2.20503584e-01 1.21290820e-07
3.93939394e-01 7.57575758e-01 -2.02080365e-01 -2.02080253e-01 1.11156794e-07
4.04040404e-01 7.57575758e-01 -1.83453546e-01 -1.83453445e-01 1.00910843e-07
4.14141414e-01 7.57575758e-01 -1.64642006e-01 -1.64641915e-01 9.05632830e-08
4.24242424e-01 7.57575758e-01 -1.45664684e-01 -1.45664604e-01 8.01245336e-08
4.34343434e-01 7.57575758e-01 -1.26540691e-01 -1.26540622e-01 6.96051057e-08
4.44444444e-01 7.57575758e-01 -1.07289282e-01 -1.07289223e-01 5.90155914e-08
4.54545455e-01 7.57575758e-01 -8.79298422e-02 -8.79297938e-02 4.83666533e-08
4.64646465e-01 7.57575758e-01 -6.84818642e-02 -6.84818265e-02 3.76690141e-08
4.74747475e-01 7.57575758e-01 -4.89649307e-02 -4.89649038e-02 2.69334455e-08
4.84848485e-01 7.57575758e-01 -2.93986938e-02 -2.93986776e-02 1.61707570e-08
4.94949495e-01 7.57575758e-01 -9.80285481e-03 -9.80284941e-03 5.39178605e-09
5.05050505e-01 7.57575758e-01 9.80285481e-03 9.80284941e-03 5.39261399e-09
5.15151515e-01 7.57575758e-01 2.93986938e-02 2.93986776e-02 1.61715841e-08
5.25252525e-01 7.57575758e-01 4.89649307e-02 4.89649038e-02 2.69342709e-08
5.35353535e-01 7.57575758e-01 6.84818642e-02 6.84818265e-02 3.76698371e-08
5.45454545e-01 7.57575758e-01 8.79298422e-02 8.79297938e-02 4.83674729e-08
5.55555556e-01 7.57575758e-01 1.07289282e-01 1.07289223e-01 5.90164069e-08
5.65656566e-01 7.57575758e-01 1.26540691e-01 1.26540622e-01 6.96059162e-08
5.75757576e-01 7.57575758e-01 1.45664684e-01 1.45664604e-01 8.01253384e-08
5.85858586e-01 7.57575758e-01 1.64642006e-01 1.64641915e-01 9.05640812e-08
5.95959596e-01 7.57575758e-01 1.83453546e-01 1.83453445e-01 1.00911633e-07
6.06060606e-01 7.57575758e-01 2.02080365e-01 2.02080253e-01 1.11157576e-07
6.16161616e-01 7.57575758e-01 2.20503705e-01 2.20503584e-01 1.21291593e-07
6.26262626e-01 7.57575758e-01 2.38705017e-01 2.38704886e-01 1.31303479e-07
6.36363636e-01 7.57575758e-01 2.56665974e-01 2.56665833e-01 1.41183154e-07
6.46464646e-01 7.57575758e-01 2.74368489e-01 2.74368338e-01 1.50920670e-07
6.56565657e-01 7.57575758e-01 2.91794739e-01 2.91794578e-01 1.60506221e-07
6.66666667e-01 7.57575758e-01 3.08927176e-01 3.08927006e-01 1.69930155e-07
6.76767677e-01 7.57575758e-01 3.25748550e-01 3.25748371e-01 1.79182985e-07
6.86868687e-01 7.57575758e-01 3.42241922e-01 3.42241734e-01 1.88255393e-07
6.96969697e-01 7.57575758e-01 3.58390686e-01 3.58390489e-01 1.97138243e-07
7.07070707e-01 7.57575758e-01 3.74178581e-01 3.74178375e-01 2.05822592e-07
7.17171717e-01 7.57575758e-01 3.89589710e-01 3.89589495e-01 2.14299695e-07
7.27272727e-01 7.57575758e-01 4.04608554e-01 4.04608332e-01 2.22561016e-07
7.37373737e-01 7.57575758e-01 4.19219993e-01 4.19219762e-01 2.30598237e-07
7.47474747e-01 7.57575758e-01 4.33409312e-01 4.33409074e-01 2.38403265e-07
7.57575758e-01 7.57575758e-01 4.47162225e-01 4.47161979e-01 2.45968242e-07
7.67676768e-01 7.57575758e-01 4.60464884e-01 4.60464630e-01 2.53285549e-07
7.77777778e-01 7.57575758e-01 4.73303893e-01 4.73303633e-01 2.60347819e-07
7.87878788e-01 7.57575758e-01 4.85666326e-01 4.85666058e-01 2.67147941e-07
7.97979798e-01 7.57575758e-01 4.97539733e-01 4.97539460e-01 2.73679068e-07
8.08080808e-01 7.57575758e-01 5.08912161e-01 5.08911881e-01 2.79934623e-07
8.18181818e-01 7.57575758e-01 5.19772156e-01 5.19771871e-01 2.85908308e-07
8.28282828e-01 7.57575758e-01 5.30108786e-01 5.30108494e-01 2.91594107e-07
8.38383838e-01 7.57575758e-01 5.39911641e-01 5.39911344e-01 2.96986296e-07
8.48484848e-01 7.57575758e-01 5.49170850e-01 5.49170548e-01 3.02079444e-07
8.58585859e-01 7.57575758e-01 5.57877091e-01 5.57876784e-01 3.06868425e-07
8.68686869e-01 7.57575758e-01 5.66021597e-01 5.66021286e-01 3.11348414e-07
8.78787879e-01 7.57575758e-01 5.73596168e-01 5.73595852e-01 3.15514903e-07
8.88888889e-01 7.57575758e-01 5.80593175e-01 5.80592856e-01 3.19363694e-07
8.98989899e-01 7.57575758e-01 5.87005575e-01 5.87005252e-01 3.22890913e-07
9.09090909e-01 7.57575758e-01 5.92826910e-01 5.92826583e-01 3.26093009e-07
9.19191919e-01 7.57575758e-01 5.98051318e-01 5.98050989e-01 3.28966755e-07
9.29292929e-01 7.57575758e-01 6.02673539e-01 6.02673207e-01 3.31509245e-07
9.39393939e-01 7.57575758e-01 6.06688919e-01 6.06688585e-01 3.33717734e-07
9.49494949e-01 7.57575758e-01 6.10093415e-01 6.10093079e-01 3.35587782e-07
9.59595960e-01 7.57575758e-01 6.12883598e-01 6.12883261e-01 3.37107320e-07
9.69696970e-01 7.57575758e-01 6.15056660e-01 6.15056321e-01 3.38074755e-07
9.79797980e-01 7.57575758e-01 6.16610408e-01 6.16610072e-01 3.35830392e-07
9.89898990e-01 7.57575758e-01 6.17543250e-01 6.17542949e-01 3.01363774e-07
1.00000000e+00 7.57575758e-01 6.17854012e-01 6.17854012e-01 0.00000000e+00
0.00000000e+00 7.67676768e-01 -4.85956867e-01 -4.85956867e-01 0.00000000e+00
1.01010101e-02 7.67676768e-01 -4.85712445e-01 -4.85712208e-01 2.37031637e-07
2.02020202e-02 7.67676768e-01 -4.84978743e-01 -4.84978478e-01 2.64140657e-07
3.03030303e-02 7.67676768e-01 -4.83756682e-01 -4.83756416e-01 2.65905894e-07
4.04040404e-02 7.67676768e-01 -4.82047518e-01 -4.82047253e-01 2.65144873e-07
5.05050505e-02 7.67676768e-01 -4.79852972e-01 -4.79852709e-01 2.63949187e-07
6.06060606e-02 7.67676768e-01 -4.77175256e-01 -4.77174993e-01 2.62476920e-07
7.07070707e-02 7.67676768e-01 -4.74017064e-01 -4.74016803e-01 2.60739736e-07
8.08080808e-02 7.67676768e-01 -4.70381577e-01 -4.70381318e-01 2.58739977e-07
9.09090909e-02 7.67676768e-01 -4.66272456e-01 -4.66272199e-01 2.56479687e-07
1.01010101e-01 7.67676768e-01 -4.61693838e-01 -4.61693584e-01 2.53961143e-07
1.11111111e-01 7.67676768e-01 -4.56650333e-01 -4.56650082e-01 2.51186882e-07
1.21212121e-01 7.67676768e-01 -4.51147020e-01 -4.51146772e-01 2.48159698e-07
1.31313131e-01 7.67676768e-01 -4.45189441e-01 -4.45189196e-01 2.44882637e-07
1.41414141e-01 7.67676768e-01 -4.38783593e-01 -4.38783352e-01 2.41359000e-07
1.51515152e-01 7.67676768e-01 -4.31935927e-01 -4.31935690e-01 2.37592335e-07
1.61616162e-01 7.67676768e-01 -4.24653339e-01 -4.24653105e-01 2.33586436e-07
1.71717172e-01 7.67676768e-01 -4.16943161e-01 -4.16942931e-01 2.29345334e-07
1.81818182e-01 7.67676768e-01 -4.08813156e-01 -4.08812931e-01 2.24873301e-07
1.91919192e-01 7.67676768e-01 -4.00271511e-01 -4.00271291e-01 2.20174839e-07
2.02020202e-01 7.67676768e-01 -3.91326827e-01 -3.91326611e-01 2.15254680e-07
2.12121212e-01 7.67676768e-01 -3.81988109e-01 -3.81987899e-01 2.10117778e-07
2.22222222e-01 7.67676768e-01 -3.72264762e-01 -3.72264557e-01 2.04769306e-07
2.32323232e-01 7.67676768e-01 -3.62166576e-01 -3.62166377e-01 1.99214647e-07
2.42424242e-01 7.67676768e-01 -3.51703719e-01 -3.51703526e-01 1.93459397e-07
2.52525253e-01 7.67676768e-01 -3.40886726e-01 -3.40886539e-01 1.87509349e-07
2.62626263e-01 7.67676768e-01 -3.29726489e-01 -3.29726308e-01 1.81370496e-07
2.72727273e-01 7.67676768e-01 -3.18234246e-01 -3.18234070e-01 1.75049017e-07
2.82828283e-01 7.67676768e-01 -3.06421567e-01 -3.06421398e-01 1.68551279e-07
2.92929293e-01 7.67676768e-01 -2.94300348e-01 -2.94300186e-01 1.61883825e-07
3.03030303e-01 7.67676768e-01 -2.81882793e-01 -2.81882638e-01 1.55053367e-07
3.13131313e-01 7.67676768e-01 -2.69181407e-01 -2.69181259e-01 1.48066783e-07
3.23232323e-01 7.67676768e-01 -2.56208977e-01 -2.56208836e-01 1.40931109e-07
3.33333333e-01 7.67676768e-01 -2.42978567e-01 -2.42978433e-01 1.33653529e-07
3.43434343e-01 7.67676768e-01 -2.29503498e-01 -2.29503372e-01 1.26241371e-07
3.53535354e-01 7.67676768e-01 -2.15797338e-01 -2.15797220e-01 1.18702099e-07
3.63636364e-01 7.67676768e-01 -2.01873889e-01 -2.01873778e-01 1.11043303e-07
3.73737374e-01 7.67676768e-01 -1.87747170e-01 -1.87747067e-01 1.03272697e-07
3.83838384e-01 7.67676768e-01 -1.73431405e-01 -1.73431310e-01 9.53981039e-08
3.93939394e-01 7.67676768e-01 -1.58941010e-01 -1.58940923e-01 8.74274530e-08
4.04040404e-01 7.67676768e-01 -1.44290575e-01 -1.44290495e-01 7.93687701e-08
4.14141414e-01 7.67676768e-01 -1.29494851e-01 -1.29494780e-01 7.12301694e-08
4.24242424e-01 7.67676768e-01 -1.14568737e-01 -1.14568674e-01 6.30198460e-08
4.34343434e-01 7.67676768e-01 -9.95272615e-02 -9.95272067e-02 5.47460670e-08
4.44444444e-01 7.67676768e-01 -8.43855708e-02 -8.43855243e-02 4.64171634e-08
4.54545455e-01 7.67676768e-01 -6.91589110e-02 -6.91588729e-02 3.80415216e-08
4.64646465e-01 7.67676768e-01 -5.38626140e-02 -5.38625843e-02 2.96275752e-08
4.74747475e-01 7.67676768e-01 -3.85120819e-02 -3.85120607e-02 2.11837964e-08
4.84848485e-01 7.67676768e-01 -2.31227714e-02 -2.31227587e-02 1.27186872e-08
4.94949495e-01 7.67676768e-01 -7.71017831e-03 -7.71017407e-03 4.24077147e-09
5.05050505e-01 7.67676768e-01 7.71017832e-03 7.71017407e-03 4.24141439e-09
5.15151515e-01 7.67676768e-01 2.31227715e-02 2.31227587e-02 1.27193295e-08
5.25252525e-01 7.67676768e-01 3.85120819e-02 3.85120607e-02 2.11844374e-08
5.35353535e-01 7.67676768e-01 5.38626140e-02 5.38625843e-02 2.96282143e-08
5.45454545e-01 7.67676768e-01 6.91589110e-02 6.91588729e-02 3.80421580e-08
5.55555556e-01 7.67676768e-01 8.43855708e-02 8.43855243e-02 4.64177967e-08
5.65656566e-01 7.67676768e-01 9.95272615e-02 9.95272067e-02 5.47466964e-08
5.75757576e-01 7.67676768e-01 1.14568737e-01 1.14568674e-01 6.30204709e-08
5.85858586e-01 7.67676768e-01 1.29494851e-01 1.29494780e-01 7.12307892e-08
5.95959596e-01 7.67676768e-01 1.44290575e-01 1.44290495e-01 7.93693840e-08
6.06060606e-01 7.67676768e-01 1.58941010e-01 1.58940923e-01 8.74280607e-08
6.16161616e-01 7.67676768e-01 1.73431405e-01 1.73431310e-01 9.53987046e-08
6.26262626e-01 7.67676768e-01 1.87747170e-01 1.87747067e-01 1.03273290e-07
6.36363636e-01 7.67676768e-01 2.01873889e-01 2.01873778e-01 1.11043888e-07
6.46464646e-01 7.67676768e-01 2.15797338e-01 2.15797220e-01 1.18702675e-07
6.56565657e-01 7.67676768e-01 2.29503498e-01 2.29503372e-01 1.26241937e-07
6.66666667e-01 7.67676768e-01 2.42978567e-01 2.42978433e-01 1.33654085e-07
6.76767677e-01 7.67676768e-01 2.56208977e-01 2.56208836e-01 1.40931655e-07
6.86868687e-01 7.67676768e-01 2.69181407e-01 2.69181259e-01 1.48067318e-07
6.96969697e-01 7.67676768e-01 2.81882793e-01 2.81882638e-01 1.55053890e-07
7.07070707e-01 7.67676768e-01 2.94300348e-01 2.94300186e-01 1.61884336e-07
7.17171717e-01 7.67676768e-01 3.06421567e-01 3.06421398e-01 1.68551778e-07
7.27272727e-01 7.67676768e-01 3.18234246e-01 3.18234070e-01 1.75049503e-07
7.37373737e-01 7.67676768e-01 3.29726489e-01 3.29726308e-01 1.81370968e-07
7.47474747e-01 7.67676768e-01 3.40886726e-01 3.40886539e-01 1.87509807e-07
7.57575758e-01 7.67676768e-01 3.51703719e-01 3.51703526e-01 1.93459841e-07
7.67676768e-01 7.67676768e-01 3.62166576e-01 3.62166377e-01 1.99215076e-07
7.77777778e-01 7.67676768e-01 3.72264762e-01 3.72264557e-01 2.04769719e-07
7.87878788e-01 7.67676768e-01 3.81988109e-01 3.81987899e-01 2.10118176e-07
7.97979798e-01 7.67676768e-01 3.91326827e-01 3.91326611e-01 2.15255062e-07
8.08080808e-01 7.67676768e-01 4.00271511e-01 4.00271291e-01 2.20175204e-07
8.18181818e-01 7.67676768e-01 4.08813156e-01 4.08812931e-01 2.24873648e-07
8.28282828e-01 7.67676768e-01 4.16943161e-01 4.16942931e-01 2.29345664e-07
8.38383838e-01 7.67676768e-01 4.24653339e-01 4.24653105e-01 2.33586748e-07
8.48484848e-01 7.67676768e-01 4.31935927e-01 4.31935690e-01 2.37592630e-07
8.58585859e-01 7.67676768e-01 4.38783593e-01 4.38783352e-01 2.41359277e-07
8.68686869e-01 7.67676768e-01 4.45189441e-01 4.45189196e-01 2.44882895e-07
8.78787879e-01 7.67676768e-01 4.51147020e-01 4.51146772e-01 2.48159936e-07
8.88888889e-01 7.67676768e-01 4.56650333e-01 4.56650082e-01 2.51187102e-07
8.98989899e-01 7.67676768e-01 4.61693838e-01 4.61693584e-01 2.53961344e-07
9.09090909e-01 7.67676768e-01 4.66272456e-01 4.66272199e-01 2.56479868e-07
9.19191919e-01 7.67676768e-01 4.70381577e-01 4.70381318e-01 2.58740137e-07
9.29292929e-01 7.67676768e-01 4.74017064e-01 4.74016803e-01 2.60739866e-07
9.39393939e-01 7.67676768e-01 4.77175256e-01 4.77174993e-01 2.62476895e-07
9.49494949e-01 7.67676768e-01 4.79852972e-01 4.79852709e-01 2.63947734e-07
9.59595960e-01 7.67676768e-01 4.82047518e-01 4.82047253e-01 2.65142910e-07
9.69696970e-01 7.67676768e-01 4.83756682e-01 4.83756416e-01 2.65903829e-07
9.79797980e-01 7.67676768e-01 4.84978743e-01 4.84978478e-01 2.64138585e-07
9.89898990e-01 7.67676768e-01 4.85712445e-01 4.85712208e-01 2.37029772e-07
1.00000000e+00 7.67676768e-01 4.85956867e-01 4.85956867e-01 0.00000000e+00
0.00000000e+00 7.77777778e-01 -3.41851405e-01 -3.41851405e-01 0.00000000e+00
1.01010101e-02 7.77777778e-01 -3.41679464e-01 -3.41679297e-01 1.66742328e-07
2.02020202e-02 7.77777778e-01 -3.41163333e-01 -3.41163147e-01 1.85812445e-07
3.03030303e-02 7.77777778e-01 -3.40303662e-01 -3.40303475e-01 1.87054219e-07
4.04040404e-02 7.77777778e-01 -3.39101333e-01 -3.39101146e-01 1.86518871e-07
5.05050505e-02 7.77777778e-01 -3.37557557e-01 -3.37557371e-01 1.85677753e-07
6.06060606e-02 7.77777778e-01 -3.35673889e-01 -3.35673705e-01 1.84642072e-07
7.07070707e-02 7.77777778e-01 -3.33452226e-01 -3.33452043e-01 1.83420033e-07
8.08080808e-02 7.77777778e-01 -3.30894805e-01 -3.30894623e-01 1.82013282e-07
9.09090909e-02 7.77777778e-01 -3.28004201e-01 -3.28004021e-01 1.80423258e-07
1.01010101e-01 7.77777778e-01 -3.24783325e-01 -3.24783146e-01 1.78651563e-07
1.11111111e-01 7.77777778e-01 -3.21235419e-01 -3.21235242e-01 1.76699981e-07
1.21212121e-01 7.77777778e-01 -3.17364057e-01 -3.17363882e-01 1.74570477e-07
1.31313131e-01 7.77777778e-01 -3.13173135e-01 -3.13172963e-01 1.72265195e-07
1.41414141e-01 7.77777778e-01 -3.08666875e-01 -3.08666706e-01 1.69786457e-07
1.51515152e-01 7.77777778e-01 -3.03849814e-01 -3.03849647e-01 1.67136759e-07
1.61616162e-01 7.77777778e-01 -2.98726801e-01 -2.98726637e-01 1.64318768e-07
1.71717172e-01 7.77777778e-01 -2.93302996e-01 -2.93302835e-01 1.61335321e-07
1.81818182e-01 7.77777778e-01 -2.87583860e-01 -2.87583702e-01 1.58189424e-07
1.91919192e-01 7.77777778e-01 -2.81575151e-01 -2.81574996e-01 1.54884243e-07
2.02020202e-01 7.77777778e-01 -2.75282920e-01 -2.75282769e-01 1.51423108e-07
2.12121212e-01 7.77777778e-01 -2.68713502e-01 -2.68713355e-01 1.47809502e-07
2.22222222e-01 7.77777778e-01 -2.61873513e-01 -2.61873369e-01 1.44047064e-07
2.32323232e-01 7.77777778e-01 -2.54769839e-01 -2.54769699e-01 1.40139583e-07
2.42424242e-01 7.77777778e-01 -2.47409634e-01 -2.47409498e-01 1.36090993e-07
2.52525253e-01 7.77777778e-01 -2.39800308e-01 -2.39800176e-01 1.31905372e-07
2.62626263e-01 7.77777778e-01 -2.31949523e-01 -2.31949396e-01 1.27586932e-07
2.72727273e-01 7.77777778e-01 -2.23865185e-01 -2.23865062e-01 1.23140024e-07
2.82828283e-01 7.77777778e-01 -2.15555434e-01 -2.15555315e-01 1.18569124e-07
2.92929293e-01 7.77777778e-01 -2.07028636e-01 -2.07028522e-01 1.13878835e-07
3.03030303e-01 7.77777778e-01 -1.98293378e-01 -1.98293269e-01 1.09073879e-07
3.13131313e-01 7.77777778e-01 -1.89358456e-01 -1.89358352e-01 1.04159096e-07
3.23232323e-01 7.77777778e-01 -1.80232866e-01 -1.80232767e-01 9.91394329e-08
3.33333333e-01 7.77777778e-01 -1.70925796e-01 -1.70925702e-01 9.40199449e-08
3.43434343e-01 7.77777778e-01 -1.61446619e-01 -1.61446530e-01 8.88057869e-08
3.53535354e-01 7.77777778e-01 -1.51804879e-01 -1.51804795e-01 8.35022088e-08
3.63636364e-01 7.77777778e-01 -1.42010284e-01 -1.42010206e-01 7.81145513e-08
3.73737374e-01 7.77777778e-01 -1.32072697e-01 -1.32072624e-01 7.26482390e-08
3.83838384e-01 7.77777778e-01 -1.22002123e-01 -1.22002056e-01 6.71087760e-08
3.93939394e-01 7.77777778e-01 -1.11808704e-01 -1.11808643e-01 6.15017402e-08
4.04040404e-01 7.77777778e-01 -1.01502703e-01 -1.01502647e-01 5.58327774e-08
4.14141414e-01 7.77777778e-01 -9.10944977e-02 -9.10944475e-02 5.01075956e-08
4.24242424e-01 7.77777778e-01 -8.05945676e-02 -8.05945233e-02 4.43319598e-08
4.34343434e-01 7.77777778e-01 -7.00134857e-02 -7.00134472e-02 3.85116855e-08
4.44444444e-01 7.77777778e-01 -5.93619061e-02 -5.93618735e-02 3.26526331e-08
4.54545455e-01 7.77777778e-01 -4.86505541e-02 -4.86505274e-02 2.67607023e-08
4.64646465e-01 7.77777778e-01 -3.78902152e-02 -3.78901943e-02 2.08418258e-08
4.74747475e-01 7.77777778e-01 -2.70917240e-02 -2.70917091e-02 1.49019633e-08
4.84848485e-01 7.77777778e-01 -1.62659537e-02 -1.62659448e-02 8.94709574e-09
4.94949495e-01 7.77777778e-01 -5.42380501e-03 -5.42380203e-03 2.98321929e-09
5.05050505e-01 7.77777778e-01 5.42380501e-03 5.42380203e-03 2.98366103e-09
5.15151515e-01 7.77777778e-01 1.62659537e-02 1.62659448e-02 8.94753706e-09
5.25252525e-01 7.77777778e-01 2.70917240e-02 2.70917091e-02 1.49024037e-08
5.35353535e-01 7.77777778e-01 3.78902152e-02 3.78901943e-02 2.08422649e-08
5.45454545e-01 7.77777778e-01 4.86505541e-02 4.86505274e-02 2.67611396e-08
5.55555556e-01 7.77777778e-01 5.93619061e-02 5.93618735e-02 3.26530682e-08
5.65656566e-01 7.77777778e-01 7.00134857e-02 7.00134472e-02 3.85121179e-08
5.75757576e-01 7.77777778e-01 8.05945676e-02 8.05945233e-02 4.43323891e-08
5.85858586e-01 7.77777778e-01 9.10944977e-02 9.10944475e-02 5.01080215e-08
5.95959596e-01 7.77777778e-01 1.01502703e-01 1.01502647e-01 5.58331992e-08
6.06060606e-01 7.77777778e-01 1.11808704e-01 1.11808643e-01 6.15021577e-08
6.16161616e-01 7.77777778e-01 1.22002123e-01 1.22002056e-01 6.71091887e-08
6.26262626e-01 7.77777778e-01 1.32072697e-01 1.32072624e-01 7.26486465e-08
6.36363636e-01 7.77777778e-01 1.42010284e-01 1.42010206e-01 7.81149531e-08
6.46464646e-01 7.77777778e-01 1.51804879e-01 1.51804795e-01 8.35026047e-08
6.56565657e-01 7.77777778e-01 1.61446619e-01 1.61446530e-01 8.88061763e-08
6.66666667e-01 7.77777778e-01 1.70925796e-01 1.70925702e-01 9.40203275e-08
6.76767677e-01 7.77777778e-01 1.80232866e-01 1.80232767e-01 9.91398083e-08
6.86868687e-01 7.77777778e-01 1.89358456e-01 1.89358352e-01 1.04159464e-07
6.96969697e-01 7.77777778e-01 1.98293378e-01 1.98293269e-01 1.09074239e-07
7.07070707e-01 7.77777778e-01 2.07028636e-01 2.07028522e-01 1.13879186e-07
7.17171717e-01 7.77777778e-01 2.15555434e-01 2.15555315e-01 1.18569467e-07
7.27272727e-01 7.77777778e-01 2.23865185e-01 2.23865062e-01 1.23140358e-07
7.37373737e-01 7.77777778e-01 2.31949523e-01 2.31949396e-01 1.27587257e-07
7.47474747e-01 7.77777778e-01 2.39800308e-01 2.39800176e-01 1.31905687e-07
7.57575758e-01 7.77777778e-01 2.47409634e-01 2.47409498e-01 1.36091298e-07
7.67676768e-01 7.77777778e-01 2.54769839e-01 2.54769699e-01 1.40139878e-07
7.77777778e-01 7.77777778e-01 2.61873513e-01 2.61873369e-01 1.44047348e-07
7.87878788e-01 7.77777778e-01 2.68713502e-01 2.68713355e-01 1.47809775e-07
7.97979798e-01 7.77777778e-01 2.75282920e-01 2.75282769e-01 1.51423370e-07
8.08080808e-01 7.77777778e-01 2.81575151e-01 2.81574996e-01 1.54884494e-07
8.18181818e-01 7.77777778e-01 2.87583860e-01 2.87583702e-01 1.58189663e-07
8.28282828e-01 7.77777778e-01 2.93302996e-01 2.93302835e-01 1.61335548e-07
8.38383838e-01 7.77777778e-01 2.98726801e-01 2.98726637e-01 1.64318982e-07
8.48484848e-01 7.77777778e-01 3.03849814e-01 3.03849647e-01 1.67136961e-07
8.58585859e-01 7.77777778e-01 3.08666875e-01 3.08666706e-01 1.69786647e-07
8.68686869e-01 7.77777778e-01 3.13173135e-01 3.13172963e-01 1.72265373e-07
8.78787879e-01 7.77777778e-01 3.17364057e-01 3.17363882e-01 1.74570641e-07
8.88888889e-01 7.77777778e-01 3.21235419e-01 3.21235242e-01 1.76700132e-07
8.98989899e-01 7.77777778e-01 3.24783325e-01 3.24783146e-01 1.78651701e-07
9.09090909e-01 7.77777778e-01 3.28004201e-01 3.28004021e-01 1.80423382e-07
9.19191919e-01 7.77777778e-01 3.30894805e-01 3.30894623e-01 1.82013392e-07
9.29292929e-01 7.77777778e-01 3.33452226e-01 3.33452043e-01 1.83420122e-07
9.39393939e-01 7.77777778e-01 3.35673889e-01 3.35673705e-01 1.84642053e-07
9.49494949e-01 7.77777778e-01 3.37557557e-01 3.37557371e-01 1.85676732e-07
9.59595960e-01 7.77777778e-01 3.39101333e-01 3.39101146e-01 1.86517521e-07
9.69696970e-01 7.77777778e-01 3.40303662e-01 3.40303475e-01 1.87052808e-07
9.79797980e-01 7.77777778e-01 3.41163333e-01 3.41163147e-01 1.85811031e-07
9.89898990e-01 7.77777778e-01 3.41679464e-01 3.41679297e-01 1.66741055e-07
1.00000000e+00 7.77777778e-01 3.41851405e-01 3.41851405e-01 0.00000000e+00
0.00000000e+00 7.87878788e-01 -1.89157876e-01 -1.89157876e-01 0.00000000e+00
1.01010101e-02 7.87878788e-01 -1.89062735e-01 -1.89062643e-01 9.22640805e-08
2.02020202e-02 7.87878788e-01 -1.88777142e-01 -1.88777040e-01 1.02816211e-07
3.03030303e-02 7.87878788e-01 -1.88301458e-01 -1.88301354e-01 1.03503326e-07
4.04040404e-02 7.87878788e-01 -1.87636168e-01 -1.87636065e-01 1.03207100e-07
5.05050505e-02 7.87878788e-01 -1.86781945e-01 -1.86781843e-01 1.02741682e-07
6.06060606e-02 7.87878788e-01 -1.85739649e-01 -1.85739546e-01 1.02168606e-07
7.07070707e-02 7.87878788e-01 -1.84510328e-01 -1.84510226e-01 1.01492411e-07
8.08080808e-02 7.87878788e-01 -1.83095221e-01 -1.83095120e-01 1.00714009e-07
9.09090909e-02 7.87878788e-01 -1.81495752e-01 -1.81495653e-01 9.98341960e-08
1.01010101e-01 7.87878788e-01 -1.79713533e-01 -1.79713434e-01 9.88538584e-08
1.11111111e-01 7.87878788e-01 -1.77750358e-01 -1.77750260e-01 9.77739834e-08
1.21212121e-01 7.87878788e-01 -1.75608203e-01 -1.75608106e-01 9.65956582e-08
1.31313131e-01 7.87878788e-01 -1.73289225e-01 -1.73289130e-01 9.53200693e-08
1.41414141e-01 7.87878788e-01 -1.70795760e-01 -1.70795666e-01 9.39485013e-08
1.51515152e-01 7.87878788e-01 -1.68130318e-01 -1.68130225e-01 9.24823351e-08
1.61616162e-01 7.87878788e-01 -1.65295583e-01 -1.65295492e-01 9.09230470e-08
1.71717172e-01 7.87878788e-01 -1.62294409e-01 -1.62294320e-01 8.92722071e-08
1.81818182e-01 7.87878788e-01 -1.59129819e-01 -1.59129731e-01 8.75314776e-08
1.91919192e-01 7.87878788e-01 -1.55804998e-01 -1.55804912e-01 8.57026114e-08
2.02020202e-01 7.87878788e-01 -1.52323295e-01 -1.52323211e-01 8.37874500e-08
2.12121212e-01 7.87878788e-01 -1.48688215e-01 -1.48688134e-01 8.17879215e-08
2.22222222e-01 7.87878788e-01 -1.44903419e-01 -1.44903340e-01 7.97060397e-08
2.32323232e-01 7.87878788e-01 -1.40972718e-01 -1.40972640e-01 7.75439007e-08
2.42424242e-01 7.87878788e-01 -1.36900068e-01 -1.36899993e-01 7.53036814e-08
2.52525253e-01 7.87878788e-01 -1.32689573e-01 -1.32689500e-01 7.29876378e-08
2.62626263e-01 7.87878788e-01 -1.28345469e-01 -1.28345399e-01 7.05981018e-08
2.72727273e-01 7.87878788e-01 -1.23872133e-01 -1.23872065e-01 6.81374795e-08
2.82828283e-01 7.87878788e-01 -1.19274069e-01 -1.19274003e-01 6.56082485e-08
2.92929293e-01 7.87878788e-01 -1.14555905e-01 -1.14555842e-01 6.30129556e-08
3.03030303e-01 7.87878788e-01 -1.09722393e-01 -1.09722333e-01 6.03542140e-08
3.13131313e-01 7.87878788e-01 -1.04778400e-01 -1.04778343e-01 5.76347008e-08
3.23232323e-01 7.87878788e-01 -9.97289043e-02 -9.97288494e-02 5.48571543e-08
3.33333333e-01 7.87878788e-01 -9.45789899e-02 -9.45789378e-02 5.20243714e-08
3.43434343e-01 7.87878788e-01 -8.93338424e-02 -8.93337932e-02 4.91392043e-08
3.53535354e-01 7.87878788e-01 -8.39987433e-02 -8.39986971e-02 4.62045582e-08
3.63636364e-01 7.87878788e-01 -7.85790646e-02 -7.85790214e-02 4.32233880e-08
3.73737374e-01 7.87878788e-01 -7.30802634e-02 -7.30802232e-02 4.01986955e-08
3.83838384e-01 7.87878788e-01 -6.75078767e-02 -6.75078395e-02 3.71335264e-08
3.93939394e-01 7.87878788e-01 -6.18675152e-02 -6.18674811e-02 3.40309669e-08
4.04040404e-01 7.87878788e-01 -5.61648583e-02 -5.61648274e-02 3.08941412e-08
4.14141414e-01 7.87878788e-01 -5.04056482e-02 -5.04056205e-02 2.77262077e-08
4.24242424e-01 7.87878788e-01 -4.45956839e-02 -4.45956594e-02 2.45303562e-08
4.34343434e-01 7.87878788e-01 -3.87408156e-02 -3.87407943e-02 2.13098047e-08
4.44444444e-01 7.87878788e-01 -3.28469385e-02 -3.28469204e-02 1.80677961e-08
4.54545455e-01 7.87878788e-01 -2.69199873e-02 -2.69199725e-02 1.48075947e-08
4.64646465e-01 7.87878788e-01 -2.09659300e-02 -2.09659184e-02 1.15324833e-08
4.74747475e-01 7.87878788e-01 -1.49907617e-02 -1.49907535e-02 8.24575975e-09
4.84848485e-01 7.87878788e-01 -9.00049907e-03 -9.00049412e-03 4.95073334e-09
4.94949495e-01 7.87878788e-01 -3.00117366e-03 -3.00117201e-03 1.65072200e-09
5.05050505e-01 7.87878788e-01 3.00117367e-03 3.00117201e-03 1.65095148e-09
5.15151515e-01 7.87878788e-01 9.00049907e-03 9.00049412e-03 4.95096259e-09
5.25252525e-01 7.87878788e-01 1.49907617e-02 1.49907535e-02 8.24598852e-09
5.35353535e-01 7.87878788e-01 2.09659300e-02 2.09659184e-02 1.15327114e-08
5.45454545e-01 7.87878788e-01 2.69199873e-02 2.69199725e-02 1.48078219e-08
5.55555556e-01 7.87878788e-01 3.28469385e-02 3.28469204e-02 1.80680221e-08
5.65656566e-01 7.87878788e-01 3.87408156e-02 3.87407943e-02 2.13100293e-08
5.75757576e-01 7.87878788e-01 4.45956839e-02 4.45956594e-02 2.45305792e-08
5.85858586e-01 7.87878788e-01 5.04056482e-02 5.04056205e-02 2.77264289e-08
5.95959596e-01 7.87878788e-01 5.61648583e-02 5.61648274e-02 3.08943603e-08
6.06060606e-01 7.87878788e-01 6.18675152e-02 6.18674811e-02 3.40311839e-08
6.16161616e-01 7.87878788e-01 6.75078767e-02 6.75078395e-02 3.71337408e-08
6.26262626e-01 7.87878788e-01 7.30802634e-02 7.30802232e-02 4.01989073e-08
6.36363636e-01 7.87878788e-01 7.85790646e-02 7.85790214e-02 4.32235968e-08
6.46464646e-01 7.87878788e-01 8.39987433e-02 8.39986971e-02 4.62047639e-08
6.56565657e-01 7.87878788e-01 8.93338424e-02 8.93337932e-02 4.91394066e-08
6.66666667e-01 7.87878788e-01 9.45789899e-02 9.45789378e-02 5.20245702e-08
6.76767677e-01 7.87878788e-01 9.97289043e-02 9.97288494e-02 5.48573494e-08
6.86868687e-01 7.87878788e-01 1.04778400e-01 1.04778343e-01 5.76348919e-08
6.96969697e-01 7.87878788e-01 1.09722393e-01 1.09722333e-01 6.03544010e-08
7.07070707e-01 7.87878788e-01 1.14555905e-01 1.14555842e-01 6.30131382e-08
7.17171717e-01 7.87878788e-01 1.19274069e-01 1.19274003e-01 6.56084267e-08
7.27272727e-01 7.87878788e-01 1.23872133e-01 1.23872065e-01 6.81376530e-08
7.37373737e-01 7.87878788e-01 1.28345469e-01 1.28345399e-01 7.05982704e-08
7.47474747e-01 7.87878788e-01 1.32689573e-01 1.32689500e-01 7.29878015e-08
7.57575758e-01 7.87878788e-01 1.36900068e-01 1.36899993e-01 7.53038398e-08
7.67676768e-01 7.87878788e-01 1.40972718e-01 1.40972640e-01 7.75440537e-08
7.77777778e-01 7.87878788e-01 1.44903419e-01 1.44903340e-01 7.97061873e-08
7.87878788e-01 7.87878788e-01 1.48688215e-01 1.48688134e-01 8.17880635e-08
7.97979798e-01 7.87878788e-01 1.52323295e-01 1.52323211e-01 8.37875860e-08
8.08080808e-01 7.87878788e-01 1.55804998e-01 1.55804912e-01 8.57027415e-08
8.18181818e-01 7.87878788e-01 1.59129819e-01 1.59129731e-01 8.75316017e-08
8.28282828e-01 7.87878788e-01 1.62294409e-01 1.62294320e-01 8.92723250e-08
8.38383838e-01 7.87878788e-01 1.65295583e-01 1.65295492e-01 9.09231586e-08
8.48484848e-01 7.87878788e-01 1.68130318e-01 1.68130225e-01 9.24824402e-08
8.58585859e-01 7.87878788e-01 1.70795760e-01 1.70795666e-01 9.39485999e-08
8.68686869e-01 7.87878788e-01 1.73289225e-01 1.73289130e-01 9.53201614e-08
8.78787879e-01 7.87878788e-01 1.75608203e-01 1.75608106e-01 9.65957435e-08
8.88888889e-01 7.87878788e-01 1.77750358e-01 1.77750260e-01 9.77740618e-08
8.98989899e-01 7.87878788e-01 1.79713533e-01 1.79713434e-01 9.88539300e-08
9.09090909e-01 7.87878788e-01 1.81495752e-01 1.81495653e-01 9.98342607e-08
9.19191919e-01 7.87878788e-01 1.83095221e-01 1.83095120e-01 1.00714066e-07
9.29292929e-01 7.87878788e-01 1.84510328e-01 1.84510226e-01 1.01492457e-07
9.39393939e-01 7.87878788e-01 1.85739649e-01 1.85739546e-01 1.02168592e-07
9.49494949e-01 7.87878788e-01 1.86781945e-01 1.86781843e-01 1.02741118e-07
9.59595960e-01 7.87878788e-01 1.87636168e-01 1.87636065e-01 1.03206397e-07
9.69696970e-01 7.87878788e-01 1.88301458e-01 1.88301354e-01 1.03502604e-07
9.79797980e-01 7.87878788e-01 1.88777142e-01 1.88777040e-01 1.02815490e-07
9.89898990e-01 7.87878788e-01 1.89062735e-01 1.89062643e-01 9.22634314e-08
1.00000000e+00 7.87878788e-01 1.89157876e-01 1.89157876e-01 0.00000000e+00
0.00000000e+00 7.97979798e-01 -3.17122803e-02 -3.17122803e-02 0.00000000e+00
1.01010101e-02 7.97979798e-01 -3.16963299e-02 -3.16963145e-02 1.54679543e-08
2.02020202e-02 7.97979798e-01 -3.16484504e-02 -3.16484332e-02 1.72370052e-08
3.03030303e-02 7.97979798e-01 -3.15687019e-02 -3.15686846e-02 1.73521995e-08
4.04040404e-02 7.97979798e-01 -3.14571663e-02 -3.14571490e-02 1.73025380e-08
5.05050505e-02 7.97979798e-01 -3.13139560e-02 -3.13139388e-02 1.72245118e-08
6.06060606e-02 7.97979798e-01 -3.11392152e-02 -3.11391980e-02 1.71284366e-08
7.07070707e-02 7.97979798e-01 -3.09331198e-02 -3.09331028e-02 1.70150738e-08
8.08080808e-02 7.97979798e-01 -3.06958774e-02 -3.06958605e-02 1.68845762e-08
9.09090909e-02 7.97979798e-01 -3.04277268e-02 -3.04277101e-02 1.67370771e-08
1.01010101e-01 7.97979798e-01 -3.01289381e-02 -3.01289215e-02 1.65727252e-08
1.11111111e-01 7.97979798e-01 -2.97998121e-02 -2.97997957e-02 1.63916860e-08
1.21212121e-01 7.97979798e-01 -2.94406803e-02 -2.94406641e-02 1.61941417e-08
1.31313131e-01 7.97979798e-01 -2.90519041e-02 -2.90518881e-02 1.59802913e-08
1.41414141e-01 7.97979798e-01 -2.86338752e-02 -2.86338594e-02 1.57503500e-08
1.51515152e-01 7.97979798e-01 -2.81870144e-02 -2.81869988e-02 1.55045496e-08
1.61616162e-01 7.97979798e-01 -2.77117716e-02 -2.77117563e-02 1.52431373e-08
1.71717172e-01 7.97979798e-01 -2.72086254e-02 -2.72086105e-02 1.49663765e-08
1.81818182e-01 7.97979798e-01 -2.66780825e-02 -2.66780678e-02 1.46745459e-08
1.91919192e-01 7.97979798e-01 -2.61206770e-02 -2.61206626e-02 1.43679392e-08
2.02020202e-01 7.97979798e-01 -2.55369701e-02 -2.55369561e-02 1.40468652e-08
2.12121212e-01 7.97979798e-01 -2.49275497e-02 -2.49275360e-02 1.37116472e-08
2.22222222e-01 7.97979798e-01 -2.42930294e-02 -2.42930161e-02 1.33626227e-08
2.32323232e-01 7.97979798e-01 -2.36340481e-02 -2.36340351e-02 1.30001433e-08
2.42424242e-01 7.97979798e-01 -2.29512693e-02 -2.29512566e-02 1.26245737e-08
2.52525253e-01 7.97979798e-01 -2.22453805e-02 -2.22453682e-02 1.22362923e-08
2.62626263e-01 7.97979798e-01 -2.15170924e-02 -2.15170806e-02 1.18356900e-08
2.72727273e-01 7.97979798e-01 -2.07671385e-02 -2.07671271e-02 1.14231702e-08
2.82828283e-01 7.97979798e-01 -1.99962739e-02 -1.99962629e-02 1.09991482e-08
2.92929293e-01 7.97979798e-01 -1.92052747e-02 -1.92052641e-02 1.05640509e-08
3.03030303e-01 7.97979798e-01 -1.83949374e-02 -1.83949273e-02 1.01183166e-08
3.13131313e-01 7.97979798e-01 -1.75660780e-02 -1.75660683e-02 9.66239400e-09
3.23232323e-01 7.97979798e-01 -1.67195310e-02 -1.67195218e-02 9.19674217e-09
3.33333333e-01 7.97979798e-01 -1.58561488e-02 -1.58561401e-02 8.72183001e-09
3.43434343e-01 7.97979798e-01 -1.49768009e-02 -1.49767927e-02 8.23813570e-09
3.53535354e-01 7.97979798e-01 -1.40823726e-02 -1.40823649e-02 7.74614629e-09
3.63636364e-01 7.97979798e-01 -1.31737646e-02 -1.31737573e-02 7.24635717e-09
3.73737374e-01 7.97979798e-01 -1.22518916e-02 -1.22518849e-02 6.73927157e-09
3.83838384e-01 7.97979798e-01 -1.13176821e-02 -1.13176759e-02 6.22540011e-09
3.93939394e-01 7.97979798e-01 -1.03720766e-02 -1.03720709e-02 5.70526019e-09
4.04040404e-01 7.97979798e-01 -9.41602733e-03 -9.41602216e-03 5.17937556e-09
4.14141414e-01 7.97979798e-01 -8.45049691e-03 -8.45049226e-03 4.64827573e-09
4.24242424e-01 7.97979798e-01 -7.47645755e-03 -7.47645344e-03 4.11249549e-09
4.34343434e-01 7.97979798e-01 -6.49489003e-03 -6.49488646e-03 3.57257432e-09
4.44444444e-01 7.97979798e-01 -5.50678270e-03 -5.50677968e-03 3.02905586e-09
4.54545455e-01 7.97979798e-01 -4.51313052e-03 -4.51312804e-03 2.48248740e-09
4.64646465e-01 7.97979798e-01 -3.51493399e-03 -3.51493206e-03 1.93341929e-09
4.74747475e-01 7.97979798e-01 -2.51319822e-03 -2.51319684e-03 1.38240439e-09
4.84848485e-01 7.97979798e-01 -1.50893188e-03 -1.50893105e-03 8.29997517e-10
4.94949495e-01 7.97979798e-01 -5.03146168e-04 -5.03145892e-04 2.76754915e-10
5.05050505e-01 7.97979798e-01 5.03146168e-04 5.03145892e-04 2.76766358e-10
5.15151515e-01 7.97979798e-01 1.50893188e-03 1.50893105e-03 8.30008949e-10
5.25252525e-01 7.97979798e-01 2.51319822e-03 2.51319684e-03 1.38241579e-09
5.35353535e-01 7.97979798e-01 3.51493399e-03 3.51493206e-03 1.93343066e-09
5.45454545e-01 7.97979798e-01 4.51313052e-03 4.51312804e-03 2.48249873e-09
5.55555556e-01 7.97979798e-01 5.50678270e-03 5.50677968e-03 3.02906714e-09
5.65656566e-01 7.97979798e-01 6.49489003e-03 6.49488646e-03 3.57258552e-09
5.75757576e-01 7.97979798e-01 7.47645755e-03 7.47645344e-03 4.11250661e-09
5.85858586e-01 7.97979798e-01 8.45049691e-03 8.45049226e-03 4.64828677e-09
5.95959596e-01 7.97979798e-01 9.41602733e-03 9.41602216e-03 5.17938648e-09
6.06060606e-01 7.97979798e-01 1.03720766e-02 1.03720709e-02 5.70527101e-09
6.16161616e-01 7.97979798e-01 1.13176821e-02 1.13176759e-02 6.22541080e-09
6.26262626e-01 7.97979798e-01 1.22518916e-02 1.22518849e-02 6.73928213e-09
6.36363636e-01 7.97979798e-01 1.31737646e-02 1.31737573e-02 7.24636757e-09
6.46464646e-01 7.97979798e-01 1.40823726e-02 1.40823649e-02 7.74615655e-09
6.56565657e-01 7.97979798e-01 1.49768009e-02 1.49767927e-02 8.23814579e-09
6.66666667e-01 7.97979798e-01 1.58561488e-02 1.58561401e-02 8.72183992e-09
6.76767677e-01 7.97979798e-01 1.67195310e-02 1.67195218e-02 9.19675190e-09
6.86868687e-01 7.97979798e-01 1.75660780e-02 1.75660683e-02 9.66240353e-09
6.96969697e-01 7.97979798e-01 1.83949374e-02 1.83949273e-02 1.01183259e-08
7.07070707e-01 7.97979798e-01 1.92052747e-02 1.92052641e-02 1.05640600e-08
7.17171717e-01 7.97979798e-01 1.99962739e-02 1.99962629e-02 1.09991570e-08
7.27272727e-01 7.97979798e-01 2.07671385e-02 2.07671271e-02 1.14231788e-08
7.37373737e-01 7.97979798e-01 2.15170924e-02 2.15170806e-02 1.18356984e-08
7.47474747e-01 7.97979798e-01 2.22453805e-02 2.22453682e-02 1.22363005e-08
7.57575758e-01 7.97979798e-01 2.29512693e-02 2.29512566e-02 1.26245816e-08
7.67676768e-01 7.97979798e-01 2.36340481e-02 2.36340351e-02 1.30001509e-08
7.77777778e-01 7.97979798e-01 2.42930294e-02 2.42930161e-02 1.33626301e-08
7.87878788e-01 7.97979798e-01 2.49275497e-02 2.49275360e-02 1.37116543e-08
7.97979798e-01 7.97979798e-01 2.55369701e-02 2.55369561e-02 1.40468720e-08
8.08080808e-01 7.97979798e-01 2.61206770e-02 2.61206626e-02 1.43679457e-08
8.18181818e-01 7.97979798e-01 2.66780825e-02 2.66780678e-02 1.46745521e-08
8.28282828e-01 7.97979798e-01 2.72086254e-02 2.72086105e-02 1.49663824e-08
8.38383838e-01 7.97979798e-01 2.77117716e-02 2.77117563e-02 1.52431429e-08
8.48484848e-01 7.97979798e-01 2.81870144e-02 2.81869988e-02 1.55045548e-08
8.58585859e-01 7.97979798e-01 2.86338752e-02 2.86338594e-02 1.57503550e-08
8.68686869e-01 7.97979798e-01 2.90519041e-02 2.90518881e-02 1.59802958e-08
8.78787879e-01 7.97979798e-01 2.94406803e-02 2.94406641e-02 1.61941459e-08
8.88888889e-01 7.97979798e-01 2.97998121e-02 2.97997957e-02 1.63916899e-08
8.98989899e-01 7.97979798e-01 3.01289381e-02 3.01289215e-02 1.65727288e-08
9.09090909e-01 7.97979798e-01 3.04277268e-02 3.04277101e-02 1.67370803e-08
9.19191919e-01 7.97979798e-01 3.06958774e-02 3.06958605e-02 1.68845790e-08
9.29292929e-01 7.97979798e-01 3.09331198e-02 3.09331028e-02 1.70150756e-08
9.39393939e-01 7.97979798e-01 3.11392152e-02 3.11391980e-02 1.71284297e-08
9.49494949e-01 7.97979798e-01 3.13139560e-02 3.13139388e-02 1.72244189e-08
9.59595960e-01 7.97979798e-01 3.14571663e-02 3.14571490e-02 1.73024986e-08
9.69696970e-01 7.97979798e-01 3.15687019e-02 3.15686846e-02 1.73521853e-08
9.79797980e-01 7.97979798e-01 3.16484504e-02 3.16484332e-02 1.72369958e-08
9.89898990e-01 7.97979798e-01 3.16963299e-02 3.16963145e-02 1.54679458e-08
1.00000000e+00 7.97979798e-01 3.17122803e-02 3.17122803e-02 0.00000000e+00
0.00000000e+00 8.08080808e-01 1.26529998e-01 1.26529998e-01 0.00000000e+00
1.01010101e-02 8.08080808e-01 1.26466357e-01 1.26466296e-01 6.17167612e-08
2.02020202e-02 8.08080808e-01 1.26275321e-01 1.26275252e-01 6.87752323e-08
3.03030303e-02 8.08080808e-01 1.25957130e-01 1.25957060e-01 6.92348529e-08
4.04040404e-02 8.08080808e-01 1.25512110e-01 1.25512041e-01 6.90367024e-08
5.05050505e-02 8.08080808e-01 1.24940709e-01 1.24940641e-01 6.87253768e-08
6.06060606e-02 8.08080808e-01 1.24243505e-01 1.24243436e-01 6.83420368e-08
7.07070707e-02 8.08080808e-01 1.23421197e-01 1.23421129e-01 6.78897197e-08
8.08080808e-02 8.08080808e-01 1.22474615e-01 1.22474547e-01 6.73690347e-08
9.09090909e-02 8.08080808e-01 1.21404711e-01 1.21404644e-01 6.67805143e-08
1.01010101e-01 8.08080808e-01 1.20212563e-01 1.20212497e-01 6.61247517e-08
1.11111111e-01 8.08080808e-01 1.18899371e-01 1.18899306e-01 6.54024070e-08
1.21212121e-01 8.08080808e-01 1.17466457e-01 1.17466393e-01 6.46142077e-08
1.31313131e-01 8.08080808e-01 1.15915265e-01 1.15915201e-01 6.37609473e-08
1.41414141e-01 8.08080808e-01 1.14247356e-01 1.14247293e-01 6.28434850e-08
1.51515152e-01 8.08080808e-01 1.12464410e-01 1.12464348e-01 6.18627447e-08
1.61616162e-01 8.08080808e-01 1.10568221e-01 1.10568160e-01 6.08197138e-08
1.71717172e-01 8.08080808e-01 1.08560699e-01 1.08560640e-01 5.97154427e-08
1.81818182e-01 8.08080808e-01 1.06443866e-01 1.06443808e-01 5.85510431e-08
1.91919192e-01 8.08080808e-01 1.04219854e-01 1.04219796e-01 5.73276876e-08
2.02020202e-01 8.08080808e-01 1.01890900e-01 1.01890844e-01 5.60466080e-08
2.12121212e-01 8.08080808e-01 9.94593513e-02 9.94592966e-02 5.47090942e-08
2.22222222e-01 8.08080808e-01 9.69276553e-02 9.69276019e-02 5.33164930e-08
2.32323232e-01 8.08080808e-01 9.42983613e-02 9.42983094e-02 5.18702066e-08
2.42424242e-01 8.08080808e-01 9.15741168e-02 9.15740665e-02 5.03716914e-08
2.52525253e-01 8.08080808e-01 8.87576650e-02 8.87576162e-02 4.88224560e-08
2.62626263e-01 8.08080808e-01 8.58518418e-02 8.58517946e-02 4.72240606e-08
2.72727273e-01 8.08080808e-01 8.28595730e-02 8.28595274e-02 4.55781146e-08
2.82828283e-01 8.08080808e-01 7.97838717e-02 7.97838278e-02 4.38862753e-08
2.92929293e-01 8.08080808e-01 7.66278347e-02 7.66277926e-02 4.21502462e-08
3.03030303e-01 8.08080808e-01 7.33946400e-02 7.33945997e-02 4.03717754e-08
3.13131313e-01 8.08080808e-01 7.00875432e-02 7.00875046e-02 3.85526536e-08
3.23232323e-01 8.08080808e-01 6.67098741e-02 6.67098374e-02 3.66947126e-08
3.33333333e-01 8.08080808e-01 6.32650339e-02 6.32649991e-02 3.47998231e-08
3.43434343e-01 8.08080808e-01 5.97564911e-02 5.97564582e-02 3.28698932e-08
3.53535354e-01 8.08080808e-01 5.61877786e-02 5.61877477e-02 3.09068660e-08
3.63636364e-01 8.08080808e-01 5.25624897e-02 5.25624608e-02 2.89127183e-08
3.73737374e-01 8.08080808e-01 4.88842749e-02 4.88842480e-02 2.68894579e-08
3.83838384e-01 8.08080808e-01 4.51568378e-02 4.51568129e-02 2.48391221e-08
3.93939394e-01 8.08080808e-01 4.13839315e-02 4.13839088e-02 2.27637754e-08
4.04040404e-01 8.08080808e-01 3.75693552e-02 3.75693345e-02 2.06655075e-08
4.14141414e-01 8.08080808e-01 3.37169497e-02 3.37169311e-02 1.85464312e-08
4.24242424e-01 8.08080808e-01 2.98305941e-02 2.98305777e-02 1.64086802e-08
4.34343434e-01 8.08080808e-01 2.59142016e-02 2.59141873e-02 1.42544071e-08
4.44444444e-01 8.08080808e-01 2.19717157e-02 2.19717036e-02 1.20857810e-08
4.54545455e-01 8.08080808e-01 1.80071061e-02 1.80070962e-02 9.90498551e-09
4.64646465e-01 8.08080808e-01 1.40243649e-02 1.40243572e-02 7.71421655e-09
4.74747475e-01 8.08080808e-01 1.00275024e-02 1.00274969e-02 5.51568004e-09
4.84848485e-01 8.08080808e-01 6.02054303e-03 6.02053972e-03 3.31158969e-09
4.94949495e-01 8.08080808e-01 2.00752148e-03 2.00752037e-03 1.10416487e-09
5.05050505e-01 8.08080808e-01 -2.00752148e-03 -2.00752037e-03 1.10437175e-09
5.15151515e-01 8.08080808e-01 -6.02054303e-03 -6.02053972e-03 3.31179636e-09
5.25252525e-01 8.08080808e-01 -1.00275024e-02 -1.00274969e-02 5.51588629e-09
5.35353535e-01 8.08080808e-01 -1.40243649e-02 -1.40243572e-02 7.71442218e-09
5.45454545e-01 8.08080808e-01 -1.80071061e-02 -1.80070962e-02 9.90519030e-09
5.55555556e-01 8.08080808e-01 -2.19717157e-02 -2.19717036e-02 1.20859847e-08
5.65656566e-01 8.08080808e-01 -2.59142016e-02 -2.59141873e-02 1.42546096e-08
5.75757576e-01 8.08080808e-01 -2.98305941e-02 -2.98305777e-02 1.64088813e-08
5.85858586e-01 8.08080808e-01 -3.37169497e-02 -3.37169311e-02 1.85466306e-08
5.95959596e-01 8.08080808e-01 -3.75693552e-02 -3.75693345e-02 2.06657051e-08
6.06060606e-01 8.08080808e-01 -4.13839315e-02 -4.13839088e-02 2.27639709e-08
6.16161616e-01 8.08080808e-01 -4.51568378e-02 -4.51568129e-02 2.48393153e-08
6.26262626e-01 8.08080808e-01 -4.88842749e-02 -4.88842480e-02 2.68896487e-08
6.36363636e-01 8.08080808e-01 -5.25624897e-02 -5.25624608e-02 2.89129065e-08
6.46464646e-01 8.08080808e-01 -5.61877786e-02 -5.61877477e-02 3.09070514e-08
6.56565657e-01 8.08080808e-01 -5.97564911e-02 -5.97564582e-02 3.28700756e-08
6.66666667e-01 8.08080808e-01 -6.32650339e-02 -6.32649991e-02 3.48000023e-08
6.76767677e-01 8.08080808e-01 -6.67098741e-02 -6.67098374e-02 3.66948884e-08
6.86868687e-01 8.08080808e-01 -7.00875432e-02 -7.00875046e-02 3.85528259e-08
6.96969697e-01 8.08080808e-01 -7.33946400e-02 -7.33945997e-02 4.03719440e-08
7.07070707e-01 8.08080808e-01 -7.66278347e-02 -7.66277926e-02 4.21504109e-08
7.17171717e-01 8.08080808e-01 -7.97838717e-02 -7.97838278e-02 4.38864359e-08
7.27272727e-01 8.08080808e-01 -8.28595730e-02 -8.28595274e-02 4.55782710e-08
7.37373737e-01 8.08080808e-01 -8.58518418e-02 -8.58517946e-02 4.72242126e-08
7.47474747e-01 8.08080808e-01 -8.87576650e-02 -8.87576162e-02 4.88226035e-08
7.57575758e-01 8.08080808e-01 -9.15741168e-02 -9.15740665e-02 5.03718341e-08
7.67676768e-01 8.08080808e-01 -9.42983613e-02 -9.42983094e-02 5.18703446e-08
7.77777778e-01 8.08080808e-01 -9.69276553e-02 -9.69276019e-02 5.33166260e-08
7.87878788e-01 8.08080808e-01 -9.94593513e-02 -9.94592966e-02 5.47092222e-08
7.97979798e-01 8.08080808e-01 -1.01890900e-01 -1.01890844e-01 5.60467307e-08
8.08080808e-01 8.08080808e-01 -1.04219854e-01 -1.04219796e-01 5.73278050e-08
8.18181818e-01 8.08080808e-01 -1.06443866e-01 -1.06443808e-01 5.85511550e-08
8.28282828e-01 8.08080808e-01 -1.08560699e-01 -1.08560640e-01 5.97155489e-08
8.38383838e-01 8.08080808e-01 -1.10568221e-01 -1.10568160e-01 6.08198144e-08
8.48484848e-01 8.08080808e-01 -1.12464410e-01 -1.12464348e-01 6.18628395e-08
8.58585859e-01 8.08080808e-01 -1.14247356e-01 -1.14247293e-01 6.28435739e-08
8.68686869e-01 8.08080808e-01 -1.15915265e-01 -1.15915201e-01 6.37610302e-08
8.78787879e-01 8.08080808e-01 -1.17466457e-01 -1.17466393e-01 6.46142845e-08
8.88888889e-01 8.08080808e-01 -1.18899371e-01 -1.18899306e-01 6.54024778e-08
8.98989899e-01 8.08080808e-01 -1.20212563e-01 -1.20212497e-01 6.61248163e-08
9.09090909e-01 8.08080808e-01 -1.21404711e-01 -1.21404644e-01 6.67805726e-08
9.19191919e-01 8.08080808e-01 -1.22474615e-01 -1.22474547e-01 6.73690864e-08
9.29292929e-01 8.08080808e-01 -1.23421197e-01 -1.23421129e-01 6.78897621e-08
9.39393939e-01 8.08080808e-01 -1.24243505e-01 -1.24243436e-01 6.83420372e-08
9.49494949e-01 8.08080808e-01 -1.24940709e-01 -1.24940641e-01 6.87249961e-08
9.59595960e-01 8.08080808e-01 -1.25512110e-01 -1.25512041e-01 6.90360767e-08
9.69696970e-01 8.08080808e-01 -1.25957130e-01 -1.25957060e-01 6.92341591e-08
9.79797980e-01 8.08080808e-01 -1.26275321e-01 -1.26275252e-01 6.87745302e-08
9.89898990e-01 8.08080808e-01 -1.26466357e-01 -1.26466296e-01 6.17161288e-08
1.00000000e+00 8.08080808e-01 -1.26529998e-01 -1.26529998e-01 0.00000000e+00
0.00000000e+00 8.18181818e-01 2.81593562e-01 2.81593562e-01 0.00000000e+00
1.01010101e-02 8.18181818e-01 2.81451929e-01 2.81451791e-01 1.37351015e-07
2.02020202e-02 8.18181818e-01 2.81026776e-01 2.81026623e-01 1.53059683e-07
3.03030303e-02 8.18181818e-01 2.80318638e-01 2.80318484e-01 1.54082572e-07
4.04040404e-02 8.18181818e-01 2.79328242e-01 2.79328089e-01 1.53641587e-07
5.05050505e-02 8.18181818e-01 2.78056587e-01 2.78056434e-01 1.52948731e-07
6.06060606e-02 8.18181818e-01 2.76504951e-01 2.76504799e-01 1.52095606e-07
7.07070707e-02 8.18181818e-01 2.74674899e-01 2.74674748e-01 1.51088972e-07
8.08080808e-02 8.18181818e-01 2.72568272e-01 2.72568122e-01 1.49930186e-07
9.09090909e-02 8.18181818e-01 2.70187192e-01 2.70187044e-01 1.48620431e-07
1.01010101e-01 8.18181818e-01 2.67534057e-01 2.67533910e-01 1.47161028e-07
1.11111111e-01 8.18181818e-01 2.64611538e-01 2.64611392e-01 1.45553446e-07
1.21212121e-01 8.18181818e-01 2.61422577e-01 2.61422433e-01 1.43799304e-07
1.31313131e-01 8.18181818e-01 2.57970385e-01 2.57970243e-01 1.41900369e-07
1.41414141e-01 8.18181818e-01 2.54258440e-01 2.54258300e-01 1.39858552e-07
1.51515152e-01 8.18181818e-01 2.50290477e-01 2.50290340e-01 1.37675909e-07
1.61616162e-01 8.18181818e-01 2.46070494e-01 2.46070358e-01 1.35354639e-07
1.71717172e-01 8.18181818e-01 2.41602738e-01 2.41602605e-01 1.32897077e-07
1.81818182e-01 8.18181818e-01 2.36891709e-01 2.36891579e-01 1.30305700e-07
1.91919192e-01 8.18181818e-01 2.31942150e-01 2.31942022e-01 1.27583116e-07
2.02020202e-01 8.18181818e-01 2.26759045e-01 2.26758920e-01 1.24732066e-07
2.12121212e-01 8.18181818e-01 2.21347612e-01 2.21347491e-01 1.21755422e-07
2.22222222e-01 8.18181818e-01 2.15713302e-01 2.15713183e-01 1.18656180e-07
2.32323232e-01 8.18181818e-01 2.09861786e-01 2.09861671e-01 1.15437462e-07
2.42424242e-01 8.18181818e-01 2.03798958e-01 2.03798846e-01 1.12102508e-07
2.52525253e-01 8.18181818e-01 1.97530921e-01 1.97530812e-01 1.08654676e-07
2.62626263e-01 8.18181818e-01 1.91063987e-01 1.91063882e-01 1.05097438e-07
2.72727273e-01 8.18181818e-01 1.84404668e-01 1.84404566e-01 1.01434376e-07
2.82828283e-01 8.18181818e-01 1.77559669e-01 1.77559571e-01 9.76691780e-08
2.92929293e-01 8.18181818e-01 1.70535883e-01 1.70535789e-01 9.38056354e-08
3.03030303e-01 8.18181818e-01 1.63340381e-01 1.63340291e-01 8.98476386e-08
3.13131313e-01 8.18181818e-01 1.55980409e-01 1.55980324e-01 8.57991729e-08
3.23232323e-01 8.18181818e-01 1.48463379e-01 1.48463297e-01 8.16643146e-08
3.33333333e-01 8.18181818e-01 1.40796858e-01 1.40796781e-01 7.74472273e-08
3.43434343e-01 8.18181818e-01 1.32988567e-01 1.32988494e-01 7.31521574e-08
3.53535354e-01 8.18181818e-01 1.25046368e-01 1.25046299e-01 6.87834293e-08
3.63636364e-01 8.18181818e-01 1.16978257e-01 1.16978193e-01 6.43454420e-08
3.73737374e-01 8.18181818e-01 1.08792360e-01 1.08792300e-01 5.98426644e-08
3.83838384e-01 8.18181818e-01 1.00496918e-01 1.00496862e-01 5.52796303e-08
3.93939394e-01 8.18181818e-01 9.21002834e-02 9.21002327e-02 5.06609343e-08
4.04040404e-01 8.18181818e-01 8.36109120e-02 8.36108660e-02 4.59912271e-08
4.14141414e-01 8.18181818e-01 7.50373516e-02 7.50373103e-02 4.12752106e-08
4.24242424e-01 8.18181818e-01 6.63882349e-02 6.63881984e-02 3.65176334e-08
4.34343434e-01 8.18181818e-01 5.76722708e-02 5.76722391e-02 3.17232861e-08
4.44444444e-01 8.18181818e-01 4.88982357e-02 4.88982088e-02 2.68969962e-08
4.54545455e-01 8.18181818e-01 4.00749642e-02 4.00749422e-02 2.20436231e-08
4.64646465e-01 8.18181818e-01 3.12113407e-02 3.12113235e-02 1.71680541e-08
4.74747475e-01 8.18181818e-01 2.23162899e-02 2.23162776e-02 1.22751983e-08
4.84848485e-01 8.18181818e-01 1.33987685e-02 1.33987611e-02 7.36998240e-09
4.94949495e-01 8.18181818e-01 4.46775572e-03 4.46775327e-03 2.45734558e-09
5.05050505e-01 8.18181818e-01 -4.46775572e-03 -4.46775327e-03 2.45776559e-09
5.15151515e-01 8.18181818e-01 -1.33987685e-02 -1.33987611e-02 7.37040199e-09
5.25252525e-01 8.18181818e-01 -2.23162899e-02 -2.23162776e-02 1.22756171e-08
5.35353535e-01 8.18181818e-01 -3.12113407e-02 -3.12113235e-02 1.71684716e-08
5.45454545e-01 8.18181818e-01 -4.00749642e-02 -4.00749422e-02 2.20440389e-08
5.55555556e-01 8.18181818e-01 -4.88982357e-02 -4.88982088e-02 2.68974098e-08
5.65656566e-01 8.18181818e-01 -5.76722708e-02 -5.76722391e-02 3.17236972e-08
5.75757576e-01 8.18181818e-01 -6.63882349e-02 -6.63881984e-02 3.65180416e-08
5.85858586e-01 8.18181818e-01 -7.50373516e-02 -7.50373103e-02 4.12756154e-08
5.95959596e-01 8.18181818e-01 -8.36109120e-02 -8.36108660e-02 4.59916282e-08
6.06060606e-01 8.18181818e-01 -9.21002834e-02 -9.21002327e-02 5.06613313e-08
6.16161616e-01 8.18181818e-01 -1.00496918e-01 -1.00496862e-01 5.52800227e-08
6.26262626e-01 8.18181818e-01 -1.08792360e-01 -1.08792300e-01 5.98430518e-08
6.36363636e-01 8.18181818e-01 -1.16978257e-01 -1.16978193e-01 6.43458241e-08
6.46464646e-01 8.18181818e-01 -1.25046368e-01 -1.25046299e-01 6.87838056e-08
6.56565657e-01 8.18181818e-01 -1.32988567e-01 -1.32988494e-01 7.31525276e-08
6.66666667e-01 8.18181818e-01 -1.40796858e-01 -1.40796781e-01 7.74475911e-08
6.76767677e-01 8.18181818e-01 -1.48463379e-01 -1.48463297e-01 8.16646716e-08
6.86868687e-01 8.18181818e-01 -1.55980409e-01 -1.55980324e-01 8.57995226e-08
6.96969697e-01 8.18181818e-01 -1.63340381e-01 -1.63340291e-01 8.98479809e-08
7.07070707e-01 8.18181818e-01 -1.70535883e-01 -1.70535789e-01 9.38059697e-08
7.17171717e-01 8.18181818e-01 -1.77559669e-01 -1.77559571e-01 9.76695040e-08
7.27272727e-01 8.18181818e-01 -1.84404668e-01 -1.84404566e-01 1.01434693e-07
7.37373737e-01 8.18181818e-01 -1.91063987e-01 -1.91063882e-01 1.05097746e-07
7.47474747e-01 8.18181818e-01 -1.97530921e-01 -1.97530812e-01 1.08654975e-07
7.57575758e-01 8.18181818e-01 -2.03798958e-01 -2.03798846e-01 1.12102797e-07
7.67676768e-01 8.18181818e-01 -2.09861786e-01 -2.09861671e-01 1.15437742e-07
7.77777778e-01 8.18181818e-01 -2.15713302e-01 -2.15713183e-01 1.18656450e-07
7.87878788e-01 8.18181818e-01 -2.21347612e-01 -2.21347491e-01 1.21755681e-07
7.97979798e-01 8.18181818e-01 -2.26759045e-01 -2.26758920e-01 1.24732315e-07
8.08080808e-01 8.18181818e-01 -2.31942150e-01 -2.31942022e-01 1.27583354e-07
8.18181818e-01 8.18181818e-01 -2.36891709e-01 -2.36891579e-01 1.30305927e-07
8.28282828e-01 8.18181818e-01 -2.41602738e-01 -2.41602605e-01 1.32897293e-07
8.38383838e-01 8.18181818e-01 -2.46070494e-01 -2.46070358e-01 1.35354843e-07
8.48484848e-01 8.18181818e-01 -2.50290477e-01 -2.50290340e-01 1.37676102e-07
8.58585859e-01 8.18181818e-01 -2.54258440e-01 -2.54258300e-01 1.39858733e-07
8.68686869e-01 8.18181818e-01 -2.57970385e-01 -2.57970243e-01 1.41900538e-07
8.78787879e-01 8.18181818e-01 -2.61422577e-01 -2.61422433e-01 1.43799461e-07
8.88888889e-01 8.18181818e-01 -2.64611538e-01 -2.64611392e-01 1.45553590e-07
8.98989899e-01 8.18181818e-01 -2.67534057e-01 -2.67533910e-01 1.47161159e-07
9.09090909e-01 8.18181818e-01 -2.70187192e-01 -2.70187044e-01 1.48620549e-07
9.19191919e-01 8.18181818e-01 -2.72568272e-01 -2.72568122e-01 1.49930291e-07
9.29292929e-01 8.18181818e-01 -2.74674899e-01 -2.74674748e-01 1.51089058e-07
9.39393939e-01 8.18181818e-01 -2.76504951e-01 -2.76504799e-01 1.52095600e-07
9.49494949e-01 8.18181818e-01 -2.78056587e-01 -2.78056434e-01 1.52947887e-07
9.59595960e-01 8.18181818e-01 -2.79328242e-01 -2.79328089e-01 1.53640312e-07
9.69696970e-01 8.18181818e-01 -2.80318638e-01 -2.80318484e-01 1.54081188e-07
9.79797980e-01 8.18181818e-01 -2.81026776e-01 -2.81026623e-01 1.53058287e-07
9.89898990e-01 8.18181818e-01 -2.81451929e-01 -2.81451791e-01 1.37349757e-07
1.00000000e+00 8.18181818e-01 -2.81593562e-01 -2.81593562e-01 0.00000000e+00
0.00000000e+00 8.28282828e-01 4.29582869e-01 4.29582869e-01 0.00000000e+00
1.01010101e-02 8.28282828e-01 4.29366802e-01 4.29366592e-01 2.09534705e-07
2.02020202e-02 8.28282828e-01 4.28718213e-01 4.28717980e-01 2.33498934e-07
3.03030303e-02 8.28282828e-01 4.27637920e-01 4.27637685e-01 2.35059394e-07
4.04040404e-02 8.28282828e-01 4.26127029e-01 4.26126795e-01 2.34386654e-07
5.05050505e-02 8.28282828e-01 4.24187064e-01 4.24186831e-01 2.33329673e-07
6.06060606e-02 8.28282828e-01 4.21819979e-01 4.21819747e-01 2.32028196e-07
7.07070707e-02 8.28282828e-01 4.19028157e-01 4.19027926e-01 2.30492535e-07
8.08080808e-02 8.28282828e-01 4.15814409e-01 4.15814180e-01 2.28724757e-07
9.09090909e-02 8.28282828e-01 4.12181971e-01 4.12181745e-01 2.26726672e-07
1.01010101e-01 8.28282828e-01 4.08134501e-01 4.08134277e-01 2.24500292e-07
1.11111111e-01 8.28282828e-01 4.03676074e-01 4.03675852e-01 2.22047859e-07
1.21212121e-01 8.28282828e-01 3.98811180e-01 3.98810960e-01 2.19371843e-07
1.31313131e-01 8.28282828e-01 3.93544716e-01 3.93544500e-01 2.16474938e-07
1.41414141e-01 8.28282828e-01 3.87881986e-01 3.87881773e-01 2.13360061e-07
1.51515152e-01 8.28282828e-01 3.81828692e-01 3.81828482e-01 2.10030349e-07
1.61616162e-01 8.28282828e-01 3.75390929e-01 3.75390723e-01 2.06489154e-07
1.71717172e-01 8.28282828e-01 3.68575179e-01 3.68574976e-01 2.02740042e-07
1.81818182e-01 8.28282828e-01 3.61388305e-01 3.61388106e-01 1.98786788e-07
1.91919192e-01 8.28282828e-01 3.53837544e-01 3.53837349e-01 1.94633372e-07
2.02020202e-01 8.28282828e-01 3.45930498e-01 3.45930308e-01 1.90283977e-07
2.12121212e-01 8.28282828e-01 3.37675129e-01 3.37674944e-01 1.85742982e-07
2.22222222e-01 8.28282828e-01 3.29079751e-01 3.29079570e-01 1.81014960e-07
2.32323232e-01 8.28282828e-01 3.20153017e-01 3.20152841e-01 1.76104671e-07
2.42424242e-01 8.28282828e-01 3.10903916e-01 3.10903745e-01 1.71017060e-07
2.52525253e-01 8.28282828e-01 3.01341761e-01 3.01341595e-01 1.65757249e-07
2.62626263e-01 8.28282828e-01 2.91476180e-01 2.91476020e-01 1.60330534e-07
2.72727273e-01 8.28282828e-01 2.81317108e-01 2.81316953e-01 1.54742380e-07
2.82828283e-01 8.28282828e-01 2.70874773e-01 2.70874624e-01 1.48998414e-07
2.92929293e-01 8.28282828e-01 2.60159690e-01 2.60159547e-01 1.43104419e-07
3.03030303e-01 8.28282828e-01 2.49182649e-01 2.49182511e-01 1.37066329e-07
3.13131313e-01 8.28282828e-01 2.37954701e-01 2.37954570e-01 1.30890226e-07
3.23232323e-01 8.28282828e-01 2.26487154e-01 2.26487029e-01 1.24582328e-07
3.33333333e-01 8.28282828e-01 2.14791553e-01 2.14791435e-01 1.18148985e-07
3.43434343e-01 8.28282828e-01 2.02879675e-01 2.02879563e-01 1.11596677e-07
3.53535354e-01 8.28282828e-01 1.90763514e-01 1.90763410e-01 1.04932000e-07
3.63636364e-01 8.28282828e-01 1.78455271e-01 1.78455173e-01 9.81616652e-08
3.73737374e-01 8.28282828e-01 1.65967339e-01 1.65967248e-01 9.12924902e-08
3.83838384e-01 8.28282828e-01 1.53312291e-01 1.53312207e-01 8.43313914e-08
3.93939394e-01 8.28282828e-01 1.40502871e-01 1.40502794e-01 7.72853781e-08
4.04040404e-01 8.28282828e-01 1.27551977e-01 1.27551907e-01 7.01615449e-08
4.14141414e-01 8.28282828e-01 1.14472648e-01 1.14472585e-01 6.29670649e-08
4.24242424e-01 8.28282828e-01 1.01278056e-01 1.01278000e-01 5.57091825e-08
4.34343434e-01 8.28282828e-01 8.79814845e-02 8.79814361e-02 4.83952057e-08
4.44444444e-01 8.28282828e-01 7.45963234e-02 7.45962824e-02 4.10324990e-08
4.54545455e-01 8.28282828e-01 6.11360502e-02 6.11360165e-02 3.36284760e-08
4.64646465e-01 8.28282828e-01 4.76142181e-02 4.76141919e-02 2.61905920e-08
4.74747475e-01 8.28282828e-01 3.40444426e-02 3.40444238e-02 1.87263364e-08
4.84848485e-01 8.28282828e-01 2.04403872e-02 2.04403759e-02 1.12432248e-08
4.94949495e-01 8.28282828e-01 6.81575001e-03 6.81574627e-03 3.74879232e-09
5.05050505e-01 8.28282828e-01 -6.81575002e-03 -6.81574627e-03 3.74941489e-09
5.15151515e-01 8.28282828e-01 -2.04403872e-02 -2.04403759e-02 1.12438467e-08
5.25252525e-01 8.28282828e-01 -3.40444426e-02 -3.40444238e-02 1.87269570e-08
5.35353535e-01 8.28282828e-01 -4.76142181e-02 -4.76141919e-02 2.61912109e-08
5.45454545e-01 8.28282828e-01 -6.11360502e-02 -6.11360165e-02 3.36290923e-08
5.55555556e-01 8.28282828e-01 -7.45963234e-02 -7.45962824e-02 4.10331122e-08
5.65656566e-01 8.28282828e-01 -8.79814845e-02 -8.79814361e-02 4.83958151e-08
5.75757576e-01 8.28282828e-01 -1.01278056e-01 -1.01278000e-01 5.57097876e-08
5.85858586e-01 8.28282828e-01 -1.14472648e-01 -1.14472585e-01 6.29676651e-08
5.95959596e-01 8.28282828e-01 -1.27551977e-01 -1.27551907e-01 7.01621393e-08
6.06060606e-01 8.28282828e-01 -1.40502871e-01 -1.40502794e-01 7.72859665e-08
6.16161616e-01 8.28282828e-01 -1.53312291e-01 -1.53312207e-01 8.43319730e-08
6.26262626e-01 8.28282828e-01 -1.65967339e-01 -1.65967248e-01 9.12930645e-08
6.36363636e-01 8.28282828e-01 -1.78455271e-01 -1.78455173e-01 9.81622316e-08
6.46464646e-01 8.28282828e-01 -1.90763514e-01 -1.90763410e-01 1.04932558e-07
6.56565657e-01 8.28282828e-01 -2.02879675e-01 -2.02879563e-01 1.11597226e-07
6.66666667e-01 8.28282828e-01 -2.14791553e-01 -2.14791435e-01 1.18149524e-07
6.76767677e-01 8.28282828e-01 -2.26487154e-01 -2.26487029e-01 1.24582857e-07
6.86868687e-01 8.28282828e-01 -2.37954701e-01 -2.37954570e-01 1.30890745e-07
6.96969697e-01 8.28282828e-01 -2.49182649e-01 -2.49182511e-01 1.37066837e-07
7.07070707e-01 8.28282828e-01 -2.60159690e-01 -2.60159547e-01 1.43104914e-07
7.17171717e-01 8.28282828e-01 -2.70874773e-01 -2.70874624e-01 1.48998897e-07
7.27272727e-01 8.28282828e-01 -2.81317108e-01 -2.81316953e-01 1.54742851e-07
7.37373737e-01 8.28282828e-01 -2.91476180e-01 -2.91476020e-01 1.60330991e-07
7.47474747e-01 8.28282828e-01 -3.01341761e-01 -3.01341595e-01 1.65757692e-07
7.57575758e-01 8.28282828e-01 -3.10903916e-01 -3.10903745e-01 1.71017489e-07
7.67676768e-01 8.28282828e-01 -3.20153017e-01 -3.20152841e-01 1.76105086e-07
7.77777778e-01 8.28282828e-01 -3.29079751e-01 -3.29079570e-01 1.81015360e-07
7.87878788e-01 8.28282828e-01 -3.37675129e-01 -3.37674944e-01 1.85743367e-07
7.97979798e-01 8.28282828e-01 -3.45930498e-01 -3.45930308e-01 1.90284346e-07
8.08080808e-01 8.28282828e-01 -3.53837544e-01 -3.53837349e-01 1.94633725e-07
8.18181818e-01 8.28282828e-01 -3.61388305e-01 -3.61388106e-01 1.98787124e-07
8.28282828e-01 8.28282828e-01 -3.68575179e-01 -3.68574976e-01 2.02740362e-07
8.38383838e-01 8.28282828e-01 -3.75390929e-01 -3.75390723e-01 2.06489457e-07
8.48484848e-01 8.28282828e-01 -3.81828692e-01 -3.81828482e-01 2.10030634e-07
8.58585859e-01 8.28282828e-01 -3.87881986e-01 -3.87881773e-01 2.13360329e-07
8.68686869e-01 8.28282828e-01 -3.93544716e-01 -3.93544500e-01 2.16475188e-07
8.78787879e-01 8.28282828e-01 -3.98811180e-01 -3.98810960e-01 2.19372075e-07
8.88888889e-01 8.28282828e-01 -4.03676074e-01 -4.03675852e-01 2.22048072e-07
8.98989899e-01 8.28282828e-01 -4.08134501e-01 -4.08134277e-01 2.24500486e-07
9.09090909e-01 8.28282828e-01 -4.12181971e-01 -4.12181745e-01 2.26726847e-07
9.19191919e-01 8.28282828e-01 -4.15814409e-01 -4.15814180e-01 2.28724913e-07
9.29292929e-01 8.28282828e-01 -4.19028157e-01 -4.19027926e-01 2.30492661e-07
9.39393939e-01 8.28282828e-01 -4.21819979e-01 -4.21819747e-01 2.32028184e-07
9.49494949e-01 8.28282828e-01 -4.24187064e-01 -4.24186831e-01 2.33328386e-07
9.59595960e-01 8.28282828e-01 -4.26127029e-01 -4.26126795e-01 2.34384762e-07
9.69696970e-01 8.28282828e-01 -4.27637920e-01 -4.27637685e-01 2.35057354e-07
9.79797980e-01 8.28282828e-01 -4.28718213e-01 -4.28717980e-01 2.33496880e-07
9.89898990e-01 8.28282828e-01 -4.29366802e-01 -4.29366592e-01 2.09532854e-07
1.00000000e+00 8.28282828e-01 -4.29582869e-01 -4.29582869e-01 0.00000000e+00
0.00000000e+00 8.38383838e-01 5.66780100e-01 5.66780100e-01 0.00000000e+00
1.01010101e-02 8.38383838e-01 5.66495027e-01 5.66494750e-01 2.76454418e-07
2.02020202e-02 8.38383838e-01 5.65639296e-01 5.65638988e-01 3.08072174e-07
3.03030303e-02 8.38383838e-01 5.64213986e-01 5.64213676e-01 3.10131002e-07
4.04040404e-02 8.38383838e-01 5.62220557e-01 5.62220248e-01 3.09243408e-07
5.05050505e-02 8.38383838e-01 5.59661020e-01 5.59660712e-01 3.07848855e-07
6.06060606e-02 8.38383838e-01 5.56537951e-01 5.56537645e-01 3.06131722e-07
7.07070707e-02 8.38383838e-01 5.52854496e-01 5.52854192e-01 3.04105612e-07
8.08080808e-02 8.38383838e-01 5.48614364e-01 5.48614062e-01 3.01773254e-07
9.09090909e-02 8.38383838e-01 5.43821823e-01 5.43821524e-01 2.99137035e-07
1.01010101e-01 8.38383838e-01 5.38481699e-01 5.38481403e-01 2.96199610e-07
1.11111111e-01 8.38383838e-01 5.32599371e-01 5.32599078e-01 2.92963937e-07
1.21212121e-01 8.38383838e-01 5.26180759e-01 5.26180470e-01 2.89433274e-07
1.31313131e-01 8.38383838e-01 5.19232329e-01 5.19232043e-01 2.85611176e-07
1.41414141e-01 8.38383838e-01 5.11761075e-01 5.11760794e-01 2.81501492e-07
1.51515152e-01 8.38383838e-01 5.03774522e-01 5.03774245e-01 2.77108359e-07
1.61616162e-01 8.38383838e-01 4.95280710e-01 4.95280437e-01 2.72436203e-07
1.71717172e-01 8.38383838e-01 4.86288192e-01 4.86287925e-01 2.67489726e-07
1.81818182e-01 8.38383838e-01 4.76806024e-01 4.76805762e-01 2.62273909e-07
1.91919192e-01 8.38383838e-01 4.66843752e-01 4.66843495e-01 2.56794006e-07
2.02020202e-01 8.38383838e-01 4.56411408e-01 4.56411157e-01 2.51055532e-07
2.12121212e-01 8.38383838e-01 4.45519497e-01 4.45519252e-01 2.45064266e-07
2.22222222e-01 8.38383838e-01 4.34178985e-01 4.34178746e-01 2.38826242e-07
2.32323232e-01 8.38383838e-01 4.22401292e-01 4.22401059e-01 2.32347740e-07
2.42424242e-01 8.38383838e-01 4.10198276e-01 4.10198051e-01 2.25635283e-07
2.52525253e-01 8.38383838e-01 3.97582226e-01 3.97582007e-01 2.18695631e-07
2.62626263e-01 8.38383838e-01 3.84565844e-01 3.84565632e-01 2.11535771e-07
2.72727273e-01 8.38383838e-01 3.71162236e-01 3.71162032e-01 2.04162912e-07
2.82828283e-01 8.38383838e-01 3.57384900e-01 3.57384704e-01 1.96584478e-07
2.92929293e-01 8.38383838e-01 3.43247708e-01 3.43247519e-01 1.88808101e-07
3.03030303e-01 8.38383838e-01 3.28764894e-01 3.28764713e-01 1.80841610e-07
3.13131313e-01 8.38383838e-01 3.13951042e-01 3.13950869e-01 1.72693026e-07
3.23232323e-01 8.38383838e-01 2.98821068e-01 2.98820903e-01 1.64370555e-07
3.33333333e-01 8.38383838e-01 2.83390206e-01 2.83390050e-01 1.55882578e-07
3.43434343e-01 8.38383838e-01 2.67673994e-01 2.67673847e-01 1.47237639e-07
3.53535354e-01 8.38383838e-01 2.51688258e-01 2.51688119e-01 1.38444445e-07
3.63636364e-01 8.38383838e-01 2.35449092e-01 2.35448963e-01 1.29511849e-07
3.73737374e-01 8.38383838e-01 2.18972849e-01 2.18972729e-01 1.20448846e-07
3.83838384e-01 8.38383838e-01 2.02276120e-01 2.02276008e-01 1.11264560e-07
3.93939394e-01 8.38383838e-01 1.85375715e-01 1.85375613e-01 1.01968241e-07
4.04040404e-01 8.38383838e-01 1.68288653e-01 1.68288560e-01 9.25692486e-08
4.14141414e-01 8.38383838e-01 1.51032138e-01 1.51032055e-01 8.30770467e-08
4.24242424e-01 8.38383838e-01 1.33623547e-01 1.33623473e-01 7.35011931e-08
4.34343434e-01 8.38383838e-01 1.16080408e-01 1.16080344e-01 6.38513301e-08
4.44444444e-01 8.38383838e-01 9.84203857e-02 9.84203315e-02 5.41371742e-08
4.54545455e-01 8.38383838e-01 8.06612626e-02 8.06612183e-02 4.43685068e-08
4.64646465e-01 8.38383838e-01 6.28209206e-02 6.28208860e-02 3.45551640e-08
4.74747475e-01 8.38383838e-01 4.49173232e-02 4.49172985e-02 2.47070272e-08
4.84848485e-01 8.38383838e-01 2.69684978e-02 2.69684830e-02 1.48340124e-08
4.94949495e-01 8.38383838e-01 8.99251752e-03 8.99251257e-03 4.94606105e-09
5.05050505e-01 8.38383838e-01 -8.99251752e-03 -8.99251257e-03 4.94687056e-09
5.15151515e-01 8.38383838e-01 -2.69684978e-02 -2.69684830e-02 1.48348211e-08
5.25252525e-01 8.38383838e-01 -4.49173232e-02 -4.49172985e-02 2.47078342e-08
5.35353535e-01 8.38383838e-01 -6.28209206e-02 -6.28208860e-02 3.45559687e-08
5.45454545e-01 8.38383838e-01 -8.06612626e-02 -8.06612183e-02 4.43693081e-08
5.55555556e-01 8.38383838e-01 -9.84203857e-02 -9.84203315e-02 5.41379716e-08
5.65656566e-01 8.38383838e-01 -1.16080408e-01 -1.16080344e-01 6.38521225e-08
5.75757576e-01 8.38383838e-01 -1.33623547e-01 -1.33623473e-01 7.35019798e-08
5.85858586e-01 8.38383838e-01 -1.51032138e-01 -1.51032055e-01 8.30778270e-08
5.95959596e-01 8.38383838e-01 -1.68288653e-01 -1.68288560e-01 9.25700217e-08
6.06060606e-01 8.38383838e-01 -1.85375715e-01 -1.85375613e-01 1.01969006e-07
6.16161616e-01 8.38383838e-01 -2.02276120e-01 -2.02276008e-01 1.11265317e-07
6.26262626e-01 8.38383838e-01 -2.18972849e-01 -2.18972729e-01 1.20449592e-07
6.36363636e-01 8.38383838e-01 -2.35449092e-01 -2.35448963e-01 1.29512586e-07
6.46464646e-01 8.38383838e-01 -2.51688258e-01 -2.51688119e-01 1.38445171e-07
6.56565657e-01 8.38383838e-01 -2.67673994e-01 -2.67673847e-01 1.47238353e-07
6.66666667e-01 8.38383838e-01 -2.83390206e-01 -2.83390050e-01 1.55883279e-07
6.76767677e-01 8.38383838e-01 -2.98821068e-01 -2.98820903e-01 1.64371244e-07
6.86868687e-01 8.38383838e-01 -3.13951042e-01 -3.13950869e-01 1.72693700e-07
6.96969697e-01 8.38383838e-01 -3.28764894e-01 -3.28764713e-01 1.80842269e-07
7.07070707e-01 8.38383838e-01 -3.43247708e-01 -3.43247519e-01 1.88808745e-07
7.17171717e-01 8.38383838e-01 -3.57384900e-01 -3.57384704e-01 1.96585107e-07
7.27272727e-01 8.38383838e-01 -3.71162236e-01 -3.71162032e-01 2.04163524e-07
7.37373737e-01 8.38383838e-01 -3.84565844e-01 -3.84565632e-01 2.11536365e-07
7.47474747e-01 8.38383838e-01 -3.97582226e-01 -3.97582007e-01 2.18696208e-07
7.57575758e-01 8.38383838e-01 -4.10198276e-01 -4.10198051e-01 2.25635842e-07
7.67676768e-01 8.38383838e-01 -4.22401292e-01 -4.22401059e-01 2.32348280e-07
7.77777778e-01 8.38383838e-01 -4.34178985e-01 -4.34178746e-01 2.38826762e-07
7.87878788e-01 8.38383838e-01 -4.45519497e-01 -4.45519252e-01 2.45064767e-07
7.97979798e-01 8.38383838e-01 -4.56411408e-01 -4.56411157e-01 2.51056012e-07
8.08080808e-01 8.38383838e-01 -4.66843752e-01 -4.66843495e-01 2.56794465e-07
8.18181818e-01 8.38383838e-01 -4.76806024e-01 -4.76805762e-01 2.62274347e-07
8.28282828e-01 8.38383838e-01 -4.86288192e-01 -4.86287925e-01 2.67490142e-07
8.38383838e-01 8.38383838e-01 -4.95280710e-01 -4.95280437e-01 2.72436596e-07
8.48484848e-01 8.38383838e-01 -5.03774522e-01 -5.03774245e-01 2.77108731e-07
8.58585859e-01 8.38383838e-01 -5.11761075e-01 -5.11760794e-01 2.81501840e-07
8.68686869e-01 8.38383838e-01 -5.19232329e-01 -5.19232043e-01 2.85611500e-07
8.78787879e-01 8.38383838e-01 -5.26180759e-01 -5.26180470e-01 2.89433575e-07
8.88888889e-01 8.38383838e-01 -5.32599371e-01 -5.32599078e-01 2.92964214e-07
8.98989899e-01 8.38383838e-01 -5.38481699e-01 -5.38481403e-01 2.96199863e-07
9.09090909e-01 8.38383838e-01 -5.43821823e-01 -5.43821524e-01 2.99137263e-07
9.19191919e-01 8.38383838e-01 -5.48614364e-01 -5.48614062e-01 3.01773457e-07
9.29292929e-01 8.38383838e-01 -5.52854496e-01 -5.52854192e-01 3.04105776e-07
9.39393939e-01 8.38383838e-01 -5.56537951e-01 -5.56537645e-01 3.06131704e-07
9.49494949e-01 8.38383838e-01 -5.59661020e-01 -5.59660712e-01 3.07847158e-07
9.59595960e-01 8.38383838e-01 -5.62220557e-01 -5.62220248e-01 3.09240946e-07
9.69696970e-01 8.38383838e-01 -5.64213986e-01 -5.64213676e-01 3.10128358e-07
9.79797980e-01 8.38383838e-01 -5.65639296e-01 -5.65638988e-01 3.08069512e-07
9.89898990e-01 8.38383838e-01 -5.66495027e-01 -5.66494750e-01 2.76452021e-07
1.00000000e+00 8.38383838e-01 -5.66780100e-01 -5.66780100e-01 0.00000000e+00
0.00000000e+00 8.48484848e-01 6.89738555e-01 6.89738555e-01 0.00000000e+00
1.01010101e-02 8.48484848e-01 6.89391637e-01 6.89391301e-01 3.36428982e-07
2.02020202e-02 8.48484848e-01 6.88350263e-01 6.88349888e-01 3.74905955e-07
3.03030303e-02 8.48484848e-01 6.86615743e-01 6.86615366e-01 3.77411429e-07
4.04040404e-02 8.48484848e-01 6.84189856e-01 6.84189479e-01 3.76331279e-07
5.05050505e-02 8.48484848e-01 6.81075047e-01 6.81074672e-01 3.74634190e-07
6.06060606e-02 8.48484848e-01 6.77274453e-01 6.77274081e-01 3.72544539e-07
7.07070707e-02 8.48484848e-01 6.72791902e-01 6.72791532e-01 3.70078880e-07
8.08080808e-02 8.48484848e-01 6.67631906e-01 6.67631539e-01 3.67240537e-07
9.09090909e-02 8.48484848e-01 6.61799661e-01 6.61799297e-01 3.64032411e-07
1.01010101e-01 8.48484848e-01 6.55301040e-01 6.55300680e-01 3.60457735e-07
1.11111111e-01 8.48484848e-01 6.48142587e-01 6.48142231e-01 3.56520109e-07
1.21212121e-01 8.48484848e-01 6.40331509e-01 6.40331157e-01 3.52223497e-07
1.31313131e-01 8.48484848e-01 6.31875671e-01 6.31875324e-01 3.47572226e-07
1.41414141e-01 8.48484848e-01 6.22783588e-01 6.22783246e-01 3.42570979e-07
1.51515152e-01 8.48484848e-01 6.13064415e-01 6.13064078e-01 3.37224792e-07
1.61616162e-01 8.48484848e-01 6.02727938e-01 6.02727607e-01 3.31539049e-07
1.71717172e-01 8.48484848e-01 5.91784565e-01 5.91784240e-01 3.25519474e-07
1.81818182e-01 8.48484848e-01 5.80245315e-01 5.80244996e-01 3.19172128e-07
1.91919192e-01 8.48484848e-01 5.68121808e-01 5.68121495e-01 3.12503403e-07
2.02020202e-01 8.48484848e-01 5.55426249e-01 5.55425944e-01 3.05520013e-07
2.12121212e-01 8.48484848e-01 5.42171424e-01 5.42171126e-01 2.98228991e-07
2.22222222e-01 8.48484848e-01 5.28370678e-01 5.28370387e-01 2.90637678e-07
2.32323232e-01 8.48484848e-01 5.14037907e-01 5.14037625e-01 2.82753717e-07
2.42424242e-01 8.48484848e-01 4.99187544e-01 4.99187270e-01 2.74585047e-07
2.52525253e-01 8.48484848e-01 4.83834542e-01 4.83834276e-01 2.66139893e-07
2.62626263e-01 8.48484848e-01 4.67994359e-01 4.67994101e-01 2.57426759e-07
2.72727273e-01 8.48484848e-01 4.51682945e-01 4.51682696e-01 2.48454417e-07
2.82828283e-01 8.48484848e-01 4.34916725e-01 4.34916486e-01 2.39231904e-07
2.92929293e-01 8.48484848e-01 4.17712580e-01 4.17712351e-01 2.29768504e-07
3.03030303e-01 8.48484848e-01 4.00087835e-01 4.00087615e-01 2.20073746e-07
3.13131313e-01 8.48484848e-01 3.82060235e-01 3.82060025e-01 2.10157394e-07
3.23232323e-01 8.48484848e-01 3.63647932e-01 3.63647732e-01 2.00029430e-07
3.33333333e-01 8.48484848e-01 3.44869467e-01 3.44869278e-01 1.89700054e-07
3.43434343e-01 8.48484848e-01 3.25743748e-01 3.25743569e-01 1.79179665e-07
3.53535354e-01 8.48484848e-01 3.06290032e-01 3.06289864e-01 1.68478858e-07
3.63636364e-01 8.48484848e-01 2.86527908e-01 2.86527751e-01 1.57608408e-07
3.73737374e-01 8.48484848e-01 2.66477275e-01 2.66477129e-01 1.46579258e-07
3.83838384e-01 8.48484848e-01 2.46158322e-01 2.46158187e-01 1.35402517e-07
3.93939394e-01 8.48484848e-01 2.25591509e-01 2.25591384e-01 1.24089436e-07
4.04040404e-01 8.48484848e-01 2.04797543e-01 2.04797431e-01 1.12651407e-07
4.14141414e-01 8.48484848e-01 1.83797364e-01 1.83797263e-01 1.01099948e-07
4.24242424e-01 8.48484848e-01 1.62612117e-01 1.62612028e-01 8.94466904e-08
4.34343434e-01 8.48484848e-01 1.41263133e-01 1.41263055e-01 7.77033672e-08
4.44444444e-01 8.48484848e-01 1.19771909e-01 1.19771843e-01 6.58818033e-08
4.54545455e-01 8.48484848e-01 9.81600849e-02 9.81600309e-02 5.39939020e-08
4.64646465e-01 8.48484848e-01 7.64494219e-02 7.64493799e-02 4.20516336e-08
4.74747475e-01 8.48484848e-01 5.46617808e-02 5.46617507e-02 3.00670226e-08
4.84848485e-01 8.48484848e-01 3.28190999e-02 3.28190819e-02 1.80521366e-08
4.94949495e-01 8.48484848e-01 1.09433730e-02 1.09433670e-02 6.01907374e-09
5.05050505e-01 8.48484848e-01 -1.09433730e-02 -1.09433670e-02 6.02004984e-09
5.15151515e-01 8.48484848e-01 -3.28190999e-02 -3.28190819e-02 1.80531117e-08
5.25252525e-01 8.48484848e-01 -5.46617808e-02 -5.46617507e-02 3.00679957e-08
5.35353535e-01 8.48484848e-01 -7.64494219e-02 -7.64493799e-02 4.20526037e-08
5.45454545e-01 8.48484848e-01 -9.81600849e-02 -9.81600309e-02 5.39948683e-08
5.55555556e-01 8.48484848e-01 -1.19771909e-01 -1.19771843e-01 6.58827647e-08
5.65656566e-01 8.48484848e-01 -1.41263133e-01 -1.41263055e-01 7.77043227e-08
5.75757576e-01 8.48484848e-01 -1.62612117e-01 -1.62612028e-01 8.94476391e-08
5.85858586e-01 8.48484848e-01 -1.83797364e-01 -1.83797263e-01 1.01100889e-07
5.95959596e-01 8.48484848e-01 -2.04797543e-01 -2.04797431e-01 1.12652339e-07
6.06060606e-01 8.48484848e-01 -2.25591509e-01 -2.25591384e-01 1.24090358e-07
6.16161616e-01 8.48484848e-01 -2.46158322e-01 -2.46158187e-01 1.35403428e-07
6.26262626e-01 8.48484848e-01 -2.66477275e-01 -2.66477129e-01 1.46580159e-07
6.36363636e-01 8.48484848e-01 -2.86527908e-01 -2.86527751e-01 1.57609296e-07
6.46464646e-01 8.48484848e-01 -3.06290032e-01 -3.06289864e-01 1.68479733e-07
6.56565657e-01 8.48484848e-01 -3.25743748e-01 -3.25743569e-01 1.79180526e-07
6.66666667e-01 8.48484848e-01 -3.44869467e-01 -3.44869278e-01 1.89700899e-07
6.76767677e-01 8.48484848e-01 -3.63647932e-01 -3.63647732e-01 2.00030260e-07
6.86868687e-01 8.48484848e-01 -3.82060235e-01 -3.82060025e-01 2.10158206e-07
6.96969697e-01 8.48484848e-01 -4.00087835e-01 -4.00087615e-01 2.20074542e-07
7.07070707e-01 8.48484848e-01 -4.17712580e-01 -4.17712351e-01 2.29769281e-07
7.17171717e-01 8.48484848e-01 -4.34916725e-01 -4.34916486e-01 2.39232661e-07
7.27272727e-01 8.48484848e-01 -4.51682945e-01 -4.51682696e-01 2.48455155e-07
7.37373737e-01 8.48484848e-01 -4.67994359e-01 -4.67994101e-01 2.57427476e-07
7.47474747e-01 8.48484848e-01 -4.83834542e-01 -4.83834276e-01 2.66140589e-07
7.57575758e-01 8.48484848e-01 -4.99187544e-01 -4.99187270e-01 2.74585720e-07
7.67676768e-01 8.48484848e-01 -5.14037907e-01 -5.14037625e-01 2.82754367e-07
7.77777778e-01 8.48484848e-01 -5.28370678e-01 -5.28370387e-01 2.90638305e-07
7.87878788e-01 8.48484848e-01 -5.42171424e-01 -5.42171126e-01 2.98229595e-07
7.97979798e-01 8.48484848e-01 -5.55426249e-01 -5.55425944e-01 3.05520592e-07
8.08080808e-01 8.48484848e-01 -5.68121808e-01 -5.68121495e-01 3.12503956e-07
8.18181818e-01 8.48484848e-01 -5.80245315e-01 -5.80244996e-01 3.19172656e-07
8.28282828e-01 8.48484848e-01 -5.91784565e-01 -5.91784240e-01 3.25519975e-07
8.38383838e-01 8.48484848e-01 -6.02727938e-01 -6.02727607e-01 3.31539523e-07
8.48484848e-01 8.48484848e-01 -6.13064415e-01 -6.13064078e-01 3.37225240e-07
8.58585859e-01 8.48484848e-01 -6.22783588e-01 -6.22783246e-01 3.42571399e-07
8.68686869e-01 8.48484848e-01 -6.31875671e-01 -6.31875324e-01 3.47572617e-07
8.78787879e-01 8.48484848e-01 -6.40331509e-01 -6.40331157e-01 3.52223859e-07
8.88888889e-01 8.48484848e-01 -6.48142587e-01 -6.48142231e-01 3.56520442e-07
8.98989899e-01 8.48484848e-01 -6.55301040e-01 -6.55300680e-01 3.60458040e-07
9.09090909e-01 8.48484848e-01 -6.61799661e-01 -6.61799297e-01 3.64032686e-07
9.19191919e-01 8.48484848e-01 -6.67631906e-01 -6.67631539e-01 3.67240781e-07
9.29292929e-01 8.48484848e-01 -6.72791902e-01 -6.72791532e-01 3.70079078e-07
9.39393939e-01 8.48484848e-01 -6.77274453e-01 -6.77274081e-01 3.72544515e-07
9.49494949e-01 8.48484848e-01 -6.81075047e-01 -6.81074672e-01 3.74632125e-07
9.59595960e-01 8.48484848e-01 -6.84189856e-01 -6.84189479e-01 3.76328309e-07
9.69696970e-01 8.48484848e-01 -6.86615743e-01 -6.86615366e-01 3.77408247e-07
9.79797980e-01 8.48484848e-01 -6.88350263e-01 -6.88349888e-01 3.74902753e-07
9.89898990e-01 8.48484848e-01 -6.89391637e-01 -6.89391301e-01 3.36426097e-07
1.00000000e+00 8.48484848e-01 -6.89738555e-01 -6.89738555e-01 0.00000000e+00
0.00000000e+00 8.58585859e-01 7.95369245e-01 7.95369245e-01 0.00000000e+00
1.01010101e-02 8.58585859e-01 7.94969198e-01 7.94968810e-01 3.87951702e-07
2.02020202e-02 8.58585859e-01 7.93768341e-01 7.93767909e-01 4.32321265e-07
3.03030303e-02 8.58585859e-01 7.91768186e-01 7.91767751e-01 4.35210443e-07
4.04040404e-02 8.58585859e-01 7.88970784e-01 7.88970350e-01 4.33964872e-07
5.05050505e-02 8.58585859e-01 7.85378955e-01 7.85378523e-01 4.32007881e-07
6.06060606e-02 8.58585859e-01 7.80996316e-01 7.80995886e-01 4.29598208e-07
7.07070707e-02 8.58585859e-01 7.75827280e-01 7.75826853e-01 4.26754945e-07
8.08080808e-02 8.58585859e-01 7.69877051e-01 7.69876628e-01 4.23481921e-07
9.09090909e-02 8.58585859e-01 7.63151621e-01 7.63151202e-01 4.19782483e-07
1.01010101e-01 8.58585859e-01 7.55657763e-01 7.55657347e-01 4.15660360e-07
1.11111111e-01 8.58585859e-01 7.47403021e-01 7.47402610e-01 4.11119703e-07
1.21212121e-01 8.58585859e-01 7.38395708e-01 7.38395302e-01 4.06165083e-07
1.31313131e-01 8.58585859e-01 7.28644893e-01 7.28644492e-01 4.00801489e-07
1.41414141e-01 8.58585859e-01 7.18160394e-01 7.18159999e-01 3.95034322e-07
1.51515152e-01 8.58585859e-01 7.06952768e-01 7.06952379e-01 3.88869389e-07
1.61616162e-01 8.58585859e-01 6.95033301e-01 6.95032919e-01 3.82312897e-07
1.71717172e-01 8.58585859e-01 6.82413995e-01 6.82413619e-01 3.75371448e-07
1.81818182e-01 8.58585859e-01 6.69107555e-01 6.69107187e-01 3.68052033e-07
1.91919192e-01 8.58585859e-01 6.55127381e-01 6.55127020e-01 3.60362020e-07
2.02020202e-01 8.58585859e-01 6.40487549e-01 6.40487196e-01 3.52309153e-07
2.12121212e-01 8.58585859e-01 6.25202800e-01 6.25202456e-01 3.43901541e-07
2.22222222e-01 8.58585859e-01 6.09288525e-01 6.09288190e-01 3.35147649e-07
2.32323232e-01 8.58585859e-01 5.92760748e-01 5.92760422e-01 3.26056292e-07
2.42424242e-01 8.58585859e-01 5.75636112e-01 5.75635795e-01 3.16636623e-07
2.52525253e-01 8.58585859e-01 5.57931858e-01 5.57931552e-01 3.06898129e-07
2.62626263e-01 8.58585859e-01 5.39665815e-01 5.39665518e-01 2.96850614e-07
2.72727273e-01 8.58585859e-01 5.20856374e-01 5.20856087e-01 2.86504196e-07
2.82828283e-01 8.58585859e-01 5.01522474e-01 5.01522199e-01 2.75869292e-07
2.92929293e-01 8.58585859e-01 4.81683584e-01 4.81683319e-01 2.64956611e-07
3.03030303e-01 8.58585859e-01 4.61359680e-01 4.61359426e-01 2.53777141e-07
3.13131313e-01 8.58585859e-01 4.40571225e-01 4.40570983e-01 2.42342140e-07
3.23232323e-01 8.58585859e-01 4.19339153e-01 4.19338922e-01 2.30663120e-07
3.33333333e-01 8.58585859e-01 3.97684841e-01 3.97684622e-01 2.18751842e-07
3.43434343e-01 8.58585859e-01 3.75630095e-01 3.75629888e-01 2.06620300e-07
3.53535354e-01 8.58585859e-01 3.53197121e-01 3.53196926e-01 1.94280708e-07
3.63636364e-01 8.58585859e-01 3.30408507e-01 3.30408325e-01 1.81745493e-07
3.73737374e-01 8.58585859e-01 3.07287200e-01 3.07287031e-01 1.69027275e-07
3.83838384e-01 8.58585859e-01 2.83856481e-01 2.83856325e-01 1.56138860e-07
3.93939394e-01 8.58585859e-01 2.60139942e-01 2.60139799e-01 1.43093227e-07
4.04040404e-01 8.58585859e-01 2.36161465e-01 2.36161335e-01 1.29903512e-07
4.14141414e-01 8.58585859e-01 2.11945193e-01 2.11945076e-01 1.16582995e-07
4.24242424e-01 8.58585859e-01 1.87515510e-01 1.87515406e-01 1.03145088e-07
4.34343434e-01 8.58585859e-01 1.62897014e-01 1.62896925e-01 8.96033231e-08
4.44444444e-01 8.58585859e-01 1.38114496e-01 1.38114420e-01 7.59713351e-08
4.54545455e-01 8.58585859e-01 1.13192908e-01 1.13192845e-01 6.22628505e-08
4.64646465e-01 8.58585859e-01 8.81573438e-02 8.81572953e-02 4.84916725e-08
4.74747475e-01 8.58585859e-01 6.30330130e-02 6.30329783e-02 3.46716676e-08
4.84848485e-01 8.58585859e-01 3.78452133e-02 3.78451924e-02 2.08167510e-08
4.94949495e-01 8.58585859e-01 1.26193066e-02 1.26192997e-02 6.94087391e-09
5.05050505e-01 8.58585859e-01 -1.26193066e-02 -1.26192997e-02 6.94199209e-09
5.15151515e-01 8.58585859e-01 -3.78452133e-02 -3.78451924e-02 2.08178681e-08
5.25252525e-01 8.58585859e-01 -6.30330130e-02 -6.30329783e-02 3.46727823e-08
5.35353535e-01 8.58585859e-01 -8.81573438e-02 -8.81572953e-02 4.84927840e-08
5.45454545e-01 8.58585859e-01 -1.13192908e-01 -1.13192845e-01 6.22639574e-08
5.55555556e-01 8.58585859e-01 -1.38114496e-01 -1.38114420e-01 7.59724365e-08
5.65656566e-01 8.58585859e-01 -1.62897014e-01 -1.62896925e-01 8.96044175e-08
5.75757576e-01 8.58585859e-01 -1.87515510e-01 -1.87515406e-01 1.03146175e-07
5.85858586e-01 8.58585859e-01 -2.11945193e-01 -2.11945076e-01 1.16584073e-07
5.95959596e-01 8.58585859e-01 -2.36161465e-01 -2.36161335e-01 1.29904580e-07
6.06060606e-01 8.58585859e-01 -2.60139942e-01 -2.60139799e-01 1.43094284e-07
6.16161616e-01 8.58585859e-01 -2.83856481e-01 -2.83856325e-01 1.56139905e-07
6.26262626e-01 8.58585859e-01 -3.07287200e-01 -3.07287031e-01 1.69028306e-07
6.36363636e-01 8.58585859e-01 -3.30408507e-01 -3.30408325e-01 1.81746510e-07
6.46464646e-01 8.58585859e-01 -3.53197121e-01 -3.53196926e-01 1.94281710e-07
6.56565657e-01 8.58585859e-01 -3.75630095e-01 -3.75629888e-01 2.06621286e-07
6.66666667e-01 8.58585859e-01 -3.97684841e-01 -3.97684622e-01 2.18752811e-07
6.76767677e-01 8.58585859e-01 -4.19339153e-01 -4.19338922e-01 2.30664070e-07
6.86868687e-01 8.58585859e-01 -4.40571225e-01 -4.40570983e-01 2.42343071e-07
6.96969697e-01 8.58585859e-01 -4.61359680e-01 -4.61359426e-01 2.53778053e-07
7.07070707e-01 8.58585859e-01 -4.81683584e-01 -4.81683319e-01 2.64957501e-07
7.17171717e-01 8.58585859e-01 -5.01522474e-01 -5.01522199e-01 2.75870160e-07
7.27272727e-01 8.58585859e-01 -5.20856374e-01 -5.20856087e-01 2.86505041e-07
7.37373737e-01 8.58585859e-01 -5.39665815e-01 -5.39665518e-01 2.96851436e-07
7.47474747e-01 8.58585859e-01 -5.57931858e-01 -5.57931552e-01 3.06898926e-07
7.57575758e-01 8.58585859e-01 -5.75636112e-01 -5.75635795e-01 3.16637395e-07
7.67676768e-01 8.58585859e-01 -5.92760748e-01 -5.92760422e-01 3.26057038e-07
7.77777778e-01 8.58585859e-01 -6.09288525e-01 -6.09288190e-01 3.35148368e-07
7.87878788e-01 8.58585859e-01 -6.25202800e-01 -6.25202456e-01 3.43902232e-07
7.97979798e-01 8.58585859e-01 -6.40487549e-01 -6.40487196e-01 3.52309817e-07
8.08080808e-01 8.58585859e-01 -6.55127381e-01 -6.55127020e-01 3.60362654e-07
8.18181818e-01 8.58585859e-01 -6.69107555e-01 -6.69107187e-01 3.68052637e-07
8.28282828e-01 8.58585859e-01 -6.82413995e-01 -6.82413619e-01 3.75372023e-07
8.38383838e-01 8.58585859e-01 -6.95033301e-01 -6.95032919e-01 3.82313441e-07
8.48484848e-01 8.58585859e-01 -7.06952768e-01 -7.06952379e-01 3.88869901e-07
8.58585859e-01 8.58585859e-01 -7.18160394e-01 -7.18159999e-01 3.95034802e-07
8.68686869e-01 8.58585859e-01 -7.28644893e-01 -7.28644492e-01 4.00801937e-07
8.78787879e-01 8.58585859e-01 -7.38395708e-01 -7.38395302e-01 4.06165499e-07
8.88888889e-01 8.58585859e-01 -7.47403021e-01 -7.47402610e-01 4.11120086e-07
8.98989899e-01 8.58585859e-01 -7.55657763e-01 -7.55657347e-01 4.15660709e-07
9.09090909e-01 8.58585859e-01 -7.63151621e-01 -7.63151202e-01 4.19782798e-07
9.19191919e-01 8.58585859e-01 -7.69877051e-01 -7.69876628e-01 4.23482200e-07
9.29292929e-01 8.58585859e-01 -7.75827280e-01 -7.75826853e-01 4.26755171e-07
9.39393939e-01 8.58585859e-01 -7.80996316e-01 -7.80995886e-01 4.29598179e-07
9.49494949e-01 8.58585859e-01 -7.85378955e-01 -7.85378523e-01 4.32005500e-07
9.59595960e-01 8.58585859e-01 -7.88970784e-01 -7.88970350e-01 4.33961469e-07
9.69696970e-01 8.58585859e-01 -7.91768186e-01 -7.91767751e-01 4.35206803e-07
9.79797980e-01 8.58585859e-01 -7.93768341e-01 -7.93767909e-01 4.32317603e-07
9.89898990e-01 8.58585859e-01 -7.94969198e-01 -7.94968810e-01 3.87948403e-07
1.00000000e+00 8.58585859e-01 -7.95369245e-01 -7.95369245e-01 0.00000000e+00
0.00000000e+00 8.68686869e-01 8.81018491e-01 8.81018491e-01 0.00000000e+00
1.01010101e-02 8.68686869e-01 8.80575365e-01 8.80574935e-01 4.29728213e-07
2.02020202e-02 8.68686869e-01 8.79245195e-01 8.79244716e-01 4.78875705e-07
3.03030303e-02 8.68686869e-01 8.77029653e-01 8.77029171e-01 4.82076004e-07
4.04040404e-02 8.68686869e-01 8.73931013e-01 8.73930532e-01 4.80696303e-07
5.05050505e-02 8.68686869e-01 8.69952398e-01 8.69951920e-01 4.78528574e-07
6.06060606e-02 8.68686869e-01 8.65097815e-01 8.65097339e-01 4.75859416e-07
7.07070707e-02 8.68686869e-01 8.59372152e-01 8.59371679e-01 4.72709976e-07
8.08080808e-02 8.68686869e-01 8.52781173e-01 8.52780704e-01 4.69084497e-07
9.09090909e-02 8.68686869e-01 8.45331517e-01 8.45331052e-01 4.64986687e-07
1.01010101e-01 8.68686869e-01 8.37030683e-01 8.37030222e-01 4.60420674e-07
1.11111111e-01 8.68686869e-01 8.27887030e-01 8.27886575e-01 4.55391057e-07
1.21212121e-01 8.68686869e-01 8.17909765e-01 8.17909315e-01 4.49902899e-07
1.31313131e-01 8.68686869e-01 8.07108935e-01 8.07108491e-01 4.43961728e-07
1.41414141e-01 8.68686869e-01 7.95495414e-01 7.95494976e-01 4.37573524e-07
1.51515152e-01 8.68686869e-01 7.83080896e-01 7.83080466e-01 4.30744722e-07
1.61616162e-01 8.68686869e-01 7.69877883e-01 7.69877460e-01 4.23482196e-07
1.71717172e-01 8.68686869e-01 7.55899668e-01 7.55899252e-01 4.15793258e-07
1.81818182e-01 8.68686869e-01 7.41160326e-01 7.41159918e-01 4.07685653e-07
1.91919192e-01 8.68686869e-01 7.25674698e-01 7.25674299e-01 3.99167542e-07
2.02020202e-01 8.68686869e-01 7.09458377e-01 7.09457987e-01 3.90247504e-07
2.12121212e-01 8.68686869e-01 6.92527692e-01 6.92527311e-01 3.80934520e-07
2.22222222e-01 8.68686869e-01 6.74899691e-01 6.74899319e-01 3.71237967e-07
2.32323232e-01 8.68686869e-01 6.56592122e-01 6.56591761e-01 3.61167608e-07
2.42424242e-01 8.68686869e-01 6.37623421e-01 6.37623070e-01 3.50733584e-07
2.52525253e-01 8.68686869e-01 6.18012687e-01 6.18012347e-01 3.39946402e-07
2.62626263e-01 8.68686869e-01 5.97779667e-01 5.97779338e-01 3.28816923e-07
2.72727273e-01 8.68686869e-01 5.76944733e-01 5.76944416e-01 3.17356352e-07
2.82828283e-01 8.68686869e-01 5.55528865e-01 5.55528559e-01 3.05576230e-07
2.92929293e-01 8.68686869e-01 5.33553626e-01 5.33553333e-01 2.93488419e-07
3.03030303e-01 8.68686869e-01 5.11041144e-01 5.11040863e-01 2.81105091e-07
3.13131313e-01 8.68686869e-01 4.88014087e-01 4.88013819e-01 2.68438713e-07
3.23232323e-01 8.68686869e-01 4.64495641e-01 4.64495386e-01 2.55502040e-07
3.33333333e-01 8.68686869e-01 4.40509488e-01 4.40509245e-01 2.42308099e-07
3.43434343e-01 8.68686869e-01 4.16079778e-01 4.16079550e-01 2.28870173e-07
3.53535354e-01 8.68686869e-01 3.91231112e-01 3.91230897e-01 2.15201795e-07
3.63636364e-01 8.68686869e-01 3.65988509e-01 3.65988308e-01 2.01316727e-07
3.73737374e-01 8.68686869e-01 3.40377387e-01 3.40377200e-01 1.87228950e-07
3.83838384e-01 8.68686869e-01 3.14423533e-01 3.14423360e-01 1.72952649e-07
3.93939394e-01 8.68686869e-01 2.88153082e-01 2.88152923e-01 1.58502199e-07
4.04040404e-01 8.68686869e-01 2.61592485e-01 2.61592341e-01 1.43892152e-07
4.14141414e-01 8.68686869e-01 2.34768486e-01 2.34768357e-01 1.29137217e-07
4.24242424e-01 8.68686869e-01 2.07708096e-01 2.07707982e-01 1.14252252e-07
4.34343434e-01 8.68686869e-01 1.80438561e-01 1.80438462e-01 9.92522441e-08
4.44444444e-01 8.68686869e-01 1.52987340e-01 1.52987255e-01 8.41522981e-08
4.54545455e-01 8.68686869e-01 1.25382073e-01 1.25382004e-01 6.89676177e-08
4.64646465e-01 8.68686869e-01 9.76505573e-02 9.76505036e-02 5.37134929e-08
4.74747475e-01 8.68686869e-01 6.98207158e-02 6.98206774e-02 3.84052831e-08
4.84848485e-01 8.68686869e-01 4.19205707e-02 4.19205477e-02 2.30584024e-08
4.94949495e-01 8.68686869e-01 1.39782152e-02 1.39782075e-02 7.68830391e-09
5.05050505e-01 8.68686869e-01 -1.39782152e-02 -1.39782075e-02 7.68953606e-09
5.15151515e-01 8.68686869e-01 -4.19205707e-02 -4.19205477e-02 2.30596333e-08
5.25252525e-01 8.68686869e-01 -6.98207158e-02 -6.98206774e-02 3.84065115e-08
5.35353535e-01 8.68686869e-01 -9.76505573e-02 -9.76505036e-02 5.37147177e-08
5.45454545e-01 8.68686869e-01 -1.25382073e-01 -1.25382004e-01 6.89688375e-08
5.55555556e-01 8.68686869e-01 -1.52987340e-01 -1.52987255e-01 8.41535118e-08
5.65656566e-01 8.68686869e-01 -1.80438561e-01 -1.80438462e-01 9.92534503e-08
5.75757576e-01 8.68686869e-01 -2.07708096e-01 -2.07707982e-01 1.14253449e-07
5.85858586e-01 8.68686869e-01 -2.34768486e-01 -2.34768357e-01 1.29138405e-07
5.95959596e-01 8.68686869e-01 -2.61592485e-01 -2.61592341e-01 1.43893328e-07
6.06060606e-01 8.68686869e-01 -2.88153082e-01 -2.88152923e-01 1.58503364e-07
6.16161616e-01 8.68686869e-01 -3.14423533e-01 -3.14423360e-01 1.72953800e-07
6.26262626e-01 8.68686869e-01 -3.40377387e-01 -3.40377200e-01 1.87230086e-07
6.36363636e-01 8.68686869e-01 -3.65988509e-01 -3.65988308e-01 2.01317848e-07
6.46464646e-01 8.68686869e-01 -3.91231112e-01 -3.91230897e-01 2.15202899e-07
6.56565657e-01 8.68686869e-01 -4.16079778e-01 -4.16079550e-01 2.28871260e-07
6.66666667e-01 8.68686869e-01 -4.40509488e-01 -4.40509245e-01 2.42309166e-07
6.76767677e-01 8.68686869e-01 -4.64495641e-01 -4.64495386e-01 2.55503088e-07
6.86868687e-01 8.68686869e-01 -4.88014087e-01 -4.88013819e-01 2.68439739e-07
6.96969697e-01 8.68686869e-01 -5.11041144e-01 -5.11040863e-01 2.81106095e-07
7.07070707e-01 8.68686869e-01 -5.33553626e-01 -5.33553333e-01 2.93489400e-07
7.17171717e-01 8.68686869e-01 -5.55528865e-01 -5.55528559e-01 3.05577187e-07
7.27272727e-01 8.68686869e-01 -5.76944733e-01 -5.76944416e-01 3.17357283e-07
7.37373737e-01 8.68686869e-01 -5.97779667e-01 -5.97779338e-01 3.28817828e-07
7.47474747e-01 8.68686869e-01 -6.18012687e-01 -6.18012347e-01 3.39947280e-07
7.57575758e-01 8.68686869e-01 -6.37623421e-01 -6.37623070e-01 3.50734435e-07
7.67676768e-01 8.68686869e-01 -6.56592122e-01 -6.56591761e-01 3.61168430e-07
7.77777778e-01 8.68686869e-01 -6.74899691e-01 -6.74899319e-01 3.71238759e-07
7.87878788e-01 8.68686869e-01 -6.92527692e-01 -6.92527311e-01 3.80935282e-07
7.97979798e-01 8.68686869e-01 -7.09458377e-01 -7.09457987e-01 3.90248235e-07
8.08080808e-01 8.68686869e-01 -7.25674698e-01 -7.25674299e-01 3.99168241e-07
8.18181818e-01 8.68686869e-01 -7.41160326e-01 -7.41159918e-01 4.07686319e-07
8.28282828e-01 8.68686869e-01 -7.55899668e-01 -7.55899252e-01 4.15793891e-07
8.38383838e-01 8.68686869e-01 -7.69877883e-01 -7.69877460e-01 4.23482794e-07
8.48484848e-01 8.68686869e-01 -7.83080896e-01 -7.83080466e-01 4.30745286e-07
8.58585859e-01 8.68686869e-01 -7.95495414e-01 -7.95494976e-01 4.37574054e-07
8.68686869e-01 8.68686869e-01 -8.07108935e-01 -8.07108491e-01 4.43962222e-07
8.78787879e-01 8.68686869e-01 -8.17909765e-01 -8.17909315e-01 4.49903357e-07
8.88888889e-01 8.68686869e-01 -8.27887030e-01 -8.27886575e-01 4.55391478e-07
8.98989899e-01 8.68686869e-01 -8.37030683e-01 -8.37030222e-01 4.60421059e-07
9.09090909e-01 8.68686869e-01 -8.45331517e-01 -8.45331052e-01 4.64987034e-07
9.19191919e-01 8.68686869e-01 -8.52781173e-01 -8.52780704e-01 4.69084805e-07
9.29292929e-01 8.68686869e-01 -8.59372152e-01 -8.59371679e-01 4.72710226e-07
9.39393939e-01 8.68686869e-01 -8.65097815e-01 -8.65097339e-01 4.75859383e-07
9.49494949e-01 8.68686869e-01 -8.69952398e-01 -8.69951920e-01 4.78525937e-07
9.59595960e-01 8.68686869e-01 -8.73931013e-01 -8.73930532e-01 4.80692551e-07
9.69696970e-01 8.68686869e-01 -8.77029653e-01 -8.77029171e-01 4.82071996e-07
9.79797980e-01 8.68686869e-01 -8.79245195e-01 -8.79244716e-01 4.78871675e-07
9.89898990e-01 8.68686869e-01 -8.80575365e-01 -8.80574935e-01 4.29724583e-07
1.00000000e+00 8.68686869e-01 -8.81018491e-01 -8.81018491e-01 0.00000000e+00
0.00000000e+00 8.78787879e-01 9.44534595e-01 9.44534595e-01 0.00000000e+00
1.01010101e-02 8.78787879e-01 9.44059522e-01 9.44059061e-01 4.60708996e-07
2.02020202e-02 8.78787879e-01 9.42633454e-01 9.42632941e-01 5.13399722e-07
3.03030303e-02 8.78787879e-01 9.40258186e-01 9.40257669e-01 5.16830743e-07
4.04040404e-02 8.78787879e-01 9.36936152e-01 9.36935637e-01 5.15351575e-07
5.05050505e-02 8.78787879e-01 9.32670703e-01 9.32670190e-01 5.13027566e-07
6.06060606e-02 8.78787879e-01 9.27466134e-01 9.27465624e-01 5.10165978e-07
7.07070707e-02 8.78787879e-01 9.21327685e-01 9.21327178e-01 5.06789483e-07
8.08080808e-02 8.78787879e-01 9.14261537e-01 9.14261034e-01 5.02902628e-07
9.09090909e-02 8.78787879e-01 9.06274805e-01 9.06274307e-01 4.98509391e-07
1.01010101e-01 8.78787879e-01 8.97375532e-01 8.97375038e-01 4.93614197e-07
1.11111111e-01 8.78787879e-01 8.87572677e-01 8.87572189e-01 4.88221975e-07
1.21212121e-01 8.78787879e-01 8.76876112e-01 8.76875629e-01 4.82338155e-07
1.31313131e-01 8.78787879e-01 8.65296606e-01 8.65296130e-01 4.75968661e-07
1.41414141e-01 8.78787879e-01 8.52845821e-01 8.52845352e-01 4.69119908e-07
1.51515152e-01 8.78787879e-01 8.39536292e-01 8.39535830e-01 4.61798790e-07
1.61616162e-01 8.78787879e-01 8.25381421e-01 8.25380967e-01 4.54012680e-07
1.71717172e-01 8.78787879e-01 8.10395461e-01 8.10395015e-01 4.45769418e-07
1.81818182e-01 8.78787879e-01 7.94593502e-01 7.94593065e-01 4.37077303e-07
1.91919192e-01 8.78787879e-01 7.77991454e-01 7.77991026e-01 4.27945089e-07
2.02020202e-01 8.78787879e-01 7.60606035e-01 7.60605616e-01 4.18381971e-07
2.12121212e-01 8.78787879e-01 7.42454750e-01 7.42454341e-01 4.08397577e-07
2.22222222e-01 8.78787879e-01 7.23555875e-01 7.23555477e-01 3.98001961e-07
2.32323232e-01 8.78787879e-01 7.03928442e-01 7.03928055e-01 3.87205592e-07
2.42424242e-01 8.78787879e-01 6.83592212e-01 6.83591836e-01 3.76019339e-07
2.52525253e-01 8.78787879e-01 6.62567663e-01 6.62567299e-01 3.64454466e-07
2.62626263e-01 8.78787879e-01 6.40875964e-01 6.40875612e-01 3.52522619e-07
2.72727273e-01 8.78787879e-01 6.18538958e-01 6.18538618e-01 3.40235811e-07
2.82828283e-01 8.78787879e-01 5.95579135e-01 5.95578808e-01 3.27606415e-07
2.92929293e-01 8.78787879e-01 5.72019615e-01 5.72019300e-01 3.14647147e-07
3.03030303e-01 8.78787879e-01 5.47884119e-01 5.47883818e-01 3.01371056e-07
3.13131313e-01 8.78787879e-01 5.23196951e-01 5.23196663e-01 2.87791510e-07
3.23232323e-01 8.78787879e-01 4.97982967e-01 4.97982693e-01 2.73922181e-07
3.33333333e-01 8.78787879e-01 4.72267557e-01 4.72267297e-01 2.59777037e-07
3.43434343e-01 8.78787879e-01 4.46076613e-01 4.46076368e-01 2.45370319e-07
3.53535354e-01 8.78787879e-01 4.19436509e-01 4.19436278e-01 2.30716534e-07
3.63636364e-01 8.78787879e-01 3.92374067e-01 3.92373851e-01 2.15830437e-07
3.73737374e-01 8.78787879e-01 3.64916537e-01 3.64916337e-01 2.00727018e-07
3.83838384e-01 8.78787879e-01 3.37091568e-01 3.37091383e-01 1.85421483e-07
3.93939394e-01 8.78787879e-01 3.08927176e-01 3.08927006e-01 1.69929244e-07
4.04040404e-01 8.78787879e-01 2.80451721e-01 2.80451566e-01 1.54265901e-07
4.14141414e-01 8.78787879e-01 2.51693874e-01 2.51693736e-01 1.38447225e-07
4.24242424e-01 8.78787879e-01 2.22682593e-01 2.22682471e-01 1.22489145e-07
4.34343434e-01 8.78787879e-01 1.93447090e-01 1.93446983e-01 1.06407728e-07
4.44444444e-01 8.78787879e-01 1.64016801e-01 1.64016711e-01 9.02191682e-08
4.54545455e-01 8.78787879e-01 1.34421362e-01 1.34421288e-01 7.39397651e-08
4.64646465e-01 8.78787879e-01 1.04690572e-01 1.04690514e-01 5.75859110e-08
4.74747475e-01 8.78787879e-01 7.48543670e-02 7.48543259e-02 4.11740727e-08
4.84848485e-01 8.78787879e-01 4.49427903e-02 4.49427656e-02 2.47207754e-08
4.94949495e-01 8.78787879e-01 1.49859600e-02 1.49859517e-02 8.24258663e-09
5.05050505e-01 8.78787879e-01 -1.49859600e-02 -1.49859517e-02 8.24390180e-09
5.15151515e-01 8.78787879e-01 -4.49427903e-02 -4.49427656e-02 2.47220893e-08
5.25252525e-01 8.78787879e-01 -7.48543670e-02 -7.48543259e-02 4.11753838e-08
5.35353535e-01 8.78787879e-01 -1.04690572e-01 -1.04690514e-01 5.75872182e-08
5.45454545e-01 8.78787879e-01 -1.34421362e-01 -1.34421288e-01 7.39410671e-08
5.55555556e-01 8.78787879e-01 -1.64016801e-01 -1.64016711e-01 9.02204637e-08
5.65656566e-01 8.78787879e-01 -1.93447090e-01 -1.93446983e-01 1.06409016e-07
5.75757576e-01 8.78787879e-01 -2.22682593e-01 -2.22682471e-01 1.22490423e-07
5.85858586e-01 8.78787879e-01 -2.51693874e-01 -2.51693736e-01 1.38448493e-07
5.95959596e-01 8.78787879e-01 -2.80451721e-01 -2.80451566e-01 1.54267157e-07
6.06060606e-01 8.78787879e-01 -3.08927176e-01 -3.08927006e-01 1.69930487e-07
6.16161616e-01 8.78787879e-01 -3.37091568e-01 -3.37091383e-01 1.85422711e-07
6.26262626e-01 8.78787879e-01 -3.64916537e-01 -3.64916337e-01 2.00728231e-07
6.36363636e-01 8.78787879e-01 -3.92374067e-01 -3.92373851e-01 2.15831634e-07
6.46464646e-01 8.78787879e-01 -4.19436509e-01 -4.19436278e-01 2.30717713e-07
6.56565657e-01 8.78787879e-01 -4.46076613e-01 -4.46076368e-01 2.45371479e-07
6.66666667e-01 8.78787879e-01 -4.72267557e-01 -4.72267297e-01 2.59778176e-07
6.76767677e-01 8.78787879e-01 -4.97982967e-01 -4.97982693e-01 2.73923299e-07
6.86868687e-01 8.78787879e-01 -5.23196951e-01 -5.23196663e-01 2.87792604e-07
6.96969697e-01 8.78787879e-01 -5.47884119e-01 -5.47883818e-01 3.01372127e-07
7.07070707e-01 8.78787879e-01 -5.72019615e-01 -5.72019300e-01 3.14648193e-07
7.17171717e-01 8.78787879e-01 -5.95579135e-01 -5.95578808e-01 3.27607436e-07
7.27272727e-01 8.78787879e-01 -6.18538958e-01 -6.18538618e-01 3.40236805e-07
7.37373737e-01 8.78787879e-01 -6.40875964e-01 -6.40875612e-01 3.52523585e-07
7.47474747e-01 8.78787879e-01 -6.62567663e-01 -6.62567299e-01 3.64455404e-07
7.57575758e-01 8.78787879e-01 -6.83592212e-01 -6.83591836e-01 3.76020247e-07
7.67676768e-01 8.78787879e-01 -7.03928442e-01 -7.03928055e-01 3.87206469e-07
7.77777778e-01 8.78787879e-01 -7.23555875e-01 -7.23555477e-01 3.98002807e-07
7.87878788e-01 8.78787879e-01 -7.42454750e-01 -7.42454341e-01 4.08398390e-07
7.97979798e-01 8.78787879e-01 -7.60606035e-01 -7.60605616e-01 4.18382751e-07
8.08080808e-01 8.78787879e-01 -7.77991454e-01 -7.77991026e-01 4.27945835e-07
8.18181818e-01 8.78787879e-01 -7.94593502e-01 -7.94593065e-01 4.37078014e-07
8.28282828e-01 8.78787879e-01 -8.10395461e-01 -8.10395015e-01 4.45770093e-07
8.38383838e-01 8.78787879e-01 -8.25381421e-01 -8.25380967e-01 4.54013319e-07
8.48484848e-01 8.78787879e-01 -8.39536292e-01 -8.39535830e-01 4.61799393e-07
8.58585859e-01 8.78787879e-01 -8.52845821e-01 -8.52845352e-01 4.69120473e-07
8.68686869e-01 8.78787879e-01 -8.65296606e-01 -8.65296130e-01 4.75969189e-07
8.78787879e-01 8.78787879e-01 -8.76876112e-01 -8.76875629e-01 4.82338644e-07
8.88888889e-01 8.78787879e-01 -8.87572677e-01 -8.87572189e-01 4.88222425e-07
8.98989899e-01 8.78787879e-01 -8.97375532e-01 -8.97375038e-01 4.93614608e-07
9.09090909e-01 8.78787879e-01 -9.06274805e-01 -9.06274307e-01 4.98509762e-07
9.19191919e-01 8.78787879e-01 -9.14261537e-01 -9.14261034e-01 5.02902957e-07
9.29292929e-01 8.78787879e-01 -9.21327685e-01 -9.21327178e-01 5.06789749e-07
9.39393939e-01 8.78787879e-01 -9.27466134e-01 -9.27465624e-01 5.10165941e-07
9.49494949e-01 8.78787879e-01 -9.32670703e-01 -9.32670190e-01 5.13024739e-07
9.59595960e-01 8.78787879e-01 -9.36936152e-01 -9.36935637e-01 5.15347570e-07
9.69696970e-01 8.78787879e-01 -9.40258186e-01 -9.40257669e-01 5.16826470e-07
9.79797980e-01 8.78787879e-01 -9.42633454e-01 -9.42632941e-01 5.13395426e-07
9.89898990e-01 8.78787879e-01 -9.44059522e-01 -9.44059061e-01 4.60705125e-07
1.00000000e+00 8.78787879e-01 -9.44534595e-01 -9.44534595e-01 0.00000000e+00
0.00000000e+00 8.88888889e-01 9.84321890e-01 9.84321890e-01 0.00000000e+00
1.01010101e-02 8.88888889e-01 9.83826806e-01 9.83826325e-01 4.80115745e-07
2.02020202e-02 8.88888889e-01 9.82340666e-01 9.82340131e-01 5.35025998e-07
3.03030303e-02 8.88888889e-01 9.79865343e-01 9.79864804e-01 5.38601546e-07
4.04040404e-02 8.88888889e-01 9.76403373e-01 9.76402836e-01 5.37060070e-07
5.05050505e-02 8.88888889e-01 9.71958248e-01 9.71957713e-01 5.34638165e-07
6.06060606e-02 8.88888889e-01 9.66534443e-01 9.66533911e-01 5.31656037e-07
7.07070707e-02 8.88888889e-01 9.60137419e-01 9.60136891e-01 5.28137311e-07
8.08080808e-02 8.88888889e-01 9.52773619e-01 9.52773095e-01 5.24086728e-07
9.09090909e-02 8.88888889e-01 9.44450457e-01 9.44449937e-01 5.19508432e-07
1.01010101e-01 8.88888889e-01 9.35176312e-01 9.35175798e-01 5.14407034e-07
1.11111111e-01 8.88888889e-01 9.24960525e-01 9.24960016e-01 5.08787672e-07
1.21212121e-01 8.88888889e-01 9.13813381e-01 9.13812878e-01 5.02656004e-07
1.31313131e-01 8.88888889e-01 9.01746104e-01 9.01745608e-01 4.96018204e-07
1.41414141e-01 8.88888889e-01 8.88770845e-01 8.88770356e-01 4.88880956e-07
1.51515152e-01 8.88888889e-01 8.74900670e-01 8.74900189e-01 4.81251446e-07
1.61616162e-01 8.88888889e-01 8.60149543e-01 8.60149070e-01 4.73137357e-07
1.71717172e-01 8.88888889e-01 8.44532319e-01 8.44531855e-01 4.64546858e-07
1.81818182e-01 8.88888889e-01 8.28064723e-01 8.28064267e-01 4.55488600e-07
1.91919192e-01 8.88888889e-01 8.10763335e-01 8.10762889e-01 4.45971703e-07
2.02020202e-01 8.88888889e-01 7.92645578e-01 7.92645142e-01 4.36005752e-07
2.12121212e-01 8.88888889e-01 7.73729693e-01 7.73729268e-01 4.25600779e-07
2.22222222e-01 8.88888889e-01 7.54034729e-01 7.54034314e-01 4.14767262e-07
2.32323232e-01 8.88888889e-01 7.33580515e-01 7.33580111e-01 4.03516110e-07
2.42424242e-01 8.88888889e-01 7.12387648e-01 7.12387256e-01 3.91858651e-07
2.52525253e-01 8.88888889e-01 6.90477467e-01 6.90477087e-01 3.79806624e-07
2.62626263e-01 8.88888889e-01 6.67872034e-01 6.67871666e-01 3.67372164e-07
2.72727273e-01 8.88888889e-01 6.44594110e-01 6.44593755e-01 3.54567791e-07
2.82828283e-01 8.88888889e-01 6.20667134e-01 6.20666793e-01 3.41406398e-07
2.92929293e-01 8.88888889e-01 5.96115200e-01 5.96114872e-01 3.27901238e-07
3.03030303e-01 8.88888889e-01 5.70963027e-01 5.70962713e-01 3.14065910e-07
3.13131313e-01 8.88888889e-01 5.45235944e-01 5.45235644e-01 2.99914343e-07
3.23232323e-01 8.88888889e-01 5.18959854e-01 5.18959569e-01 2.85460789e-07
3.33333333e-01 8.88888889e-01 4.92161216e-01 4.92160945e-01 2.70719799e-07
3.43434343e-01 8.88888889e-01 4.64867013e-01 4.64866757e-01 2.55706217e-07
3.53535354e-01 8.88888889e-01 4.37104728e-01 4.37104487e-01 2.40435162e-07
3.63636364e-01 8.88888889e-01 4.08902316e-01 4.08902091e-01 2.24922008e-07
3.73737374e-01 8.88888889e-01 3.80288173e-01 3.80287964e-01 2.09182377e-07
3.83838384e-01 8.88888889e-01 3.51291113e-01 3.51290920e-01 1.93232117e-07
3.93939394e-01 8.88888889e-01 3.21940333e-01 3.21940156e-01 1.77087288e-07
4.04040404e-01 8.88888889e-01 2.92265386e-01 2.92265225e-01 1.60764148e-07
4.14141414e-01 8.88888889e-01 2.62296152e-01 2.62296008e-01 1.44279132e-07
4.24242424e-01 8.88888889e-01 2.32062809e-01 2.32062681e-01 1.27648839e-07
4.34343434e-01 8.88888889e-01 2.01595797e-01 2.01595687e-01 1.10890014e-07
4.44444444e-01 8.88888889e-01 1.70925796e-01 1.70925702e-01 9.40195325e-08
4.54545455e-01 8.88888889e-01 1.40083688e-01 1.40083611e-01 7.70543813e-08
4.64646465e-01 8.88888889e-01 1.09100526e-01 1.09100466e-01 6.00116430e-08
4.74747475e-01 8.88888889e-01 7.80075102e-02 7.80074673e-02 4.29084780e-08
4.84848485e-01 8.88888889e-01 4.68359471e-02 4.68359213e-02 2.57621077e-08
4.94949495e-01 8.88888889e-01 1.56172241e-02 1.56172155e-02 8.58979725e-09
5.05050505e-01 8.88888889e-01 -1.56172241e-02 -1.56172155e-02 8.59116241e-09
5.15151515e-01 8.88888889e-01 -4.68359471e-02 -4.68359213e-02 2.57634715e-08
5.25252525e-01 8.88888889e-01 -7.80075102e-02 -7.80074673e-02 4.29098390e-08
5.35353535e-01 8.88888889e-01 -1.09100526e-01 -1.09100466e-01 6.00129999e-08
5.45454545e-01 8.88888889e-01 -1.40083688e-01 -1.40083611e-01 7.70557328e-08
5.55555556e-01 8.88888889e-01 -1.70925796e-01 -1.70925702e-01 9.40208771e-08
5.65656566e-01 8.88888889e-01 -2.01595797e-01 -2.01595687e-01 1.10891350e-07
5.75757576e-01 8.88888889e-01 -2.32062809e-01 -2.32062681e-01 1.27650165e-07
5.85858586e-01 8.88888889e-01 -2.62296152e-01 -2.62296008e-01 1.44280448e-07
5.95959596e-01 8.88888889e-01 -2.92265386e-01 -2.92265225e-01 1.60765451e-07
6.06060606e-01 8.88888889e-01 -3.21940333e-01 -3.21940156e-01 1.77088578e-07
6.16161616e-01 8.88888889e-01 -3.51291113e-01 -3.51290920e-01 1.93233392e-07
6.26262626e-01 8.88888889e-01 -3.80288173e-01 -3.80287964e-01 2.09183636e-07
6.36363636e-01 8.88888889e-01 -4.08902316e-01 -4.08902091e-01 2.24923250e-07
6.46464646e-01 8.88888889e-01 -4.37104728e-01 -4.37104487e-01 2.40436385e-07
6.56565657e-01 8.88888889e-01 -4.64867013e-01 -4.64866757e-01 2.55707421e-07
6.66666667e-01 8.88888889e-01 -4.92161216e-01 -4.92160945e-01 2.70720981e-07
6.76767677e-01 8.88888889e-01 -5.18959854e-01 -5.18959569e-01 2.85461949e-07
6.86868687e-01 8.88888889e-01 -5.45235944e-01 -5.45235644e-01 2.99915480e-07
6.96969697e-01 8.88888889e-01 -5.70963027e-01 -5.70962713e-01 3.14067022e-07
7.07070707e-01 8.88888889e-01 -5.96115200e-01 -5.96114872e-01 3.27902325e-07
7.17171717e-01 8.88888889e-01 -6.20667134e-01 -6.20666793e-01 3.41407458e-07
7.27272727e-01 8.88888889e-01 -6.44594110e-01 -6.44593755e-01 3.54568823e-07
7.37373737e-01 8.88888889e-01 -6.67872034e-01 -6.67871666e-01 3.67373166e-07
7.47474747e-01 8.88888889e-01 -6.90477467e-01 -6.90477087e-01 3.79807597e-07
7.57575758e-01 8.88888889e-01 -7.12387648e-01 -7.12387256e-01 3.91859593e-07
7.67676768e-01 8.88888889e-01 -7.33580515e-01 -7.33580111e-01 4.03517020e-07
7.77777778e-01 8.88888889e-01 -7.54034729e-01 -7.54034314e-01 4.14768140e-07
7.87878788e-01 8.88888889e-01 -7.73729693e-01 -7.73729268e-01 4.25601623e-07
7.97979798e-01 8.88888889e-01 -7.92645578e-01 -7.92645142e-01 4.36006562e-07
8.08080808e-01 8.88888889e-01 -8.10763335e-01 -8.10762889e-01 4.45972478e-07
8.18181818e-01 8.88888889e-01 -8.28064723e-01 -8.28064267e-01 4.55489338e-07
8.28282828e-01 8.88888889e-01 -8.44532319e-01 -8.44531855e-01 4.64547559e-07
8.38383838e-01 8.88888889e-01 -8.60149543e-01 -8.60149070e-01 4.73138021e-07
8.48484848e-01 8.88888889e-01 -8.74900670e-01 -8.74900189e-01 4.81252072e-07
8.58585859e-01 8.88888889e-01 -8.88770845e-01 -8.88770356e-01 4.88881543e-07
8.68686869e-01 8.88888889e-01 -9.01746104e-01 -9.01745608e-01 4.96018752e-07
8.78787879e-01 8.88888889e-01 -9.13813381e-01 -9.13812878e-01 5.02656512e-07
8.88888889e-01 8.88888889e-01 -9.24960525e-01 -9.24960016e-01 5.08788139e-07
8.98989899e-01 8.88888889e-01 -9.35176312e-01 -9.35175798e-01 5.14407460e-07
9.09090909e-01 8.88888889e-01 -9.44450457e-01 -9.44449937e-01 5.19508816e-07
9.19191919e-01 8.88888889e-01 -9.52773619e-01 -9.52773095e-01 5.24087069e-07
9.29292929e-01 8.88888889e-01 -9.60137419e-01 -9.60136891e-01 5.28137587e-07
9.39393939e-01 8.88888889e-01 -9.66534443e-01 -9.66533911e-01 5.31655997e-07
9.49494949e-01 8.88888889e-01 -9.71958248e-01 -9.71957713e-01 5.34635219e-07
9.59595960e-01 8.88888889e-01 -9.76403373e-01 -9.76402836e-01 5.37055911e-07
9.69696970e-01 8.88888889e-01 -9.79865343e-01 -9.79864804e-01 5.38597113e-07
9.79797980e-01 8.88888889e-01 -9.82340666e-01 -9.82340131e-01 5.35021542e-07
9.89898990e-01 8.88888889e-01 -9.83826806e-01 -9.83826325e-01 4.80111731e-07
1.00000000e+00 8.88888889e-01 -9.84321890e-01 -9.84321890e-01 0.00000000e+00
0.00000000e+00 8.98989899e-01 9.99380831e-01 9.99380831e-01 0.00000000e+00
1.01010101e-02 8.98989899e-01 9.98878173e-01 9.98877685e-01 4.87460919e-07
2.02020202e-02 8.98989899e-01 9.97369298e-01 9.97368754e-01 5.43211230e-07
3.03030303e-02 8.98989899e-01 9.94856104e-01 9.94855558e-01 5.46841480e-07
4.04040404e-02 8.98989899e-01 9.91341171e-01 9.91340625e-01 5.45276421e-07
5.05050505e-02 8.98989899e-01 9.86828040e-01 9.86827497e-01 5.42817464e-07
6.06060606e-02 8.98989899e-01 9.81321258e-01 9.81320718e-01 5.39789713e-07
7.07070707e-02 8.98989899e-01 9.74826368e-01 9.74825831e-01 5.36217156e-07
8.08080808e-02 8.98989899e-01 9.67349910e-01 9.67349378e-01 5.32104605e-07
9.09090909e-02 8.98989899e-01 9.58899413e-01 9.58898886e-01 5.27456266e-07
1.01010101e-01 8.98989899e-01 9.49483386e-01 9.49482863e-01 5.22276823e-07
1.11111111e-01 8.98989899e-01 9.39111309e-01 9.39110793e-01 5.16571492e-07
1.21212121e-01 8.98989899e-01 9.27793627e-01 9.27793117e-01 5.10346017e-07
1.31313131e-01 8.98989899e-01 9.15541735e-01 9.15541232e-01 5.03606667e-07
1.41414141e-01 8.98989899e-01 9.02367971e-01 9.02367474e-01 4.96360228e-07
1.51515152e-01 8.98989899e-01 8.88285598e-01 8.88285110e-01 4.88613996e-07
1.61616162e-01 8.98989899e-01 8.73308797e-01 8.73308317e-01 4.80375771e-07
1.71717172e-01 8.98989899e-01 8.57452648e-01 8.57452177e-01 4.71653849e-07
1.81818182e-01 8.98989899e-01 8.40733117e-01 8.40732655e-01 4.62457011e-07
1.91919192e-01 8.98989899e-01 8.23167039e-01 8.23166587e-01 4.52794518e-07
2.02020202e-01 8.98989899e-01 8.04772102e-01 8.04771659e-01 4.42676099e-07
2.12121212e-01 8.98989899e-01 7.85566827e-01 7.85566395e-01 4.32111944e-07
2.22222222e-01 8.98989899e-01 7.65570553e-01 7.65570132e-01 4.21112688e-07
2.32323232e-01 8.98989899e-01 7.44803415e-01 7.44803005e-01 4.09689407e-07
2.42424242e-01 8.98989899e-01 7.23286322e-01 7.23285925e-01 3.97853603e-07
2.52525253e-01 8.98989899e-01 7.01040942e-01 7.01040556e-01 3.85617195e-07
2.62626263e-01 8.98989899e-01 6.78089673e-01 6.78089300e-01 3.72992503e-07
2.72727273e-01 8.98989899e-01 6.54455625e-01 6.54455265e-01 3.59992239e-07
2.82828283e-01 8.98989899e-01 6.30162595e-01 6.30162249e-01 3.46629494e-07
2.92929293e-01 8.98989899e-01 6.05235045e-01 6.05234713e-01 3.32917722e-07
3.03030303e-01 8.98989899e-01 5.79698075e-01 5.79697756e-01 3.18870730e-07
3.13131313e-01 8.98989899e-01 5.53577398e-01 5.53577094e-01 3.04502662e-07
3.23232323e-01 8.98989899e-01 5.26899316e-01 5.26899026e-01 2.89827986e-07
3.33333333e-01 8.98989899e-01 4.99690691e-01 4.99690416e-01 2.74861478e-07
3.43434343e-01 8.98989899e-01 4.71978919e-01 4.71978659e-01 2.59618207e-07
3.53535354e-01 8.98989899e-01 4.43791905e-01 4.43791660e-01 2.44113523e-07
3.63636364e-01 8.98989899e-01 4.15158029e-01 4.15157801e-01 2.28363037e-07
3.73737374e-01 8.98989899e-01 3.86106125e-01 3.86105913e-01 2.12382609e-07
3.83838384e-01 8.98989899e-01 3.56665445e-01 3.56665249e-01 1.96188330e-07
3.93939394e-01 8.98989899e-01 3.26865633e-01 3.26865453e-01 1.79796506e-07
4.04040404e-01 8.98989899e-01 2.96736695e-01 2.96736532e-01 1.63223642e-07
4.14141414e-01 8.98989899e-01 2.66308968e-01 2.66308821e-01 1.46486425e-07
4.24242424e-01 8.98989899e-01 2.35613091e-01 2.35612961e-01 1.29601710e-07
4.34343434e-01 8.98989899e-01 2.04679971e-01 2.04679858e-01 1.12586496e-07
4.44444444e-01 8.98989899e-01 1.73540756e-01 1.73540660e-01 9.54579171e-08
4.54545455e-01 8.98989899e-01 1.42226800e-01 1.42226721e-01 7.82332201e-08
4.64646465e-01 8.98989899e-01 1.10769633e-01 1.10769572e-01 6.09297491e-08
4.74747475e-01 8.98989899e-01 7.92009313e-02 7.92008878e-02 4.35649270e-08
4.84848485e-01 8.98989899e-01 4.75524807e-02 4.75524546e-02 2.61562385e-08
4.94949495e-01 8.98989899e-01 1.58561488e-02 1.58561401e-02 8.72121306e-09
5.05050505e-01 8.98989899e-01 -1.58561488e-02 -1.58561401e-02 8.72259392e-09
5.15151515e-01 8.98989899e-01 -4.75524807e-02 -4.75524546e-02 2.61576180e-08
5.25252525e-01 8.98989899e-01 -7.92009313e-02 -7.92008878e-02 4.35663036e-08
5.35353535e-01 8.98989899e-01 -1.10769633e-01 -1.10769572e-01 6.09311216e-08
5.45454545e-01 8.98989899e-01 -1.42226800e-01 -1.42226721e-01 7.82345871e-08
5.55555556e-01 8.98989899e-01 -1.73540756e-01 -1.73540660e-01 9.54592771e-08
5.65656566e-01 8.98989899e-01 -2.04679971e-01 -2.04679858e-01 1.12587848e-07
5.75757576e-01 8.98989899e-01 -2.35613091e-01 -2.35612961e-01 1.29603052e-07
5.85858586e-01 8.98989899e-01 -2.66308968e-01 -2.66308821e-01 1.46487757e-07
5.95959596e-01 8.98989899e-01 -2.96736695e-01 -2.96736532e-01 1.63224961e-07
6.06060606e-01 8.98989899e-01 -3.26865633e-01 -3.26865453e-01 1.79797811e-07
6.16161616e-01 8.98989899e-01 -3.56665445e-01 -3.56665249e-01 1.96189620e-07
6.26262626e-01 8.98989899e-01 -3.86106125e-01 -3.86105913e-01 2.12383883e-07
6.36363636e-01 8.98989899e-01 -4.15158029e-01 -4.15157801e-01 2.28364293e-07
6.46464646e-01 8.98989899e-01 -4.43791905e-01 -4.43791660e-01 2.44114760e-07
6.56565657e-01 8.98989899e-01 -4.71978919e-01 -4.71978659e-01 2.59619424e-07
6.66666667e-01 8.98989899e-01 -4.99690691e-01 -4.99690416e-01 2.74862674e-07
6.76767677e-01 8.98989899e-01 -5.26899316e-01 -5.26899026e-01 2.89829159e-07
6.86868687e-01 8.98989899e-01 -5.53577398e-01 -5.53577094e-01 3.04503812e-07
6.96969697e-01 8.98989899e-01 -5.79698075e-01 -5.79697756e-01 3.18871855e-07
7.07070707e-01 8.98989899e-01 -6.05235045e-01 -6.05234713e-01 3.32918821e-07
7.17171717e-01 8.98989899e-01 -6.30162595e-01 -6.30162249e-01 3.46630565e-07
7.27272727e-01 8.98989899e-01 -6.54455625e-01 -6.54455265e-01 3.59993283e-07
7.37373737e-01 8.98989899e-01 -6.78089673e-01 -6.78089300e-01 3.72993517e-07
7.47474747e-01 8.98989899e-01 -7.01040942e-01 -7.01040556e-01 3.85618179e-07
7.57575758e-01 8.98989899e-01 -7.23286322e-01 -7.23285925e-01 3.97854556e-07
7.67676768e-01 8.98989899e-01 -7.44803415e-01 -7.44803005e-01 4.09690328e-07
7.77777778e-01 8.98989899e-01 -7.65570553e-01 -7.65570132e-01 4.21113575e-07
7.87878788e-01 8.98989899e-01 -7.85566827e-01 -7.85566395e-01 4.32112797e-07
7.97979798e-01 8.98989899e-01 -8.04772102e-01 -8.04771659e-01 4.42676918e-07
8.08080808e-01 8.98989899e-01 -8.23167039e-01 -8.23166587e-01 4.52795301e-07
8.18181818e-01 8.98989899e-01 -8.40733117e-01 -8.40732655e-01 4.62457758e-07
8.28282828e-01 8.98989899e-01 -8.57452648e-01 -8.57452177e-01 4.71654558e-07
8.38383838e-01 8.98989899e-01 -8.73308797e-01 -8.73308317e-01 4.80376443e-07
8.48484848e-01 8.98989899e-01 -8.88285598e-01 -8.88285110e-01 4.88614629e-07
8.58585859e-01 8.98989899e-01 -9.02367971e-01 -9.02367474e-01 4.96360821e-07
8.68686869e-01 8.98989899e-01 -9.15541735e-01 -9.15541232e-01 5.03607221e-07
8.78787879e-01 8.98989899e-01 -9.27793627e-01 -9.27793117e-01 5.10346530e-07
8.88888889e-01 8.98989899e-01 -9.39111309e-01 -9.39110793e-01 5.16571965e-07
8.98989899e-01 8.98989899e-01 -9.49483386e-01 -9.49482863e-01 5.22277254e-07
9.09090909e-01 8.98989899e-01 -9.58899413e-01 -9.58898886e-01 5.27456655e-07
9.19191919e-01 8.98989899e-01 -9.67349910e-01 -9.67349378e-01 5.32104950e-07
9.29292929e-01 8.98989899e-01 -9.74826368e-01 -9.74825831e-01 5.36217436e-07
9.39393939e-01 8.98989899e-01 -9.81321258e-01 -9.81320718e-01 5.39789673e-07
9.49494949e-01 8.98989899e-01 -9.86828040e-01 -9.86827497e-01 5.42814475e-07
9.59595960e-01 8.98989899e-01 -9.91341171e-01 -9.91340625e-01 5.45272215e-07
9.69696970e-01 8.98989899e-01 -9.94856104e-01 -9.94855558e-01 5.46837001e-07
9.79797980e-01 8.98989899e-01 -9.97369298e-01 -9.97368754e-01 5.43206728e-07
9.89898990e-01 8.98989899e-01 -9.98878173e-01 -9.98877685e-01 4.87456864e-07
1.00000000e+00 8.98989899e-01 -9.99380831e-01 -9.99380831e-01 0.00000000e+00
0.00000000e+00 9.09090909e-01 9.89333105e-01 9.89333105e-01 0.00000000e+00
1.01010101e-02 9.09090909e-01 9.88835500e-01 9.88835018e-01 4.82559992e-07
2.02020202e-02 9.09090909e-01 9.87341795e-01 9.87341257e-01 5.37749790e-07
3.03030303e-02 9.09090909e-01 9.84853870e-01 9.84853328e-01 5.41343541e-07
4.04040404e-02 9.09090909e-01 9.81374275e-01 9.81373735e-01 5.39794218e-07
5.05050505e-02 9.09090909e-01 9.76906519e-01 9.76905982e-01 5.37359983e-07
6.06060606e-02 9.09090909e-01 9.71455101e-01 9.71454567e-01 5.34362674e-07
7.07070707e-02 9.09090909e-01 9.65025511e-01 9.65024980e-01 5.30826034e-07
8.08080808e-02 9.09090909e-01 9.57624221e-01 9.57623694e-01 5.26754830e-07
9.09090909e-02 9.09090909e-01 9.49258685e-01 9.49258163e-01 5.22153226e-07
1.01010101e-01 9.09090909e-01 9.39937326e-01 9.39936809e-01 5.17025858e-07
1.11111111e-01 9.09090909e-01 9.29669530e-01 9.29669018e-01 5.11377888e-07
1.21212121e-01 9.09090909e-01 9.18465635e-01 9.18465130e-01 5.05215004e-07
1.31313131e-01 9.09090909e-01 9.06336923e-01 9.06336425e-01 4.98543411e-07
1.41414141e-01 9.09090909e-01 8.93295607e-01 8.93295116e-01 4.91369828e-07
1.51515152e-01 9.09090909e-01 8.79354818e-01 8.79354334e-01 4.83701476e-07
1.61616162e-01 9.09090909e-01 8.64528593e-01 8.64528118e-01 4.75546079e-07
1.71717172e-01 9.09090909e-01 8.48831861e-01 8.48831394e-01 4.66911847e-07
1.81818182e-01 9.09090909e-01 8.32280428e-01 8.32279970e-01 4.57807474e-07
1.91919192e-01 9.09090909e-01 8.14890958e-01 8.14890510e-01 4.48242128e-07
2.02020202e-01 9.09090909e-01 7.96680963e-01 7.96680524e-01 4.38225440e-07
2.12121212e-01 9.09090909e-01 7.77668777e-01 7.77668349e-01 4.27767495e-07
2.22222222e-01 9.09090909e-01 7.57873544e-01 7.57873128e-01 4.16878826e-07
2.32323232e-01 9.09090909e-01 7.37315198e-01 7.37314792e-01 4.05570395e-07
2.42424242e-01 9.09090909e-01 7.16014437e-01 7.16014043e-01 3.93853589e-07
2.52525253e-01 9.09090909e-01 6.93992711e-01 6.93992329e-01 3.81740205e-07
2.62626263e-01 9.09090909e-01 6.71272192e-01 6.71271823e-01 3.69242442e-07
2.72727273e-01 9.09090909e-01 6.47875760e-01 6.47875403e-01 3.56372883e-07
2.82828283e-01 9.09090909e-01 6.23826971e-01 6.23826628e-01 3.43144486e-07
2.92929293e-01 9.09090909e-01 5.99150042e-01 5.99149712e-01 3.29570572e-07
3.03030303e-01 9.09090909e-01 5.73869819e-01 5.73869503e-01 3.15664808e-07
3.13131313e-01 9.09090909e-01 5.48011758e-01 5.48011457e-01 3.01441197e-07
3.23232323e-01 9.09090909e-01 5.21601896e-01 5.21601609e-01 2.86914060e-07
3.33333333e-01 9.09090909e-01 4.94666825e-01 4.94666553e-01 2.72098025e-07
3.43434343e-01 9.09090909e-01 4.67233666e-01 4.67233409e-01 2.57008010e-07
3.53535354e-01 9.09090909e-01 4.39330042e-01 4.39329801e-01 2.41659210e-07
3.63636364e-01 9.09090909e-01 4.10984051e-01 4.10983825e-01 2.26067080e-07
3.73737374e-01 9.09090909e-01 3.82224233e-01 3.82224023e-01 2.10247319e-07
3.83838384e-01 9.09090909e-01 3.53079548e-01 3.53079354e-01 1.94215857e-07
3.93939394e-01 9.09090909e-01 3.23579342e-01 3.23579164e-01 1.77988836e-07
4.04040404e-01 9.09090909e-01 2.93753318e-01 2.93753157e-01 1.61582595e-07
4.14141414e-01 9.09090909e-01 2.63631511e-01 2.63631366e-01 1.45013655e-07
4.24242424e-01 9.09090909e-01 2.33244248e-01 2.33244120e-01 1.28298698e-07
4.34343434e-01 9.09090909e-01 2.02622128e-01 2.02622017e-01 1.11454555e-07
4.44444444e-01 9.09090909e-01 1.71795985e-01 1.71795891e-01 9.44981866e-08
4.54545455e-01 9.09090909e-01 1.40796858e-01 1.40796781e-01 7.74466666e-08
4.64646465e-01 9.09090909e-01 1.09655961e-01 1.09655900e-01 6.03171645e-08
4.74747475e-01 9.09090909e-01 7.84046490e-02 7.84046059e-02 4.31269282e-08
4.84848485e-01 9.09090909e-01 4.70743904e-02 4.70743645e-02 2.58932664e-08
4.94949495e-01 9.09090909e-01 1.56967319e-02 1.56967233e-02 8.63353262e-09
5.05050505e-01 9.09090909e-01 -1.56967319e-02 -1.56967233e-02 8.63489449e-09
5.15151515e-01 9.09090909e-01 -4.70743904e-02 -4.70743645e-02 2.58946270e-08
5.25252525e-01 9.09090909e-01 -7.84046490e-02 -7.84046059e-02 4.31282858e-08
5.35353535e-01 9.09090909e-01 -1.09655961e-01 -1.09655900e-01 6.03185182e-08
5.45454545e-01 9.09090909e-01 -1.40796858e-01 -1.40796781e-01 7.74480148e-08
5.55555556e-01 9.09090909e-01 -1.71795985e-01 -1.71795891e-01 9.44995279e-08
5.65656566e-01 9.09090909e-01 -2.02622128e-01 -2.02622017e-01 1.11455888e-07
5.75757576e-01 9.09090909e-01 -2.33244248e-01 -2.33244120e-01 1.28300021e-07
5.85858586e-01 9.09090909e-01 -2.63631511e-01 -2.63631366e-01 1.45014968e-07
5.95959596e-01 9.09090909e-01 -2.93753318e-01 -2.93753157e-01 1.61583896e-07
6.06060606e-01 9.09090909e-01 -3.23579342e-01 -3.23579164e-01 1.77990123e-07
6.16161616e-01 9.09090909e-01 -3.53079548e-01 -3.53079354e-01 1.94217129e-07
6.26262626e-01 9.09090909e-01 -3.82224233e-01 -3.82224023e-01 2.10248575e-07
6.36363636e-01 9.09090909e-01 -4.10984051e-01 -4.10983825e-01 2.26068319e-07
6.46464646e-01 9.09090909e-01 -4.39330042e-01 -4.39329801e-01 2.41660431e-07
6.56565657e-01 9.09090909e-01 -4.67233666e-01 -4.67233409e-01 2.57009211e-07
6.66666667e-01 9.09090909e-01 -4.94666825e-01 -4.94666553e-01 2.72099204e-07
6.76767677e-01 9.09090909e-01 -5.21601896e-01 -5.21601609e-01 2.86915217e-07
6.86868687e-01 9.09090909e-01 -5.48011758e-01 -5.48011457e-01 3.01442331e-07
6.96969697e-01 9.09090909e-01 -5.73869819e-01 -5.73869503e-01 3.15665918e-07
7.07070707e-01 9.09090909e-01 -5.99150042e-01 -5.99149712e-01 3.29571656e-07
7.17171717e-01 9.09090909e-01 -6.23826971e-01 -6.23826628e-01 3.43145543e-07
7.27272727e-01 9.09090909e-01 -6.47875760e-01 -6.47875403e-01 3.56373912e-07
7.37373737e-01 9.09090909e-01 -6.71272192e-01 -6.71271823e-01 3.69243442e-07
7.47474747e-01 9.09090909e-01 -6.93992711e-01 -6.93992329e-01 3.81741176e-07
7.57575758e-01 9.09090909e-01 -7.16014437e-01 -7.16014043e-01 3.93854529e-07
7.67676768e-01 9.09090909e-01 -7.37315198e-01 -7.37314792e-01 4.05571303e-07
7.77777778e-01 9.09090909e-01 -7.57873544e-01 -7.57873128e-01 4.16879701e-07
7.87878788e-01 9.09090909e-01 -7.77668777e-01 -7.77668349e-01 4.27768338e-07
7.97979798e-01 9.09090909e-01 -7.96680963e-01 -7.96680524e-01 4.38226247e-07
8.08080808e-01 9.09090909e-01 -8.14890958e-01 -8.14890510e-01 4.48242900e-07
8.18181818e-01 9.09090909e-01 -8.32280428e-01 -8.32279970e-01 4.57808210e-07
8.28282828e-01 9.09090909e-01 -8.48831861e-01 -8.48831394e-01 4.66912546e-07
8.38383838e-01 9.09090909e-01 -8.64528593e-01 -8.64528118e-01 4.75546741e-07
8.48484848e-01 9.09090909e-01 -8.79354818e-01 -8.79354334e-01 4.83702101e-07
8.58585859e-01 9.09090909e-01 -8.93295607e-01 -8.93295116e-01 4.91370414e-07
8.68686869e-01 9.09090909e-01 -9.06336923e-01 -9.06336425e-01 4.98543958e-07
8.78787879e-01 9.09090909e-01 -9.18465635e-01 -9.18465130e-01 5.05215510e-07
8.88888889e-01 9.09090909e-01 -9.29669530e-01 -9.29669018e-01 5.11378354e-07
8.98989899e-01 9.09090909e-01 -9.39937326e-01 -9.39936809e-01 5.17026283e-07
9.09090909e-01 9.09090909e-01 -9.49258685e-01 -9.49258163e-01 5.22153610e-07
9.19191919e-01 9.09090909e-01 -9.57624221e-01 -9.57623694e-01 5.26755171e-07
9.29292929e-01 9.09090909e-01 -9.65025511e-01 -9.65024980e-01 5.30826310e-07
9.39393939e-01 9.09090909e-01 -9.71455101e-01 -9.71454567e-01 5.34362632e-07
9.49494949e-01 9.09090909e-01 -9.76906519e-01 -9.76905982e-01 5.37357023e-07
9.59595960e-01 9.09090909e-01 -9.81374275e-01 -9.81373735e-01 5.39790068e-07
9.69696970e-01 9.09090909e-01 -9.84853870e-01 -9.84853328e-01 5.41339127e-07
9.79797980e-01 9.09090909e-01 -9.87341795e-01 -9.87341257e-01 5.37745354e-07
9.89898990e-01 9.09090909e-01 -9.88835500e-01 -9.88835018e-01 4.82555996e-07
1.00000000e+00 9.09090909e-01 -9.89333105e-01 -9.89333105e-01 0.00000000e+00
0.00000000e+00 9.19191919e-01 9.54431132e-01 9.54431132e-01 0.00000000e+00
1.01010101e-02 9.19191919e-01 9.53951082e-01 9.53950617e-01 4.65536085e-07
2.02020202e-02 9.19191919e-01 9.52510072e-01 9.52509554e-01 5.18778880e-07
3.03030303e-02 9.19191919e-01 9.50109917e-01 9.50109394e-01 5.22245849e-07
4.04040404e-02 9.19191919e-01 9.46753076e-01 9.46752555e-01 5.20751183e-07
5.05050505e-02 9.19191919e-01 9.42442935e-01 9.42442417e-01 5.18402825e-07
6.06060606e-02 9.19191919e-01 9.37183834e-01 9.37183318e-01 5.15511255e-07
7.07070707e-02 9.19191919e-01 9.30981068e-01 9.30980556e-01 5.12099383e-07
8.08080808e-02 9.19191919e-01 9.23840883e-01 9.23840375e-01 5.08171805e-07
9.09090909e-02 9.19191919e-01 9.15770469e-01 9.15769965e-01 5.03732537e-07
1.01010101e-01 9.19191919e-01 9.06777951e-01 9.06777453e-01 4.98786053e-07
1.11111111e-01 9.19191919e-01 8.96872385e-01 8.96871892e-01 4.93337335e-07
1.21212121e-01 9.19191919e-01 8.86063745e-01 8.86063258e-01 4.87391867e-07
1.31313131e-01 9.19191919e-01 8.74362913e-01 8.74362432e-01 4.80955637e-07
1.41414141e-01 9.19191919e-01 8.61781672e-01 8.61781198e-01 4.74035126e-07
1.51515152e-01 9.19191919e-01 8.48332690e-01 8.48332224e-01 4.66637301e-07
1.61616162e-01 9.19191919e-01 8.34029509e-01 8.34029050e-01 4.58769612e-07
1.71717172e-01 9.19191919e-01 8.18886531e-01 8.18886081e-01 4.50439982e-07
1.81818182e-01 9.19191919e-01 8.02919004e-01 8.02918562e-01 4.41656795e-07
1.91919192e-01 9.19191919e-01 7.86143005e-01 7.86142572e-01 4.32428899e-07
2.02020202e-01 9.19191919e-01 7.68575426e-01 7.68575004e-01 4.22765582e-07
2.12121212e-01 9.19191919e-01 7.50233958e-01 7.50233545e-01 4.12676577e-07
2.22222222e-01 9.19191919e-01 7.31137067e-01 7.31136665e-01 4.02172042e-07
2.32323232e-01 9.19191919e-01 7.11303984e-01 7.11303593e-01 3.91262553e-07
2.42424242e-01 9.19191919e-01 6.90754677e-01 6.90754297e-01 3.79959096e-07
2.52525253e-01 9.19191919e-01 6.69509840e-01 6.69509471e-01 3.68273053e-07
2.62626263e-01 9.19191919e-01 6.47590862e-01 6.47590506e-01 3.56216190e-07
2.72727273e-01 9.19191919e-01 6.25019816e-01 6.25019472e-01 3.43800647e-07
2.82828283e-01 9.19191919e-01 6.01819427e-01 6.01819096e-01 3.31038926e-07
2.92929293e-01 9.19191919e-01 5.78013057e-01 5.78012739e-01 3.17943877e-07
3.03030303e-01 9.19191919e-01 5.53624678e-01 5.53624373e-01 3.04528685e-07
3.13131313e-01 9.19191919e-01 5.28678845e-01 5.28678554e-01 2.90806859e-07
3.23232323e-01 9.19191919e-01 5.03200677e-01 5.03200400e-01 2.76792215e-07
3.33333333e-01 9.19191919e-01 4.77215829e-01 4.77215566e-01 2.62498865e-07
3.43434343e-01 9.19191919e-01 4.50750465e-01 4.50750217e-01 2.47941201e-07
3.53535354e-01 9.19191919e-01 4.23831233e-01 4.23831000e-01 2.33133881e-07
3.63636364e-01 9.19191919e-01 3.96485239e-01 3.96485021e-01 2.18091815e-07
3.73737374e-01 9.19191919e-01 3.68740019e-01 3.68739816e-01 2.02830149e-07
3.83838384e-01 9.19191919e-01 3.40623508e-01 3.40623321e-01 1.87364250e-07
3.93939394e-01 9.19191919e-01 3.12164018e-01 3.12163847e-01 1.71709691e-07
4.04040404e-01 9.19191919e-01 2.83390206e-01 2.83390050e-01 1.55882235e-07
4.14141414e-01 9.19191919e-01 2.54331044e-01 2.54330904e-01 1.39897819e-07
4.24242424e-01 9.19191919e-01 2.25015792e-01 2.25015668e-01 1.23772537e-07
4.34343434e-01 9.19191919e-01 1.95473968e-01 1.95473860e-01 1.07522628e-07
4.44444444e-01 9.19191919e-01 1.65735318e-01 1.65735227e-01 9.11644516e-08
4.54545455e-01 9.19191919e-01 1.35829787e-01 1.35829712e-01 7.47144807e-08
4.64646465e-01 9.19191919e-01 1.05787487e-01 1.05787429e-01 5.81892787e-08
4.74747475e-01 9.19191919e-01 7.56386677e-02 7.56386261e-02 4.16054851e-08
4.84848485e-01 9.19191919e-01 4.54136868e-02 4.54136618e-02 2.49797980e-08
4.94949495e-01 9.19191919e-01 1.51429782e-02 1.51429698e-02 8.32895865e-09
5.05050505e-01 9.19191919e-01 -1.51429782e-02 -1.51429698e-02 8.33026731e-09
5.15151515e-01 9.19191919e-01 -4.54136868e-02 -4.54136618e-02 2.49811054e-08
5.25252525e-01 9.19191919e-01 -7.56386677e-02 -7.56386261e-02 4.16067897e-08
5.35353535e-01 9.19191919e-01 -1.05787487e-01 -1.05787429e-01 5.81905795e-08
5.45454545e-01 9.19191919e-01 -1.35829787e-01 -1.35829712e-01 7.47157761e-08
5.55555556e-01 9.19191919e-01 -1.65735318e-01 -1.65735227e-01 9.11657406e-08
5.65656566e-01 9.19191919e-01 -1.95473968e-01 -1.95473860e-01 1.07523909e-07
5.75757576e-01 9.19191919e-01 -2.25015792e-01 -2.25015668e-01 1.23773809e-07
5.85858586e-01 9.19191919e-01 -2.54331044e-01 -2.54330904e-01 1.39899080e-07
5.95959596e-01 9.19191919e-01 -2.83390206e-01 -2.83390050e-01 1.55883485e-07
6.06060606e-01 9.19191919e-01 -3.12164018e-01 -3.12163847e-01 1.71710928e-07
6.16161616e-01 9.19191919e-01 -3.40623508e-01 -3.40623321e-01 1.87365472e-07
6.26262626e-01 9.19191919e-01 -3.68740019e-01 -3.68739816e-01 2.02831356e-07
6.36363636e-01 9.19191919e-01 -3.96485239e-01 -3.96485021e-01 2.18093005e-07
6.46464646e-01 9.19191919e-01 -4.23831233e-01 -4.23831000e-01 2.33135054e-07
6.56565657e-01 9.19191919e-01 -4.50750465e-01 -4.50750217e-01 2.47942355e-07
6.66666667e-01 9.19191919e-01 -4.77215829e-01 -4.77215566e-01 2.62499999e-07
6.76767677e-01 9.19191919e-01 -5.03200677e-01 -5.03200400e-01 2.76793328e-07
6.86868687e-01 9.19191919e-01 -5.28678845e-01 -5.28678554e-01 2.90807949e-07
6.96969697e-01 9.19191919e-01 -5.53624678e-01 -5.53624373e-01 3.04529752e-07
7.07070707e-01 9.19191919e-01 -5.78013057e-01 -5.78012739e-01 3.17944919e-07
7.17171717e-01 9.19191919e-01 -6.01819427e-01 -6.01819096e-01 3.31039942e-07
7.27272727e-01 9.19191919e-01 -6.25019816e-01 -6.25019472e-01 3.43801636e-07
7.37373737e-01 9.19191919e-01 -6.47590862e-01 -6.47590506e-01 3.56217151e-07
7.47474747e-01 9.19191919e-01 -6.69509840e-01 -6.69509471e-01 3.68273986e-07
7.57575758e-01 9.19191919e-01 -6.90754677e-01 -6.90754297e-01 3.79960000e-07
7.67676768e-01 9.19191919e-01 -7.11303984e-01 -7.11303593e-01 3.91263426e-07
7.77777778e-01 9.19191919e-01 -7.31137067e-01 -7.31136665e-01 4.02172883e-07
7.87878788e-01 9.19191919e-01 -7.50233958e-01 -7.50233545e-01 4.12677386e-07
7.97979798e-01 9.19191919e-01 -7.68575426e-01 -7.68575004e-01 4.22766359e-07
8.08080808e-01 9.19191919e-01 -7.86143005e-01 -7.86142572e-01 4.32429641e-07
8.18181818e-01 9.19191919e-01 -8.02919004e-01 -8.02918562e-01 4.41657503e-07
8.28282828e-01 9.19191919e-01 -8.18886531e-01 -8.18886081e-01 4.50440654e-07
8.38383838e-01 9.19191919e-01 -8.34029509e-01 -8.34029050e-01 4.58770249e-07
8.48484848e-01 9.19191919e-01 -8.48332690e-01 -8.48332224e-01 4.66637901e-07
8.58585859e-01 9.19191919e-01 -8.61781672e-01 -8.61781198e-01 4.74035688e-07
8.68686869e-01 9.19191919e-01 -8.74362913e-01 -8.74362432e-01 4.80956162e-07
8.78787879e-01 9.19191919e-01 -8.86063745e-01 -8.86063258e-01 4.87392354e-07
8.88888889e-01 9.19191919e-01 -8.96872385e-01 -8.96871892e-01 4.93337782e-07
8.98989899e-01 9.19191919e-01 -9.06777951e-01 -9.06777453e-01 4.98786462e-07
9.09090909e-01 9.19191919e-01 -9.15770469e-01 -9.15769965e-01 5.03732906e-07
9.19191919e-01 9.19191919e-01 -9.23840883e-01 -9.23840375e-01 5.08172132e-07
9.29292929e-01 9.19191919e-01 -9.30981068e-01 -9.30980556e-01 5.12099647e-07
9.39393939e-01 9.19191919e-01 -9.37183834e-01 -9.37183318e-01 5.15511214e-07
9.49494949e-01 9.19191919e-01 -9.42442935e-01 -9.42442417e-01 5.18399970e-07
9.59595960e-01 9.19191919e-01 -9.46753076e-01 -9.46752555e-01 5.20747196e-07
9.69696970e-01 9.19191919e-01 -9.50109917e-01 -9.50109394e-01 5.22241612e-07
9.79797980e-01 9.19191919e-01 -9.52510072e-01 -9.52509554e-01 5.18774622e-07
9.89898990e-01 9.19191919e-01 -9.53951082e-01 -9.53950617e-01 4.65532250e-07
1.00000000e+00 9.19191919e-01 -9.54431132e-01 -9.54431132e-01 0.00000000e+00
0.00000000e+00 9.29292929e-01 8.95551728e-01 8.95551728e-01 0.00000000e+00
1.01010101e-02 9.29292929e-01 8.95101293e-01 8.95100856e-01 4.36816877e-07
2.02020202e-02 9.29292929e-01 8.93749180e-01 8.93748693e-01 4.86775091e-07
3.03030303e-02 9.29292929e-01 8.91497091e-01 8.91496601e-01 4.90028181e-07
4.04040404e-02 9.29292929e-01 8.88347336e-01 8.88346847e-01 4.88625722e-07
5.05050505e-02 9.29292929e-01 8.84303090e-01 8.84302603e-01 4.86422235e-07
6.06060606e-02 9.29292929e-01 8.79368425e-01 8.79367942e-01 4.83709048e-07
7.07070707e-02 9.29292929e-01 8.73548312e-01 8.73547831e-01 4.80507656e-07
8.08080808e-02 9.29292929e-01 8.66848609e-01 8.66848132e-01 4.76822373e-07
9.09090909e-02 9.29292929e-01 8.59276063e-01 8.59275591e-01 4.72656967e-07
1.01010101e-01 9.29292929e-01 8.50838299e-01 8.50837831e-01 4.68015635e-07
1.11111111e-01 9.29292929e-01 8.41543813e-01 8.41543350e-01 4.62903051e-07
1.21212121e-01 9.29292929e-01 8.31401964e-01 8.31401507e-01 4.57324363e-07
1.31313131e-01 9.29292929e-01 8.20422964e-01 8.20422512e-01 4.51285188e-07
1.41414141e-01 9.29292929e-01 8.08617867e-01 8.08617422e-01 4.44791608e-07
1.51515152e-01 9.29292929e-01 7.95998560e-01 7.95998122e-01 4.37850159e-07
1.61616162e-01 9.29292929e-01 7.82577750e-01 7.82577320e-01 4.30467833e-07
1.71717172e-01 9.29292929e-01 7.68368951e-01 7.68368528e-01 4.22652062e-07
1.81818182e-01 9.29292929e-01 7.53386470e-01 7.53386055e-01 4.14410717e-07
1.91919192e-01 9.29292929e-01 7.37645392e-01 7.37644986e-01 4.05752094e-07
2.02020202e-01 9.29292929e-01 7.21161567e-01 7.21161171e-01 3.96684914e-07
2.12121212e-01 9.29292929e-01 7.03951595e-01 7.03951207e-01 3.87218306e-07
2.22222222e-01 9.29292929e-01 6.86032802e-01 6.86032425e-01 3.77361802e-07
2.32323232e-01 9.29292929e-01 6.67423233e-01 6.67422866e-01 3.67125327e-07
2.42424242e-01 9.29292929e-01 6.48141625e-01 6.48141269e-01 3.56519187e-07
2.52525253e-01 9.29292929e-01 6.28207394e-01 6.28207048e-01 3.45554063e-07
2.62626263e-01 9.29292929e-01 6.07640610e-01 6.07640276e-01 3.34240995e-07
2.72727273e-01 9.29292929e-01 5.86461985e-01 5.86461662e-01 3.22591375e-07
2.82828283e-01 9.29292929e-01 5.64692841e-01 5.64692531e-01 3.10616933e-07
2.92929293e-01 9.29292929e-01 5.42355100e-01 5.42354802e-01 2.98329725e-07
3.03030303e-01 9.29292929e-01 5.19471254e-01 5.19470968e-01 2.85742125e-07
3.13131313e-01 9.29292929e-01 4.96064343e-01 4.96064070e-01 2.72866807e-07
3.23232323e-01 9.29292929e-01 4.72157938e-01 4.72157679e-01 2.59716735e-07
3.33333333e-01 9.29292929e-01 4.47776110e-01 4.47775864e-01 2.46305151e-07
3.43434343e-01 9.29292929e-01 4.22943410e-01 4.22943177e-01 2.32645558e-07
3.53535354e-01 9.29292929e-01 3.97684841e-01 3.97684622e-01 2.18751710e-07
3.63636364e-01 9.29292929e-01 3.72025837e-01 3.72025633e-01 2.04637598e-07
3.73737374e-01 9.29292929e-01 3.45992235e-01 3.45992045e-01 1.90317434e-07
3.83838384e-01 9.29292929e-01 3.19610248e-01 3.19610073e-01 1.75805636e-07
3.93939394e-01 9.29292929e-01 2.92906441e-01 2.92906280e-01 1.61116817e-07
4.04040404e-01 9.29292929e-01 2.65907702e-01 2.65907555e-01 1.46265766e-07
4.14141414e-01 9.29292929e-01 2.38641216e-01 2.38641084e-01 1.31267439e-07
4.24242424e-01 9.29292929e-01 2.11134438e-01 2.11134322e-01 1.16136936e-07
4.34343434e-01 9.29292929e-01 1.83415066e-01 1.83414966e-01 1.00889493e-07
4.44444444e-01 9.29292929e-01 1.55511011e-01 1.55510926e-01 8.55404630e-08
4.54545455e-01 9.29292929e-01 1.27450369e-01 1.27450299e-01 7.01053009e-08
4.64646465e-01 9.29292929e-01 9.92613961e-02 9.92613415e-02 5.45995488e-08
4.74747475e-01 9.29292929e-01 7.09724749e-02 7.09724358e-02 3.90388197e-08
4.84848485e-01 9.29292929e-01 4.26120904e-02 4.26120669e-02 2.34387815e-08
4.94949495e-01 9.29292929e-01 1.42087991e-02 1.42087913e-02 7.81514274e-09
5.05050505e-01 9.29292929e-01 -1.42087991e-02 -1.42087913e-02 7.81636531e-09
5.15151515e-01 9.29292929e-01 -4.26120904e-02 -4.26120669e-02 2.34400029e-08
5.25252525e-01 9.29292929e-01 -7.09724749e-02 -7.09724358e-02 3.90400385e-08
5.35353535e-01 9.29292929e-01 -9.92613961e-02 -9.92613415e-02 5.46007641e-08
5.45454545e-01 9.29292929e-01 -1.27450369e-01 -1.27450299e-01 7.01065112e-08
5.55555556e-01 9.29292929e-01 -1.55511011e-01 -1.55510926e-01 8.55416672e-08
5.65656566e-01 9.29292929e-01 -1.83415066e-01 -1.83414966e-01 1.00890690e-07
5.75757576e-01 9.29292929e-01 -2.11134438e-01 -2.11134322e-01 1.16138124e-07
5.85858586e-01 9.29292929e-01 -2.38641216e-01 -2.38641084e-01 1.31268617e-07
5.95959596e-01 9.29292929e-01 -2.65907702e-01 -2.65907555e-01 1.46266934e-07
6.06060606e-01 9.29292929e-01 -2.92906441e-01 -2.92906280e-01 1.61117972e-07
6.16161616e-01 9.29292929e-01 -3.19610248e-01 -3.19610073e-01 1.75806778e-07
6.26262626e-01 9.29292929e-01 -3.45992235e-01 -3.45992045e-01 1.90318562e-07
6.36363636e-01 9.29292929e-01 -3.72025837e-01 -3.72025633e-01 2.04638711e-07
6.46464646e-01 9.29292929e-01 -3.97684841e-01 -3.97684622e-01 2.18752806e-07
6.56565657e-01 9.29292929e-01 -4.22943410e-01 -4.22943177e-01 2.32646635e-07
6.66666667e-01 9.29292929e-01 -4.47776110e-01 -4.47775864e-01 2.46306210e-07
6.76767677e-01 9.29292929e-01 -4.72157938e-01 -4.72157679e-01 2.59717774e-07
6.86868687e-01 9.29292929e-01 -4.96064343e-01 -4.96064070e-01 2.72867825e-07
6.96969697e-01 9.29292929e-01 -5.19471254e-01 -5.19470968e-01 2.85743121e-07
7.07070707e-01 9.29292929e-01 -5.42355100e-01 -5.42354802e-01 2.98330698e-07
7.17171717e-01 9.29292929e-01 -5.64692841e-01 -5.64692531e-01 3.10617881e-07
7.27272727e-01 9.29292929e-01 -5.86461985e-01 -5.86461662e-01 3.22592299e-07
7.37373737e-01 9.29292929e-01 -6.07640610e-01 -6.07640276e-01 3.34241893e-07
7.47474747e-01 9.29292929e-01 -6.28207394e-01 -6.28207048e-01 3.45554934e-07
7.57575758e-01 9.29292929e-01 -6.48141625e-01 -6.48141269e-01 3.56520031e-07
7.67676768e-01 9.29292929e-01 -6.67423233e-01 -6.67422866e-01 3.67126142e-07
7.77777778e-01 9.29292929e-01 -6.86032802e-01 -6.86032425e-01 3.77362588e-07
7.87878788e-01 9.29292929e-01 -7.03951595e-01 -7.03951207e-01 3.87219062e-07
7.97979798e-01 9.29292929e-01 -7.21161567e-01 -7.21161171e-01 3.96685640e-07
8.08080808e-01 9.29292929e-01 -7.37645392e-01 -7.37644986e-01 4.05752788e-07
8.18181818e-01 9.29292929e-01 -7.53386470e-01 -7.53386055e-01 4.14411378e-07
8.28282828e-01 9.29292929e-01 -7.68368951e-01 -7.68368528e-01 4.22652690e-07
8.38383838e-01 9.29292929e-01 -7.82577750e-01 -7.82577320e-01 4.30468428e-07
8.48484848e-01 9.29292929e-01 -7.95998560e-01 -7.95998122e-01 4.37850720e-07
8.58585859e-01 9.29292929e-01 -8.08617867e-01 -8.08617422e-01 4.44792133e-07
8.68686869e-01 9.29292929e-01 -8.20422964e-01 -8.20422512e-01 4.51285678e-07
8.78787879e-01 9.29292929e-01 -8.31401964e-01 -8.31401507e-01 4.57324817e-07
8.88888889e-01 9.29292929e-01 -8.41543813e-01 -8.41543350e-01 4.62903469e-07
8.98989899e-01 9.29292929e-01 -8.50838299e-01 -8.50837831e-01 4.68016017e-07
9.09090909e-01 9.29292929e-01 -8.59276063e-01 -8.59275591e-01 4.72657311e-07
9.19191919e-01 9.29292929e-01 -8.66848609e-01 -8.66848132e-01 4.76822678e-07
9.29292929e-01 9.29292929e-01 -8.73548312e-01 -8.73547831e-01 4.80507904e-07
9.39393939e-01 9.29292929e-01 -8.79368425e-01 -8.79367942e-01 4.83709009e-07
9.49494949e-01 9.29292929e-01 -8.84303090e-01 -8.84302603e-01 4.86419556e-07
9.59595960e-01 9.29292929e-01 -8.88347336e-01 -8.88346847e-01 4.88621995e-07
9.69696970e-01 9.29292929e-01 -8.91497091e-01 -8.91496601e-01 4.90024226e-07
9.79797980e-01 9.29292929e-01 -8.93749180e-01 -8.93748693e-01 4.86771117e-07
9.89898990e-01 9.29292929e-01 -8.95101293e-01 -8.95100856e-01 4.36813298e-07
1.00000000e+00 9.29292929e-01 -8.95551728e-01 -8.95551728e-01 0.00000000e+00
0.00000000e+00 9.39393939e-01 8.14174074e-01 8.14174074e-01 0.00000000e+00
1.01010101e-02 9.39393939e-01 8.13764569e-01 8.13764172e-01 3.97123858e-07
2.02020202e-02 9.39393939e-01 8.12535321e-01 8.12534878e-01 4.42542429e-07
3.03030303e-02 9.39393939e-01 8.10487876e-01 8.10487431e-01 4.45499915e-07
4.04040404e-02 9.39393939e-01 8.07624336e-01 8.07623891e-01 4.44224896e-07
5.05050505e-02 9.39393939e-01 8.03947585e-01 8.03947143e-01 4.42221638e-07
6.06060606e-02 9.39393939e-01 7.99461328e-01 7.99460888e-01 4.39754995e-07
7.07070707e-02 9.39393939e-01 7.94170080e-01 7.94169644e-01 4.36844510e-07
8.08080808e-02 9.39393939e-01 7.88079171e-01 7.88078738e-01 4.33494104e-07
9.09090909e-02 9.39393939e-01 7.81194733e-01 7.81194303e-01 4.29707203e-07
1.01010101e-01 9.39393939e-01 7.73523698e-01 7.73523273e-01 4.25487624e-07
1.11111111e-01 9.39393939e-01 7.65073790e-01 7.65073369e-01 4.20839614e-07
1.21212121e-01 9.39393939e-01 7.55853518e-01 7.55853102e-01 4.15767855e-07
1.31313131e-01 9.39393939e-01 7.45872165e-01 7.45871755e-01 4.10277452e-07
1.41414141e-01 9.39393939e-01 7.35139783e-01 7.35139378e-01 4.04373936e-07
1.51515152e-01 9.39393939e-01 7.23667176e-01 7.23666778e-01 3.98063248e-07
1.61616162e-01 9.39393939e-01 7.11465899e-01 7.11465507e-01 3.91351745e-07
1.71717172e-01 9.39393939e-01 6.98548235e-01 6.98547851e-01 3.84246184e-07
1.81818182e-01 9.39393939e-01 6.84927193e-01 6.84926816e-01 3.76753720e-07
1.91919192e-01 9.39393939e-01 6.70616487e-01 6.70616118e-01 3.68881896e-07
2.02020202e-01 9.39393939e-01 6.55630527e-01 6.55630166e-01 3.60638640e-07
2.12121212e-01 9.39393939e-01 6.39984403e-01 6.39984051e-01 3.52032251e-07
2.22222222e-01 9.39393939e-01 6.23693868e-01 6.23693525e-01 3.43071396e-07
2.32323232e-01 9.39393939e-01 6.06775327e-01 6.06774993e-01 3.33765096e-07
2.42424242e-01 9.39393939e-01 5.89245814e-01 5.89245490e-01 3.24122724e-07
2.52525253e-01 9.39393939e-01 5.71122981e-01 5.71122667e-01 3.14153987e-07
2.62626263e-01 9.39393939e-01 5.52425076e-01 5.52424772e-01 3.03868924e-07
2.72727273e-01 9.39393939e-01 5.33170925e-01 5.33170632e-01 2.93277891e-07
2.82828283e-01 9.39393939e-01 5.13379916e-01 5.13379634e-01 2.82391551e-07
2.92929293e-01 9.39393939e-01 4.93071978e-01 4.93071706e-01 2.71220868e-07
3.03030303e-01 9.39393939e-01 4.72267557e-01 4.72267297e-01 2.59777088e-07
3.13131313e-01 9.39393939e-01 4.50987603e-01 4.50987355e-01 2.48071734e-07
3.23232323e-01 9.39393939e-01 4.29253543e-01 4.29253307e-01 2.36116593e-07
3.33333333e-01 9.39393939e-01 4.07087261e-01 4.07087037e-01 2.23923703e-07
3.43434343e-01 9.39393939e-01 3.84511077e-01 3.84510865e-01 2.11505341e-07
3.53535354e-01 9.39393939e-01 3.61547722e-01 3.61547523e-01 1.98874011e-07
3.63636364e-01 9.39393939e-01 3.38220320e-01 3.38220134e-01 1.86042431e-07
3.73737374e-01 9.39393939e-01 3.14552358e-01 3.14552185e-01 1.73023523e-07
3.83838384e-01 9.39393939e-01 2.90567669e-01 2.90567509e-01 1.59830394e-07
3.93939394e-01 9.39393939e-01 2.66290403e-01 2.66290256e-01 1.46476330e-07
4.04040404e-01 9.39393939e-01 2.41745005e-01 2.41744872e-01 1.32974776e-07
4.14141414e-01 9.39393939e-01 2.16956190e-01 2.16956071e-01 1.19339329e-07
4.24242424e-01 9.39393939e-01 1.91948919e-01 1.91948813e-01 1.05583716e-07
4.34343434e-01 9.39393939e-01 1.66748371e-01 1.66748279e-01 9.17217900e-08
4.44444444e-01 9.39393939e-01 1.41379922e-01 1.41379844e-01 7.77675078e-08
4.54545455e-01 9.39393939e-01 1.15869115e-01 1.15869052e-01 6.37349202e-08
4.64646465e-01 9.39393939e-01 9.02416384e-02 9.02415888e-02 4.96381570e-08
4.74747475e-01 9.39393939e-01 6.45232957e-02 6.45232602e-02 3.54914124e-08
4.84848485e-01 9.39393939e-01 3.87399836e-02 3.87399623e-02 2.13089308e-08
4.94949495e-01 9.39393939e-01 1.29176635e-02 1.29176564e-02 7.10499306e-09
5.05050505e-01 9.39393939e-01 -1.29176635e-02 -1.29176564e-02 7.10609883e-09
5.15151515e-01 9.39393939e-01 -3.87399836e-02 -3.87399623e-02 2.13100355e-08
5.25252525e-01 9.39393939e-01 -6.45232957e-02 -6.45232602e-02 3.54925147e-08
5.35353535e-01 9.39393939e-01 -9.02416384e-02 -9.02415888e-02 4.96392561e-08
5.45454545e-01 9.39393939e-01 -1.15869115e-01 -1.15869052e-01 6.37360148e-08
5.55555556e-01 9.39393939e-01 -1.41379922e-01 -1.41379844e-01 7.77685970e-08
5.65656566e-01 9.39393939e-01 -1.66748371e-01 -1.66748279e-01 9.17228724e-08
5.75757576e-01 9.39393939e-01 -1.91948919e-01 -1.91948813e-01 1.05584791e-07
5.85858586e-01 9.39393939e-01 -2.16956190e-01 -2.16956071e-01 1.19340395e-07
5.95959596e-01 9.39393939e-01 -2.41745005e-01 -2.41744872e-01 1.32975832e-07
6.06060606e-01 9.39393939e-01 -2.66290403e-01 -2.66290256e-01 1.46477375e-07
6.16161616e-01 9.39393939e-01 -2.90567669e-01 -2.90567509e-01 1.59831427e-07
6.26262626e-01 9.39393939e-01 -3.14552358e-01 -3.14552185e-01 1.73024543e-07
6.36363636e-01 9.39393939e-01 -3.38220320e-01 -3.38220134e-01 1.86043437e-07
6.46464646e-01 9.39393939e-01 -3.61547722e-01 -3.61547523e-01 1.98875002e-07
6.56565657e-01 9.39393939e-01 -3.84511077e-01 -3.84510865e-01 2.11506316e-07
6.66666667e-01 9.39393939e-01 -4.07087261e-01 -4.07087037e-01 2.23924661e-07
6.76767677e-01 9.39393939e-01 -4.29253543e-01 -4.29253307e-01 2.36117533e-07
6.86868687e-01 9.39393939e-01 -4.50987603e-01 -4.50987355e-01 2.48072655e-07
6.96969697e-01 9.39393939e-01 -4.72267557e-01 -4.72267297e-01 2.59777989e-07
7.07070707e-01 9.39393939e-01 -4.93071978e-01 -4.93071706e-01 2.71221748e-07
7.17171717e-01 9.39393939e-01 -5.13379916e-01 -5.13379634e-01 2.82392410e-07
7.27272727e-01 9.39393939e-01 -5.33170925e-01 -5.33170632e-01 2.93278726e-07
7.37373737e-01 9.39393939e-01 -5.52425076e-01 -5.52424772e-01 3.03869736e-07
7.47474747e-01 9.39393939e-01 -5.71122981e-01 -5.71122667e-01 3.14154775e-07
7.57575758e-01 9.39393939e-01 -5.89245814e-01 -5.89245490e-01 3.24123487e-07
7.67676768e-01 9.39393939e-01 -6.06775327e-01 -6.06774993e-01 3.33765833e-07
7.77777778e-01 9.39393939e-01 -6.23693868e-01 -6.23693525e-01 3.43072106e-07
7.87878788e-01 9.39393939e-01 -6.39984403e-01 -6.39984051e-01 3.52032935e-07
7.97979798e-01 9.39393939e-01 -6.55630527e-01 -6.55630166e-01 3.60639296e-07
8.08080808e-01 9.39393939e-01 -6.70616487e-01 -6.70616118e-01 3.68882523e-07
8.18181818e-01 9.39393939e-01 -6.84927193e-01 -6.84926816e-01 3.76754318e-07
8.28282828e-01 9.39393939e-01 -6.98548235e-01 -6.98547851e-01 3.84246752e-07
8.38383838e-01 9.39393939e-01 -7.11465899e-01 -7.11465507e-01 3.91352283e-07
8.48484848e-01 9.39393939e-01 -7.23667176e-01 -7.23666778e-01 3.98063755e-07
8.58585859e-01 9.39393939e-01 -7.35139783e-01 -7.35139378e-01 4.04374411e-07
8.68686869e-01 9.39393939e-01 -7.45872165e-01 -7.45871755e-01 4.10277896e-07
8.78787879e-01 9.39393939e-01 -7.55853518e-01 -7.55853102e-01 4.15768265e-07
8.88888889e-01 9.39393939e-01 -7.65073790e-01 -7.65073369e-01 4.20839992e-07
8.98989899e-01 9.39393939e-01 -7.73523698e-01 -7.73523273e-01 4.25487968e-07
9.09090909e-01 9.39393939e-01 -7.81194733e-01 -7.81194303e-01 4.29707514e-07
9.19191919e-01 9.39393939e-01 -7.88079171e-01 -7.88078738e-01 4.33494380e-07
9.29292929e-01 9.39393939e-01 -7.94170080e-01 -7.94169644e-01 4.36844733e-07
9.39393939e-01 9.39393939e-01 -7.99461328e-01 -7.99460888e-01 4.39754958e-07
9.49494949e-01 9.39393939e-01 -8.03947585e-01 -8.03947143e-01 4.42219203e-07
9.59595960e-01 9.39393939e-01 -8.07624336e-01 -8.07623891e-01 4.44221525e-07
9.69696970e-01 9.39393939e-01 -8.10487876e-01 -8.10487431e-01 4.45496342e-07
9.79797980e-01 9.39393939e-01 -8.12535321e-01 -8.12534878e-01 4.42538841e-07
9.89898990e-01 9.39393939e-01 -8.13764569e-01 -8.13764172e-01 3.97120625e-07
1.00000000e+00 9.39393939e-01 -8.14174074e-01 -8.14174074e-01 0.00000000e+00
0.00000000e+00 9.49494949e-01 7.12342558e-01 7.12342558e-01 0.00000000e+00
1.01010101e-02 9.49494949e-01 7.11984271e-01 7.11983923e-01 3.47454205e-07
2.02020202e-02 9.49494949e-01 7.10908769e-01 7.10908382e-01 3.87192119e-07
3.03030303e-02 9.49494949e-01 7.09117405e-01 7.09117015e-01 3.89779702e-07
4.04040404e-02 9.49494949e-01 7.06612017e-01 7.06611628e-01 3.88664154e-07
5.05050505e-02 9.49494949e-01 7.03395130e-01 7.03394743e-01 3.86911450e-07
6.06060606e-02 9.49494949e-01 6.99469984e-01 6.99469600e-01 3.84753319e-07
7.07070707e-02 9.49494949e-01 6.94840531e-01 6.94840149e-01 3.82206858e-07
8.08080808e-02 9.49494949e-01 6.89511433e-01 6.89511054e-01 3.79275499e-07
9.09090909e-02 9.49494949e-01 6.83488055e-01 6.83487679e-01 3.75962239e-07
1.01010101e-01 9.49494949e-01 6.76776462e-01 6.76776090e-01 3.72270417e-07
1.11111111e-01 9.49494949e-01 6.69383413e-01 6.69383045e-01 3.68203750e-07
1.21212121e-01 9.49494949e-01 6.61316352e-01 6.61315988e-01 3.63766333e-07
1.31313131e-01 9.49494949e-01 6.52583401e-01 6.52583042e-01 3.58962635e-07
1.41414141e-01 9.49494949e-01 6.43193353e-01 6.43193000e-01 3.53797491e-07
1.51515152e-01 9.49494949e-01 6.33155665e-01 6.33155317e-01 3.48276104e-07
1.61616162e-01 9.49494949e-01 6.22480443e-01 6.22480100e-01 3.42404032e-07
1.71717172e-01 9.49494949e-01 6.11178435e-01 6.11178099e-01 3.36187188e-07
1.81818182e-01 9.49494949e-01 5.99261023e-01 5.99260693e-01 3.29631832e-07
1.91919192e-01 9.49494949e-01 5.86740205e-01 5.86739883e-01 3.22744565e-07
2.02020202e-01 9.49494949e-01 5.73628590e-01 5.73628275e-01 3.15532321e-07
2.12121212e-01 9.49494949e-01 5.59939380e-01 5.59939072e-01 3.08002363e-07
2.22222222e-01 9.49494949e-01 5.45686358e-01 5.45686058e-01 3.00162273e-07
2.32323232e-01 9.49494949e-01 5.30883876e-01 5.30883584e-01 2.92019944e-07
2.42424242e-01 9.49494949e-01 5.15546839e-01 5.15546556e-01 2.83583577e-07
2.52525253e-01 9.49494949e-01 4.99690691e-01 4.99690416e-01 2.74861664e-07
2.62626263e-01 9.49494949e-01 4.83331395e-01 4.83331130e-01 2.65862990e-07
2.72727273e-01 9.49494949e-01 4.66485427e-01 4.66485170e-01 2.56596614e-07
2.82828283e-01 9.49494949e-01 4.49169747e-01 4.49169500e-01 2.47071867e-07
2.92929293e-01 9.49494949e-01 4.31401791e-01 4.31401553e-01 2.37298339e-07
3.03030303e-01 9.49494949e-01 4.13199450e-01 4.13199223e-01 2.27285872e-07
3.13131313e-01 9.49494949e-01 3.94581052e-01 3.94580835e-01 2.17044548e-07
3.23232323e-01 9.49494949e-01 3.75565345e-01 3.75565138e-01 2.06584678e-07
3.33333333e-01 9.49494949e-01 3.56171475e-01 3.56171279e-01 1.95916795e-07
3.43434343e-01 9.49494949e-01 3.36418970e-01 3.36418785e-01 1.85051640e-07
3.53535354e-01 9.49494949e-01 3.16327721e-01 3.16327547e-01 1.74000154e-07
3.63636364e-01 9.49494949e-01 2.95917956e-01 2.95917793e-01 1.62773464e-07
3.73737374e-01 9.49494949e-01 2.75210226e-01 2.75210075e-01 1.51382876e-07
3.83838384e-01 9.49494949e-01 2.54225384e-01 2.54225244e-01 1.39839857e-07
3.93939394e-01 9.49494949e-01 2.32984558e-01 2.32984430e-01 1.28156032e-07
4.04040404e-01 9.49494949e-01 2.11509136e-01 2.11509020e-01 1.16343165e-07
4.14141414e-01 9.49494949e-01 1.89820742e-01 1.89820638e-01 1.04413149e-07
4.24242424e-01 9.49494949e-01 1.67941215e-01 1.67941123e-01 9.23779991e-08
4.34343434e-01 9.49494949e-01 1.45892586e-01 1.45892506e-01 8.02498319e-08
4.44444444e-01 9.49494949e-01 1.23697055e-01 1.23696987e-01 6.80408600e-08
4.54545455e-01 9.49494949e-01 1.01376972e-01 1.01376916e-01 5.57633766e-08
4.64646465e-01 9.49494949e-01 7.89548102e-02 7.89547668e-02 4.34297443e-08
4.74747475e-01 9.49494949e-01 5.64531480e-02 5.64531170e-02 3.10523819e-08
4.84848485e-01 9.49494949e-01 3.38946423e-02 3.38946236e-02 1.86437523e-08
4.94949495e-01 9.49494949e-01 1.13020075e-02 1.13020013e-02 6.21635017e-09
5.05050505e-01 9.49494949e-01 -1.13020075e-02 -1.13020013e-02 6.21731135e-09
5.15151515e-01 9.49494949e-01 -3.38946423e-02 -3.38946236e-02 1.86447126e-08
5.25252525e-01 9.49494949e-01 -5.64531480e-02 -5.64531170e-02 3.10533402e-08
5.35353535e-01 9.49494949e-01 -7.89548102e-02 -7.89547668e-02 4.34306997e-08
5.45454545e-01 9.49494949e-01 -1.01376972e-01 -1.01376916e-01 5.57643281e-08
5.55555556e-01 9.49494949e-01 -1.23697055e-01 -1.23696987e-01 6.80418067e-08
5.65656566e-01 9.49494949e-01 -1.45892586e-01 -1.45892506e-01 8.02507728e-08
5.75757576e-01 9.49494949e-01 -1.67941215e-01 -1.67941123e-01 9.23789332e-08
5.85858586e-01 9.49494949e-01 -1.89820742e-01 -1.89820638e-01 1.04414076e-07
5.95959596e-01 9.49494949e-01 -2.11509136e-01 -2.11509020e-01 1.16344083e-07
6.06060606e-01 9.49494949e-01 -2.32984558e-01 -2.32984430e-01 1.28156941e-07
6.16161616e-01 9.49494949e-01 -2.54225384e-01 -2.54225244e-01 1.39840755e-07
6.26262626e-01 9.49494949e-01 -2.75210226e-01 -2.75210075e-01 1.51383762e-07
6.36363636e-01 9.49494949e-01 -2.95917956e-01 -2.95917793e-01 1.62774339e-07
6.46464646e-01 9.49494949e-01 -3.16327721e-01 -3.16327547e-01 1.74001015e-07
6.56565657e-01 9.49494949e-01 -3.36418970e-01 -3.36418785e-01 1.85052487e-07
6.66666667e-01 9.49494949e-01 -3.56171475e-01 -3.56171279e-01 1.95917627e-07
6.76767677e-01 9.49494949e-01 -3.75565345e-01 -3.75565138e-01 2.06585495e-07
6.86868687e-01 9.49494949e-01 -3.94581052e-01 -3.94580835e-01 2.17045348e-07
6.96969697e-01 9.49494949e-01 -4.13199450e-01 -4.13199223e-01 2.27286655e-07
7.07070707e-01 9.49494949e-01 -4.31401791e-01 -4.31401553e-01 2.37299104e-07
7.17171717e-01 9.49494949e-01 -4.49169747e-01 -4.49169500e-01 2.47072613e-07
7.27272727e-01 9.49494949e-01 -4.66485427e-01 -4.66485170e-01 2.56597340e-07
7.37373737e-01 9.49494949e-01 -4.83331395e-01 -4.83331130e-01 2.65863696e-07
7.47474747e-01 9.49494949e-01 -4.99690691e-01 -4.99690416e-01 2.74862350e-07
7.57575758e-01 9.49494949e-01 -5.15546839e-01 -5.15546556e-01 2.83584240e-07
7.67676768e-01 9.49494949e-01 -5.30883876e-01 -5.30883584e-01 2.92020585e-07
7.77777778e-01 9.49494949e-01 -5.45686358e-01 -5.45686058e-01 3.00162890e-07
7.87878788e-01 9.49494949e-01 -5.59939380e-01 -5.59939072e-01 3.08002957e-07
7.97979798e-01 9.49494949e-01 -5.73628590e-01 -5.73628275e-01 3.15532891e-07
8.08080808e-01 9.49494949e-01 -5.86740205e-01 -5.86739883e-01 3.22745110e-07
8.18181818e-01 9.49494949e-01 -5.99261023e-01 -5.99260693e-01 3.29632351e-07
8.28282828e-01 9.49494949e-01 -6.11178435e-01 -6.11178099e-01 3.36187681e-07
8.38383838e-01 9.49494949e-01 -6.22480443e-01 -6.22480100e-01 3.42404499e-07
8.48484848e-01 9.49494949e-01 -6.33155665e-01 -6.33155317e-01 3.48276544e-07
8.58585859e-01 9.49494949e-01 -6.43193353e-01 -6.43193000e-01 3.53797905e-07
8.68686869e-01 9.49494949e-01 -6.52583401e-01 -6.52583042e-01 3.58963021e-07
8.78787879e-01 9.49494949e-01 -6.61316352e-01 -6.61315988e-01 3.63766691e-07
8.88888889e-01 9.49494949e-01 -6.69383413e-01 -6.69383045e-01 3.68204079e-07
8.98989899e-01 9.49494949e-01 -6.76776462e-01 -6.76776090e-01 3.72270717e-07
9.09090909e-01 9.49494949e-01 -6.83488055e-01 -6.83487679e-01 3.75962510e-07
9.19191919e-01 9.49494949e-01 -6.89511433e-01 -6.89511054e-01 3.79275739e-07
9.29292929e-01 9.49494949e-01 -6.94840531e-01 -6.94840149e-01 3.82207052e-07
9.39393939e-01 9.49494949e-01 -6.99469984e-01 -6.99469600e-01 3.84753286e-07
9.49494949e-01 9.49494949e-01 -7.03395130e-01 -7.03394743e-01 3.86909320e-07
9.59595960e-01 9.49494949e-01 -7.06612017e-01 -7.06611628e-01 3.88661223e-07
9.69696970e-01 9.49494949e-01 -7.09117405e-01 -7.09117015e-01 3.89776601e-07
9.79797980e-01 9.49494949e-01 -7.10908769e-01 -7.10908382e-01 3.87189005e-07
9.89898990e-01 9.49494949e-01 -7.11984271e-01 -7.11983923e-01 3.47451400e-07
1.00000000e+00 9.49494949e-01 -7.12342558e-01 -7.12342558e-01 0.00000000e+00
0.00000000e+00 9.59595960e-01 5.92615413e-01 5.92615413e-01 0.00000000e+00
1.01010101e-02 9.59595960e-01 5.92317345e-01 5.92317056e-01 2.89055730e-07
2.02020202e-02 9.59595960e-01 5.91422608e-01 5.91422286e-01 3.22114682e-07
3.03030303e-02 9.59595960e-01 5.89932329e-01 5.89932004e-01 3.24267356e-07
4.04040404e-02 9.59595960e-01 5.87848034e-01 5.87847711e-01 3.23339304e-07
5.05050505e-02 9.59595960e-01 5.85171827e-01 5.85171505e-01 3.21881187e-07
6.06060606e-02 9.59595960e-01 5.81906400e-01 5.81906080e-01 3.20085784e-07
7.07070707e-02 9.59595960e-01 5.78055044e-01 5.78054726e-01 3.17967321e-07
8.08080808e-02 9.59595960e-01 5.73621635e-01 5.73621319e-01 3.15528651e-07
9.09090909e-02 9.59595960e-01 5.68610638e-01 5.68610325e-01 3.12772268e-07
1.01010101e-01 9.59595960e-01 5.63027097e-01 5.63026788e-01 3.09700950e-07
1.11111111e-01 9.59595960e-01 5.56876637e-01 5.56876330e-01 3.06317790e-07
1.21212121e-01 9.59595960e-01 5.50165449e-01 5.50165146e-01 3.02626194e-07
1.31313131e-01 9.59595960e-01 5.42900290e-01 5.42899992e-01 2.98629878e-07
1.41414141e-01 9.59595960e-01 5.35088478e-01 5.35088183e-01 2.94332868e-07
1.51515152e-01 9.59595960e-01 5.26737876e-01 5.26737586e-01 2.89739490e-07
1.61616162e-01 9.59595960e-01 5.17856894e-01 5.17856609e-01 2.84854368e-07
1.71717172e-01 9.59595960e-01 5.08454474e-01 5.08454195e-01 2.79682422e-07
1.81818182e-01 9.59595960e-01 4.98540084e-01 4.98539810e-01 2.74228860e-07
1.91919192e-01 9.59595960e-01 4.88123706e-01 4.88123437e-01 2.68499172e-07
2.02020202e-01 9.59595960e-01 4.77215829e-01 4.77215566e-01 2.62499129e-07
2.12121212e-01 9.59595960e-01 4.65827436e-01 4.65827179e-01 2.56234771e-07
2.22222222e-01 9.59595960e-01 4.53969994e-01 4.53969744e-01 2.49712406e-07
2.32323232e-01 9.59595960e-01 4.41655443e-01 4.41655200e-01 2.42938602e-07
2.42424242e-01 9.59595960e-01 4.28896182e-01 4.28895946e-01 2.35920180e-07
2.52525253e-01 9.59595960e-01 4.15705059e-01 4.15704830e-01 2.28664206e-07
2.62626263e-01 9.59595960e-01 4.02095356e-01 4.02095135e-01 2.21177987e-07
2.72727273e-01 9.59595960e-01 3.88080778e-01 3.88080564e-01 2.13469060e-07
2.82828283e-01 9.59595960e-01 3.73675435e-01 3.73675229e-01 2.05545187e-07
2.92929293e-01 9.59595960e-01 3.58893832e-01 3.58893635e-01 1.97414349e-07
3.03030303e-01 9.59595960e-01 3.43750854e-01 3.43750665e-01 1.89084730e-07
3.13131313e-01 9.59595960e-01 3.28261748e-01 3.28261567e-01 1.80564720e-07
3.23232323e-01 9.59595960e-01 3.12442110e-01 3.12441938e-01 1.71862896e-07
3.33333333e-01 9.59595960e-01 2.96307869e-01 2.96307706e-01 1.62988021e-07
3.43434343e-01 9.59595960e-01 2.79875272e-01 2.79875118e-01 1.53949030e-07
3.53535354e-01 9.59595960e-01 2.63160864e-01 2.63160719e-01 1.44755026e-07
3.63636364e-01 9.59595960e-01 2.46181475e-01 2.46181339e-01 1.35415266e-07
3.73737374e-01 9.59595960e-01 2.28954202e-01 2.28954076e-01 1.25939154e-07
3.83838384e-01 9.59595960e-01 2.11496392e-01 2.11496276e-01 1.16336233e-07
3.93939394e-01 9.59595960e-01 1.93825623e-01 1.93825516e-01 1.06616170e-07
4.04040404e-01 9.59595960e-01 1.75959688e-01 1.75959591e-01 9.67887540e-08
4.14141414e-01 9.59595960e-01 1.57916576e-01 1.57916489e-01 8.68638798e-08
4.24242424e-01 9.59595960e-01 1.39714456e-01 1.39714379e-01 7.68515412e-08
4.34343434e-01 9.59595960e-01 1.21371655e-01 1.21371588e-01 6.67618196e-08
4.44444444e-01 9.59595960e-01 1.02906643e-01 1.02906587e-01 5.66048745e-08
4.54545455e-01 9.59595960e-01 8.43380130e-02 8.43379666e-02 4.63909330e-08
4.64646465e-01 9.59595960e-01 6.56844617e-02 6.56844256e-02 3.61302799e-08
4.74747475e-01 9.59595960e-01 4.69647717e-02 4.69647459e-02 2.58332466e-08
4.84848485e-01 9.59595960e-01 2.81977922e-02 2.81977767e-02 1.55102013e-08
4.94949495e-01 9.59595960e-01 9.40241988e-03 9.40241471e-03 5.17153874e-09
5.05050505e-01 9.59595960e-01 -9.40241988e-03 -9.40241471e-03 5.17233120e-09
5.15151515e-01 9.59595960e-01 -2.81977922e-02 -2.81977767e-02 1.55109930e-08
5.25252525e-01 9.59595960e-01 -4.69647717e-02 -4.69647459e-02 2.58340367e-08
5.35353535e-01 9.59595960e-01 -6.56844617e-02 -6.56844256e-02 3.61310676e-08
5.45454545e-01 9.59595960e-01 -8.43380130e-02 -8.43379666e-02 4.63917175e-08
5.55555556e-01 9.59595960e-01 -1.02906643e-01 -1.02906587e-01 5.66056551e-08
5.65656566e-01 9.59595960e-01 -1.21371655e-01 -1.21371588e-01 6.67625953e-08
5.75757576e-01 9.59595960e-01 -1.39714456e-01 -1.39714379e-01 7.68523114e-08
5.85858586e-01 9.59595960e-01 -1.57916576e-01 -1.57916489e-01 8.68646438e-08
5.95959596e-01 9.59595960e-01 -1.75959688e-01 -1.75959591e-01 9.67895107e-08
6.06060606e-01 9.59595960e-01 -1.93825623e-01 -1.93825516e-01 1.06616919e-07
6.16161616e-01 9.59595960e-01 -2.11496392e-01 -2.11496276e-01 1.16336973e-07
6.26262626e-01 9.59595960e-01 -2.28954202e-01 -2.28954076e-01 1.25939885e-07
6.36363636e-01 9.59595960e-01 -2.46181475e-01 -2.46181339e-01 1.35415987e-07
6.46464646e-01 9.59595960e-01 -2.63160864e-01 -2.63160719e-01 1.44755736e-07
6.56565657e-01 9.59595960e-01 -2.79875272e-01 -2.79875118e-01 1.53949729e-07
6.66666667e-01 9.59595960e-01 -2.96307869e-01 -2.96307706e-01 1.62988707e-07
6.76767677e-01 9.59595960e-01 -3.12442110e-01 -3.12441938e-01 1.71863569e-07
6.86868687e-01 9.59595960e-01 -3.28261748e-01 -3.28261567e-01 1.80565380e-07
6.96969697e-01 9.59595960e-01 -3.43750854e-01 -3.43750665e-01 1.89085376e-07
7.07070707e-01 9.59595960e-01 -3.58893832e-01 -3.58893635e-01 1.97414979e-07
7.17171717e-01 9.59595960e-01 -3.73675435e-01 -3.73675229e-01 2.05545803e-07
7.27272727e-01 9.59595960e-01 -3.88080778e-01 -3.88080564e-01 2.13469659e-07
7.37373737e-01 9.59595960e-01 -4.02095356e-01 -4.02095135e-01 2.21178569e-07
7.47474747e-01 9.59595960e-01 -4.15705059e-01 -4.15704830e-01 2.28664771e-07
7.57575758e-01 9.59595960e-01 -4.28896182e-01 -4.28895946e-01 2.35920727e-07
7.67676768e-01 9.59595960e-01 -4.41655443e-01 -4.41655200e-01 2.42939131e-07
7.77777778e-01 9.59595960e-01 -4.53969994e-01 -4.53969744e-01 2.49712916e-07
7.87878788e-01 9.59595960e-01 -4.65827436e-01 -4.65827179e-01 2.56235261e-07
7.97979798e-01 9.59595960e-01 -4.77215829e-01 -4.77215566e-01 2.62499599e-07
8.08080808e-01 9.59595960e-01 -4.88123706e-01 -4.88123437e-01 2.68499621e-07
8.18181818e-01 9.59595960e-01 -4.98540084e-01 -4.98539810e-01 2.74229288e-07
8.28282828e-01 9.59595960e-01 -5.08454474e-01 -5.08454195e-01 2.79682829e-07
8.38383838e-01 9.59595960e-01 -5.17856894e-01 -5.17856609e-01 2.84854753e-07
8.48484848e-01 9.59595960e-01 -5.26737876e-01 -5.26737586e-01 2.89739853e-07
8.58585859e-01 9.59595960e-01 -5.35088478e-01 -5.35088183e-01 2.94333208e-07
8.68686869e-01 9.59595960e-01 -5.42900290e-01 -5.42899992e-01 2.98630196e-07
8.78787879e-01 9.59595960e-01 -5.50165449e-01 -5.50165146e-01 3.02626488e-07
8.88888889e-01 9.59595960e-01 -5.56876637e-01 -5.56876330e-01 3.06318061e-07
8.98989899e-01 9.59595960e-01 -5.63027097e-01 -5.63026788e-01 3.09701198e-07
9.09090909e-01 9.59595960e-01 -5.68610638e-01 -5.68610325e-01 3.12772492e-07
9.19191919e-01 9.59595960e-01 -5.73621635e-01 -5.73621319e-01 3.15528849e-07
9.29292929e-01 9.59595960e-01 -5.78055044e-01 -5.78054726e-01 3.17967481e-07
9.39393939e-01 9.59595960e-01 -5.81906400e-01 -5.81906080e-01 3.20085755e-07
9.49494949e-01 9.59595960e-01 -5.85171827e-01 -5.85171505e-01 3.21879415e-07
9.59595960e-01 9.59595960e-01 -5.87848034e-01 -5.87847711e-01 3.23336886e-07
9.69696970e-01 9.59595960e-01 -5.89932329e-01 -5.89932004e-01 3.24264804e-07
9.79797980e-01 9.59595960e-01 -5.91422608e-01 -5.91422286e-01 3.22112121e-07
9.89898990e-01 9.59595960e-01 -5.92317345e-01 -5.92317056e-01 2.89053423e-07
1.00000000e+00 9.59595960e-01 -5.92615413e-01 -5.92615413e-01 0.00000000e+00
0.00000000e+00 9.69696970e-01 4.58000452e-01 4.58000452e-01 0.00000000e+00
1.01010101e-02 9.69696970e-01 4.57770091e-01 4.57769868e-01 2.23395533e-07
2.02020202e-02 9.69696970e-01 4.57078598e-01 4.57078349e-01 2.48945008e-07
3.03030303e-02 9.69696970e-01 4.55926841e-01 4.55926590e-01 2.50608693e-07
4.04040404e-02 9.69696970e-01 4.54316002e-01 4.54315752e-01 2.49891452e-07
5.05050505e-02 9.69696970e-01 4.52247706e-01 4.52247457e-01 2.48764552e-07
6.06060606e-02 9.69696970e-01 4.49724034e-01 4.49723787e-01 2.47376983e-07
7.07070707e-02 9.69696970e-01 4.46747529e-01 4.46747283e-01 2.45739737e-07
8.08080808e-02 9.69696970e-01 4.43321186e-01 4.43320943e-01 2.43855021e-07
9.09090909e-02 9.69696970e-01 4.39448457e-01 4.39448215e-01 2.41724763e-07
1.01010101e-01 9.69696970e-01 4.35133241e-01 4.35133001e-01 2.39351108e-07
1.11111111e-01 9.69696970e-01 4.30379882e-01 4.30379645e-01 2.36736446e-07
1.21212121e-01 9.69696970e-01 4.25193167e-01 4.25192933e-01 2.33883411e-07
1.31313131e-01 9.69696970e-01 4.19578318e-01 4.19578087e-01 2.30794875e-07
1.41414141e-01 9.69696970e-01 4.13540990e-01 4.13540762e-01 2.27473949e-07
1.51515152e-01 9.69696970e-01 4.07087261e-01 4.07087037e-01 2.23923975e-07
1.61616162e-01 9.69696970e-01 4.00223630e-01 4.00223409e-01 2.20148529e-07
1.71717172e-01 9.69696970e-01 3.92957007e-01 3.92956791e-01 2.16151412e-07
1.81818182e-01 9.69696970e-01 3.85294710e-01 3.85294498e-01 2.11936649e-07
1.91919192e-01 9.69696970e-01 3.77244454e-01 3.77244246e-01 2.07508484e-07
2.02020202e-01 9.69696970e-01 3.68814345e-01 3.68814142e-01 2.02871375e-07
2.12121212e-01 9.69696970e-01 3.60012871e-01 3.60012673e-01 1.98029992e-07
2.22222222e-01 9.69696970e-01 3.50848894e-01 3.50848701e-01 1.92989209e-07
2.32323232e-01 9.69696970e-01 3.41331642e-01 3.41331455e-01 1.87754103e-07
2.42424242e-01 9.69696970e-01 3.31470699e-01 3.31470516e-01 1.82329944e-07
2.52525253e-01 9.69696970e-01 3.21275992e-01 3.21275815e-01 1.76722195e-07
2.62626263e-01 9.69696970e-01 3.10757788e-01 3.10757617e-01 1.70936501e-07
2.72727273e-01 9.69696970e-01 2.99926677e-01 2.99926512e-01 1.64978689e-07
2.82828283e-01 9.69696970e-01 2.88793565e-01 2.88793406e-01 1.58854756e-07
2.92929293e-01 9.69696970e-01 2.77369663e-01 2.77369510e-01 1.52570871e-07
3.03030303e-01 9.69696970e-01 2.65666473e-01 2.65666327e-01 1.46133360e-07
3.13131313e-01 9.69696970e-01 2.53695779e-01 2.53695640e-01 1.39548705e-07
3.23232323e-01 9.69696970e-01 2.41469635e-01 2.41469502e-01 1.32823536e-07
3.33333333e-01 9.69696970e-01 2.29000352e-01 2.29000226e-01 1.25964625e-07
3.43434343e-01 9.69696970e-01 2.16300485e-01 2.16300366e-01 1.18978879e-07
3.53535354e-01 9.69696970e-01 2.03382821e-01 2.03382709e-01 1.11873331e-07
3.63636364e-01 9.69696970e-01 1.90260368e-01 1.90260264e-01 1.04655136e-07
3.73737374e-01 9.69696970e-01 1.76946339e-01 1.76946242e-01 9.73315616e-08
3.83838384e-01 9.69696970e-01 1.63454141e-01 1.63454051e-01 8.99099830e-08
3.93939394e-01 9.69696970e-01 1.49797357e-01 1.49797275e-01 8.23978727e-08
4.04040404e-01 9.69696970e-01 1.35989741e-01 1.35989666e-01 7.48027947e-08
4.14141414e-01 9.69696970e-01 1.22045194e-01 1.22045127e-01 6.71323966e-08
4.24242424e-01 9.69696970e-01 1.07977758e-01 1.07977699e-01 5.93944018e-08
4.34343434e-01 9.69696970e-01 9.38015981e-02 9.38015465e-02 5.15966020e-08
4.44444444e-01 9.69696970e-01 7.95309876e-02 7.95309438e-02 4.37468488e-08
4.54545455e-01 9.69696970e-01 6.51802961e-02 6.51802602e-02 3.58530461e-08
4.64646465e-01 9.69696970e-01 5.07639736e-02 5.07639456e-02 2.79231426e-08
4.74747475e-01 9.69696970e-01 3.62965360e-02 3.62965160e-02 1.99651227e-08
4.84848485e-01 9.69696970e-01 2.17925509e-02 2.17925389e-02 1.19869996e-08
4.94949495e-01 9.69696970e-01 7.26662260e-03 7.26661860e-03 3.99680677e-09
5.05050505e-01 9.69696970e-01 -7.26662260e-03 -7.26661860e-03 3.99741059e-09
5.15151515e-01 9.69696970e-01 -2.17925509e-02 -2.17925389e-02 1.19876029e-08
5.25252525e-01 9.69696970e-01 -3.62965360e-02 -3.62965160e-02 1.99657247e-08
5.35353535e-01 9.69696970e-01 -5.07639736e-02 -5.07639456e-02 2.79237427e-08
5.45454545e-01 9.69696970e-01 -6.51802961e-02 -6.51802602e-02 3.58536439e-08
5.55555556e-01 9.69696970e-01 -7.95309876e-02 -7.95309438e-02 4.37474435e-08
5.65656566e-01 9.69696970e-01 -9.38015981e-02 -9.38015465e-02 5.15971931e-08
5.75757576e-01 9.69696970e-01 -1.07977758e-01 -1.07977699e-01 5.93949887e-08
5.85858586e-01 9.69696970e-01 -1.22045194e-01 -1.22045127e-01 6.71329787e-08
5.95959596e-01 9.69696970e-01 -1.35989741e-01 -1.35989666e-01 7.48033713e-08
6.06060606e-01 9.69696970e-01 -1.49797357e-01 -1.49797275e-01 8.23984434e-08
6.16161616e-01 9.69696970e-01 -1.63454141e-01 -1.63454051e-01 8.99105472e-08
6.26262626e-01 9.69696970e-01 -1.76946339e-01 -1.76946242e-01 9.73321187e-08
6.36363636e-01 9.69696970e-01 -1.90260368e-01 -1.90260264e-01 1.04655685e-07
6.46464646e-01 9.69696970e-01 -2.03382821e-01 -2.03382709e-01 1.11873872e-07
6.56565657e-01 9.69696970e-01 -2.16300485e-01 -2.16300366e-01 1.18979411e-07
6.66666667e-01 9.69696970e-01 -2.29000352e-01 -2.29000226e-01 1.25965148e-07
6.76767677e-01 9.69696970e-01 -2.41469635e-01 -2.41469502e-01 1.32824049e-07
6.86868687e-01 9.69696970e-01 -2.53695779e-01 -2.53695640e-01 1.39549208e-07
6.96969697e-01 9.69696970e-01 -2.65666473e-01 -2.65666327e-01 1.46133852e-07
7.07070707e-01 9.69696970e-01 -2.77369663e-01 -2.77369510e-01 1.52571352e-07
7.17171717e-01 9.69696970e-01 -2.88793565e-01 -2.88793406e-01 1.58855225e-07
7.27272727e-01 9.69696970e-01 -2.99926677e-01 -2.99926512e-01 1.64979145e-07
7.37373737e-01 9.69696970e-01 -3.10757788e-01 -3.10757617e-01 1.70936944e-07
7.47474747e-01 9.69696970e-01 -3.21275992e-01 -3.21275815e-01 1.76722625e-07
7.57575758e-01 9.69696970e-01 -3.31470699e-01 -3.31470516e-01 1.82330361e-07
7.67676768e-01 9.69696970e-01 -3.41331642e-01 -3.41331455e-01 1.87754506e-07
7.77777778e-01 9.69696970e-01 -3.50848894e-01 -3.50848701e-01 1.92989597e-07
7.87878788e-01 9.69696970e-01 -3.60012871e-01 -3.60012673e-01 1.98030365e-07
7.97979798e-01 9.69696970e-01 -3.68814345e-01 -3.68814142e-01 2.02871733e-07
8.08080808e-01 9.69696970e-01 -3.77244454e-01 -3.77244246e-01 2.07508826e-07
8.18181818e-01 9.69696970e-01 -3.85294710e-01 -3.85294498e-01 2.11936975e-07
8.28282828e-01 9.69696970e-01 -3.92957007e-01 -3.92956791e-01 2.16151722e-07
8.38383838e-01 9.69696970e-01 -4.00223630e-01 -4.00223409e-01 2.20148823e-07
8.48484848e-01 9.69696970e-01 -4.07087261e-01 -4.07087037e-01 2.23924252e-07
8.58585859e-01 9.69696970e-01 -4.13540990e-01 -4.13540762e-01 2.27474208e-07
8.68686869e-01 9.69696970e-01 -4.19578318e-01 -4.19578087e-01 2.30795117e-07
8.78787879e-01 9.69696970e-01 -4.25193167e-01 -4.25192933e-01 2.33883635e-07
8.88888889e-01 9.69696970e-01 -4.30379882e-01 -4.30379645e-01 2.36736653e-07
8.98989899e-01 9.69696970e-01 -4.35133241e-01 -4.35133001e-01 2.39351296e-07
9.09090909e-01 9.69696970e-01 -4.39448457e-01 -4.39448215e-01 2.41724933e-07
9.19191919e-01 9.69696970e-01 -4.43321186e-01 -4.43320943e-01 2.43855172e-07
9.29292929e-01 9.69696970e-01 -4.46747529e-01 -4.46747283e-01 2.45739859e-07
9.39393939e-01 9.69696970e-01 -4.49724034e-01 -4.49723787e-01 2.47376959e-07
9.49494949e-01 9.69696970e-01 -4.52247706e-01 -4.52247457e-01 2.48763184e-07
9.59595960e-01 9.69696970e-01 -4.54316002e-01 -4.54315752e-01 2.49889609e-07
9.69696970e-01 9.69696970e-01 -4.55926841e-01 -4.55926590e-01 2.50606755e-07
9.79797980e-01 9.69696970e-01 -4.57078598e-01 -4.57078349e-01 2.48943064e-07
9.89898990e-01 9.69696970e-01 -4.57770091e-01 -4.57769868e-01 2.23393782e-07
1.00000000e+00 9.69696970e-01 -4.58000452e-01 -4.58000452e-01 0.00000000e+00
0.00000000e+00 9.79797980e-01 3.11879501e-01 3.11879501e-01 0.00000000e+00
1.01010101e-02 9.79797980e-01 3.11722635e-01 3.11722483e-01 1.52123144e-07
2.02020202e-02 9.79797980e-01 3.11251757e-01 3.11251587e-01 1.69521282e-07
3.03030303e-02 9.79797980e-01 3.10467457e-01 3.10467287e-01 1.70654183e-07
4.04040404e-02 9.79797980e-01 3.09370543e-01 3.09370372e-01 1.70165772e-07
5.05050505e-02 9.79797980e-01 3.07962118e-01 3.07961948e-01 1.69398400e-07
6.06060606e-02 9.79797980e-01 3.06243601e-01 3.06243432e-01 1.68453523e-07
7.07070707e-02 9.79797980e-01 3.04216723e-01 3.04216556e-01 1.67338626e-07
8.08080808e-02 9.79797980e-01 3.01883524e-01 3.01883358e-01 1.66055213e-07
9.09090909e-02 9.79797980e-01 2.99246355e-01 2.99246190e-01 1.64604594e-07
1.01010101e-01 9.79797980e-01 2.96307869e-01 2.96307706e-01 1.62988233e-07
1.11111111e-01 9.79797980e-01 2.93071027e-01 2.93070866e-01 1.61207757e-07
1.21212121e-01 9.79797980e-01 2.89539087e-01 2.89538928e-01 1.59264958e-07
1.31313131e-01 9.79797980e-01 2.85715606e-01 2.85715449e-01 1.57161793e-07
1.41414141e-01 9.79797980e-01 2.81604433e-01 2.81604279e-01 1.54900379e-07
1.51515152e-01 9.79797980e-01 2.77209709e-01 2.77209557e-01 1.52482993e-07
1.61616162e-01 9.79797980e-01 2.72535858e-01 2.72535708e-01 1.49912070e-07
1.71717172e-01 9.79797980e-01 2.67587586e-01 2.67587439e-01 1.47190199e-07
1.81818182e-01 9.79797980e-01 2.62369877e-01 2.62369732e-01 1.44320119e-07
1.91919192e-01 9.79797980e-01 2.56887983e-01 2.56887841e-01 1.41304721e-07
2.02020202e-01 9.79797980e-01 2.51147425e-01 2.51147286e-01 1.38147042e-07
2.12121212e-01 9.79797980e-01 2.45153982e-01 2.45153847e-01 1.34850260e-07
2.22222222e-01 9.79797980e-01 2.38913690e-01 2.38913559e-01 1.31417695e-07
2.32323232e-01 9.79797980e-01 2.32432833e-01 2.32432705e-01 1.27852803e-07
2.42424242e-01 9.79797980e-01 2.25717935e-01 2.25717811e-01 1.24159175e-07
2.52525253e-01 9.79797980e-01 2.18775759e-01 2.18775638e-01 1.20340529e-07
2.62626263e-01 9.79797980e-01 2.11613293e-01 2.11613177e-01 1.16400710e-07
2.72727273e-01 9.79797980e-01 2.04237752e-01 2.04237639e-01 1.12343686e-07
2.82828283e-01 9.79797980e-01 1.96656560e-01 1.96656451e-01 1.08173541e-07
2.92929293e-01 9.79797980e-01 1.88877351e-01 1.88877247e-01 1.03894475e-07
3.03030303e-01 9.79797980e-01 1.80907959e-01 1.80907860e-01 9.95107951e-08
3.13131313e-01 9.79797980e-01 1.72756408e-01 1.72756313e-01 9.50269167e-08
3.23232323e-01 9.79797980e-01 1.64430906e-01 1.64430816e-01 9.04473542e-08
3.33333333e-01 9.79797980e-01 1.55939836e-01 1.55939751e-01 8.57767190e-08
3.43434343e-01 9.79797980e-01 1.47291748e-01 1.47291667e-01 8.10197139e-08
3.53535354e-01 9.79797980e-01 1.38495350e-01 1.38495274e-01 7.61811287e-08
3.63636364e-01 9.79797980e-01 1.29559498e-01 1.29559427e-01 7.12658356e-08
3.73737374e-01 9.79797980e-01 1.20493191e-01 1.20493125e-01 6.62787839e-08
3.83838384e-01 9.79797980e-01 1.11305558e-01 1.11305497e-01 6.12249950e-08
3.93939394e-01 9.79797980e-01 1.02005849e-01 1.02005793e-01 5.61095578e-08
4.04040404e-01 9.79797980e-01 9.26034295e-02 9.26033786e-02 5.09376231e-08
4.14141414e-01 9.79797980e-01 8.31077659e-02 8.31077201e-02 4.57143984e-08
4.24242424e-01 9.79797980e-01 7.35284197e-02 7.35283792e-02 4.04451432e-08
4.34343434e-01 9.79797980e-01 6.38750366e-02 6.38750015e-02 3.51351632e-08
4.44444444e-01 9.79797980e-01 5.41573369e-02 5.41573071e-02 2.97898050e-08
4.54545455e-01 9.79797980e-01 4.43851052e-02 4.43850808e-02 2.44144511e-08
4.64646465e-01 9.79797980e-01 3.45681815e-02 3.45681625e-02 1.90145138e-08
4.74747475e-01 9.79797980e-01 2.47164506e-02 2.47164370e-02 1.35954306e-08
4.84848485e-01 9.79797980e-01 1.48398323e-02 1.48398242e-02 8.16265788e-09
4.94949495e-01 9.79797980e-01 4.94827161e-03 4.94826889e-03 2.72166611e-09
5.05050505e-01 9.79797980e-01 -4.94827161e-03 -4.94826889e-03 2.72206617e-09
5.15151515e-01 9.79797980e-01 -1.48398323e-02 -1.48398242e-02 8.16305754e-09
5.25252525e-01 9.79797980e-01 -2.47164506e-02 -2.47164370e-02 1.35958294e-08
5.35353535e-01 9.79797980e-01 -3.45681815e-02 -3.45681625e-02 1.90149115e-08
5.45454545e-01 9.79797980e-01 -4.43851052e-02 -4.43850808e-02 2.44148471e-08
5.55555556e-01 9.79797980e-01 -5.41573369e-02 -5.41573071e-02 2.97901991e-08
5.65656566e-01 9.79797980e-01 -6.38750366e-02 -6.38750015e-02 3.51355548e-08
5.75757576e-01 9.79797980e-01 -7.35284197e-02 -7.35283792e-02 4.04455320e-08
5.85858586e-01 9.79797980e-01 -8.31077659e-02 -8.31077201e-02 4.57147841e-08
5.95959596e-01 9.79797980e-01 -9.26034295e-02 -9.26033786e-02 5.09380051e-08
6.06060606e-01 9.79797980e-01 -1.02005849e-01 -1.02005793e-01 5.61099359e-08
6.16161616e-01 9.79797980e-01 -1.11305558e-01 -1.11305497e-01 6.12253688e-08
6.26262626e-01 9.79797980e-01 -1.20493191e-01 -1.20493125e-01 6.62791530e-08
6.36363636e-01 9.79797980e-01 -1.29559498e-01 -1.29559427e-01 7.12661996e-08
6.46464646e-01 9.79797980e-01 -1.38495350e-01 -1.38495274e-01 7.61814872e-08
6.56565657e-01 9.79797980e-01 -1.47291748e-01 -1.47291667e-01 8.10200665e-08
6.66666667e-01 9.79797980e-01 -1.55939836e-01 -1.55939751e-01 8.57770655e-08
6.76767677e-01 9.79797980e-01 -1.64430906e-01 -1.64430816e-01 9.04476943e-08
6.86868687e-01 9.79797980e-01 -1.72756408e-01 -1.72756313e-01 9.50272497e-08
6.96969697e-01 9.79797980e-01 -1.80907959e-01 -1.80907860e-01 9.95111210e-08
7.07070707e-01 9.79797980e-01 -1.88877351e-01 -1.88877247e-01 1.03894793e-07
7.17171717e-01 9.79797980e-01 -1.96656560e-01 -1.96656451e-01 1.08173852e-07
7.27272727e-01 9.79797980e-01 -2.04237752e-01 -2.04237639e-01 1.12343988e-07
7.37373737e-01 9.79797980e-01 -2.11613293e-01 -2.11613177e-01 1.16401004e-07
7.47474747e-01 9.79797980e-01 -2.18775759e-01 -2.18775638e-01 1.20340814e-07
7.57575758e-01 9.79797980e-01 -2.25717935e-01 -2.25717811e-01 1.24159451e-07
7.67676768e-01 9.79797980e-01 -2.32432833e-01 -2.32432705e-01 1.27853070e-07
7.77777778e-01 9.79797980e-01 -2.38913690e-01 -2.38913559e-01 1.31417952e-07
7.87878788e-01 9.79797980e-01 -2.45153982e-01 -2.45153847e-01 1.34850507e-07
7.97979798e-01 9.79797980e-01 -2.51147425e-01 -2.51147286e-01 1.38147279e-07
8.08080808e-01 9.79797980e-01 -2.56887983e-01 -2.56887841e-01 1.41304948e-07
8.18181818e-01 9.79797980e-01 -2.62369877e-01 -2.62369732e-01 1.44320335e-07
8.28282828e-01 9.79797980e-01 -2.67587586e-01 -2.67587439e-01 1.47190404e-07
8.38383838e-01 9.79797980e-01 -2.72535858e-01 -2.72535708e-01 1.49912265e-07
8.48484848e-01 9.79797980e-01 -2.77209709e-01 -2.77209557e-01 1.52483177e-07
8.58585859e-01 9.79797980e-01 -2.81604433e-01 -2.81604279e-01 1.54900551e-07
8.68686869e-01 9.79797980e-01 -2.85715606e-01 -2.85715449e-01 1.57161953e-07
8.78787879e-01 9.79797980e-01 -2.89539087e-01 -2.89538928e-01 1.59265107e-07
8.88888889e-01 9.79797980e-01 -2.93071027e-01 -2.93070866e-01 1.61207894e-07
8.98989899e-01 9.79797980e-01 -2.96307869e-01 -2.96307706e-01 1.62988358e-07
9.09090909e-01 9.79797980e-01 -2.99246355e-01 -2.99246190e-01 1.64604707e-07
9.19191919e-01 9.79797980e-01 -3.01883524e-01 -3.01883358e-01 1.66055313e-07
9.29292929e-01 9.79797980e-01 -3.04216723e-01 -3.04216556e-01 1.67338707e-07
9.39393939e-01 9.79797980e-01 -3.06243601e-01 -3.06243432e-01 1.68453505e-07
9.49494949e-01 9.79797980e-01 -3.07962118e-01 -3.07961948e-01 1.69397469e-07
9.59595960e-01 9.79797980e-01 -3.09370543e-01 -3.09370372e-01 1.70164549e-07
9.69696970e-01 9.79797980e-01 -3.10467457e-01 -3.10467287e-01 1.70652908e-07
9.79797980e-01 9.79797980e-01 -3.11251757e-01 -3.11251587e-01 1.69520004e-07
9.89898990e-01 9.79797980e-01 -3.11722635e-01 -3.11722483e-01 1.52121993e-07
1.00000000e+00 9.79797980e-01 -3.11879501e-01 -3.11879501e-01 0.00000000e+00
0.00000000e+00 9.89898990e-01 1.57923445e-01 1.57923445e-01 0.00000000e+00
1.01010101e-02 9.89898990e-01 1.57844014e-01 1.57843937e-01 7.70290917e-08
2.02020202e-02 9.89898990e-01 1.57605579e-01 1.57605494e-01 8.58388149e-08
3.03030303e-02 9.89898990e-01 1.57208441e-01 1.57208355e-01 8.64124712e-08
4.04040404e-02 9.89898990e-01 1.56653007e-01 1.56652921e-01 8.61651595e-08
5.05050505e-02 9.89898990e-01 1.55939836e-01 1.55939751e-01 8.57765931e-08
6.06060606e-02 9.89898990e-01 1.55069648e-01 1.55069562e-01 8.52981451e-08
7.07070707e-02 9.89898990e-01 1.54043317e-01 1.54043232e-01 8.47336062e-08
8.08080808e-02 9.89898990e-01 1.52861877e-01 1.52861793e-01 8.40837371e-08
9.09090909e-02 9.89898990e-01 1.51526519e-01 1.51526436e-01 8.33492019e-08
1.01010101e-01 9.89898990e-01 1.50038586e-01 1.50038504e-01 8.25307414e-08
1.11111111e-01 9.89898990e-01 1.48399577e-01 1.48399496e-01 8.16291794e-08
1.21212121e-01 9.89898990e-01 1.46611143e-01 1.46611062e-01 8.06454238e-08
1.31313131e-01 9.89898990e-01 1.44675083e-01 1.44675003e-01 7.95804649e-08
1.41414141e-01 9.89898990e-01 1.42593348e-01 1.42593269e-01 7.84353754e-08
1.51515152e-01 9.89898990e-01 1.40368033e-01 1.40367956e-01 7.72113081e-08
1.61616162e-01 9.89898990e-01 1.38001380e-01 1.38001304e-01 7.59094955e-08
1.71717172e-01 9.89898990e-01 1.35495771e-01 1.35495696e-01 7.45312485e-08
1.81818182e-01 9.89898990e-01 1.32853729e-01 1.32853656e-01 7.30779548e-08
1.91919192e-01 9.89898990e-01 1.30077915e-01 1.30077843e-01 7.15510779e-08
2.02020202e-01 9.89898990e-01 1.27171123e-01 1.27171053e-01 6.99521551e-08
2.12121212e-01 9.89898990e-01 1.24136281e-01 1.24136212e-01 6.82827963e-08
2.22222222e-01 9.89898990e-01 1.20976444e-01 1.20976377e-01 6.65446825e-08
2.32323232e-01 9.89898990e-01 1.17694794e-01 1.17694729e-01 6.47395640e-08
2.42424242e-01 9.89898990e-01 1.14294635e-01 1.14294572e-01 6.28692581e-08
2.52525253e-01 9.89898990e-01 1.10779392e-01 1.10779331e-01 6.09356483e-08
2.62626263e-01 9.89898990e-01 1.07152602e-01 1.07152543e-01 5.89406814e-08
2.72727273e-01 9.89898990e-01 1.03417920e-01 1.03417863e-01 5.68863663e-08
2.82828283e-01 9.89898990e-01 9.95791040e-02 9.95790492e-02 5.47747714e-08
2.92929293e-01 9.89898990e-01 9.56400205e-02 9.56399679e-02 5.26080229e-08
3.03030303e-01 9.89898990e-01 9.16046356e-02 9.16045852e-02 5.03883027e-08
3.13131313e-01 9.89898990e-01 8.74770127e-02 8.74769645e-02 4.81178457e-08
3.23232323e-01 9.89898990e-01 8.32613077e-02 8.32612619e-02 4.57989381e-08
3.33333333e-01 9.89898990e-01 7.89617658e-02 7.89617223e-02 4.34339149e-08
3.43434343e-01 9.89898990e-01 7.45827160e-02 7.45826749e-02 4.10251573e-08
3.53535354e-01 9.89898990e-01 7.01285677e-02 7.01285291e-02 3.85750909e-08
3.63636364e-01 9.89898990e-01 6.56038059e-02 6.56037698e-02 3.60861827e-08
3.73737374e-01 9.89898990e-01 6.10129866e-02 6.10129531e-02 3.35609388e-08
3.83838384e-01 9.89898990e-01 5.63607325e-02 5.63607015e-02 3.10019018e-08
3.93939394e-01 9.89898990e-01 5.16517278e-02 5.16516994e-02 2.84116485e-08
4.04040404e-01 9.89898990e-01 4.68907142e-02 4.68906885e-02 2.57927871e-08
4.14141414e-01 9.89898990e-01 4.20824857e-02 4.20824626e-02 2.31479546e-08
4.24242424e-01 9.89898990e-01 3.72318837e-02 3.72318632e-02 2.04798140e-08
4.34343434e-01 9.89898990e-01 3.23437923e-02 3.23437745e-02 1.77910521e-08
4.44444444e-01 9.89898990e-01 2.74231335e-02 2.74231184e-02 1.50843760e-08
4.54545455e-01 9.89898990e-01 2.24748618e-02 2.24748495e-02 1.23625112e-08
4.64646465e-01 9.89898990e-01 1.75039600e-02 1.75039503e-02 9.62819845e-09
4.74747475e-01 9.89898990e-01 1.25154331e-02 1.25154262e-02 6.88419091e-09
4.84848485e-01 9.89898990e-01 7.51430418e-03 7.51430005e-03 4.13325155e-09
4.94949495e-01 9.89898990e-01 2.50560904e-03 2.50560766e-03 1.37815039e-09
5.05050505e-01 9.89898990e-01 -2.50560904e-03 -2.50560766e-03 1.37833847e-09
5.15151515e-01 9.89898990e-01 -7.51430418e-03 -7.51430005e-03 4.13343945e-09
5.25252525e-01 9.89898990e-01 -1.25154331e-02 -1.25154262e-02 6.88437842e-09
5.35353535e-01 9.89898990e-01 -1.75039600e-02 -1.75039503e-02 9.62838541e-09
5.45454545e-01 9.89898990e-01 -2.24748618e-02 -2.24748495e-02 1.23626974e-08
5.55555556e-01 9.89898990e-01 -2.74231335e-02 -2.74231184e-02 1.50845613e-08
5.65656566e-01 9.89898990e-01 -3.23437923e-02 -3.23437745e-02 1.77912362e-08
5.75757576e-01 9.89898990e-01 -3.72318837e-02 -3.72318632e-02 2.04799969e-08
5.85858586e-01 9.89898990e-01 -4.20824857e-02 -4.20824626e-02 2.31481359e-08
5.95959596e-01 9.89898990e-01 -4.68907143e-02 -4.68906885e-02 2.57929668e-08
6.06060606e-01 9.89898990e-01 -5.16517278e-02 -5.16516994e-02 2.84118263e-08
6.16161616e-01 9.89898990e-01 -5.63607325e-02 -5.63607015e-02 3.10020775e-08
6.26262626e-01 9.89898990e-01 -6.10129866e-02 -6.10129531e-02 3.35611123e-08
6.36363636e-01 9.89898990e-01 -6.56038059e-02 -6.56037698e-02 3.60863538e-08
6.46464646e-01 9.89898990e-01 -7.01285677e-02 -7.01285291e-02 3.85752595e-08
6.56565657e-01 9.89898990e-01 -7.45827160e-02 -7.45826749e-02 4.10253232e-08
6.66666667e-01 9.89898990e-01 -7.89617658e-02 -7.89617223e-02 4.34340777e-08
6.76767677e-01 9.89898990e-01 -8.32613077e-02 -8.32612619e-02 4.57990979e-08
6.86868687e-01 9.89898990e-01 -8.74770127e-02 -8.74769645e-02 4.81180023e-08
6.96969697e-01 9.89898990e-01 -9.16046356e-02 -9.16045852e-02 5.03884560e-08
7.07070707e-01 9.89898990e-01 -9.56400205e-02 -9.56399679e-02 5.26081726e-08
7.17171717e-01 9.89898990e-01 -9.95791040e-02 -9.95790492e-02 5.47749174e-08
7.27272727e-01 9.89898990e-01 -1.03417920e-01 -1.03417863e-01 5.68865085e-08
7.37373737e-01 9.89898990e-01 -1.07152602e-01 -1.07152543e-01 5.89408196e-08
7.47474747e-01 9.89898990e-01 -1.10779392e-01 -1.10779331e-01 6.09357824e-08
7.57575758e-01 9.89898990e-01 -1.14294635e-01 -1.14294572e-01 6.28693879e-08
7.67676768e-01 9.89898990e-01 -1.17694794e-01 -1.17694729e-01 6.47396894e-08
7.77777778e-01 9.89898990e-01 -1.20976444e-01 -1.20976377e-01 6.65448035e-08
7.87878788e-01 9.89898990e-01 -1.24136281e-01 -1.24136212e-01 6.82829126e-08
7.97979798e-01 9.89898990e-01 -1.27171123e-01 -1.27171053e-01 6.99522666e-08
8.08080808e-01 9.89898990e-01 -1.30077915e-01 -1.30077843e-01 7.15511845e-08
8.18181818e-01 9.89898990e-01 -1.32853729e-01 -1.32853656e-01 7.30780565e-08
8.28282828e-01 9.89898990e-01 -1.35495771e-01 -1.35495696e-01 7.45313451e-08
8.38383838e-01 9.89898990e-01 -1.38001380e-01 -1.38001304e-01 7.59095869e-08
8.48484848e-01 9.89898990e-01 -1.40368033e-01 -1.40367956e-01 7.72113943e-08
8.58585859e-01 9.89898990e-01 -1.42593348e-01 -1.42593269e-01 7.84354562e-08
8.68686869e-01 9.89898990e-01 -1.44675083e-01 -1.44675003e-01 7.95805404e-08
8.78787879e-01 9.89898990e-01 -1.46611143e-01 -1.46611062e-01 8.06454937e-08
8.88888889e-01 9.89898990e-01 -1.48399577e-01 -1.48399496e-01 8.16292438e-08
8.98989899e-01 9.89898990e-01 -1.50038586e-01 -1.50038504e-01 8.25308002e-08
9.09090909e-01 9.89898990e-01 -1.51526519e-01 -1.51526436e-01 8.33492550e-08
9.19191919e-01 9.89898990e-01 -1.52861877e-01 -1.52861793e-01 8.40837839e-08
9.29292929e-01 9.89898990e-01 -1.54043317e-01 -1.54043232e-01 8.47336437e-08
9.39393939e-01 9.89898990e-01 -1.55069648e-01 -1.55069562e-01 8.52981335e-08
9.49494949e-01 9.89898990e-01 -1.55939836e-01 -1.55939751e-01 8.57761228e-08
9.59595960e-01 9.89898990e-01 -1.56653007e-01 -1.56652921e-01 8.61645872e-08
9.69696970e-01 9.89898990e-01 -1.57208441e-01 -1.57208355e-01 8.64118820e-08
9.79797980e-01 9.89898990e-01 -1.57605579e-01 -1.57605494e-01 8.58382256e-08
9.89898990e-01 9.89898990e-01 -1.57844014e-01 -1.57843937e-01 7.70285607e-08
1.00000000e+00 9.89898990e-01 -1.57923445e-01 -1.57923445e-01 0.00000000e+00
0.00000000e+00 1.00000000e+00 6.12021305e-16 6.12021305e-16 0.00000000e+00
1.01010101e-02 1.00000000e+00 0.00000000e+00 6.11713178e-16 6.11713178e-16
2.02020202e-02 1.00000000e+00 0.00000000e+00 6.10789108e-16 6.10789108e-16
3.03030303e-02 1.00000000e+00 0.00000000e+00 6.09250025e-16 6.09250025e-16
4.04040404e-02 1.00000000e+00 0.00000000e+00 6.07097479e-16 6.07097479e-16
5.05050505e-02 1.00000000e+00 0.00000000e+00 6.04333637e-16 6.04333637e-16
6.06060606e-02 1.00000000e+00 0.00000000e+00 6.00961282e-16 6.00961282e-16
7.07070707e-02 1.00000000e+00 0.00000000e+00 5.96983811e-16 5.96983811e-16
8.08080808e-02 1.00000000e+00 0.00000000e+00 5.92405227e-16 5.92405227e-16
9.09090909e-02 1.00000000e+00 0.00000000e+00 5.87230141e-16 5.87230141e-16
1.01010101e-01 1.00000000e+00 0.00000000e+00 5.81463765e-16 5.81463765e-16
1.11111111e-01 1.00000000e+00 0.00000000e+00 5.75111904e-16 5.75111904e-16
1.21212121e-01 1.00000000e+00 0.00000000e+00 5.68180954e-16 5.68180954e-16
1.31313131e-01 1.00000000e+00 0.00000000e+00 5.60677893e-16 5.60677893e-16
1.41414141e-01 1.00000000e+00 0.00000000e+00 5.52610278e-16 5.52610278e-16
1.51515152e-01 1.00000000e+00 0.00000000e+00 5.43986231e-16 5.43986231e-16
1.61616162e-01 1.00000000e+00 0.00000000e+00 5.34814436e-16 5.34814436e-16
1.71717172e-01 1.00000000e+00 0.00000000e+00 5.25104128e-16 5.25104128e-16
1.81818182e-01 1.00000000e+00 0.00000000e+00 5.14865085e-16 5.14865085e-16
1.91919192e-01 1.00000000e+00 0.00000000e+00 5.04107616e-16 5.04107616e-16
2.02020202e-01 1.00000000e+00 0.00000000e+00 4.92842554e-16 4.92842554e-16
2.12121212e-01 1.00000000e+00 0.00000000e+00 4.81081241e-16 4.81081241e-16
2.22222222e-01 1.00000000e+00 0.00000000e+00 4.68835519e-16 4.68835519e-16
2.32323232e-01 1.00000000e+00 0.00000000e+00 4.56117721e-16 4.56117721e-16
2.42424242e-01 1.00000000e+00 0.00000000e+00 4.42940650e-16 4.42940650e-16
2.52525253e-01 1.00000000e+00 0.00000000e+00 4.29317576e-16 4.29317576e-16
2.62626263e-01 1.00000000e+00 0.00000000e+00 4.15262215e-16 4.15262215e-16
2.72727273e-01 1.00000000e+00 0.00000000e+00 4.00788721e-16 4.00788721e-16
2.82828283e-01 1.00000000e+00 0.00000000e+00 3.85911666e-16 3.85911666e-16
2.92929293e-01 1.00000000e+00 0.00000000e+00 3.70646031e-16 3.70646031e-16
3.03030303e-01 1.00000000e+00 0.00000000e+00 3.55007187e-16 3.55007187e-16
3.13131313e-01 1.00000000e+00 0.00000000e+00 3.39010880e-16 3.39010880e-16
3.23232323e-01 1.00000000e+00 0.00000000e+00 3.22673219e-16 3.22673219e-16
3.33333333e-01 1.00000000e+00 0.00000000e+00 3.06010652e-16 3.06010652e-16
3.43434343e-01 1.00000000e+00 0.00000000e+00 2.89039959e-16 2.89039959e-16
3.53535354e-01 1.00000000e+00 0.00000000e+00 2.71778228e-16 2.71778228e-16
3.63636364e-01 1.00000000e+00 0.00000000e+00 2.54242838e-16 2.54242838e-16
3.73737374e-01 1.00000000e+00 0.00000000e+00 2.36451448e-16 2.36451448e-16
3.83838384e-01 1.00000000e+00 0.00000000e+00 2.18421971e-16 2.18421971e-16
3.93939394e-01 1.00000000e+00 0.00000000e+00 2.00172562e-16 2.00172562e-16
4.04040404e-01 1.00000000e+00 0.00000000e+00 1.81721595e-16 1.81721595e-16
4.14141414e-01 1.00000000e+00 0.00000000e+00 1.63087651e-16 1.63087651e-16
4.24242424e-01 1.00000000e+00 0.00000000e+00 1.44289491e-16 1.44289491e-16
4.34343434e-01 1.00000000e+00 0.00000000e+00 1.25346044e-16 1.25346044e-16
4.44444444e-01 1.00000000e+00 0.00000000e+00 1.06276384e-16 1.06276384e-16
4.54545455e-01 1.00000000e+00 0.00000000e+00 8.70997130e-17 8.70997130e-17
4.64646465e-01 1.00000000e+00 0.00000000e+00 6.78353397e-17 6.78353397e-17
4.74747475e-01 1.00000000e+00 0.00000000e+00 4.85026620e-17 4.85026620e-17
4.84848485e-01 1.00000000e+00 0.00000000e+00 2.91211462e-17 2.91211462e-17
4.94949495e-01 1.00000000e+00 0.00000000e+00 9.71030789e-18 9.71030789e-18
5.05050505e-01 1.00000000e+00 0.00000000e+00 -9.71030789e-18 9.71030789e-18
5.15151515e-01 1.00000000e+00 0.00000000e+00 -2.91211462e-17 2.91211462e-17
5.25252525e-01 1.00000000e+00 0.00000000e+00 -4.85026620e-17 4.85026620e-17
5.35353535e-01 1.00000000e+00 0.00000000e+00 -6.78353397e-17 6.78353397e-17
5.45454545e-01 1.00000000e+00 0.00000000e+00 -8.70997130e-17 8.70997130e-17
5.55555556e-01 1.00000000e+00 0.00000000e+00 -1.06276384e-16 1.06276384e-16
5.65656566e-01 1.00000000e+00 0.00000000e+00 -1.25346044e-16 1.25346044e-16
5.75757576e-01 1.00000000e+00 0.00000000e+00 -1.44289491e-16 1.44289491e-16
5.85858586e-01 1.00000000e+00 0.00000000e+00 -1.63087651e-16 1.63087651e-16
5.95959596e-01 1.00000000e+00 0.00000000e+00 -1.81721595e-16 1.81721595e-16
6.06060606e-01 1.00000000e+00 0.00000000e+00 -2.00172562e-16 2.00172562e-16
6.16161616e-01 1.00000000e+00 0.00000000e+00 -2.18421971e-16 2.18421971e-16
6.26262626e-01 1.00000000e+00 0.00000000e+00 -2.36451448e-16 2.36451448e-16
6.36363636e-01 1.00000000e+00 0.00000000e+00 -2.54242838e-16 2.54242838e-16
6.46464646e-01 1.00000000e+00 0.00000000e+00 -2.71778228e-16 2.71778228e-16
6.56565657e-01 1.00000000e+00 0.00000000e+00 -2.89039959e-16 2.89039959e-16
6.66666667e-01 1.00000000e+00 0.00000000e+00 -3.06010652e-16 3.06010652e-16
6.76767677e-01 1.00000000e+00 0.00000000e+00 -3.22673219e-16 3.22673219e-16
6.86868687e-01 1.00000000e+00 0.00000000e+00 -3.39010880e-16 3.39010880e-16
6.96969697e-01 1.00000000e+00 0.00000000e+00 -3.55007187e-16 3.55007187e-16
7.07070707e-01 1.00000000e+00 0.00000000e+00 -3.70646031e-16 3.70646031e-16
7.17171717e-01 1.00000000e+00 0.00000000e+00 -3.85911666e-16 3.85911666e-16
7.27272727e-01 1.00000000e+00 0.00000000e+00 -4.00788721e-16 4.00788721e-16
7.37373737e-01 1.00000000e+00 0.00000000e+00 -4.15262215e-16 4.15262215e-16
7.47474747e-01 1.00000000e+00 0.00000000e+00 -4.29317576e-16 4.29317576e-16
7.57575758e-01 1.00000000e+00 0.00000000e+00 -4.42940650e-16 4.42940650e-16
7.67676768e-01 1.00000000e+00 0.00000000e+00 -4.56117721e-16 4.56117721e-16
7.77777778e-01 1.00000000e+00 0.00000000e+00 -4.68835519e-16 4.68835519e-16
7.87878788e-01 1.00000000e+00 0.00000000e+00 -4.81081241e-16 4.81081241e-16
7.97979798e-01 1.00000000e+00 0.00000000e+00 -4.92842554e-16 4.92842554e-16
8.08080808e-01 1.00000000e+00 0.00000000e+00 -5.04107616e-16 5.04107616e-16
8.18181818e-01 1.00000000e+00 0.00000000e+00 -5.14865085e-16 5.14865085e-16
8.28282828e-01 1.00000000e+00 0.00000000e+00 -5.25104128e-16 5.25104128e-16
8.38383838e-01 1.00000000e+00 0.00000000e+00 -5.34814436e-16 5.34814436e-16
8.48484848e-01 1.00000000e+00 0.00000000e+00 -5.43986231e-16 5.43986231e-16
8.58585859e-01 1.00000000e+00 0.00000000e+00 -5.52610278e-16 5.52610278e-16
8.68686869e-01 1.00000000e+00 0.00000000e+00 -5.60677893e-16 5.60677893e-16
8.78787879e-01 1.00000000e+00 0.00000000e+00 -5.68180954e-16 5.68180954e-16
8.88888889e-01 1.00000000e+00 0.00000000e+00 -5.75111904e-16 5.75111904e-16
8.98989899e-01 1.00000000e+00 0.00000000e+00 -5.81463765e-16 5.81463765e-16
9.09090909e-01 1.00000000e+00 0.00000000e+00 -5.87230141e-16 5.87230141e-16
9.19191919e-01 1.00000000e+00 0.00000000e+00 -5.92405227e-16 5.92405227e-16
9.29292929e-01 1.00000000e+00 0.00000000e+00 -5.96983811e-16 5.96983811e-16
9.39393939e-01 1.00000000e+00 0.00000000e+00 -6.00961282e-16 6.00961282e-16
9.49494949e-01 1.00000000e+00 0.00000000e+00 -6.04333637e-16 6.04333637e-16
9.59595960e-01 1.00000000e+00 0.00000000e+00 -6.07097479e-16 6.07097479e-16
9.69696970e-01 1.00000000e+00 0.00000000e+00 -6.09250025e-16 6.09250025e-16
9.79797980e-01 1.00000000e+00 0.00000000e+00 -6.10789108e-16 6.10789108e-16
9.89898990e-01 1.00000000e+00 0.00000000e+00 -6.11713178e-16 6.11713178e-16
1.00000000e+00 1.00000000e+00 -6.12021305e-16 -6.12021305e-16 0.00000000e+00
