t,x(t),dx/dt
0.0000000000e+00,0.0000000000e+00,1.0000000000e-03
1.0000000000e-01,9.3782211252e-02,9.9995335565e-01
2.0000000000e-01,1.9377504650e-01,9.9990334851e-01
3.0000000000e-01,2.9376288079e-01,9.9985333637e-01
4.0000000000e-01,3.9374571361e-01,9.9980331922e-01
5.0000000000e-01,4.9372354447e-01,9.9975329707e-01
6.0000000000e-01,5.9369637286e-01,9.9970326990e-01
7.0000000000e-01,6.9366419828e-01,9.9965323773e-01
8.0000000000e-01,7.9362702023e-01,9.9960320054e-01
9.0000000000e-01,8.9358483822e-01,9.9955315835e-01
1.0000000000e+00,9.9353765174e-01,9.9950311114e-01
1.1000000000e+00,1.0934854603e+00,9.9945305891e-01
1.2000000000e+00,1.1934282634e+00,9.9940300166e-01
1.3000000000e+00,1.2933660604e+00,9.9935293940e-01
1.4000000000e+00,1.3932988511e+00,9.9930287211e-01
1.5000000000e+00,1.4932266347e+00,9.9925279980e-01
1.6000000000e+00,1.5931494109e+00,9.9920272247e-01
1.7000000000e+00,1.6930671790e+00,9.9915264011e-01
1.8000000000e+00,1.7929799387e+00,9.9910255272e-01
1.9000000000e+00,1.8928876894e+00,9.9905246031e-01
2.0000000000e+00,1.9927904306e+00,9.9900236286e-01
2.1000000000e+00,2.0926881618e+00,9.9895226038e-01
2.2000000000e+00,2.1925808825e+00,9.9890215287e-01
2.3000000000e+00,2.2924685922e+00,9.9885204032e-01
2.4000000000e+00,2.3923512904e+00,9.9880192273e-01
2.5000000000e+00,2.4922289766e+00,9.9875180011e-01
2.6000000000e+00,2.5921016503e+00,9.9870167244e-01
2.7000000000e+00,2.6919693109e+00,9.9865153973e-01
2.8000000000e+00,2.7918319580e+00,9.9860140198e-01
2.9000000000e+00,2.8916895911e+00,9.9855125918e-01
3.0000000000e+00,2.9915422097e+00,9.9850111133e-01
3.1000000000e+00,3.0913898132e+00,9.9845095843e-01
3.2000000000e+00,3.1912324012e+00,9.9840080049e-01
3.3000000000e+00,3.2910699732e+00,9.9835063749e-01
3.4000000000e+00,3.3909025286e+00,9.9830046944e-01
3.5000000000e+00,3.4907300669e+00,9.9825029633e-01
3.6000000000e+00,3.5905525877e+00,9.9820011816e-01
3.7000000000e+00,3.6903700903e+00,9.9814993494e-01
3.8000000000e+00,3.7901825745e+00,9.9809974665e-01
3.9000000000e+00,3.8899900395e+00,9.9804955331e-01
4.0000000000e+00,3.9897924850e+00,9.9799935489e-01
4.1000000000e+00,4.0895899103e+00,9.9794915142e-01
4.2000000000e+00,4.1893823151e+00,9.9789894287e-01
4.3000000000e+00,4.2891696987e+00,9.9784872926e-01
4.4000000000e+00,4.3889520608e+00,9.9779851058e-01
4.5000000000e+00,4.4887294007e+00,9.9774828682e-01
4.6000000000e+00,4.5885017180e+00,9.9769805799e-01
4.7000000000e+00,4.6882690121e+00,9.9764782409e-01
4.8000000000e+00,4.7880312826e+00,9.9759758510e-01
4.9000000000e+00,4.8877885290e+00,9.9754734104e-01
5.0000000000e+00,4.9875407506e+00,9.9749709190e-01
5.1000000000e+00,5.0872879472e+00,9.9744683768e-01
5.2000000000e+00,5.1870301180e+00,9.9739657837e-01
5.3000000000e+00,5.2867672627e+00,9.9734631397e-01
5.4000000000e+00,5.3864993806e+00,9.9729604449e-01
5.5000000000e+00,5.4862264714e+00,9.9724576992e-01
5.6000000000e+00,5.5859485344e+00,9.9719549026e-01
5.7000000000e+00,5.6856655693e+00,9.9714520551e-01
5.7999999999e+00,5.7853775754e+00,9.9709491566e-01
5.8999999999e+00,5.8850845522e+00,9.9704462072e-01
5.9999999999e+00,5.9847864994e+00,9.9699432068e-01
6.0999999999e+00,6.0844834162e+00,9.9694401554e-01
6.1999999999e+00,6.1841753023e+00,9.9689370530e-01
6.2999999999e+00,6.2838621571e+00,9.9684338996e-01
6.3999999999e+00,6.3835439801e+00,9.9679306951e-01
6.4999999999e+00,6.4832207708e+00,9.9674274396e-01
6.5999999999e+00,6.5828925287e+00,9.9669241330e-01
6.6999999999e+00,6.6825592533e+00,9.9664207753e-01
6.7999999999e+00,6.7822209441e+00,9.9659173665e-01
6.8999999999e+00,6.8818776005e+00,9.9654139066e-01
6.9999999999e+00,6.9815292220e+00,9.9649103955e-01
7.0999999999e+00,7.0811758082e+00,9.9644068333e-01
7.1999999999e+00,7.1808173585e+00,9.9639032199e-01
7.2999999999e+00,7.2804538724e+00,9.9633995554e-01
7.3999999999e+00,7.3800853495e+00,9.9628958396e-01
7.4999999999e+00,7.4797117891e+00,9.9623920725e-01
7.5999999999e+00,7.5793331907e+00,9.9618882543e-01
7.6999999999e+00,7.6789495540e+00,9.9613843848e-01
7.7999999999e+00,7.7785608783e+00,9.9608804640e-01
7.8999999999e+00,7.8781671631e+00,9.9603764919e-01
7.9999999999e+00,7.9777684079e+00,9.9598724685e-01
8.0999999999e+00,8.0773646123e+00,9.9593683937e-01
8.1999999999e+00,8.1769557756e+00,9.9588642676e-01
8.2999999999e+00,8.2765418975e+00,9.9583600902e-01
8.3999999999e+00,8.3761229773e+00,9.9578558614e-01
8.4999999998e+00,8.4756990145e+00,9.9573515812e-01
8.5999999998e+00,8.5752700087e+00,9.9568472495e-01
8.6999999998e+00,8.6748359593e+00,9.9563428665e-01
8.7999999998e+00,8.7743968659e+00,9.9558384320e-01
8.8999999998e+00,8.8739527278e+00,9.9553339460e-01
8.9999999998e+00,8.9735035446e+00,9.9548294086e-01
9.0999999998e+00,9.0730493158e+00,9.9543248196e-01
9.1999999998e+00,9.1725900409e+00,9.9538201792e-01
9.2999999998e+00,9.2721257192e+00,9.9533154872e-01
9.3999999998e+00,9.3716563504e+00,9.9528107436e-01
9.4999999998e+00,9.4711819339e+00,9.9523059485e-01
9.5999999998e+00,9.5707024692e+00,9.9518011018e-01
9.6999999998e+00,9.6702179558e+00,9.9512962035e-01
9.7999999998e+00,9.7697283931e+00,9.9507912536e-01
9.8999999998e+00,9.8692337807e+00,9.9502862521e-01
9.9999999998e+00,9.9687341180e+00,9.9497811988e-01
1.0100000000e+01,1.0068229404e+01,9.9492760940e-01
1.0200000000e+01,1.0167719640e+01,9.9487709374e-01
1.0300000000e+01,1.0267204823e+01,9.9482657292e-01
1.0400000000e+01,1.0366684954e+01,9.9477604692e-01
1.0500000000e+01,1.0466160032e+01,9.9472551574e-01
1.0600000000e+01,1.0565630057e+01,9.9467497940e-01
1.0700000000e+01,1.0665095028e+01,9.9462443787e-01
1.0800000000e+01,1.0764554944e+01,9.9457389117e-01
1.0900000000e+01,1.0864009806e+01,9.9452333928e-01
1.1000000000e+01,1.0963459612e+01,9.9447278222e-01
1.1100000000e+01,1.1062904362e+01,9.9442221996e-01
1.1200000000e+01,1.1162344056e+01,9.9437165253e-01
1.1300000000e+01,1.1261778693e+01,9.9432107990e-01
1.1400000000e+01,1.1361208272e+01,9.9427050209e-01
1.1500000000e+01,1.1460632793e+01,9.9421991908e-01
1.1600000000e+01,1.1560052255e+01,9.9416933088e-01
1.1700000000e+01,1.1659466659e+01,9.9411873749e-01
1.1800000000e+01,1.1758876003e+01,9.9406813890e-01
1.1900000000e+01,1.1858280287e+01,9.9401753512e-01
1.2000000000e+01,1.1957679510e+01,9.9396692613e-01
1.2100000000e+01,1.2057073672e+01,9.9391631194e-01
1.2200000000e+01,1.2156462772e+01,9.9386569255e-01
1.2300000000e+01,1.2255846810e+01,9.9381506795e-01
1.2400000000e+01,1.2355225785e+01,9.9376443815e-01
1.2500000000e+01,1.2454599697e+01,9.9371380314e-01
1.2600000000e+01,1.2553968546e+01,9.9366316291e-01
1.2700000000e+01,1.2653332330e+01,9.9361251748e-01
1.2800000000e+01,1.2752691049e+01,9.9356186683e-01
1.2900000000e+01,1.2852044703e+01,9.9351121097e-01
1.3000000000e+01,1.2951393291e+01,9.9346054989e-01
1.3100000000e+01,1.3050736813e+01,9.9340988359e-01
1.3200000000e+01,1.3150075268e+01,9.9335921207e-01
1.3300000000e+01,1.3249408655e+01,9.9330853533e-01
1.3400000000e+01,1.3348736974e+01,9.9325785336e-01
1.3500000000e+01,1.3448060225e+01,9.9320716617e-01
1.3600000000e+01,1.3547378408e+01,9.9315647375e-01
1.3700000000e+01,1.3646691520e+01,9.9310577610e-01
1.3800000000e+01,1.3745999563e+01,9.9305507322e-01
1.3900000000e+01,1.3845302535e+01,9.9300436510e-01
1.4000000000e+01,1.3944600435e+01,9.9295365176e-01
1.4100000000e+01,1.4043893265e+01,9.9290293317e-01
1.4200000000e+01,1.4143181022e+01,9.9285220935e-01
1.4300000000e+01,1.4242463706e+01,9.9280148028e-01
1.4400000000e+01,1.4341741318e+01,9.9275074598e-01
1.4500000000e+01,1.4441013855e+01,9.9270000643e-01
1.4600000000e+01,1.4540281319e+01,9.9264926164e-01
1.4700000000e+01,1.4639543708e+01,9.9259851160e-01
1.4800000000e+01,1.4738801021e+01,9.9254775631e-01
1.4900000000e+01,1.4838053259e+01,9.9249699577e-01
1.5000000000e+01,1.4937300420e+01,9.9244622998e-01
1.5100000000e+01,1.5036542504e+01,9.9239545893e-01
1.5200000000e+01,1.5135779512e+01,9.9234468263e-01
1.5300000000e+01,1.5235011441e+01,9.9229390107e-01
1.5400000000e+01,1.5334238292e+01,9.9224311425e-01
1.5500000000e+01,1.5433460064e+01,9.9219232217e-01
1.5600000000e+01,1.5532676756e+01,9.9214152483e-01
1.5700000000e+01,1.5631888368e+01,9.9209072222e-01
1.5800000000e+01,1.5731094900e+01,9.9203991434e-01
1.5900000000e+01,1.5830296351e+01,9.9198910120e-01
1.6000000000e+01,1.5929492720e+01,9.9193828279e-01
1.6100000000e+01,1.6028684007e+01,9.9188745910e-01
1.6200000000e+01,1.6127870212e+01,9.9183663015e-01
1.6300000000e+01,1.6227051333e+01,9.9178579591e-01
1.6400000000e+01,1.6326227371e+01,9.9173495640e-01
1.6500000000e+01,1.6425398324e+01,9.9168411161e-01
1.6600000000e+01,1.6524564193e+01,9.9163326154e-01
1.6700000000e+01,1.6623724976e+01,9.9158240619e-01
1.6800000000e+01,1.6722880674e+01,9.9153154555e-01
1.6900000000e+01,1.6822031285e+01,9.9148067963e-01
1.7000000000e+01,1.6921176810e+01,9.9142980842e-01
1.7100000000e+01,1.7020317247e+01,9.9137893192e-01
1.7200000000e+01,1.7119452596e+01,9.9132805013e-01
1.7300000000e+01,1.7218582857e+01,9.9127716304e-01
1.7400000000e+01,1.7317708028e+01,9.9122627066e-01
1.7500000000e+01,1.7416828111e+01,9.9117537299e-01
1.7600000000e+01,1.7515943103e+01,9.9112447001e-01
1.7699999999e+01,1.7615053005e+01,9.9107356174e-01
1.7799999999e+01,1.7714157815e+01,9.9102264816e-01
1.7899999999e+01,1.7813257534e+01,9.9097172928e-01
1.7999999999e+01,1.7912352161e+01,9.9092080509e-01
1.8099999999e+01,1.8011441695e+01,9.9086987560e-01
1.8199999999e+01,1.8110526136e+01,9.9081894079e-01
1.8299999999e+01,1.8209605483e+01,9.9076800068e-01
1.8399999999e+01,1.8308679736e+01,9.9071705525e-01
1.8499999999e+01,1.8407748894e+01,9.9066610450e-01
1.8599999999e+01,1.8506812956e+01,9.9061514844e-01
1.8699999999e+01,1.8605871923e+01,9.9056418707e-01
1.8799999999e+01,1.8704925794e+01,9.9051322037e-01
1.8899999999e+01,1.8803974567e+01,9.9046224835e-01
1.8999999999e+01,1.8903018243e+01,9.9041127100e-01
1.9099999999e+01,1.9002056821e+01,9.9036028834e-01
1.9199999999e+01,1.9101090301e+01,9.9030930034e-01
1.9299999999e+01,1.9200118681e+01,9.9025830701e-01
1.9399999999e+01,1.9299141962e+01,9.9020730836e-01
1.9499999999e+01,1.9398160143e+01,9.9015630437e-01
1.9599999999e+01,1.9497173223e+01,9.9010529504e-01
1.9699999999e+01,1.9596181201e+01,9.9005428038e-01
1.9799999999e+01,1.9695184078e+01,9.9000326038e-01
1.9899999999e+01,1.9794181853e+01,9.8995223504e-01
1.9999999999e+01,1.9893174525e+01,9.8990120436e-01
2.0099999999e+01,1.9992162094e+01,9.8985016834e-01
2.0199999999e+01,2.0091144559e+01,9.8979912697e-01
2.0299999999e+01,2.0190121919e+01,9.8974808025e-01
2.0399999999e+01,2.0289094175e+01,9.8969702818e-01
2.0499999999e+01,2.0388061325e+01,9.8964597076e-01
2.0599999999e+01,2.0487023369e+01,9.8959490799e-01
2.0699999999e+01,2.0585980306e+01,9.8954383987e-01
2.0799999999e+01,2.0684932136e+01,9.8949276638e-01
2.0899999999e+01,2.0783878859e+01,9.8944168754e-01
2.0999999999e+01,2.0882820474e+01,9.8939060334e-01
2.1099999999e+01,2.0981756980e+01,9.8933951378e-01
2.1199999999e+01,2.1080688376e+01,9.8928841886e-01
2.1299999999e+01,2.1179614663e+01,9.8923731857e-01
2.1399999999e+01,2.1278535840e+01,9.8918621291e-01
2.1499999999e+01,2.1377451906e+01,9.8913510188e-01
2.1599999999e+01,2.1476362860e+01,9.8908398548e-01
2.1699999999e+01,2.1575268703e+01,9.8903286371e-01
2.1799999999e+01,2.1674169433e+01,9.8898173656e-01
2.1899999999e+01,2.1773065050e+01,9.8893060404e-01
2.1999999999e+01,2.1871955553e+01,9.8887946613e-01
2.2099999999e+01,2.1970840943e+01,9.8882832285e-01
2.2199999999e+01,2.2069721218e+01,9.8877717419e-01
2.2299999999e+01,2.2168596377e+01,9.8872602014e-01
2.2399999999e+01,2.2267466421e+01,9.8867486070e-01
2.2499999999e+01,2.2366331349e+01,9.8862369588e-01
2.2599999999e+01,2.2465191160e+01,9.8857252567e-01
2.2699999999e+01,2.2564045854e+01,9.8852135007e-01
2.2799999999e+01,2.2662895430e+01,9.8847016907e-01
2.2899999999e+01,2.2761739888e+01,9.8841898268e-01
2.2999999999e+01,2.2860579227e+01,9.8836779089e-01
2.3099999999e+01,2.2959413446e+01,9.8831659371e-01
2.3199999999e+01,2.3058242545e+01,9.8826539112e-01
2.3299999999e+01,2.3157066524e+01,9.8821418313e-01
2.3399999999e+01,2.3255885382e+01,9.8816296974e-01
2.3499999999e+01,2.3354699118e+01,9.8811175094e-01
2.3599999999e+01,2.3453507732e+01,9.8806052673e-01
2.3699999999e+01,2.3552311223e+01,9.8800929711e-01
2.3799999999e+01,2.3651109591e+01,9.8795806208e-01
2.3899999999e+01,2.3749902835e+01,9.8790682164e-01
2.3999999999e+01,2.3848690955e+01,9.8785557578e-01
2.4099999999e+01,2.3947473950e+01,9.8780432450e-01
2.4199999999e+01,2.4046251820e+01,9.8775306781e-01
2.4299999999e+01,2.4145024563e+01,9.8770180569e-01
2.4399999999e+01,2.4243792181e+01,9.8765053815e-01
2.4499999999e+01,2.4342554671e+01,9.8759926519e-01
2.4599999999e+01,2.4441312034e+01,9.8754798680e-01
2.4699999999e+01,2.4540064268e+01,9.8749670298e-01
2.4799999999e+01,2.4638811374e+01,9.8744541373e-01
2.4899999999e+01,2.4737553351e+01,9.8739411905e-01
2.4999999999e+01,2.4836290198e+01,9.8734281893e-01
2.5099999999e+01,2.4935021914e+01,9.8729151338e-01
2.5199999999e+01,2.5033748500e+01,9.8724020239e-01
2.5299999999e+01,2.5132469955e+01,9.8718888596e-01
2.5399999999e+01,2.5231186277e+01,9.8713756409e-01
2.5499999999e+01,2.5329897467e+01,9.8708623678e-01
2.5599999999e+01,2.5428603524e+01,9.8703490402e-01
2.5699999999e+01,2.5527304448e+01,9.8698356581e-01
2.5799999999e+01,2.5626000237e+01,9.8693222216e-01
2.5899999999e+01,2.5724690892e+01,9.8688087305e-01
2.5999999999e+01,2.5823376412e+01,9.8682951849e-01
2.6099999999e+01,2.5922056796e+01,9.8677815848e-01
2.6199999999e+01,2.6020732043e+01,9.8672679301e-01
2.6299999999e+01,2.6119402154e+01,9.8667542208e-01
2.6399999999e+01,2.6218067127e+01,9.8662404569e-01
2.6499999999e+01,2.6316726963e+01,9.8657266384e-01
2.6599999999e+01,2.6415381660e+01,9.8652127652e-01
2.6699999999e+01,2.6514031218e+01,9.8646988374e-01
2.6799999999e+01,2.6612675637e+01,9.8641848549e-01
2.6899999999e+01,2.6711314915e+01,9.8636708177e-01
2.6999999999e+01,2.6809949053e+01,9.8631567258e-01
2.7099999999e+01,2.6908578049e+01,9.8626425791e-01
2.7199999999e+01,2.7007201904e+01,9.8621283777e-01
2.7299999999e+01,2.7105820617e+01,9.8616141215e-01
2.7399999999e+01,2.7204434186e+01,9.8610998106e-01
2.7499999999e+01,2.7303042613e+01,9.8605854448e-01
2.7599999999e+01,2.7401645895e+01,9.8600710242e-01
2.7699999999e+01,2.7500244033e+01,9.8595565487e-01
2.7799999999e+01,2.7598837026e+01,9.8590420183e-01
2.7899999999e+01,2.7697424873e+01,9.8585274331e-01
2.7999999999e+01,2.7796007574e+01,9.8580127930e-01
2.8099999999e+01,2.7894585129e+01,9.8574980979e-01
2.8199999999e+01,2.7993157536e+01,9.8569833479e-01
2.8299999999e+01,2.8091724796e+01,9.8564685430e-01
2.8399999999e+01,2.8190286907e+01,9.8559536830e-01
2.8499999999e+01,2.8288843869e+01,9.8554387681e-01
2.8599999999e+01,2.8387395682e+01,9.8549237981e-01
2.8699999999e+01,2.8485942345e+01,9.8544087731e-01
2.8799999999e+01,2.8584483857e+01,9.8538936930e-01
2.8899999999e+01,2.8683020219e+01,9.8533785579e-01
2.8999999999e+01,2.8781551428e+01,9.8528633676e-01
2.9099999999e+01,2.8880077486e+01,9.8523481222e-01
2.9199999999e+01,2.8978598391e+01,9.8518328217e-01
2.9299999999e+01,2.9077114142e+01,9.8513174661e-01
2.9399999999e+01,2.9175624740e+01,9.8508020552e-01
2.9499999999e+01,2.9274130183e+01,9.8502865892e-01
2.9599999999e+01,2.9372630471e+01,9.8497710680e-01
2.9699999999e+01,2.9471125604e+01,9.8492554915e-01
2.9799999999e+01,2.9569615581e+01,9.8487398598e-01
2.9899999999e+01,2.9668100401e+01,9.8482241728e-01
2.9999999999e+01,2.9766580064e+01,9.8477084305e-01
3.0099999999e+01,2.9865054570e+01,9.8471926329e-01
3.0199999999e+01,2.9963523917e+01,9.8466767800e-01
3.0299999999e+01,3.0061988105e+01,9.8461608717e-01
3.0399999999e+01,3.0160447134e+01,9.8456449081e-01
3.0499999999e+01,3.0258901003e+01,9.8451288890e-01
3.0599999999e+01,3.0357349712e+01,9.8446128146e-01
3.0699999999e+01,3.0455793259e+01,9.8440966847e-01
3.0799999999e+01,3.0554231645e+01,9.8435804994e-01
3.0899999999e+01,3.0652664869e+01,9.8430642587e-01
3.0999999999e+01,3.0751092930e+01,9.8425479624e-01
3.1099999999e+01,3.0849515828e+01,9.8420316107e-01
3.1199999999e+01,3.0947933562e+01,9.8415152034e-01
3.1299999999e+01,3.1046346132e+01,9.8409987406e-01
3.1399999999e+01,3.1144753537e+01,9.8404822222e-01
3.1499999999e+01,3.1243155776e+01,9.8399656483e-01
3.1599999999e+01,3.1341552849e+01,9.8394490187e-01
3.1699999999e+01,3.1439944756e+01,9.8389323335e-01
3.1799999999e+01,3.1538331496e+01,9.8384155927e-01
3.1899999999e+01,3.1636713068e+01,9.8378987962e-01
3.1999999999e+01,3.1735089472e+01,9.8373819441e-01
3.2099999999e+01,3.1833460707e+01,9.8368650363e-01
3.2199999999e+01,3.1931826772e+01,9.8363480727e-01
3.2299999999e+01,3.2030187668e+01,9.8358310534e-01
3.2399999999e+01,3.2128543393e+01,9.8353139783e-01
3.2499999999e+01,3.2226893947e+01,9.8347968475e-01
3.2599999999e+01,3.2325239330e+01,9.8342796609e-01
3.2699999999e+01,3.2423579540e+01,9.8337624184e-01
3.2799999999e+01,3.2521914578e+01,9.8332451202e-01
3.2899999999e+01,3.2620244443e+01,9.8327277660e-01
3.2999999999e+01,3.2718569133e+01,9.8322103560e-01
3.3099999999e+01,3.2816888649e+01,9.8316928902e-01
3.3199999999e+01,3.2915202991e+01,9.8311753683e-01
3.3299999999e+01,3.3013512157e+01,9.8306577906e-01
3.3399999999e+01,3.3111816146e+01,9.8301401569e-01
3.3499999999e+01,3.3210114960e+01,9.8296224673e-01
3.3599999999e+01,3.3308408596e+01,9.8291047216e-01
3.3699999999e+01,3.3406697054e+01,9.8285869200e-01
3.3800000000e+01,3.3504980334e+01,9.8280690623e-01
3.3900000000e+01,3.3603258435e+01,9.8275511485e-01
3.4000000000e+01,3.3701531357e+01,9.8270331787e-01
3.4100000000e+01,3.3799799098e+01,9.8265151528e-01
3.4200000000e+01,3.3898061659e+01,9.8259970708e-01
3.4300000000e+01,3.3996319040e+01,9.8254789327e-01
3.4400000000e+01,3.4094571238e+01,9.8249607384e-01
3.4500000000e+01,3.4192818254e+01,9.8244424879e-01
3.4600000000e+01,3.4291060087e+01,9.8239241813e-01
3.4700000000e+01,3.4389296738e+01,9.8234058184e-01
3.4800000000e+01,3.4487528204e+01,9.8228873993e-01
3.4900000000e+01,3.4585754485e+01,9.8223689240e-01
3.5000000000e+01,3.4683975582e+01,9.8218503924e-01
3.5100000000e+01,3.4782191493e+01,9.8213318045e-01
3.5200000000e+01,3.4880402218e+01,9.8208131603e-01
3.5300000000e+01,3.4978607756e+01,9.8202944598e-01
3.5400000000e+01,3.5076808107e+01,9.8197757029e-01
3.5500000000e+01,3.5175003270e+01,9.8192568897e-01
3.5600000000e+01,3.5273193244e+01,9.8187380201e-01
3.5700000000e+01,3.5371378030e+01,9.8182190941e-01
3.5800000000e+01,3.5469557626e+01,9.8177001116e-01
3.5900000000e+01,3.5567732032e+01,9.8171810727e-01
3.6000000000e+01,3.5665901247e+01,9.8166619773e-01
3.6100000000e+01,3.5764065272e+01,9.8161428255e-01
3.6200000000e+01,3.5862224104e+01,9.8156236171e-01
3.6300000000e+01,3.5960377744e+01,9.8151043522e-01
3.6400000000e+01,3.6058526191e+01,9.8145850308e-01
3.6500000000e+01,3.6156669444e+01,9.8140656528e-01
3.6600000000e+01,3.6254807503e+01,9.8135462182e-01
3.6700000000e+01,3.6352940368e+01,9.8130267270e-01
3.6800000000e+01,3.6451068038e+01,9.8125071792e-01
3.6900000001e+01,3.6549190512e+01,9.8119875747e-01
3.7000000001e+01,3.6647307789e+01,9.8114679136e-01
3.7100000001e+01,3.6745419870e+01,9.8109481958e-01
3.7200000001e+01,3.6843526753e+01,9.8104284213e-01
3.7300000001e+01,3.6941628438e+01,9.8099085900e-01
3.7400000001e+01,3.7039724924e+01,9.8093887020e-01
3.7500000001e+01,3.7137816212e+01,9.8088687572e-01
3.7600000001e+01,3.7235902299e+01,9.8083487557e-01
3.7700000001e+01,3.7333983187e+01,9.8078286973e-01
3.7800000001e+01,3.7432058873e+01,9.8073085821e-01
3.7900000001e+01,3.7530129358e+01,9.8067884101e-01
3.8000000001e+01,3.7628194641e+01,9.8062681812e-01
3.8100000001e+01,3.7726254722e+01,9.8057478954e-01
3.8200000001e+01,3.7824309599e+01,9.8052275527e-01
3.8300000001e+01,3.7922359272e+01,9.8047071530e-01
3.8400000001e+01,3.8020403742e+01,9.8041866964e-01
3.8500000001e+01,3.8118443006e+01,9.8036661829e-01
3.8600000001e+01,3.8216477065e+01,9.8031456123e-01
3.8700000001e+01,3.8314505918e+01,9.8026249848e-01
3.8800000001e+01,3.8412529565e+01,9.8021043002e-01
3.8900000001e+01,3.8510548004e+01,9.8015835586e-01
3.9000000001e+01,3.8608561236e+01,9.8010627599e-01
3.9100000001e+01,3.8706569259e+01,9.8005419041e-01
3.9200000001e+01,3.8804572074e+01,9.8000209911e-01
3.9300000001e+01,3.8902569679e+01,9.7995000211e-01
3.9400000001e+01,3.9000562074e+01,9.7989789939e-01
3.9500000001e+01,3.9098549258e+01,9.7984579095e-01
3.9600000001e+01,3.9196531232e+01,9.7979367680e-01
3.9700000001e+01,3.9294507994e+01,9.7974155692e-01
3.9800000001e+01,3.9392479543e+01,9.7968943132e-01
3.9900000001e+01,3.9490445880e+01,9.7963729999e-01
4.0000000001e+01,3.9588407003e+01,9.7958516294e-01
4.0100000002e+01,3.9686362912e+01,9.7953302016e-01
4.0200000002e+01,3.9784313607e+01,9.7948087164e-01
4.0300000002e+01,3.9882259086e+01,9.7942871739e-01
4.0400000002e+01,3.9980199350e+01,9.7937655741e-01
4.0500000002e+01,4.0078134398e+01,9.7932439169e-01
4.0600000002e+01,4.0176064228e+01,9.7927222023e-01
4.0700000002e+01,4.0273988841e+01,9.7922004302e-01
4.0800000002e+01,4.0371908237e+01,9.7916786008e-01
4.0900000002e+01,4.0469822413e+01,9.7911567138e-01
4.1000000002e+01,4.0567731371e+01,9.7906347694e-01
4.1100000002e+01,4.0665635108e+01,9.7901127675e-01
4.1200000002e+01,4.0763533626e+01,9.7895907081e-01
4.1300000002e+01,4.0861426922e+01,9.7890685911e-01
4.1400000002e+01,4.0959314997e+01,9.7885464166e-01
4.1500000002e+01,4.1057197850e+01,9.7880241844e-01
4.1600000002e+01,4.1155075481e+01,9.7875018947e-01
4.1700000002e+01,4.1252947888e+01,9.7869795474e-01
4.1800000002e+01,4.1350815072e+01,9.7864571424e-01
4.1900000002e+01,4.1448677031e+01,9.7859346797e-01
4.2000000002e+01,4.1546533765e+01,9.7854121594e-01
4.2100000002e+01,4.1644385274e+01,9.7848895813e-01
4.2200000002e+01,4.1742231557e+01,9.7843669455e-01
4.2300000002e+01,4.1840072613e+01,9.7838442520e-01
4.2400000002e+01,4.1937908441e+01,9.7833215007e-01
4.2500000002e+01,4.2035739042e+01,9.7827986916e-01
4.2600000002e+01,4.2133564415e+01,9.7822758247e-01
4.2700000002e+01,4.2231384559e+01,9.7817529000e-01
4.2800000002e+01,4.2329199473e+01,9.7812299174e-01
4.2900000002e+01,4.2427009157e+01,9.7807068769e-01
4.3000000002e+01,4.2524813610e+01,9.7801837786e-01
4.3100000002e+01,4.2622612832e+01,9.7796606223e-01
4.3200000003e+01,4.2720406822e+01,9.7791374081e-01
4.3300000003e+01,4.2818195580e+01,9.7786141360e-01
4.3400000003e+01,4.2915979105e+01,9.7780908058e-01
4.3500000003e+01,4.3013757396e+01,9.7775674177e-01
4.3600000003e+01,4.3111530453e+01,9.7770439716e-01
4.3700000003e+01,4.3209298275e+01,9.7765204674e-01
4.3800000003e+01,4.3307060862e+01,9.7759969051e-01
4.3900000003e+01,4.3404818213e+01,9.7754732848e-01
4.4000000003e+01,4.3502570328e+01,9.7749496063e-01
4.4100000003e+01,4.3600317205e+01,9.7744258698e-01
4.4200000003e+01,4.3698058845e+01,9.7739020751e-01
4.4300000003e+01,4.3795795246e+01,9.7733782222e-01
4.4400000003e+01,4.3893526409e+01,9.7728543112e-01
4.4500000003e+01,4.3991252333e+01,9.7723303419e-01
4.4600000003e+01,4.4088973016e+01,9.7718063144e-01
4.4700000003e+01,4.4186688459e+01,9.7712822287e-01
4.4800000003e+01,4.4284398660e+01,9.7707580846e-01
4.4900000003e+01,4.4382103620e+01,9.7702338823e-01
4.5000000003e+01,4.4479803338e+01,9.7697096217e-01
4.5100000003e+01,4.4577497812e+01,9.7691853028e-01
4.5200000003e+01,4.4675187044e+01,9.7686609255e-01
4.5300000003e+01,4.4772871031e+01,9.7681364898e-01
4.5400000003e+01,4.4870549773e+01,9.7676119957e-01
4.5500000003e+01,4.4968223270e+01,9.7670874432e-01
4.5600000003e+01,4.5065891522e+01,9.7665628323e-01
4.5700000003e+01,4.5163554527e+01,9.7660381629e-01
4.5800000003e+01,4.5261212285e+01,9.7655134350e-01
4.5900000003e+01,4.5358864795e+01,9.7649886486e-01
4.6000000003e+01,4.5456512058e+01,9.7644638037e-01
4.6100000003e+01,4.5554154071e+01,9.7639389002e-01
4.6200000003e+01,4.5651790835e+01,9.7634139382e-01
4.6300000003e+01,4.5749422350e+01,9.7628889176e-01
4.6400000004e+01,4.5847048614e+01,9.7623638384e-01
4.6500000004e+01,4.5944669626e+01,9.7618387005e-01
4.6600000004e+01,4.6042285387e+01,9.7613135040e-01
4.6700000004e+01,4.6139895896e+01,9.7607882488e-01
4.6800000004e+01,4.6237501152e+01,9.7602629350e-01
4.6900000004e+01,4.6335101155e+01,9.7597375624e-01
4.7000000004e+01,4.6432695903e+01,9.7592121311e-01
4.7100000004e+01,4.6530285397e+01,9.7586866410e-01
4.7200000004e+01,4.6627869636e+01,9.7581610921e-01
4.7300000004e+01,4.6725448619e+01,9.7576354845e-01
4.7400000004e+01,4.6823022345e+01,9.7571098180e-01
4.7500000004e+01,4.6920590815e+01,9.7565840927e-01
4.7600000004e+01,4.7018154027e+01,9.7560583085e-01
4.7700000004e+01,4.7115711981e+01,9.7555324654e-01
4.7800000004e+01,4.7213264676e+01,9.7550065634e-01
4.7900000004e+01,4.7310812112e+01,9.7544806025e-01
4.8000000004e+01,4.7408354288e+01,9.7539545826e-01
4.8100000004e+01,4.7505891203e+01,9.7534285038e-01
4.8200000004e+01,4.7603422858e+01,9.7529023659e-01
4.8300000004e+01,4.7700949251e+01,9.7523761691e-01
4.8400000004e+01,4.7798470381e+01,9.7518499132e-01
4.8500000004e+01,4.7895986249e+01,9.7513235982e-01
4.8600000004e+01,4.7993496853e+01,9.7507972242e-01
4.8700000004e+01,4.8091002193e+01,9.7502707911e-01
4.8800000004e+01,4.8188502268e+01,9.7497442988e-01
4.8900000004e+01,4.8285997079e+01,9.7492177474e-01
4.9000000004e+01,4.8383486623e+01,9.7486911369e-01
4.9100000004e+01,4.8480970901e+01,9.7481644671e-01
4.9200000004e+01,4.8578449912e+01,9.7476377382e-01
4.9300000004e+01,4.8675923656e+01,9.7471109500e-01
4.9400000004e+01,4.8773392131e+01,9.7465841025e-01
4.9500000005e+01,4.8870855338e+01,9.7460571958e-01
4.9600000005e+01,4.8968313275e+01,9.7455302298e-01
4.9700000005e+01,4.9065765942e+01,9.7450032045e-01
4.9800000005e+01,4.9163213339e+01,9.7444761198e-01
4.9900000005e+01,4.9260655464e+01,9.7439489757e-01
5.0000000005e+01,4.9358092318e+01,9.7434217723e-01
5.0100000005e+01,4.9455523900e+01,9.7428945095e-01
5.0200000005e+01,4.9552950208e+01,9.7423671872e-01
5.0300000005e+01,4.9650371243e+01,9.7418398055e-01
5.0400000005e+01,4.9747787004e+01,9.7413123644e-01
5.0500000005e+01,4.9845197490e+01,9.7407848637e-01
5.0600000005e+01,4.9942602701e+01,9.7402573035e-01
5.0700000005e+01,5.0040002636e+01,9.7397296838e-01
5.0800000005e+01,5.0137397295e+01,9.7392020046e-01
5.0900000005e+01,5.0234786676e+01,9.7386742657e-01
5.1000000005e+01,5.0332170780e+01,9.7381464673e-01
5.1100000005e+01,5.0429549605e+01,9.7376186092e-01
5.1200000005e+01,5.0526923152e+01,9.7370906915e-01
5.1300000005e+01,5.0624291419e+01,9.7365627141e-01
5.1400000005e+01,5.0721654406e+01,9.7360346770e-01
5.1500000005e+01,5.0819012112e+01,9.7355065802e-01
5.1600000005e+01,5.0916364537e+01,9.7349784237e-01
5.1700000005e+01,5.1013711680e+01,9.7344502074e-01
5.1800000005e+01,5.1111053541e+01,9.7339219314e-01
5.1900000005e+01,5.1208390119e+01,9.7333935956e-01
5.2000000005e+01,5.1305721413e+01,9.7328651999e-01
5.2100000005e+01,5.1403047423e+01,9.7323367444e-01
5.2200000005e+01,5.1500368147e+01,9.7318082290e-01
5.2300000005e+01,5.1597683587e+01,9.7312796537e-01
5.2400000005e+01,5.1694993740e+01,9.7307510186e-01
5.2500000005e+01,5.1792298607e+01,9.7302223235e-01
5.2600000005e+01,5.1889598187e+01,9.7296935684e-01
5.2700000006e+01,5.1986892478e+01,9.7291647534e-01
5.2800000006e+01,5.2084181481e+01,9.7286358784e-01
5.2900000006e+01,5.2181465196e+01,9.7281069433e-01
5.3000000006e+01,5.2278743620e+01,9.7275779482e-01
5.3100000006e+01,5.2376016754e+01,9.7270488931e-01
5.3200000006e+01,5.2473284598e+01,9.7265197778e-01
5.3300000006e+01,5.2570547150e+01,9.7259906025e-01
5.3400000006e+01,5.2667804410e+01,9.7254613670e-01
5.3500000006e+01,5.2765056377e+01,9.7249320714e-01
5.3600000006e+01,5.2862303051e+01,9.7244027156e-01
5.3700000006e+01,5.2959544431e+01,9.7238732996e-01
5.3800000006e+01,5.3056780517e+01,9.7233438234e-01
5.3900000006e+01,5.3154011307e+01,9.7228142869e-01
5.4000000006e+01,5.3251236802e+01,9.7222846902e-01
5.4100000006e+01,5.3348457001e+01,9.7217550332e-01
5.4200000006e+01,5.3445671903e+01,9.7212253159e-01
5.4300000006e+01,5.3542881507e+01,9.7206955382e-01
5.4400000006e+01,5.3640085813e+01,9.7201657002e-01
5.4500000006e+01,5.3737284821e+01,9.7196358019e-01
5.4600000006e+01,5.3834478529e+01,9.7191058431e-01
5.4700000006e+01,5.3931666937e+01,9.7185758239e-01
5.4800000006e+01,5.4028850045e+01,9.7180457443e-01
5.4900000006e+01,5.4126027852e+01,9.7175156042e-01
5.5000000006e+01,5.4223200357e+01,9.7169854036e-01
5.5100000006e+01,5.4320367560e+01,9.7164551425e-01
5.5200000006e+01,5.4417529460e+01,9.7159248208e-01
5.5300000006e+01,5.4514686056e+01,9.7153944387e-01
5.5400000006e+01,5.4611837348e+01,9.7148639959e-01
5.5500000006e+01,5.4708983336e+01,9.7143334925e-01
5.5600000006e+01,5.4806124018e+01,9.7138029286e-01
5.5700000006e+01,5.4903259394e+01,9.7132723039e-01
5.5800000007e+01,5.5000389464e+01,9.7127416187e-01
5.5900000007e+01,5.5097514226e+01,9.7122108727e-01
5.6000000007e+01,5.5194633681e+01,9.7116800660e-01
5.6100000007e+01,5.5291747828e+01,9.7111491985e-01
5.6200000007e+01,5.5388856665e+01,9.7106182704e-01
5.6300000007e+01,5.5485960193e+01,9.7100872814e-01
5.6400000007e+01,5.5583058410e+01,9.7095562316e-01
5.6500000007e+01,5.5680151317e+01,9.7090251210e-01
5.6600000007e+01,5.5777238913e+01,9.7084939496e-01
5.6700000007e+01,5.5874321196e+01,9.7079627173e-01
5.6800000007e+01,5.5971398167e+01,9.7074314241e-01
5.6900000007e+01,5.6068469824e+01,9.7069000700e-01
5.7000000007e+01,5.6165536168e+01,9.7063686549e-01
5.7100000007e+01,5.6262597197e+01,9.7058371789e-01
5.7200000007e+01,5.6359652911e+01,9.7053056419e-01
5.7300000007e+01,5.6456703310e+01,9.7047740439e-01
5.7400000007e+01,5.6553748392e+01,9.7042423848e-01
5.7500000007e+01,5.6650788157e+01,9.7037106647e-01
5.7600000007e+01,5.6747822605e+01,9.7031788836e-01
5.7700000007e+01,5.6844851735e+01,9.7026470413e-01
5.7800000007e+01,5.6941875546e+01,9.7021151379e-01
5.7900000007e+01,5.7038894037e+01,9.7015831734e-01
5.8000000007e+01,5.7135907209e+01,9.7010511477e-01
5.8100000007e+01,5.7232915060e+01,9.7005190608e-01
5.8200000007e+01,5.7329917590e+01,9.6999869127e-01
5.8300000007e+01,5.7426914798e+01,9.6994547034e-01
5.8400000007e+01,5.7523906684e+01,9.6989224328e-01
5.8500000007e+01,5.7620893247e+01,9.6983901009e-01
5.8600000007e+01,5.7717874486e+01,9.6978577078e-01
5.8700000007e+01,5.7814850401e+01,9.6973252533e-01
5.8800000007e+01,5.7911820991e+01,9.6967927374e-01
5.8900000007e+01,5.8008786255e+01,9.6962601602e-01
5.9000000008e+01,5.8105746194e+01,9.6957275216e-01
5.9100000008e+01,5.8202700805e+01,9.6951948216e-01
5.9200000008e+01,5.8299650090e+01,9.6946620601e-01
5.9300000008e+01,5.8396594046e+01,9.6941292371e-01
5.9400000008e+01,5.8493532674e+01,9.6935963527e-01
5.9500000008e+01,5.8590465973e+01,9.6930634068e-01
5.9600000008e+01,5.8687393942e+01,9.6925303993e-01
5.9700000008e+01,5.8784316581e+01,9.6919973303e-01
5.9800000008e+01,5.8881233889e+01,9.6914641997e-01
5.9900000008e+01,5.8978145865e+01,9.6909310074e-01
6.0000000008e+01,5.9075052509e+01,9.6903977536e-01
6.0100000008e+01,5.9171953820e+01,9.6898644381e-01
6.0200000008e+01,5.9268849797e+01,9.6893310610e-01
6.0300000008e+01,5.9365740441e+01,9.6887976221e-01
6.0400000008e+01,5.9462625749e+01,9.6882641215e-01
6.0500000008e+01,5.9559505723e+01,9.6877305592e-01
6.0600000008e+01,5.9656380360e+01,9.6871969351e-01
6.0700000008e+01,5.9753249661e+01,9.6866632493e-01
6.0800000008e+01,5.9850113625e+01,9.6861295016e-01
6.0900000008e+01,5.9946972251e+01,9.6855956921e-01
6.1000000008e+01,6.0043825539e+01,9.6850618207e-01
6.1100000008e+01,6.0140673487e+01,9.6845278874e-01
6.1200000008e+01,6.0237516096e+01,9.6839938923e-01
6.1300000008e+01,6.0334353365e+01,9.6834598352e-01
6.1400000008e+01,6.0431185293e+01,9.6829257161e-01
6.1500000008e+01,6.0528011879e+01,9.6823915351e-01
6.1600000008e+01,6.0624833123e+01,9.6818572921e-01
6.1700000008e+01,6.0721649025e+01,9.6813229871e-01
6.1800000008e+01,6.0818459583e+01,9.6807886200e-01
6.1900000008e+01,6.0915264797e+01,9.6802541908e-01
6.2000000008e+01,6.1012064666e+01,9.6797196996e-01
6.2100000009e+01,6.1108859191e+01,9.6791851462e-01
6.2200000009e+01,6.1205648369e+01,9.6786505307e-01
6.2300000009e+01,6.1302432201e+01,9.6781158531e-01
6.2400000009e+01,6.1399210686e+01,9.6775811132e-01
6.2500000009e+01,6.1495983823e+01,9.6770463111e-01
6.2600000009e+01,6.1592751612e+01,9.6765114469e-01
6.2700000009e+01,6.1689514052e+01,9.6759765203e-01
6.2800000009e+01,6.1786271142e+01,9.6754415315e-01
6.2900000009e+01,6.1883022882e+01,9.6749064804e-01
6.3000000009e+01,6.1979769272e+01,9.6743713669e-01
6.3100000009e+01,6.2076510309e+01,9.6738361911e-01
6.3200000009e+01,6.2173245995e+01,9.6733009529e-01
6.3300000009e+01,6.2269976328e+01,9.6727656523e-01
6.3400000009e+01,6.2366701308e+01,9.6722302893e-01
6.3500000009e+01,6.2463420934e+01,9.6716948639e-01
6.3600000009e+01,6.2560135205e+01,9.6711593760e-01
6.3700000009e+01,6.2656844121e+01,9.6706238256e-01
6.3800000009e+01,6.2753547681e+01,9.6700882126e-01
6.3900000009e+01,6.2850245885e+01,9.6695525372e-01
6.4000000009e+01,6.2946938732e+01,9.6690167991e-01
6.4100000009e+01,6.3043626221e+01,9.6684809985e-01
6.4200000009e+01,6.3140308352e+01,9.6679451353e-01
6.4300000009e+01,6.3236985124e+01,9.6674092094e-01
6.4400000009e+01,6.3333656536e+01,9.6668732209e-01
6.4500000009e+01,6.3430322588e+01,9.6663371697e-01
6.4600000009e+01,6.3526983279e+01,9.6658010558e-01
6.4700000009e+01,6.3623638609e+01,9.6652648792e-01
6.4800000009e+01,6.3720288576e+01,9.6647286398e-01
6.4900000009e+01,6.3816933181e+01,9.6641923376e-01
6.5000000009e+01,6.3913572423e+01,9.6636559726e-01
6.5100000009e+01,6.4010206301e+01,9.6631195448e-01
6.5200000009e+01,6.4106834814e+01,9.6625830542e-01
6.5300000010e+01,6.4203457961e+01,9.6620465006e-01
6.5400000010e+01,6.4300075743e+01,9.6615098842e-01
6.5500000010e+01,6.4396688159e+01,9.6609732049e-01
6.5600000010e+01,6.4493295207e+01,9.6604364626e-01
6.5700000010e+01,6.4589896888e+01,9.6598996573e-01
6.5800000010e+01,6.4686493200e+01,9.6593627891e-01
6.5900000010e+01,6.4783084143e+01,9.6588258578e-01
6.6000000010e+01,6.4879669717e+01,9.6582888635e-01
6.6100000010e+01,6.4976249921e+01,9.6577518061e-01
6.6200000010e+01,6.5072824753e+01,9.6572146856e-01
6.6300000010e+01,6.5169394214e+01,9.6566775021e-01
6.6400000010e+01,6.5265958303e+01,9.6561402553e-01
6.6500000010e+01,6.5362517019e+01,9.6556029455e-01
6.6600000010e+01,6.5459070362e+01,9.6550655724e-01
6.6700000010e+01,6.5555618330e+01,9.6545281361e-01
6.6800000010e+01,6.5652160924e+01,9.6539906366e-01
6.6900000010e+01,6.5748698143e+01,9.6534530738e-01
6.7000000010e+01,6.5845229985e+01,9.6529154478e-01
6.7100000010e+01,6.5941756451e+01,9.6523777584e-01
6.7200000010e+01,6.6038277540e+01,9.6518400057e-01
6.7300000010e+01,6.6134793251e+01,9.6513021897e-01
6.7400000010e+01,6.6231303584e+01,9.6507643102e-01
6.7500000010e+01,6.6327808537e+01,9.6502263674e-01
6.7600000010e+01,6.6424308111e+01,9.6496883611e-01
6.7700000010e+01,6.6520802304e+01,9.6491502914e-01
6.7800000010e+01,6.6617291117e+01,9.6486121582e-01
6.7900000010e+01,6.6713774547e+01,9.6480739615e-01
6.8000000010e+01,6.6810252596e+01,9.6475357013e-01
6.8100000010e+01,6.6906725261e+01,9.6469973775e-01
6.8200000010e+01,6.7003192543e+01,9.6464589902e-01
6.8300000010e+01,6.7099654441e+01,9.6459205393e-01
6.8400000011e+01,6.7196110954e+01,9.6453820247e-01
6.8500000011e+01,6.7292562081e+01,9.6448434465e-01
6.8600000011e+01,6.7389007822e+01,9.6443048046e-01
6.8700000011e+01,6.7485448177e+01,9.6437660990e-01
6.8800000011e+01,6.7581883144e+01,9.6432273297e-01
6.8900000011e+01,6.7678312723e+01,9.6426884966e-01
6.9000000011e+01,6.7774736914e+01,9.6421495998e-01
6.9100000011e+01,6.7871155715e+01,9.6416106392e-01
6.9200000011e+01,6.7967569126e+01,9.6410716148e-01
6.9300000011e+01,6.8063977147e+01,9.6405325265e-01
6.9400000011e+01,6.8160379777e+01,9.6399933743e-01
6.9500000011e+01,6.8256777014e+01,9.6394541583e-01
6.9600000011e+01,6.8353168860e+01,9.6389148783e-01
6.9700000011e+01,6.8449555312e+01,9.6383755344e-01
6.9800000011e+01,6.8545936370e+01,9.6378361266e-01
6.9900000011e+01,6.8642312034e+01,9.6372966547e-01
7.0000000011e+01,6.8738682303e+01,9.6367571188e-01
7.0100000011e+01,6.8835047176e+01,9.6362175189e-01
7.0200000011e+01,6.8931406653e+01,9.6356778549e-01
7.0300000011e+01,6.9027760733e+01,9.6351381269e-01
7.0400000011e+01,6.9124109415e+01,9.6345983347e-01
7.0500000011e+01,6.9220452700e+01,9.6340584783e-01
7.0600000011e+01,6.9316790585e+01,9.6335185579e-01
7.0700000011e+01,6.9413123071e+01,9.6329785732e-01
7.0800000011e+01,6.9509450156e+01,9.6324385243e-01
7.0900000011e+01,6.9605771841e+01,9.6318984111e-01
7.1000000011e+01,6.9702088124e+01,9.6313582337e-01
7.1100000011e+01,6.9798399005e+01,9.6308179921e-01
7.1200000011e+01,6.9894704484e+01,9.6302776861e-01
7.1300000011e+01,6.9991004559e+01,9.6297373157e-01
7.1400000011e+01,7.0087299230e+01,9.6291968810e-01
7.1500000011e+01,7.0183588496e+01,9.6286563819e-01
7.1600000012e+01,7.0279872357e+01,9.6281158184e-01
7.1700000012e+01,7.0376150812e+01,9.6275751905e-01
7.1800000012e+01,7.0472423861e+01,9.6270344981e-01
7.1900000012e+01,7.0568691502e+01,9.6264937412e-01
7.2000000012e+01,7.0664953735e+01,9.6259529198e-01
7.2100000012e+01,7.0761210560e+01,9.6254120338e-01
7.2200000012e+01,7.0857461976e+01,9.6248710833e-01
7.2300000012e+01,7.0953707982e+01,9.6243300682e-01
7.2400000012e+01,7.1049948577e+01,9.6237889885e-01
7.2500000012e+01,7.1146183761e+01,9.6232478442e-01
7.2600000012e+01,7.1242413534e+01,9.6227066352e-01
7.2700000012e+01,7.1338637894e+01,9.6221653615e-01
7.2800000012e+01,7.1434856841e+01,9.6216240230e-01
7.2900000012e+01,7.1531070374e+01,9.6210826199e-01
7.3000000012e+01,7.1627278493e+01,9.6205411520e-01
7.3100000012e+01,7.1723481197e+01,9.6199996193e-01
7.3200000012e+01,7.1819678485e+01,9.6194580217e-01
7.3300000012e+01,7.1915870357e+01,9.6189163594e-01
7.3400000012e+01,7.2012056812e+01,9.6183746322e-01
7.3500000012e+01,7.2108237849e+01,9.6178328400e-01
7.3600000012e+01,7.2204413469e+01,9.6172909830e-01
7.3700000012e+01,7.2300583669e+01,9.6167490610e-01
7.3800000012e+01,7.2396748450e+01,9.6162070741e-01
7.3900000012e+01,7.2492907810e+01,9.6156650222e-01
7.4000000012e+01,7.2589061750e+01,9.6151229052e-01
7.4100000012e+01,7.2685210268e+01,9.6145807232e-01
7.4200000012e+01,7.2781353364e+01,9.6140384762e-01
7.4300000012e+01,7.2877491037e+01,9.6134961640e-01
7.4400000012e+01,7.2973623287e+01,9.6129537868e-01
7.4500000012e+01,7.3069750113e+01,9.6124113444e-01
7.4600000012e+01,7.3165871514e+01,9.6118688368e-01
7.4700000013e+01,7.3261987489e+01,9.6113262640e-01
7.4800000013e+01,7.3358098039e+01,9.6107836260e-01
7.4900000013e+01,7.3454203162e+01,9.6102409228e-01
7.5000000013e+01,7.3550302857e+01,9.6096981543e-01
7.5100000013e+01,7.3646397125e+01,9.6091553205e-01
7.5200000013e+01,7.3742485963e+01,9.6086124214e-01
7.5300000013e+01,7.3838569373e+01,9.6080694569e-01
7.5400000013e+01,7.3934647352e+01,9.6075264271e-01
7.5500000013e+01,7.4030719901e+01,9.6069833318e-01
7.5600000013e+01,7.4126787019e+01,9.6064401711e-01
7.5700000013e+01,7.4222848704e+01,9.6058969450e-01
7.5800000013e+01,7.4318904957e+01,9.6053536534e-01
7.5900000013e+01,7.4414955777e+01,9.6048102963e-01
7.6000000013e+01,7.4511001163e+01,9.6042668737e-01
7.6100000013e+01,7.4607041114e+01,9.6037233856e-01
7.6200000013e+01,7.4703075631e+01,9.6031798318e-01
7.6300000013e+01,7.4799104711e+01,9.6026362125e-01
7.6400000013e+01,7.4895128355e+01,9.6020925275e-01
7.6500000013e+01,7.4991146561e+01,9.6015487768e-01
7.6600000013e+01,7.5087159330e+01,9.6010049605e-01
7.6700000013e+01,7.5183166660e+01,9.6004610785e-01
7.6800000013e+01,7.5279168551e+01,9.5999171307e-01
7.6900000013e+01,7.5375165003e+01,9.5993731172e-01
7.7000000013e+01,7.5471156013e+01,9.5988290379e-01
7.7100000013e+01,7.5567141583e+01,9.5982848928e-01
7.7200000013e+01,7.5663121711e+01,9.5977406819e-01
7.7300000013e+01,7.5759096396e+01,9.5971964050e-01
7.7400000013e+01,7.5855065639e+01,9.5966520624e-01
7.7500000013e+01,7.5951029438e+01,9.5961076537e-01
7.7600000013e+01,7.6046987792e+01,9.5955631792e-01
7.7700000013e+01,7.6142940701e+01,9.5950186387e-01
7.7800000013e+01,7.6238888164e+01,9.5944740322e-01
7.7900000014e+01,7.6334830181e+01,9.5939293596e-01
7.8000000014e+01,7.6430766751e+01,9.5933846211e-01
7.8100000014e+01,7.6526697874e+01,9.5928398164e-01
7.8200000014e+01,7.6622623547e+01,9.5922949457e-01
7.8300000014e+01,7.6718543772e+01,9.5917500089e-01
7.8400000014e+01,7.6814458547e+01,9.5912050059e-01
7.8500000014e+01,7.6910367872e+01,9.5906599367e-01
7.8600000014e+01,7.7006271746e+01,9.5901148013e-01
7.8700000014e+01,7.7102170168e+01,9.5895695997e-01
7.8800000014e+01,7.7198063138e+01,9.5890243319e-01
7.8900000014e+01,7.7293950654e+01,9.5884789977e-01
7.9000000014e+01,7.7389832717e+01,9.5879335973e-01
7.9100000014e+01,7.7485709326e+01,9.5873881305e-01
7.9200000014e+01,7.7581580480e+01,9.5868425974e-01
7.9300000014e+01,7.7677446178e+01,9.5862969979e-01
7.9400000014e+01,7.7773306419e+01,9.5857513320e-01
7.9500000014e+01,7.7869161204e+01,9.5852055996e-01
7.9600000014e+01,7.7965010531e+01,9.5846598008e-01
7.9700000014e+01,7.8060854400e+01,9.5841139355e-01
7.9800000014e+01,7.8156692810e+01,9.5835680037e-01
7.9900000014e+01,7.8252525760e+01,9.5830220053e-01
8.0000000014e+01,7.8348353250e+01,9.5824759404e-01
8.0100000014e+01,7.8444175278e+01,9.5819298089e-01
8.0200000014e+01,7.8539991846e+01,9.5813836107e-01
8.0300000014e+01,7.8635802950e+01,9.5808373460e-01
8.0400000014e+01,7.8731608592e+01,9.5802910145e-01
8.0500000014e+01,7.8827408770e+01,9.5797446163e-01
8.0600000014e+01,7.8923203484e+01,9.5791981515e-01
8.0700000014e+01,7.9018992733e+01,9.5786516198e-01
8.0800000014e+01,7.9114776517e+01,9.5781050214e-01
8.0900000014e+01,7.9210554833e+01,9.5775583562e-01
8.1000000015e+01,7.9306327683e+01,9.5770116241e-01
8.1100000015e+01,7.9402095066e+01,9.5764648252e-01
8.1200000015e+01,7.9497856980e+01,9.5759179594e-01
8.1300000015e+01,7.9593613425e+01,9.5753710267e-01
8.1400000015e+01,7.9689364400e+01,9.5748240271e-01
8.1500000015e+01,7.9785109905e+01,9.5742769605e-01
8.1600000015e+01,7.9880849939e+01,9.5737298269e-01
8.1700000015e+01,7.9976584501e+01,9.5731826262e-01
8.1800000015e+01,8.0072313591e+01,9.5726353586e-01
8.1900000015e+01,8.0168037208e+01,9.5720880238e-01
8.2000000015e+01,8.0263755352e+01,9.5715406220e-01
8.2100000015e+01,8.0359468021e+01,9.5709931530e-01
8.2200000015e+01,8.0455175214e+01,9.5704456169e-01
8.2300000015e+01,8.0550876933e+01,9.5698980136e-01
8.2400000015e+01,8.0646573174e+01,9.5693503432e-01
8.2500000015e+01,8.0742263939e+01,9.5688026054e-01
8.2600000015e+01,8.0837949226e+01,9.5682548004e-01
8.2700000015e+01,8.0933629035e+01,9.5677069282e-01
8.2800000015e+01,8.1029303365e+01,9.5671589886e-01
8.2900000015e+01,8.1124972215e+01,9.5666109817e-01
8.3000000015e+01,8.1220635584e+01,9.5660629074e-01
8.3100000015e+01,8.1316293473e+01,9.5655147657e-01
8.3200000015e+01,8.1411945879e+01,9.5649665566e-01
8.3300000015e+01,8.1507592803e+01,9.5644182800e-01
8.3400000015e+01,8.1603234245e+01,9.5638699360e-01
8.3500000015e+01,8.1698870202e+01,9.5633215245e-01
8.3600000015e+01,8.1794500675e+01,9.5627730454e-01
8.3700000015e+01,8.1890125663e+01,9.5622244988e-01
8.3800000015e+01,8.1985745165e+01,9.5616758846e-01
8.3900000015e+01,8.2081359180e+01,9.5611272028e-01
8.4000000015e+01,8.2176967708e+01,9.5605784534e-01
8.4100000015e+01,8.2272570749e+01,9.5600296363e-01
8.4200000016e+01,8.2368168301e+01,9.5594807515e-01
8.4300000016e+01,8.2463760364e+01,9.5589317990e-01
8.4400000016e+01,8.2559346937e+01,9.5583827788e-01
8.4500000016e+01,8.2654928019e+01,9.5578336907e-01
8.4600000016e+01,8.2750503610e+01,9.5572845349e-01
8.4700000016e+01,8.2846073710e+01,9.5567353113e-01
8.4800000016e+01,8.2941638316e+01,9.5561860198e-01
8.4900000016e+01,8.3037197430e+01,9.5556366604e-01
8.5000000016e+01,8.3132751049e+01,9.5550872331e-01
8.5100000016e+01,8.3228299174e+01,9.5545377379e-01
8.5200000016e+01,8.3323841804e+01,9.5539881747e-01
8.5300000016e+01,8.3419378937e+01,9.5534385435e-01
8.5400000016e+01,8.3514910574e+01,9.5528888443e-01
8.5500000016e+01,8.3610436714e+01,9.5523390771e-01
8.5600000016e+01,8.3705957356e+01,9.5517892418e-01
8.5700000016e+01,8.3801472499e+01,9.5512393383e-01
8.5800000016e+01,8.3896982142e+01,9.5506893668e-01
8.5900000016e+01,8.3992486286e+01,9.5501393271e-01
8.6000000016e+01,8.4087984929e+01,9.5495892192e-01
8.6100000016e+01,8.4183478070e+01,9.5490390432e-01
8.6200000016e+01,8.4278965709e+01,9.5484887988e-01
8.6300000016e+01,8.4374447846e+01,9.5479384863e-01
8.6400000016e+01,8.4469924479e+01,9.5473881054e-01
8.6500000016e+01,8.4565395608e+01,9.5468376562e-01
8.6600000016e+01,8.4660861232e+01,9.5462871386e-01
8.6700000016e+01,8.4756321350e+01,9.5457365527e-01
8.6800000016e+01,8.4851775962e+01,9.5451858984e-01
8.6900000016e+01,8.4947225068e+01,9.5446351757e-01
8.7000000016e+01,8.5042668666e+01,9.5440843845e-01
8.7100000016e+01,8.5138106755e+01,9.5435335248e-01
8.7200000016e+01,8.5233539336e+01,9.5429825966e-01
8.7300000017e+01,8.5328966407e+01,9.5424315998e-01
8.7400000017e+01,8.5424387968e+01,9.5418805345e-01
8.7500000017e+01,8.5519804017e+01,9.5413294006e-01
8.7600000017e+01,8.5615214556e+01,9.5407781981e-01
8.7700000017e+01,8.5710619581e+01,9.5402269269e-01
8.7800000017e+01,8.5806019094e+01,9.5396755870e-01
8.7900000017e+01,8.5901413093e+01,9.5391241785e-01
8.8000000017e+01,8.5996801577e+01,9.5385727012e-01
8.8100000017e+01,8.6092184547e+01,9.5380211551e-01
8.8200000017e+01,8.6187562000e+01,9.5374695403e-01
8.8300000017e+01,8.6282933937e+01,9.5369178566e-01
8.8400000017e+01,8.6378300357e+01,9.5363661041e-01
8.8500000017e+01,8.6473661259e+01,9.5358142827e-01
8.8600000017e+01,8.6569016642e+01,9.5352623924e-01
8.8700000017e+01,8.6664366507e+01,9.5347104332e-01
8.8800000017e+01,8.6759710851e+01,9.5341584050e-01
8.8900000017e+01,8.6855049674e+01,9.5336063078e-01
8.9000000017e+01,8.6950382977e+01,9.5330541416e-01
8.9100000017e+01,8.7045710757e+01,9.5325019064e-01
8.9200000017e+01,8.7141033015e+01,9.5319496021e-01
8.9300000017e+01,8.7236349749e+01,9.5313972287e-01
8.9400000017e+01,8.7331660959e+01,9.5308447862e-01
8.9500000017e+01,8.7426966644e+01,9.5302922746e-01
8.9600000017e+01,8.7522266804e+01,9.5297396937e-01
8.9700000017e+01,8.7617561438e+01,9.5291870436e-01
8.9800000017e+01,8.7712850545e+01,9.5286343243e-01
8.9900000017e+01,8.7808134124e+01,9.5280815358e-01
9.0000000017e+01,8.7903412175e+01,9.5275286779e-01
9.0100000017e+01,8.7998684698e+01,9.5269757507e-01
9.0200000017e+01,8.8093951690e+01,9.5264227542e-01
9.0300000017e+01,8.8189213152e+01,9.5258696883e-01
9.0400000017e+01,8.8284469084e+01,9.5253165530e-01
9.0500000018e+01,8.8379719483e+01,9.5247633482e-01
9.0600000018e+01,8.8474964350e+01,9.5242100740e-01
9.0700000018e+01,8.8570203685e+01,9.5236567302e-01
9.0800000018e+01,8.8665437485e+01,9.5231033170e-01
9.0900000018e+01,8.8760665751e+01,9.5225498342e-01
9.1000000018e+01,8.8855888481e+01,9.5219962818e-01
9.1100000018e+01,8.8951105676e+01,9.5214426599e-01
9.1200000018e+01,8.9046317334e+01,9.5208889683e-01
9.1300000018e+01,8.9141523455e+01,9.5203352070e-01
9.1400000018e+01,8.9236724038e+01,9.5197813760e-01
9.1500000018e+01,8.9331919082e+01,9.5192274753e-01
9.1600000018e+01,8.9427108587e+01,9.5186735049e-01
9.1700000018e+01,8.9522292552e+01,9.5181194647e-01
9.1800000018e+01,8.9617470976e+01,9.5175653547e-01
9.1900000018e+01,8.9712643859e+01,9.5170111748e-01
9.2000000018e+01,8.9807811200e+01,9.5164569251e-01
9.2100000018e+01,8.9902972997e+01,9.5159026055e-01
9.2200000018e+01,8.9998129252e+01,9.5153482160e-01
9.2300000018e+01,9.0093279962e+01,9.5147937565e-01
9.2400000018e+01,9.0188425127e+01,9.5142392270e-01
9.2500000018e+01,9.0283564746e+01,9.5136846276e-01
9.2600000018e+01,9.0378698819e+01,9.5131299581e-01
9.2700000018e+01,9.0473827345e+01,9.5125752185e-01
9.2800000018e+01,9.0568950323e+01,9.5120204089e-01
9.2900000018e+01,9.0664067753e+01,9.5114655291e-01
9.3000000018e+01,9.0759179633e+01,9.5109105792e-01
9.3100000018e+01,9.0854285964e+01,9.5103555591e-01
9.3200000018e+01,9.0949386744e+01,9.5098004687e-01
9.3300000018e+01,9.1044481973e+01,9.5092453082e-01
9.3400000018e+01,9.1139571650e+01,9.5086900774e-01
9.3500000018e+01,9.1234655775e+01,9.5081347763e-01
9.3600000019e+01,9.1329734345e+01,9.5075794048e-01
9.3700000019e+01,9.1424807362e+01,9.5070239630e-01
9.3800000019e+01,9.1519874824e+01,9.5064684509e-01
9.3900000019e+01,9.1614936731e+01,9.5059128683e-01
9.4000000019e+01,9.1709993082e+01,9.5053572153e-01
9.4100000019e+01,9.1805043875e+01,9.5048014918e-01
9.4200000019e+01,9.1900089111e+01,9.5042456978e-01
9.4300000019e+01,9.1995128789e+01,9.5036898333e-01
9.4400000019e+01,9.2090162908e+01,9.5031338982e-01
9.4500000019e+01,9.2185191467e+01,9.5025778926e-01
9.4600000019e+01,9.2280214465e+01,9.5020218163e-01
9.4700000019e+01,9.2375231903e+01,9.5014656694e-01
9.4800000019e+01,9.2470243778e+01,9.5009094518e-01
9.4900000019e+01,9.2565250092e+01,9.5003531636e-01
9.5000000019e+01,9.2660250841e+01,9.4997968045e-01
9.5100000019e+01,9.2755246027e+01,9.4992403748e-01
9.5200000019e+01,9.2850235649e+01,9.4986838742e-01
9.5300000019e+01,9.2945219705e+01,9.4981273028e-01
9.5400000019e+01,9.3040198195e+01,9.4975706606e-01
9.5500000019e+01,9.3135171118e+01,9.4970139475e-01
9.5600000019e+01,9.3230138473e+01,9.4964571635e-01
9.5700000019e+01,9.3325100261e+01,9.4959003086e-01
9.5800000019e+01,9.3420056479e+01,9.4953433826e-01
9.5900000019e+01,9.3515007128e+01,9.4947863857e-01
9.6000000019e+01,9.3609952207e+01,9.4942293178e-01
9.6100000019e+01,9.3704891714e+01,9.4936721788e-01
9.6200000019e+01,9.3799825650e+01,9.4931149688e-01
9.6300000019e+01,9.3894754013e+01,9.4925576876e-01
9.6400000019e+01,9.3989676804e+01,9.4920003353e-01
9.6500000019e+01,9.4084594020e+01,9.4914429118e-01
9.6600000019e+01,9.4179505662e+01,9.4908854171e-01
9.6700000019e+01,9.4274411728e+01,9.4903278512e-01
9.6800000020e+01,9.4369312218e+01,9.4897702140e-01
9.6900000020e+01,9.4464207132e+01,9.4892125055e-01
9.7000000020e+01,9.4559096468e+01,9.4886547258e-01
9.7100000020e+01,9.4653980226e+01,9.4880968746e-01
9.7200000020e+01,9.4748858405e+01,9.4875389521e-01
9.7300000020e+01,9.4843731005e+01,9.4869809582e-01
9.7400000020e+01,9.4938598024e+01,9.4864228928e-01
9.7500000020e+01,9.5033459463e+01,9.4858647560e-01
9.7600000020e+01,9.5128315319e+01,9.4853065477e-01
9.7700000020e+01,9.5223165593e+01,9.4847482678e-01
9.7800000020e+01,9.5318010284e+01,9.4841899164e-01
9.7900000020e+01,9.5412849391e+01,9.4836314934e-01
9.8000000020e+01,9.5507682914e+01,9.4830729988e-01
9.8100000020e+01,9.5602510851e+01,9.4825144326e-01
9.8200000020e+01,9.5697333202e+01,9.4819557946e-01
9.8300000020e+01,9.5792149967e+01,9.4813970850e-01
9.8400000020e+01,9.5886961144e+01,9.4808383036e-01
9.8500000020e+01,9.5981766733e+01,9.4802794505e-01
9.8600000020e+01,9.6076566733e+01,9.4797205256e-01
9.8700000020e+01,9.6171361143e+01,9.4791615288e-01
9.8800000020e+01,9.6266149963e+01,9.4786024602e-01
9.8900000020e+01,9.6360933192e+01,9.4780433197e-01
9.9000000020e+01,9.6455710829e+01,9.4774841073e-01
9.9100000020e+01,9.6550482874e+01,9.4769248229e-01
9.9200000020e+01,9.6645249325e+01,9.4763654666e-01
9.9300000020e+01,9.6740010183e+01,9.4758060383e-01
9.9400000020e+01,9.6834765446e+01,9.4752465379e-01
9.9500000020e+01,9.6929515113e+01,9.4746869654e-01
9.9600000020e+01,9.7024259185e+01,9.4741273209e-01
9.9700000020e+01,9.7118997660e+01,9.4735676042e-01
9.9800000020e+01,9.7213730537e+01,9.4730078154e-01
9.9900000021e+01,9.7308457816e+01,9.4724479544e-01
1.0000000002e+02,9.7403179496e+01,9.4718880212e-01
1.0010000002e+02,9.7497895576e+01,9.4713280157e-01
1.0020000002e+02,9.7592606056e+01,9.4707679379e-01
1.0030000002e+02,9.7687310934e+01,9.4702077879e-01
1.0040000002e+02,9.7782010211e+01,9.4696475655e-01
1.0050000002e+02,9.7876703885e+01,9.4690872707e-01
1.0060000002e+02,9.7971391956e+01,9.4685269036e-01
1.0070000002e+02,9.8066074423e+01,9.4679664640e-01
1.0080000002e+02,9.8160751285e+01,9.4674059519e-01
1.0090000002e+02,9.8255422542e+01,9.4668453674e-01
1.0100000002e+02,9.8350088193e+01,9.4662847103e-01
1.0110000002e+02,9.8444748236e+01,9.4657239807e-01
1.0120000002e+02,9.8539402672e+01,9.4651631785e-01
1.0130000002e+02,9.8634051499e+01,9.4646023037e-01
1.0140000002e+02,9.8728694718e+01,9.4640413562e-01
1.0150000002e+02,9.8823332326e+01,9.4634803361e-01
1.0160000002e+02,9.8917964324e+01,9.4629192433e-01
1.0170000002e+02,9.9012590711e+01,9.4623580777e-01
1.0180000002e+02,9.9107211486e+01,9.4617968394e-01
1.0190000002e+02,9.9201826647e+01,9.4612355283e-01
1.0200000002e+02,9.9296436196e+01,9.4606741443e-01
1.0210000002e+02,9.9391040130e+01,9.4601126875e-01
1.0220000002e+02,9.9485638449e+01,9.4595511578e-01
1.0230000002e+02,9.9580231153e+01,9.4589895552e-01
1.0240000002e+02,9.9674818240e+01,9.4584278796e-01
1.0250000002e+02,9.9769399710e+01,9.4578661311e-01
1.0260000002e+02,9.9863975563e+01,9.4573043095e-01
1.0270000002e+02,9.9958545796e+01,9.4567424149e-01
1.0280000002e+02,1.0005311041e+02,9.4561804472e-01
1.0290000002e+02,1.0014766940e+02,9.4556184065e-01
1.0300000002e+02,1.0024222278e+02,9.4550562926e-01
1.0310000002e+02,1.0033677053e+02,9.4544941055e-01
1.0320000002e+02,1.0043131266e+02,9.4539318452e-01
1.0330000002e+02,1.0052584917e+02,9.4533695117e-01
1.0340000002e+02,1.0062038005e+02,9.4528071050e-01
1.0350000002e+02,1.0071490531e+02,9.4522446249e-01
1.0360000002e+02,1.0080942494e+02,9.4516820716e-01
1.0370000002e+02,1.0090393895e+02,9.4511194448e-01
1.0380000002e+02,1.0099844733e+02,9.4505567447e-01
1.0390000002e+02,1.0109295008e+02,9.4499939712e-01
1.0400000002e+02,1.0118744721e+02,9.4494311243e-01
1.0410000002e+02,1.0128193871e+02,9.4488682038e-01
1.0420000002e+02,1.0137642457e+02,9.4483052099e-01
1.0430000002e+02,1.0147090481e+02,9.4477421424e-01
1.0440000002e+02,1.0156537942e+02,9.4471790014e-01
1.0450000002e+02,1.0165984839e+02,9.4466157867e-01
1.0460000002e+02,1.0175431173e+02,9.4460524984e-01
1.0470000002e+02,1.0184876944e+02,9.4454891365e-01
1.0480000002e+02,1.0194322151e+02,9.4449257009e-01
1.0490000002e+02,1.0203766795e+02,9.4443621915e-01
1.0500000002e+02,1.0213210876e+02,9.4437986084e-01
1.0510000002e+02,1.0222654393e+02,9.4432349515e-01
1.0520000002e+02,1.0232097346e+02,9.4426712207e-01
1.0530000002e+02,1.0241539735e+02,9.4421074162e-01
1.0540000002e+02,1.0250981561e+02,9.4415435377e-01
1.0550000002e+02,1.0260422822e+02,9.4409795853e-01
1.0560000002e+02,1.0269863520e+02,9.4404155590e-01
1.0570000002e+02,1.0279303653e+02,9.4398514587e-01
1.0580000002e+02,1.0288743223e+02,9.4392872844e-01
1.0590000002e+02,1.0298182228e+02,9.4387230360e-01
1.0600000002e+02,1.0307620669e+02,9.4381587136e-01
1.0610000002e+02,1.0317058545e+02,9.4375943171e-01
1.0620000002e+02,1.0326495857e+02,9.4370298464e-01
1.0630000002e+02,1.0335932605e+02,9.4364653016e-01
1.0640000002e+02,1.0345368788e+02,9.4359006826e-01
1.0650000002e+02,1.0354804406e+02,9.4353359893e-01
1.0660000002e+02,1.0364239460e+02,9.4347712218e-01
1.0670000002e+02,1.0373673949e+02,9.4342063800e-01
1.0680000002e+02,1.0383107872e+02,9.4336414639e-01
1.0690000002e+02,1.0392541231e+02,9.4330764734e-01
1.0700000002e+02,1.0401974025e+02,9.4325114085e-01
1.0710000002e+02,1.0411406254e+02,9.4319462692e-01
1.0720000002e+02,1.0420837918e+02,9.4313810555e-01
1.0730000002e+02,1.0430269016e+02,9.4308157672e-01
1.0740000002e+02,1.0439699549e+02,9.4302504045e-01
1.0750000002e+02,1.0449129517e+02,9.4296849672e-01
1.0760000002e+02,1.0458558919e+02,9.4291194553e-01
1.0770000002e+02,1.0467987756e+02,9.4285538688e-01
1.0780000002e+02,1.0477416027e+02,9.4279882077e-01
1.0790000002e+02,1.0486843732e+02,9.4274224719e-01
1.0800000002e+02,1.0496270872e+02,9.4268566613e-01
1.0810000002e+02,1.0505697446e+02,9.4262907761e-01
1.0820000002e+02,1.0515123454e+02,9.4257248160e-01
1.0830000002e+02,1.0524548895e+02,9.4251587812e-01
1.0840000002e+02,1.0533973771e+02,9.4245926715e-01
1.0850000002e+02,1.0543398081e+02,9.4240264870e-01
1.0860000002e+02,1.0552821824e+02,9.4234602276e-01
1.0870000002e+02,1.0562245001e+02,9.4228938932e-01
1.0880000002e+02,1.0571667612e+02,9.4223274838e-01
1.0890000002e+02,1.0581089656e+02,9.4217609995e-01
1.0900000002e+02,1.0590511134e+02,9.4211944401e-01
1.0910000002e+02,1.0599932045e+02,9.4206278057e-01
1.0920000002e+02,1.0609352389e+02,9.4200610962e-01
1.0930000002e+02,1.0618772167e+02,9.4194943115e-01
1.0940000002e+02,1.0628191378e+02,9.4189274517e-01
1.0950000002e+02,1.0637610022e+02,9.4183605167e-01
1.0960000002e+02,1.0647028099e+02,9.4177935065e-01
1.0970000002e+02,1.0656445609e+02,9.4172264210e-01
1.0980000002e+02,1.0665862552e+02,9.4166592603e-01
1.0990000002e+02,1.0675278927e+02,9.4160920242e-01
1.1000000002e+02,1.0684694736e+02,9.4155247127e-01
1.1010000002e+02,1.0694109977e+02,9.4149573259e-01
1.1020000002e+02,1.0703524650e+02,9.4143898637e-01
1.1030000002e+02,1.0712938756e+02,9.4138223260e-01
1.1040000002e+02,1.0722352295e+02,9.4132547128e-01
1.1050000002e+02,1.0731765266e+02,9.4126870241e-01
1.1060000002e+02,1.0741177669e+02,9.4121192598e-01
1.1070000002e+02,1.0750589504e+02,9.4115514200e-01
1.1080000002e+02,1.0760000772e+02,9.4109835046e-01
1.1090000002e+02,1.0769411471e+02,9.4104155135e-01
1.1100000002e+02,1.0778821603e+02,9.4098474467e-01
1.1110000002e+02,1.0788231166e+02,9.4092793042e-01
1.1120000002e+02,1.0797640161e+02,9.4087110860e-01
1.1130000002e+02,1.0807048588e+02,9.4081427920e-01
1.1140000002e+02,1.0816456447e+02,9.4075744222e-01
1.1150000002e+02,1.0825863737e+02,9.4070059765e-01
1.1160000002e+02,1.0835270459e+02,9.4064374550e-01
1.1170000002e+02,1.0844676612e+02,9.4058688576e-01
1.1180000002e+02,1.0854082197e+02,9.4053001842e-01
1.1190000002e+02,1.0863487212e+02,9.4047314348e-01
1.1200000002e+02,1.0872891659e+02,9.4041626094e-01
1.1210000002e+02,1.0882295538e+02,9.4035937080e-01
1.1220000002e+02,1.0891698847e+02,9.4030247305e-01
1.1230000002e+02,1.0901101587e+02,9.4024556769e-01
1.1240000002e+02,1.0910503758e+02,9.4018865472e-01
1.1250000002e+02,1.0919905360e+02,9.4013173413e-01
1.1260000002e+02,1.0929306393e+02,9.4007480592e-01
1.1270000002e+02,1.0938706856e+02,9.4001787008e-01
1.1280000002e+02,1.0948106750e+02,9.3996092662e-01
1.1290000002e+02,1.0957506075e+02,9.3990397553e-01
1.1300000002e+02,1.0966904830e+02,9.3984701680e-01
1.1310000002e+02,1.0976303015e+02,9.3979005044e-01
1.1320000002e+02,1.0985700631e+02,9.3973307643e-01
1.1330000002e+02,1.0995097677e+02,9.3967609478e-01
1.1340000002e+02,1.1004494153e+02,9.3961910548e-01
1.1350000002e+02,1.1013890059e+02,9.3956210854e-01
1.1360000002e+02,1.1023285395e+02,9.3950510394e-01
1.1370000002e+02,1.1032680161e+02,9.3944809168e-01
1.1380000002e+02,1.1042074357e+02,9.3939107176e-01
1.1390000002e+02,1.1051467982e+02,9.3933404418e-01
1.1400000002e+02,1.1060861037e+02,9.3927700893e-01
1.1410000003e+02,1.1070253522e+02,9.3921996601e-01
1.1420000003e+02,1.1079645437e+02,9.3916291541e-01
1.1430000003e+02,1.1089036781e+02,9.3910585714e-01
1.1440000003e+02,1.1098427554e+02,9.3904879119e-01
1.1450000003e+02,1.1107817756e+02,9.3899171755e-01
1.1460000003e+02,1.1117207388e+02,9.3893463622e-01
1.1470000003e+02,1.1126596449e+02,9.3887754721e-01
1.1480000003e+02,1.1135984939e+02,9.3882045050e-01
1.1490000003e+02,1.1145372858e+02,9.3876334609e-01
1.1500000003e+02,1.1154760206e+02,9.3870623399e-01
1.1510000003e+02,1.1164146983e+02,9.3864911417e-01
1.1520000003e+02,1.1173533188e+02,9.3859198665e-01
1.1530000003e+02,1.1182918822e+02,9.3853485142e-01
1.1540000003e+02,1.1192303885e+02,9.3847770848e-01
1.1550000003e+02,1.1201688377e+02,9.3842055782e-01
1.1560000003e+02,1.1211072296e+02,9.3836339943e-01
1.1570000003e+02,1.1220455644e+02,9.3830623332e-01
1.1580000003e+02,1.1229838421e+02,9.3824905949e-01
1.1590000003e+02,1.1239220626e+02,9.3819187792e-01
1.1600000003e+02,1.1248602258e+02,9.3813468862e-01
1.1610000003e+02,1.1257983319e+02,9.3807749157e-01
1.1620000003e+02,1.1267363808e+02,9.3802028679e-01
1.1630000003e+02,1.1276743725e+02,9.3796307427e-01
1.1640000003e+02,1.1286123070e+02,9.3790585399e-01
1.1650000003e+02,1.1295501842e+02,9.3784862596e-01
1.1660000003e+02,1.1304880042e+02,9.3779139018e-01
1.1670000003e+02,1.1314257670e+02,9.3773414664e-01
1.1680000003e+02,1.1323634725e+02,9.3767689533e-01
1.1690000003e+02,1.1333011208e+02,9.3761963627e-01
1.1700000003e+02,1.1342387118e+02,9.3756236943e-01
1.1710000003e+02,1.1351762455e+02,9.3750509482e-01
1.1720000003e+02,1.1361137220e+02,9.3744781243e-01
1.1730000003e+02,1.1370511411e+02,9.3739052227e-01
1.1740000003e+02,1.1379885030e+02,9.3733322432e-01
1.1750000003e+02,1.1389258076e+02,9.3727591859e-01
1.1760000003e+02,1.1398630548e+02,9.3721860507e-01
1.1770000003e+02,1.1408002448e+02,9.3716128375e-01
1.1780000003e+02,1.1417373774e+02,9.3710395464e-01
1.1790000003e+02,1.1426744527e+02,9.3704661773e-01
1.1800000003e+02,1.1436114706e+02,9.3698927301e-01
1.1810000003e+02,1.1445484312e+02,9.3693192049e-01
1.1820000003e+02,1.1454853345e+02,9.3687456016e-01
1.1830000003e+02,1.1464221804e+02,9.3681719201e-01
1.1840000003e+02,1.1473589689e+02,9.3675981605e-01
1.1850000003e+02,1.1482957000e+02,9.3670243227e-01
1.1860000003e+02,1.1492323737e+02,9.3664504066e-01
1.1870000003e+02,1.1501689901e+02,9.3658764123e-01
1.1880000003e+02,1.1511055490e+02,9.3653023396e-01
1.1890000003e+02,1.1520420505e+02,9.3647281886e-01
1.1900000003e+02,1.1529784946e+02,9.3641539593e-01
1.1910000003e+02,1.1539148813e+02,9.3635796515e-01
1.1920000003e+02,1.1548512106e+02,9.3630052652e-01
1.1930000003e+02,1.1557874824e+02,9.3624308005e-01
1.1940000003e+02,1.1567236967e+02,9.3618562573e-01
1.1950000003e+02,1.1576598536e+02,9.3612816355e-01
1.1960000003e+02,1.1585959531e+02,9.3607069351e-01
1.1970000003e+02,1.1595319950e+02,9.3601321561e-01
1.1980000003e+02,1.1604679795e+02,9.3595572985e-01
1.1990000003e+02,1.1614039065e+02,9.3589823622e-01
1.2000000003e+02,1.1623397760e+02,9.3584073471e-01
1.2010000003e+02,1.1632755879e+02,9.3578322533e-01
1.2020000003e+02,1.1642113424e+02,9.3572570806e-01
1.2030000003e+02,1.1651470393e+02,9.3566818292e-01
1.2040000003e+02,1.1660826788e+02,9.3561064988e-01
1.2050000003e+02,1.1670182606e+02,9.3555310896e-01
1.2060000003e+02,1.1679537850e+02,9.3549556014e-01
1.2070000003e+02,1.1688892518e+02,9.3543800343e-01
1.2080000003e+02,1.1698246610e+02,9.3538043882e-01
1.2090000003e+02,1.1707600126e+02,9.3532286630e-01
1.2100000003e+02,1.1716953067e+02,9.3526528587e-01
1.2110000003e+02,1.1726305432e+02,9.3520769753e-01
1.2120000003e+02,1.1735657221e+02,9.3515010128e-01
1.2130000003e+02,1.1745008434e+02,9.3509249711e-01
1.2140000003e+02,1.1754359071e+02,9.3503488501e-01
1.2150000003e+02,1.1763709132e+02,9.3497726499e-01
1.2160000003e+02,1.1773058616e+02,9.3491963705e-01
1.2170000003e+02,1.1782407524e+02,9.3486200116e-01
1.2180000003e+02,1.1791755856e+02,9.3480435735e-01
1.2190000003e+02,1.1801103612e+02,9.3474670559e-01
1.2200000003e+02,1.1810450790e+02,9.3468904589e-01
1.2210000003e+02,1.1819797392e+02,9.3463137824e-01
1.2220000003e+02,1.1829143418e+02,9.3457370265e-01
1.2230000003e+02,1.1838488866e+02,9.3451601910e-01
1.2240000003e+02,1.1847833738e+02,9.3445832759e-01
1.2250000003e+02,1.1857178033e+02,9.3440062812e-01
1.2260000003e+02,1.1866521751e+02,9.3434292069e-01
1.2270000003e+02,1.1875864891e+02,9.3428520528e-01
1.2280000003e+02,1.1885207455e+02,9.3422748191e-01
1.2290000003e+02,1.1894549441e+02,9.3416975056e-01
1.2300000003e+02,1.1903890850e+02,9.3411201123e-01
1.2310000003e+02,1.1913231681e+02,9.3405426392e-01
1.2320000003e+02,1.1922571935e+02,9.3399650862e-01
1.2330000003e+02,1.1931911611e+02,9.3393874534e-01
1.2340000003e+02,1.1941250710e+02,9.3388097406e-01
1.2350000003e+02,1.1950589231e+02,9.3382319478e-01
1.2360000003e+02,1.1959927174e+02,9.3376540751e-01
1.2370000003e+02,1.1969264539e+02,9.3370761222e-01
1.2380000003e+02,1.1978601326e+02,9.3364980894e-01
1.2390000003e+02,1.1987937535e+02,9.3359199764e-01
1.2400000003e+02,1.1997273166e+02,9.3353417832e-01
1.2410000003e+02,1.2006608219e+02,9.3347635099e-01
1.2420000003e+02,1.2015942693e+02,9.3341851563e-01
1.2430000003e+02,1.2025276589e+02,9.3336067225e-01
1.2440000003e+02,1.2034609906e+02,9.3330282084e-01
1.2450000003e+02,1.2043942645e+02,9.3324496140e-01
1.2460000003e+02,1.2053274806e+02,9.3318709392e-01
1.2470000003e+02,1.2062606387e+02,9.3312921840e-01
1.2480000003e+02,1.2071937390e+02,9.3307133484e-01
1.2490000003e+02,1.2081267814e+02,9.3301344322e-01
1.2500000003e+02,1.2090597659e+02,9.3295554356e-01
1.2510000003e+02,1.2099926925e+02,9.3289763585e-01
1.2520000003e+02,1.2109255611e+02,9.3283972007e-01
1.2530000003e+02,1.2118583719e+02,9.3278179623e-01
1.2540000003e+02,1.2127911247e+02,9.3272386433e-01
1.2550000003e+02,1.2137238196e+02,9.3266592436e-01
1.2560000003e+02,1.2146564566e+02,9.3260797631e-01
1.2570000003e+02,1.2155890356e+02,9.3255002019e-01
1.2580000003e+02,1.2165215566e+02,9.3249205599e-01
1.2590000003e+02,1.2174540197e+02,9.3243408370e-01
1.2600000003e+02,1.2183864248e+02,9.3237610333e-01
1.2610000003e+02,1.2193187719e+02,9.3231811487e-01
1.2620000003e+02,1.2202510610e+02,9.3226011831e-01
1.2630000003e+02,1.2211832921e+02,9.3220211365e-01
1.2640000003e+02,1.2221154652e+02,9.3214410089e-01
1.2650000003e+02,1.2230475803e+02,9.3208608002e-01
1.2660000003e+02,1.2239796374e+02,9.3202805105e-01
1.2670000003e+02,1.2249116364e+02,9.3197001396e-01
1.2680000003e+02,1.2258435774e+02,9.3191196875e-01
1.2690000003e+02,1.2267754604e+02,9.3185391543e-01
1.2700000003e+02,1.2277072852e+02,9.3179585397e-01
1.2710000003e+02,1.2286390521e+02,9.3173778440e-01
1.2720000003e+02,1.2295707608e+02,9.3167970669e-01
1.2730000003e+02,1.2305024115e+02,9.3162162084e-01
1.2740000003e+02,1.2314340040e+02,9.3156352685e-01
1.2750000003e+02,1.2323655385e+02,9.3150542473e-01
1.2760000003e+02,1.2332970149e+02,9.3144731445e-01
1.2770000003e+02,1.2342284332e+02,9.3138919603e-01
1.2780000003e+02,1.2351597933e+02,9.3133106945e-01
1.2790000003e+02,1.2360910953e+02,9.3127293471e-01
1.2800000003e+02,1.2370223392e+02,9.3121479181e-01
1.2810000003e+02,1.2379535249e+02,9.3115664075e-01
1.2820000003e+02,1.2388846524e+02,9.3109848152e-01
1.2830000003e+02,1.2398157218e+02,9.3104031411e-01
1.2840000003e+02,1.2407467331e+02,9.3098213853e-01
1.2850000003e+02,1.2416776861e+02,9.3092395477e-01
1.2860000003e+02,1.2426085810e+02,9.3086576283e-01
1.2870000003e+02,1.2435394176e+02,9.3080756270e-01
1.2880000003e+02,1.2444701961e+02,9.3074935437e-01
1.2890000003e+02,1.2454009163e+02,9.3069113786e-01
1.2900000003e+02,1.2463315784e+02,9.3063291314e-01
1.2910000003e+02,1.2472621822e+02,9.3057468022e-01
1.2920000003e+02,1.2481927277e+02,9.3051643909e-01
1.2930000003e+02,1.2491232150e+02,9.3045818976e-01
1.2940000003e+02,1.2500536441e+02,9.3039993221e-01
1.2950000003e+02,1.2509840149e+02,9.3034166644e-01
1.2960000003e+02,1.2519143274e+02,9.3028339245e-01
1.2970000003e+02,1.2528445817e+02,9.3022511024e-01
1.2980000003e+02,1.2537747776e+02,9.3016681980e-01
1.2990000003e+02,1.2547049153e+02,9.3010852113e-01
1.3000000003e+02,1.2556349947e+02,9.3005021421e-01
1.3010000003e+02,1.2565650157e+02,9.2999189906e-01
1.3020000003e+02,1.2574949785e+02,9.2993357567e-01
1.3030000003e+02,1.2584248829e+02,9.2987524403e-01
1.3040000003e+02,1.2593547290e+02,9.2981690413e-01
1.3050000003e+02,1.2602845167e+02,9.2975855598e-01
1.3060000003e+02,1.2612142461e+02,9.2970019957e-01
1.3070000003e+02,1.2621439171e+02,9.2964183490e-01
1.3080000003e+02,1.2630735297e+02,9.2958346196e-01
1.3090000003e+02,1.2640030840e+02,9.2952508075e-01
1.3100000003e+02,1.2649325799e+02,9.2946669127e-01
1.3110000003e+02,1.2658620174e+02,9.2940829351e-01
1.3120000003e+02,1.2667913965e+02,9.2934988747e-01
1.3130000003e+02,1.2677207172e+02,9.2929147314e-01
1.3140000003e+02,1.2686499794e+02,9.2923305052e-01
1.3150000003e+02,1.2695791833e+02,9.2917461961e-01
1.3160000003e+02,1.2705083287e+02,9.2911618040e-01
1.3170000003e+02,1.2714374156e+02,9.2905773289e-01
1.3180000003e+02,1.2723664441e+02,9.2899927708e-01
1.3190000003e+02,1.2732954142e+02,9.2894081295e-01
1.3200000003e+02,1.2742243257e+02,9.2888234052e-01
1.3210000003e+02,1.2751531788e+02,9.2882385977e-01
1.3220000003e+02,1.2760819735e+02,9.2876537069e-01
1.3230000003e+02,1.2770107096e+02,9.2870687330e-01
1.3240000003e+02,1.2779393872e+02,9.2864836757e-01
1.3250000003e+02,1.2788680063e+02,9.2858985352e-01
1.3260000003e+02,1.2797965669e+02,9.2853133113e-01
1.3270000003e+02,1.2807250690e+02,9.2847280039e-01
1.3280000003e+02,1.2816535125e+02,9.2841426132e-01
1.3290000003e+02,1.2825818975e+02,9.2835571390e-01
1.3300000003e+02,1.2835102239e+02,9.2829715813e-01
1.3310000003e+02,1.2844384918e+02,9.2823859400e-01
1.3320000003e+02,1.2853667011e+02,9.2818002151e-01
1.3330000003e+02,1.2862948519e+02,9.2812144066e-01
1.3340000003e+02,1.2872229440e+02,9.2806285145e-01
1.3350000003e+02,1.2881509776e+02,9.2800425386e-01
1.3360000003e+02,1.2890789525e+02,9.2794564790e-01
1.3370000003e+02,1.2900068688e+02,9.2788703356e-01
1.3380000003e+02,1.2909347266e+02,9.2782841084e-01
1.3390000003e+02,1.2918625257e+02,9.2776977974e-01
1.3400000003e+02,1.2927902661e+02,9.2771114024e-01
1.3410000003e+02,1.2937179479e+02,9.2765249235e-01
1.3420000003e+02,1.2946455711e+02,9.2759383606e-01
1.3430000003e+02,1.2955731356e+02,9.2753517138e-01
1.3440000003e+02,1.2965006414e+02,9.2747649828e-01
1.3450000003e+02,1.2974280886e+02,9.2741781678e-01
1.3460000003e+02,1.2983554771e+02,9.2735912686e-01
1.3470000003e+02,1.2992828069e+02,9.2730042853e-01
1.3480000003e+02,1.3002100779e+02,9.2724172177e-01
1.3490000003e+02,1.3011372903e+02,9.2718300659e-01
1.3500000003e+02,1.3020644439e+02,9.2712428298e-01
1.3510000003e+02,1.3029915389e+02,9.2706555094e-01
1.3520000003e+02,1.3039185750e+02,9.2700681046e-01
1.3530000003e+02,1.3048455525e+02,9.2694806154e-01
1.3540000003e+02,1.3057724712e+02,9.2688930417e-01
1.3550000003e+02,1.3066993311e+02,9.2683053836e-01
1.3560000003e+02,1.3076261322e+02,9.2677176409e-01
1.3570000003e+02,1.3085528746e+02,9.2671298137e-01
1.3580000003e+02,1.3094795582e+02,9.2665419019e-01
1.3590000003e+02,1.3104061830e+02,9.2659539054e-01
1.3600000003e+02,1.3113327490e+02,9.2653658242e-01
1.3610000003e+02,1.3122592561e+02,9.2647776584e-01
1.3620000003e+02,1.3131857045e+02,9.2641894077e-01
1.3630000003e+02,1.3141120940e+02,9.2636010723e-01
1.3640000003e+02,1.3150384247e+02,9.2630126520e-01
1.3650000003e+02,1.3159646966e+02,9.2624241468e-01
1.3660000003e+02,1.3168909095e+02,9.2618355567e-01
1.3670000003e+02,1.3178170637e+02,9.2612468816e-01
1.3680000003e+02,1.3187431589e+02,9.2606581216e-01
1.3690000003e+02,1.3196691953e+02,9.2600692765e-01
1.3700000003e+02,1.3205951728e+02,9.2594803463e-01
1.3710000003e+02,1.3215210913e+02,9.2588913310e-01
1.3720000003e+02,1.3224469510e+02,9.2583022305e-01
1.3730000003e+02,1.3233727518e+02,9.2577130448e-01
1.3740000003e+02,1.3242984936e+02,9.2571237739e-01
1.3750000003e+02,1.3252241765e+02,9.2565344177e-01
1.3760000003e+02,1.3261498005e+02,9.2559449762e-01
1.3770000003e+02,1.3270753655e+02,9.2553554493e-01
1.3780000003e+02,1.3280008716e+02,9.2547658371e-01
1.3790000003e+02,1.3289263187e+02,9.2541761393e-01
1.3800000003e+02,1.3298517068e+02,9.2535863561e-01
1.3810000003e+02,1.3307770360e+02,9.2529964874e-01
1.3820000003e+02,1.3317023061e+02,9.2524065331e-01
1.3830000003e+02,1.3326275173e+02,9.2518164932e-01
1.3840000003e+02,1.3335526694e+02,9.2512263677e-01
1.3850000003e+02,1.3344777625e+02,9.2506361565e-01
1.3860000003e+02,1.3354027966e+02,9.2500458595e-01
1.3870000003e+02,1.3363277717e+02,9.2494554768e-01
1.3880000003e+02,1.3372526877e+02,9.2488650083e-01
1.3890000003e+02,1.3381775447e+02,9.2482744540e-01
1.3900000003e+02,1.3391023426e+02,9.2476838137e-01
1.3910000003e+02,1.3400270815e+02,9.2470930875e-01
1.3920000003e+02,1.3409517612e+02,9.2465022754e-01
1.3930000003e+02,1.3418763819e+02,9.2459113773e-01
1.3940000003e+02,1.3428009435e+02,9.2453203931e-01
1.3950000003e+02,1.3437254460e+02,9.2447293228e-01
1.3960000003e+02,1.3446498894e+02,9.2441381664e-01
1.3970000003e+02,1.3455742736e+02,9.2435469238e-01
1.3980000003e+02,1.3464985988e+02,9.2429555950e-01
1.3990000003e+02,1.3474228647e+02,9.2423641799e-01
1.4000000003e+02,1.3483470716e+02,9.2417726786e-01
1.4010000003e+02,1.3492712193e+02,9.2411810909e-01
1.4020000003e+02,1.3501953078e+02,9.2405894169e-01
1.4030000003e+02,1.3511193372e+02,9.2399976564e-01
1.4040000003e+02,1.3520433073e+02,9.2394058095e-01
1.4050000003e+02,1.3529672183e+02,9.2388138761e-01
1.4060000003e+02,1.3538910701e+02,9.2382218561e-01
1.4070000003e+02,1.3548148627e+02,9.2376297496e-01
1.4080000003e+02,1.3557385961e+02,9.2370375564e-01
1.4090000003e+02,1.3566622702e+02,9.2364452766e-01
1.4100000003e+02,1.3575858851e+02,9.2358529100e-01
1.4110000003e+02,1.3585094408e+02,9.2352604568e-01
1.4120000003e+02,1.3594329372e+02,9.2346679167e-01
1.4130000003e+02,1.3603563744e+02,9.2340752898e-01
1.4140000003e+02,1.3612797522e+02,9.2334825761e-01
1.4150000003e+02,1.3622030709e+02,9.2328897754e-01
1.4160000003e+02,1.3631263302e+02,9.2322968878e-01
1.4170000003e+02,1.3640495302e+02,9.2317039132e-01
1.4180000003e+02,1.3649726710e+02,9.2311108515e-01
1.4190000003e+02,1.3658957524e+02,9.2305177028e-01
1.4200000003e+02,1.3668187745e+02,9.2299244670e-01
1.4210000003e+02,1.3677417373e+02,9.2293311440e-01
1.4220000003e+02,1.3686646407e+02,9.2287377338e-01
1.4230000003e+02,1.3695874848e+02,9.2281442363e-01
1.4240000003e+02,1.3705102696e+02,9.2275506516e-01
1.4250000003e+02,1.3714329950e+02,9.2269569796e-01
1.4260000003e+02,1.3723556610e+02,9.2263632202e-01
1.4270000003e+02,1.3732782676e+02,9.2257693733e-01
1.4280000003e+02,1.3742008149e+02,9.2251754391e-01
1.4290000003e+02,1.3751233027e+02,9.2245814173e-01
1.4300000003e+02,1.3760457311e+02,9.2239873080e-01
1.4310000003e+02,1.3769681002e+02,9.2233931111e-01
1.4320000003e+02,1.3778904098e+02,9.2227988266e-01
1.4330000003e+02,1.3788126599e+02,9.2222044545e-01
1.4340000003e+02,1.3797348506e+02,9.2216099946e-01
1.4350000003e+02,1.3806569819e+02,9.2210154470e-01
1.4360000003e+02,1.3815790537e+02,9.2204208116e-01
1.4370000003e+02,1.3825010661e+02,9.2198260884e-01
1.4380000003e+02,1.3834230189e+02,9.2192312773e-01
1.4390000003e+02,1.3843449123e+02,9.2186363783e-01
1.4400000003e+02,1.3852667462e+02,9.2180413914e-01
1.4410000003e+02,1.3861885206e+02,9.2174463164e-01
1.4420000003e+02,1.3871102355e+02,9.2168511535e-01
1.4430000003e+02,1.3880318908e+02,9.2162559024e-01
1.4440000003e+02,1.3889534867e+02,9.2156605632e-01
1.4450000003e+02,1.3898750229e+02,9.2150651358e-01
1.4460000003e+02,1.3907964997e+02,9.2144696203e-01
1.4470000003e+02,1.3917179169e+02,9.2138740165e-01
1.4480000003e+02,1.3926392745e+02,9.2132783243e-01
1.4490000003e+02,1.3935605725e+02,9.2126825439e-01
1.4500000003e+02,1.3944818110e+02,9.2120866751e-01
1.4510000003e+02,1.3954029899e+02,9.2114907178e-01
1.4520000003e+02,1.3963241091e+02,9.2108946721e-01
1.4530000003e+02,1.3972451688e+02,9.2102985379e-01
1.4540000003e+02,1.3981661688e+02,9.2097023151e-01
1.4550000003e+02,1.3990871092e+02,9.2091060038e-01
1.4560000004e+02,1.4000079900e+02,9.2085096038e-01
1.4570000004e+02,1.4009288112e+02,9.2079131151e-01
1.4580000004e+02,1.4018495726e+02,9.2073165377e-01
1.4590000004e+02,1.4027702745e+02,9.2067198716e-01
1.4600000004e+02,1.4036909166e+02,9.2061231166e-01
1.4610000004e+02,1.4046114991e+02,9.2055262728e-01
1.4620000004e+02,1.4055320219e+02,9.2049293401e-01
1.4630000004e+02,1.4064524850e+02,9.2043323185e-01
1.4640000004e+02,1.4073728883e+02,9.2037352079e-01
1.4650000004e+02,1.4082932320e+02,9.2031380083e-01
1.4660000004e+02,1.4092135159e+02,9.2025407196e-01
1.4670000004e+02,1.4101337401e+02,9.2019433418e-01
1.4680000004e+02,1.4110539046e+02,9.2013458748e-01
1.4690000004e+02,1.4119740093e+02,9.2007483187e-01
1.4700000004e+02,1.4128940543e+02,9.2001506733e-01
1.4710000004e+02,1.4138140394e+02,9.1995529387e-01
1.4720000004e+02,1.4147339648e+02,9.1989551147e-01
1.4730000004e+02,1.4156538305e+02,9.1983572013e-01
1.4740000004e+02,1.4165736363e+02,9.1977591986e-01
1.4750000004e+02,1.4174933823e+02,9.1971611064e-01
1.4760000004e+02,1.4184130685e+02,9.1965629247e-01
1.4770000004e+02,1.4193326949e+02,9.1959646534e-01
1.4780000004e+02,1.4202522614e+02,9.1953662926e-01
1.4790000004e+02,1.4211717681e+02,9.1947678421e-01
1.4800000004e+02,1.4220912150e+02,9.1941693020e-01
1.4810000004e+02,1.4230106020e+02,9.1935706722e-01
1.4820000004e+02,1.4239299291e+02,9.1929719526e-01
1.4830000004e+02,1.4248491964e+02,9.1923731432e-01
1.4840000004e+02,1.4257684037e+02,9.1917742439e-01
1.4850000004e+02,1.4266875512e+02,9.1911752548e-01
1.4860000004e+02,1.4276066388e+02,9.1905761757e-01
1.4870000004e+02,1.4285256665e+02,9.1899770067e-01
1.4880000004e+02,1.4294446342e+02,9.1893777476e-01
1.4890000004e+02,1.4303635420e+02,9.1887783985e-01
1.4900000004e+02,1.4312823899e+02,9.1881789593e-01
1.4910000004e+02,1.4322011778e+02,9.1875794299e-01
1.4920000004e+02,1.4331199058e+02,9.1869798103e-01
1.4930000004e+02,1.4340385737e+02,9.1863801004e-01
1.4940000004e+02,1.4349571818e+02,9.1857803003e-01
1.4950000004e+02,1.4358757298e+02,9.1851804099e-01
1.4960000004e+02,1.4367942178e+02,9.1845804291e-01
1.4970000004e+02,1.4377126459e+02,9.1839803578e-01
1.4980000004e+02,1.4386310139e+02,9.1833801962e-01
1.4990000004e+02,1.4395493219e+02,9.1827799440e-01
1.5000000004e+02,1.4404675699e+02,9.1821796012e-01
1.5010000004e+02,1.4413857578e+02,9.1815791679e-01
1.5020000004e+02,1.4423038857e+02,9.1809786439e-01
1.5030000004e+02,1.4432219536e+02,9.1803780292e-01
1.5040000004e+02,1.4441399613e+02,9.1797773238e-01
1.5050000004e+02,1.4450579090e+02,9.1791765277e-01
1.5060000004e+02,1.4459757966e+02,9.1785756407e-01
1.5070000004e+02,1.4468936242e+02,9.1779746628e-01
1.5080000004e+02,1.4478113916e+02,9.1773735941e-01
1.5090000004e+02,1.4487290989e+02,9.1767724344e-01
1.5100000004e+02,1.4496467461e+02,9.1761711837e-01
1.5110000004e+02,1.4505643331e+02,9.1755698420e-01
1.5120000004e+02,1.4514818600e+02,9.1749684092e-01
1.5130000004e+02,1.4523993268e+02,9.1743668852e-01
1.5140000004e+02,1.4533167334e+02,9.1737652701e-01
1.5150000004e+02,1.4542340798e+02,9.1731635638e-01
1.5160000004e+02,1.4551513661e+02,9.1725617662e-01
1.5170000004e+02,1.4560685922e+02,9.1719598772e-01
1.5180000004e+02,1.4569857581e+02,9.1713578970e-01
1.5190000004e+02,1.4579028638e+02,9.1707558253e-01
1.5200000004e+02,1.4588199092e+02,9.1701536622e-01
1.5210000004e+02,1.4597368945e+02,9.1695514076e-01
1.5220000004e+02,1.4606538195e+02,9.1689490615e-01
1.5230000004e+02,1.4615706843e+02,9.1683466238e-01
1.5240000004e+02,1.4624874888e+02,9.1677440944e-01
1.5250000004e+02,1.4634042331e+02,9.1671414734e-01
1.5260000004e+02,1.4643209171e+02,9.1665387607e-01
1.5270000004e+02,1.4652375409e+02,9.1659359562e-01
1.5280000004e+02,1.4661541043e+02,9.1653330599e-01
1.5290000004e+02,1.4670706075e+02,9.1647300718e-01
1.5300000004e+02,1.4679870503e+02,9.1641269918e-01
1.5310000004e+02,1.4689034329e+02,9.1635238198e-01
1.5320000004e+02,1.4698197551e+02,9.1629205558e-01
1.5330000004e+02,1.4707360170e+02,9.1623171998e-01
1.5340000004e+02,1.4716522185e+02,9.1617137517e-01
1.5350000004e+02,1.4725683597e+02,9.1611102115e-01
1.5360000004e+02,1.4734844406e+02,9.1605065792e-01
1.5370000004e+02,1.4744004610e+02,9.1599028546e-01
1.5380000004e+02,1.4753164211e+02,9.1592990377e-01
1.5390000004e+02,1.4762323208e+02,9.1586951286e-01
1.5400000004e+02,1.4771481602e+02,9.1580911271e-01
1.5410000004e+02,1.4780639391e+02,9.1574870332e-01
1.5420000004e+02,1.4789796576e+02,9.1568828468e-01
1.5430000004e+02,1.4798953156e+02,9.1562785680e-01
1.5440000004e+02,1.4808109133e+02,9.1556741966e-01
1.5450000004e+02,1.4817264505e+02,9.1550697326e-01
1.5460000004e+02,1.4826419272e+02,9.1544651760e-01
1.5470000004e+02,1.4835573435e+02,9.1538605268e-01
1.5480000004e+02,1.4844726993e+02,9.1532557848e-01
1.5490000004e+02,1.4853879947e+02,9.1526509500e-01
1.5500000004e+02,1.4863032295e+02,9.1520460225e-01
1.5510000004e+02,1.4872184039e+02,9.1514410021e-01
1.5520000004e+02,1.4881335177e+02,9.1508358887e-01
1.5530000004e+02,1.4890485710e+02,9.1502306825e-01
1.5540000004e+02,1.4899635638e+02,9.1496253832e-01
1.5550000004e+02,1.4908784961e+02,9.1490199908e-01
1.5560000004e+02,1.4917933678e+02,9.1484145054e-01
1.5570000004e+02,1.4927081790e+02,9.1478089269e-01
1.5580000004e+02,1.4936229296e+02,9.1472032551e-01
1.5590000004e+02,1.4945376196e+02,9.1465974902e-01
1.5600000004e+02,1.4954522491e+02,9.1459916319e-01
1.5610000004e+02,1.4963668180e+02,9.1453856804e-01
1.5620000004e+02,1.4972813262e+02,9.1447796354e-01
1.5630000004e+02,1.4981957739e+02,9.1441734971e-01
1.5640000004e+02,1.4991101609e+02,9.1435672652e-01
1.5650000004e+02,1.5000244873e+02,9.1429609399e-01
1.5660000004e+02,1.5009387531e+02,9.1423545210e-01
1.5670000004e+02,1.5018529582e+02,9.1417480085e-01
1.5680000004e+02,1.5027671027e+02,9.1411414024e-01
1.5690000004e+02,1.5036811865e+02,9.1405347025e-01
1.5700000004e+02,1.5045952097e+02,9.1399279090e-01
1.5710000004e+02,1.5055091721e+02,9.1393210216e-01
1.5720000004e+02,1.5064230739e+02,9.1387140403e-01
1.5730000004e+02,1.5073369149e+02,9.1381069652e-01
1.5740000004e+02,1.5082506952e+02,9.1374997962e-01
1.5750000004e+02,1.5091644149e+02,9.1368925332e-01
1.5760000004e+02,1.5100780737e+02,9.1362851761e-01
1.5770000004e+02,1.5109916719e+02,9.1356777250e-01
1.5780000004e+02,1.5119052093e+02,9.1350701798e-01
1.5790000004e+02,1.5128186859e+02,9.1344625403e-01
1.5800000004e+02,1.5137321018e+02,9.1338548067e-01
1.5810000004e+02,1.5146454569e+02,9.1332469788e-01
1.5820000004e+02,1.5155587512e+02,9.1326390566e-01
1.5830000004e+02,1.5164719847e+02,9.1320310400e-01
1.5840000004e+02,1.5173851574e+02,9.1314229291e-01
1.5850000004e+02,1.5182982693e+02,9.1308147236e-01
1.5860000004e+02,1.5192113203e+02,9.1302064237e-01
1.5870000004e+02,1.5201243106e+02,9.1295980292e-01
1.5880000004e+02,1.5210372399e+02,9.1289895401e-01
1.5890000004e+02,1.5219501085e+02,9.1283809564e-01
1.5900000004e+02,1.5228629161e+02,9.1277722780e-01
1.5910000004e+02,1.5237756629e+02,9.1271635048e-01
1.5920000004e+02,1.5246883488e+02,9.1265546368e-01
1.5930000004e+02,1.5256009738e+02,9.1259456741e-01
1.5940000004e+02,1.5265135380e+02,9.1253366164e-01
1.5950000004e+02,1.5274260412e+02,9.1247274638e-01
1.5960000004e+02,1.5283384834e+02,9.1241182162e-01
1.5970000004e+02,1.5292508648e+02,9.1235088736e-01
1.5980000004e+02,1.5301631852e+02,9.1228994359e-01
1.5990000004e+02,1.5310754447e+02,9.1222899031e-01
1.6000000004e+02,1.5319876432e+02,9.1216802751e-01
1.6010000004e+02,1.5328997807e+02,9.1210705519e-01
1.6020000004e+02,1.5338118573e+02,9.1204607334e-01
1.6030000004e+02,1.5347238729e+02,9.1198508196e-01
1.6040000004e+02,1.5356358275e+02,9.1192408104e-01
1.6050000004e+02,1.5365477210e+02,9.1186307058e-01
1.6060000004e+02,1.5374595536e+02,9.1180205058e-01
1.6070000004e+02,1.5383713251e+02,9.1174102102e-01
1.6080000004e+02,1.5392830356e+02,9.1167998191e-01
1.6090000004e+02,1.5401946851e+02,9.1161893324e-01
1.6100000004e+02,1.5411062735e+02,9.1155787500e-01
1.6110000004e+02,1.5420178008e+02,9.1149680719e-01
1.6120000004e+02,1.5429292671e+02,9.1143572980e-01
1.6130000004e+02,1.5438406723e+02,9.1137464284e-01
1.6140000004e+02,1.5447520164e+02,9.1131354629e-01
1.6150000004e+02,1.5456632994e+02,9.1125244015e-01
1.6160000004e+02,1.5465745213e+02,9.1119132441e-01
1.6170000004e+02,1.5474856820e+02,9.1113019908e-01
1.6180000004e+02,1.5483967817e+02,9.1106906414e-01
1.6190000004e+02,1.5493078202e+02,9.1100791959e-01
1.6200000004e+02,1.5502187975e+02,9.1094676542e-01
1.6210000004e+02,1.5511297137e+02,9.1088560164e-01
1.6220000004e+02,1.5520405687e+02,9.1082442823e-01
1.6230000004e+02,1.5529513625e+02,9.1076324519e-01
1.6240000004e+02,1.5538620952e+02,9.1070205252e-01
1.6250000004e+02,1.5547727666e+02,9.1064085021e-01
1.6260000004e+02,1.5556833769e+02,9.1057963825e-01
1.6270000004e+02,1.5565939259e+02,9.1051841665e-01
1.6280000004e+02,1.5575044137e+02,9.1045718539e-01
1.6290000004e+02,1.5584148403e+02,9.1039594447e-01
1.6300000004e+02,1.5593252056e+02,9.1033469389e-01
1.6310000004e+02,1.5602355097e+02,9.1027343364e-01
1.6320000004e+02,1.5611457525e+02,9.1021216372e-01
1.6330000004e+02,1.5620559340e+02,9.1015088411e-01
1.6340000004e+02,1.5629660542e+02,9.1008959483e-01
1.6350000004e+02,1.5638761132e+02,9.1002829585e-01
1.6360000004e+02,1.5647861108e+02,9.0996698718e-01
1.6370000004e+02,1.5656960471e+02,9.0990566882e-01
1.6380000004e+02,1.5666059222e+02,9.0984434075e-01
1.6390000004e+02,1.5675157358e+02,9.0978300297e-01
1.6400000004e+02,1.5684254882e+02,9.0972165547e-01
1.6410000004e+02,1.5693351791e+02,9.0966029826e-01
1.6420000004e+02,1.5702448088e+02,9.0959893133e-01
1.6430000004e+02,1.5711543770e+02,9.0953755466e-01
1.6440000004e+02,1.5720638839e+02,9.0947616827e-01
1.6450000004e+02,1.5729733293e+02,9.0941477213e-01
1.6460000004e+02,1.5738827134e+02,9.0935336625e-01
1.6470000004e+02,1.5747920361e+02,9.0929195062e-01
1.6480000004e+02,1.5757012973e+02,9.0923052524e-01
1.6490000004e+02,1.5766104971e+02,9.0916909010e-01
1.6500000004e+02,1.5775196355e+02,9.0910764520e-01
1.6510000004e+02,1.5784287124e+02,9.0904619053e-01
1.6520000004e+02,1.5793377279e+02,9.0898472608e-01
1.6530000004e+02,1.5802466818e+02,9.0892325186e-01
1.6540000004e+02,1.5811555744e+02,9.0886176785e-01
1.6550000004e+02,1.5820644054e+02,9.0880027405e-01
1.6560000004e+02,1.5829731749e+02,9.0873877046e-01
1.6570000004e+02,1.5838818829e+02,9.0867725707e-01
1.6580000004e+02,1.5847905294e+02,9.0861573387e-01
1.6590000004e+02,1.5856991144e+02,9.0855420087e-01
1.6600000004e+02,1.5866076378e+02,9.0849265805e-01
1.6610000004e+02,1.5875160997e+02,9.0843110541e-01
1.6620000004e+02,1.5884245000e+02,9.0836954295e-01
1.6630000004e+02,1.5893328388e+02,9.0830797066e-01
1.6640000004e+02,1.5902411160e+02,9.0824638853e-01
1.6650000004e+02,1.5911493315e+02,9.0818479657e-01
1.6660000004e+02,1.5920574855e+02,9.0812319476e-01
1.6670000004e+02,1.5929655779e+02,9.0806158310e-01
1.6680000004e+02,1.5938736087e+02,9.0799996158e-01
1.6690000004e+02,1.5947815779e+02,9.0793833021e-01
1.6700000004e+02,1.5956894854e+02,9.0787668896e-01
1.6710000004e+02,1.5965973312e+02,9.0781503785e-01
1.6720000004e+02,1.5975051154e+02,9.0775337687e-01
1.6730000004e+02,1.5984128380e+02,9.0769170600e-01
1.6740000004e+02,1.5993204988e+02,9.0763002525e-01
1.6750000004e+02,1.6002280980e+02,9.0756833460e-01
1.6760000004e+02,1.6011356355e+02,9.0750663406e-01
1.6770000004e+02,1.6020431113e+02,9.0744492362e-01
1.6780000004e+02,1.6029505254e+02,9.0738320327e-01
1.6790000004e+02,1.6038578777e+02,9.0732147302e-01
1.6800000004e+02,1.6047651683e+02,9.0725973284e-01
1.6810000004e+02,1.6056723972e+02,9.0719798274e-01
1.6820000004e+02,1.6065795643e+02,9.0713622272e-01
1.6830000004e+02,1.6074866696e+02,9.0707445276e-01
1.6840000004e+02,1.6083937132e+02,9.0701267287e-01
1.6850000004e+02,1.6093006949e+02,9.0695088303e-01
1.6860000004e+02,1.6102076149e+02,9.0688908324e-01
1.6870000004e+02,1.6111144731e+02,9.0682727351e-01
1.6880000004e+02,1.6120212695e+02,9.0676545381e-01
1.6890000004e+02,1.6129280040e+02,9.0670362415e-01
1.6900000004e+02,1.6138346767e+02,9.0664178452e-01
1.6910000004e+02,1.6147412876e+02,9.0657993492e-01
1.6920000004e+02,1.6156478366e+02,9.0651807534e-01
1.6930000004e+02,1.6165543237e+02,9.0645620578e-01
1.6940000004e+02,1.6174607490e+02,9.0639432622e-01
1.6950000004e+02,1.6183671124e+02,9.0633243667e-01
1.6960000004e+02,1.6192734139e+02,9.0627053712e-01
1.6970000004e+02,1.6201796534e+02,9.0620862757e-01
1.6980000004e+02,1.6210858311e+02,9.0614670801e-01
1.6990000004e+02,1.6219919469e+02,9.0608477843e-01
1.7000000004e+02,1.6228980007e+02,9.0602283882e-01
1.7010000004e+02,1.6238039925e+02,9.0596088920e-01
1.7020000004e+02,1.6247099224e+02,9.0589892954e-01
1.7030000004e+02,1.6256157904e+02,9.0583695984e-01
1.7040000004e+02,1.6265215964e+02,9.0577498010e-01
1.7050000004e+02,1.6274273403e+02,9.0571299032e-01
1.7060000004e+02,1.6283330223e+02,9.0565099048e-01
1.7070000004e+02,1.6292386423e+02,9.0558898058e-01
1.7080000004e+02,1.6301442003e+02,9.0552696063e-01
1.7090000004e+02,1.6310496962e+02,9.0546493060e-01
1.7100000004e+02,1.6319551301e+02,9.0540289050e-01
1.7110000004e+02,1.6328605020e+02,9.0534084032e-01
1.7120000004e+02,1.6337658118e+02,9.0527878005e-01
1.7130000004e+02,1.6346710596e+02,9.0521670970e-01
1.7140000004e+02,1.6355762452e+02,9.0515462925e-01
1.7150000004e+02,1.6364813688e+02,9.0509253870e-01
1.7160000004e+02,1.6373864303e+02,9.0503043804e-01
1.7170000004e+02,1.6382914297e+02,9.0496832728e-01
1.7180000004e+02,1.6391963670e+02,9.0490620639e-01
1.7190000004e+02,1.6401012421e+02,9.0484407539e-01
1.7200000004e+02,1.6410060551e+02,9.0478193426e-01
1.7210000004e+02,1.6419108060e+02,9.0471978299e-01
1.7220000004e+02,1.6428154947e+02,9.0465762159e-01
1.7230000004e+02,1.6437201212e+02,9.0459545004e-01
1.7240000004e+02,1.6446246856e+02,9.0453326835e-01
1.7250000004e+02,1.6455291877e+02,9.0447107650e-01
1.7260000004e+02,1.6464336277e+02,9.0440887449e-01
1.7270000004e+02,1.6473380055e+02,9.0434666232e-01
1.7280000004e+02,1.6482423210e+02,9.0428443998e-01
1.7290000004e+02,1.6491465744e+02,9.0422220746e-01
1.7300000004e+02,1.6500507655e+02,9.0415996477e-01
1.7310000004e+02,1.6509548943e+02,9.0409771188e-01
1.7320000004e+02,1.6518589609e+02,9.0403544880e-01
1.7330000004e+02,1.6527629652e+02,9.0397317553e-01
1.7340000004e+02,1.6536669072e+02,9.0391089206e-01
1.7350000004e+02,1.6545707870e+02,9.0384859837e-01
1.7360000004e+02,1.6554746044e+02,9.0378629447e-01
1.7370000004e+02,1.6563783596e+02,9.0372398036e-01
1.7380000004e+02,1.6572820524e+02,9.0366165602e-01
1.7390000004e+02,1.6581856829e+02,9.0359932145e-01
1.7400000004e+02,1.6590892510e+02,9.0353697664e-01
1.7410000004e+02,1.6599927568e+02,9.0347462160e-01
1.7420000004e+02,1.6608962003e+02,9.0341225631e-01
1.7430000004e+02,1.6617995813e+02,9.0334988076e-01
1.7440000004e+02,1.6627029000e+02,9.0328749496e-01
1.7450000004e+02,1.6636061563e+02,9.0322509890e-01
1.7460000004e+02,1.6645093502e+02,9.0316269257e-01
1.7470000004e+02,1.6654124817e+02,9.0310027596e-01
1.7480000004e+02,1.6663155508e+02,9.0303784908e-01
1.7490000004e+02,1.6672185574e+02,9.0297541191e-01
1.7500000004e+02,1.6681215016e+02,9.0291296446e-01
1.7510000004e+02,1.6690243833e+02,9.0285050670e-01
1.7520000004e+02,1.6699272026e+02,9.0278803865e-01
1.7530000004e+02,1.6708299594e+02,9.0272556029e-01
1.7540000004e+02,1.6717326537e+02,9.0266307162e-01
1.7550000004e+02,1.6726352855e+02,9.0260057263e-01
1.7560000004e+02,1.6735378548e+02,9.0253806332e-01
1.7570000004e+02,1.6744403616e+02,9.0247554368e-01
1.7580000004e+02,1.6753428059e+02,9.0241301370e-01
1.7590000004e+02,1.6762451877e+02,9.0235047339e-01
1.7600000004e+02,1.6771475069e+02,9.0228792273e-01
1.7610000004e+02,1.6780497635e+02,9.0222536172e-01
1.7620000004e+02,1.6789519576e+02,9.0216279035e-01
1.7630000004e+02,1.6798540891e+02,9.0210020862e-01
1.7640000004e+02,1.6807561580e+02,9.0203761653e-01
1.7650000004e+02,1.6816581643e+02,9.0197501406e-01
1.7660000004e+02,1.6825601080e+02,9.0191240121e-01
1.7670000004e+02,1.6834619891e+02,9.0184977798e-01
1.7680000004e+02,1.6843638076e+02,9.0178714436e-01
1.7690000004e+02,1.6852655634e+02,9.0172450034e-01
1.7700000004e+02,1.6861672566e+02,9.0166184593e-01
1.7710000005e+02,1.6870688871e+02,9.0159918110e-01
1.7720000005e+02,1.6879704549e+02,9.0153650587e-01
1.7730000005e+02,1.6888719601e+02,9.0147382021e-01
1.7740000005e+02,1.6897734026e+02,9.0141112414e-01
1.7750000005e+02,1.6906747823e+02,9.0134841763e-01
1.7760000005e+02,1.6915760994e+02,9.0128570069e-01
1.7770000005e+02,1.6924773537e+02,9.0122297331e-01
1.7780000005e+02,1.6933785453e+02,9.0116023548e-01
1.7790000005e+02,1.6942796742e+02,9.0109748720e-01
1.7800000005e+02,1.6951807403e+02,9.0103472847e-01
1.7810000005e+02,1.6960817437e+02,9.0097195927e-01
1.7820000005e+02,1.6969826842e+02,9.0090917960e-01
1.7830000005e+02,1.6978835620e+02,9.0084638946e-01
1.7840000005e+02,1.6987843770e+02,9.0078358884e-01
1.7850000005e+02,1.6996851292e+02,9.0072077774e-01
1.7860000005e+02,1.7005858186e+02,9.0065795614e-01
1.7870000005e+02,1.7014864451e+02,9.0059512405e-01
1.7880000005e+02,1.7023870088e+02,9.0053228145e-01
1.7890000005e+02,1.7032875097e+02,9.0046942835e-01
1.7900000005e+02,1.7041879477e+02,9.0040656473e-01
1.7910000005e+02,1.7050883228e+02,9.0034369059e-01
1.7920000005e+02,1.7059886350e+02,9.0028080593e-01
1.7930000005e+02,1.7068888844e+02,9.0021791073e-01
1.7940000005e+02,1.7077890709e+02,9.0015500500e-01
1.7950000005e+02,1.7086891944e+02,9.0009208873e-01
1.7960000005e+02,1.7095892550e+02,9.0002916190e-01
1.7970000005e+02,1.7104892527e+02,8.9996622453e-01
1.7980000005e+02,1.7113891875e+02,8.9990327659e-01
1.7990000005e+02,1.7122890593e+02,8.9984031809e-01
1.8000000005e+02,1.7131888681e+02,8.9977734902e-01
1.8010000005e+02,1.7140886140e+02,8.9971436937e-01
1.8020000005e+02,1.7149882968e+02,8.9965137914e-01
1.8030000005e+02,1.7158879167e+02,8.9958837832e-01
1.8040000005e+02,1.7167874736e+02,8.9952536690e-01
1.8050000005e+02,1.7176869675e+02,8.9946234489e-01
1.8060000005e+02,1.7185863983e+02,8.9939931226e-01
1.8070000005e+02,1.7194857661e+02,8.9933626903e-01
1.8080000005e+02,1.7203850708e+02,8.9927321518e-01
1.8090000005e+02,1.7212843125e+02,8.9921015071e-01
1.8100000005e+02,1.7221834911e+02,8.9914707561e-01
1.8110000005e+02,1.7230826066e+02,8.9908398987e-01
1.8120000005e+02,1.7239816591e+02,8.9902089349e-01
1.8130000005e+02,1.7248806484e+02,8.9895778647e-01
1.8140000005e+02,1.7257795747e+02,8.9889466879e-01
1.8150000005e+02,1.7266784378e+02,8.9883154046e-01
1.8160000005e+02,1.7275772377e+02,8.9876840146e-01
1.8170000005e+02,1.7284759746e+02,8.9870525179e-01
1.8180000005e+02,1.7293746482e+02,8.9864209144e-01
1.8190000005e+02,1.7302732587e+02,8.9857892042e-01
1.8200000005e+02,1.7311718061e+02,8.9851573870e-01
1.8210000005e+02,1.7320702902e+02,8.9845254630e-01
1.8220000005e+02,1.7329687112e+02,8.9838934319e-01
1.8230000005e+02,1.7338670689e+02,8.9832612938e-01
1.8240000005e+02,1.7347653634e+02,8.9826290486e-01
1.8250000005e+02,1.7356635947e+02,8.9819966962e-01
1.8260000005e+02,1.7365617628e+02,8.9813642366e-01
1.8270000005e+02,1.7374598675e+02,8.9807316697e-01
1.8280000005e+02,1.7383579091e+02,8.9800989955e-01
1.8290000005e+02,1.7392558873e+02,8.9794662138e-01
1.8300000005e+02,1.7401538023e+02,8.9788333247e-01
1.8310000005e+02,1.7410516540e+02,8.9782003281e-01
1.8320000005e+02,1.7419494424e+02,8.9775672239e-01
1.8330000005e+02,1.7428471674e+02,8.9769340120e-01
1.8340000005e+02,1.7437448292e+02,8.9763006925e-01
1.8350000005e+02,1.7446424276e+02,8.9756672651e-01
1.8360000005e+02,1.7455399626e+02,8.9750337300e-01
1.8370000005e+02,1.7464374343e+02,8.9744000870e-01
1.8380000005e+02,1.7473348426e+02,8.9737663361e-01
1.8390000005e+02,1.7482321876e+02,8.9731324771e-01
1.8400000005e+02,1.7491294691e+02,8.9724985101e-01
1.8410000005e+02,1.7500266873e+02,8.9718644350e-01
1.8420000005e+02,1.7509238420e+02,8.9712302517e-01
1.8430000005e+02,1.7518209333e+02,8.9705959601e-01
1.8440000005e+02,1.7527179612e+02,8.9699615603e-01
1.8450000005e+02,1.7536149256e+02,8.9693270521e-01
1.8460000005e+02,1.7545118266e+02,8.9686924355e-01
1.8470000005e+02,1.7554086641e+02,8.9680577104e-01
1.8480000005e+02,1.7563054382e+02,8.9674228768e-01
1.8490000005e+02,1.7572021487e+02,8.9667879346e-01
1.8500000005e+02,1.7580987957e+02,8.9661528837e-01
1.8510000005e+02,1.7589953793e+02,8.9655177241e-01
1.8520000005e+02,1.7598918993e+02,8.9648824557e-01
1.8530000005e+02,1.7607883558e+02,8.9642470785e-01
1.8540000005e+02,1.7616847487e+02,8.9636115924e-01
1.8550000005e+02,1.7625810781e+02,8.9629759974e-01
1.8560000005e+02,1.7634773439e+02,8.9623402933e-01
1.8570000005e+02,1.7643735461e+02,8.9617044801e-01
1.8580000005e+02,1.7652696848e+02,8.9610685578e-01
1.8590000005e+02,1.7661657598e+02,8.9604325263e-01
1.8600000005e+02,1.7670617713e+02,8.9597963855e-01
1.8610000005e+02,1.7679577191e+02,8.9591601354e-01
1.8620000005e+02,1.7688536033e+02,8.9585237759e-01
1.8630000005e+02,1.7697494239e+02,8.9578873069e-01
1.8640000005e+02,1.7706451808e+02,8.9572507285e-01
1.8650000005e+02,1.7715408740e+02,8.9566140405e-01
1.8660000005e+02,1.7724365036e+02,8.9559772428e-01
1.8670000005e+02,1.7733320694e+02,8.9553403355e-01
1.8680000005e+02,1.7742275716e+02,8.9547033184e-01
1.8690000005e+02,1.7751230101e+02,8.9540661915e-01
1.8700000005e+02,1.7760183849e+02,8.9534289548e-01
1.8710000005e+02,1.7769136959e+02,8.9527916080e-01
1.8720000005e+02,1.7778089432e+02,8.9521541513e-01
1.8730000005e+02,1.7787041267e+02,8.9515165846e-01
1.8740000005e+02,1.7795992465e+02,8.9508789077e-01
1.8750000005e+02,1.7804943025e+02,8.9502411206e-01
1.8760000005e+02,1.7813892947e+02,8.9496032233e-01
1.8770000005e+02,1.7822842231e+02,8.9489652157e-01
1.8780000005e+02,1.7831790878e+02,8.9483270977e-01
1.8790000005e+02,1.7840738886e+02,8.9476888693e-01
1.8800000005e+02,1.7849686255e+02,8.9470505304e-01
1.8810000005e+02,1.7858632987e+02,8.9464120809e-01
1.8820000005e+02,1.7867579079e+02,8.9457735208e-01
1.8830000005e+02,1.7876524534e+02,8.9451348501e-01
1.8840000005e+02,1.7885469349e+02,8.9444960686e-01
1.8850000005e+02,1.7894413526e+02,8.9438571763e-01
1.8860000005e+02,1.7903357063e+02,8.9432181731e-01
1.8870000005e+02,1.7912299962e+02,8.9425790590e-01
1.8880000005e+02,1.7921242221e+02,8.9419398339e-01
1.8890000005e+02,1.7930183842e+02,8.9413004978e-01
1.8900000005e+02,1.7939124822e+02,8.9406610505e-01
1.8910000005e+02,1.7948065164e+02,8.9400214921e-01
1.8920000005e+02,1.7957004865e+02,8.9393818224e-01
1.8930000005e+02,1.7965943927e+02,8.9387420414e-01
1.8940000005e+02,1.7974882349e+02,8.9381021491e-01
1.8950000005e+02,1.7983820132e+02,8.9374621453e-01
1.8960000005e+02,1.7992757274e+02,8.9368220301e-01
1.8970000005e+02,1.8001693776e+02,8.9361818032e-01
1.8980000005e+02,1.8010629637e+02,8.9355414648e-01
1.8990000005e+02,1.8019564858e+02,8.9349010147e-01
1.9000000005e+02,1.8028499439e+02,8.9342604528e-01
1.9010000005e+02,1.8037433379e+02,8.9336197792e-01
1.9020000005e+02,1.8046366679e+02,8.9329789936e-01
1.9030000005e+02,1.8055299337e+02,8.9323380961e-01
1.9040000005e+02,1.8064231355e+02,8.9316970867e-01
1.9050000005e+02,1.8073162731e+02,8.9310559651e-01
1.9060000005e+02,1.8082093467e+02,8.9304147315e-01
1.9070000005e+02,1.8091023561e+02,8.9297733856e-01
1.9080000005e+02,1.8099953014e+02,8.9291319275e-01
1.9090000005e+02,1.8108881825e+02,8.9284903571e-01
1.9100000005e+02,1.8117809994e+02,8.9278486743e-01
1.9110000005e+02,1.8126737522e+02,8.9272068791e-01
1.9120000005e+02,1.8135664408e+02,8.9265649714e-01
1.9130000005e+02,1.8144590652e+02,8.9259229511e-01
1.9140000005e+02,1.8153516254e+02,8.9252808181e-01
1.9150000005e+02,1.8162441213e+02,8.9246385725e-01
1.9160000005e+02,1.8171365531e+02,8.9239962141e-01
1.9170000005e+02,1.8180289206e+02,8.9233537428e-01
1.9180000005e+02,1.8189212238e+02,8.9227111587e-01
1.9190000005e+02,1.8198134628e+02,8.9220684616e-01
1.9200000005e+02,1.8207056375e+02,8.9214256515e-01
1.9210000005e+02,1.8215977479e+02,8.9207827283e-01
1.9220000005e+02,1.8224897941e+02,8.9201396920e-01
1.9230000005e+02,1.8233817759e+02,8.9194965424e-01
1.9240000005e+02,1.8242736934e+02,8.9188532796e-01
1.9250000005e+02,1.8251655465e+02,8.9182099034e-01
1.9260000005e+02,1.8260573353e+02,8.9175664138e-01
1.9270000005e+02,1.8269490598e+02,8.9169228108e-01
1.9280000005e+02,1.8278407199e+02,8.9162790942e-01
1.9290000005e+02,1.8287323156e+02,8.9156352640e-01
1.9300000005e+02,1.8296238470e+02,8.9149913201e-01
1.9310000005e+02,1.8305153139e+02,8.9143472625e-01
1.9320000005e+02,1.8314067164e+02,8.9137030911e-01
1.9330000005e+02,1.8322980545e+02,8.9130588059e-01
1.9340000005e+02,1.8331893282e+02,8.9124144067e-01
1.9350000005e+02,1.8340805374e+02,8.9117698935e-01
1.9360000005e+02,1.8349716821e+02,8.9111252662e-01
1.9370000005e+02,1.8358627624e+02,8.9104805249e-01
1.9380000005e+02,1.8367537782e+02,8.9098356693e-01
1.9390000005e+02,1.8376447296e+02,8.9091906995e-01
1.9400000005e+02,1.8385356164e+02,8.9085456154e-01
1.9410000005e+02,1.8394264387e+02,8.9079004169e-01
1.9420000005e+02,1.8403171965e+02,8.9072551039e-01
1.9430000005e+02,1.8412078897e+02,8.9066096764e-01
1.9440000005e+02,1.8420985184e+02,8.9059641343e-01
1.9450000005e+02,1.8429890825e+02,8.9053184776e-01
1.9460000005e+02,1.8438795821e+02,8.9046727061e-01
1.9470000005e+02,1.8447700171e+02,8.9040268199e-01
1.9480000005e+02,1.8456603874e+02,8.9033808188e-01
1.9490000005e+02,1.8465506932e+02,8.9027347029e-01
1.9500000005e+02,1.8474409344e+02,8.9020884719e-01
1.9510000005e+02,1.8483311109e+02,8.9014421259e-01
1.9520000005e+02,1.8492212228e+02,8.9007956647e-01
1.9530000005e+02,1.8501112700e+02,8.9001490884e-01
1.9540000005e+02,1.8510012526e+02,8.8995023968e-01
1.9550000005e+02,1.8518911705e+02,8.8988555900e-01
1.9560000005e+02,1.8527810237e+02,8.8982086677e-01
1.9570000005e+02,1.8536708122e+02,8.8975616300e-01
1.9580000005e+02,1.8545605360e+02,8.8969144768e-01
1.9590000005e+02,1.8554501951e+02,8.8962672080e-01
1.9600000005e+02,1.8563397895e+02,8.8956198235e-01
1.9610000005e+02,1.8572293191e+02,8.8949723234e-01
1.9620000005e+02,1.8581187839e+02,8.8943247074e-01
1.9630000005e+02,1.8590081840e+02,8.8936769756e-01
1.9640000005e+02,1.8598975193e+02,8.8930291279e-01
1.9650000005e+02,1.8607867898e+02,8.8923811642e-01
1.9660000005e+02,1.8616759956e+02,8.8917330845e-01
1.9670000005e+02,1.8625651365e+02,8.8910848886e-01
1.9680000005e+02,1.8634542125e+02,8.8904365766e-01
1.9690000005e+02,1.8643432238e+02,8.8897881483e-01
1.9700000005e+02,1.8652321702e+02,8.8891396037e-01
1.9710000005e+02,1.8661210517e+02,8.8884909426e-01
1.9720000005e+02,1.8670098683e+02,8.8878421652e-01
1.9730000005e+02,1.8678986201e+02,8.8871932712e-01
1.9740000005e+02,1.8687873070e+02,8.8865442606e-01
1.9750000005e+02,1.8696759290e+02,8.8858951334e-01
1.9760000005e+02,1.8705644860e+02,8.8852458894e-01
1.9770000005e+02,1.8714529781e+02,8.8845965286e-01
1.9780000005e+02,1.8723414053e+02,8.8839470510e-01
1.9790000005e+02,1.8732297675e+02,8.8832974564e-01
1.9800000005e+02,1.8741180648e+02,8.8826477449e-01
1.9810000005e+02,1.8750062971e+02,8.8819979162e-01
1.9820000005e+02,1.8758944644e+02,8.8813479704e-01
1.9830000005e+02,1.8767825667e+02,8.8806979075e-01
1.9840000005e+02,1.8776706040e+02,8.8800477272e-01
1.9850000005e+02,1.8785585762e+02,8.8793974296e-01
1.9860000005e+02,1.8794464834e+02,8.8787470146e-01
1.9870000005e+02,1.8803343256e+02,8.8780964821e-01
1.9880000005e+02,1.8812221027e+02,8.8774458321e-01
1.9890000005e+02,1.8821098148e+02,8.8767950644e-01
1.9900000005e+02,1.8829974617e+02,8.8761441791e-01
1.9910000005e+02,1.8838850436e+02,8.8754931760e-01
1.9920000005e+02,1.8847725604e+02,8.8748420551e-01
1.9930000005e+02,1.8856600120e+02,8.8741908163e-01
1.9940000005e+02,1.8865473985e+02,8.8735394595e-01
1.9950000005e+02,1.8874347199e+02,8.8728879847e-01
1.9960000005e+02,1.8883219761e+02,8.8722363918e-01
1.9970000005e+02,1.8892091672e+02,8.8715846807e-01
1.9980000005e+02,1.8900962931e+02,8.8709328514e-01
1.9990000005e+02,1.8909833538e+02,8.8702809037e-01
2.0000000005e+02,1.8918703492e+02,8.8696288377e-01
2.0010000005e+02,1.8927572795e+02,8.8689766533e-01
2.0020000005e+02,1.8936441446e+02,8.8683243503e-01
2.0030000005e+02,1.8945309444e+02,8.8676719287e-01
2.0040000005e+02,1.8954176789e+02,8.8670193885e-01
2.0050000005e+02,1.8963043483e+02,8.8663667295e-01
2.0060000005e+02,1.8971909523e+02,8.8657139517e-01
2.0070000005e+02,1.8980774910e+02,8.8650610551e-01
2.0080000005e+02,1.8989639645e+02,8.8644080395e-01
2.0090000005e+02,1.8998503726e+02,8.8637549050e-01
2.0100000005e+02,1.9007367155e+02,8.8631016513e-01
2.0110000005e+02,1.9016229930e+02,8.8624482785e-01
2.0120000005e+02,1.9025092051e+02,8.8617947865e-01
2.0130000005e+02,1.9033953519e+02,8.8611411751e-01
2.0140000005e+02,1.9042814334e+02,8.8604874445e-01
2.0150000005e+02,1.9051674494e+02,8.8598335943e-01
2.0160000005e+02,1.9060534001e+02,8.8591796247e-01
2.0170000005e+02,1.9069392853e+02,8.8585255355e-01
2.0180000005e+02,1.9078251052e+02,8.8578713267e-01
2.0190000005e+02,1.9087108596e+02,8.8572169981e-01
2.0200000005e+02,1.9095965486e+02,8.8565625498e-01
2.0210000005e+02,1.9104821721e+02,8.8559079816e-01
2.0220000005e+02,1.9113677302e+02,8.8552532935e-01
2.0230000005e+02,1.9122532228e+02,8.8545984853e-01
2.0240000005e+02,1.9131386499e+02,8.8539435571e-01
2.0250000005e+02,1.9140240115e+02,8.8532885088e-01
2.0260000005e+02,1.9149093076e+02,8.8526333402e-01
2.0270000005e+02,1.9157945381e+02,8.8519780514e-01
2.0280000005e+02,1.9166797032e+02,8.8513226422e-01
2.0290000005e+02,1.9175648026e+02,8.8506671125e-01
2.0300000005e+02,1.9184498366e+02,8.8500114624e-01
2.0310000005e+02,1.9193348049e+02,8.8493556917e-01
2.0320000005e+02,1.9202197077e+02,8.8486998003e-01
2.0330000005e+02,1.9211045449e+02,8.8480437882e-01
2.0340000005e+02,1.9219893165e+02,8.8473876554e-01
2.0350000005e+02,1.9228740224e+02,8.8467314017e-01
2.0360000005e+02,1.9237586627e+02,8.8460750270e-01
2.0370000005e+02,1.9246432374e+02,8.8454185313e-01
2.0380000005e+02,1.9255277464e+02,8.8447619146e-01
2.0390000005e+02,1.9264121898e+02,8.8441051767e-01
2.0400000005e+02,1.9272965675e+02,8.8434483176e-01
2.0410000005e+02,1.9281808795e+02,8.8427913372e-01
2.0420000005e+02,1.9290651257e+02,8.8421342354e-01
2.0430000005e+02,1.9299493063e+02,8.8414770122e-01
2.0440000005e+02,1.9308334211e+02,8.8408196675e-01
2.0450000005e+02,1.9317174702e+02,8.8401622012e-01
2.0460000005e+02,1.9326014536e+02,8.8395046132e-01
2.0470000005e+02,1.9334853712e+02,8.8388469035e-01
2.0480000005e+02,1.9343692230e+02,8.8381890720e-01
2.0490000005e+02,1.9352530090e+02,8.8375311186e-01
2.0500000005e+02,1.9361367292e+02,8.8368730433e-01
2.0510000005e+02,1.9370203836e+02,8.8362148459e-01
2.0520000005e+02,1.9379039721e+02,8.8355565264e-01
2.0530000005e+02,1.9387874949e+02,8.8348980848e-01
2.0540000005e+02,1.9396709517e+02,8.8342395209e-01
2.0550000005e+02,1.9405543428e+02,8.8335808347e-01
2.0560000005e+02,1.9414376679e+02,8.8329220261e-01
2.0570000005e+02,1.9423209272e+02,8.8322630951e-01
2.0580000005e+02,1.9432041205e+02,8.8316040415e-01
2.0590000005e+02,1.9440872480e+02,8.8309448653e-01
2.0600000005e+02,1.9449703095e+02,8.8302855664e-01
2.0610000005e+02,1.9458533051e+02,8.8296261447e-01
2.0620000005e+02,1.9467362347e+02,8.8289666002e-01
2.0630000005e+02,1.9476190984e+02,8.8283069328e-01
2.0640000005e+02,1.9485018961e+02,8.8276471424e-01
2.0650000005e+02,1.9493846278e+02,8.8269872290e-01
2.0660000005e+02,1.9502672935e+02,8.8263271924e-01
2.0670000005e+02,1.9511498933e+02,8.8256670326e-01
2.0680000005e+02,1.9520324269e+02,8.8250067496e-01
2.0690000005e+02,1.9529148946e+02,8.8243463431e-01
2.0700000005e+02,1.9537972962e+02,8.8236858133e-01
2.0710000005e+02,1.9546796318e+02,8.8230251599e-01
2.0720000005e+02,1.9555619012e+02,8.8223643830e-01
2.0730000005e+02,1.9564441046e+02,8.8217034824e-01
2.0740000005e+02,1.9573262419e+02,8.8210424581e-01
2.0750000005e+02,1.9582083131e+02,8.8203813099e-01
2.0760000005e+02,1.9590903182e+02,8.8197200379e-01
2.0770000005e+02,1.9599722571e+02,8.8190586419e-01
2.0780000005e+02,1.9608541299e+02,8.8183971219e-01
2.0790000005e+02,1.9617359365e+02,8.8177354778e-01
2.0800000005e+02,1.9626176770e+02,8.8170737095e-01
2.0810000005e+02,1.9634993513e+02,8.8164118170e-01
2.0820000005e+02,1.9643809594e+02,8.8157498001e-01
2.0830000005e+02,1.9652625012e+02,8.8150876588e-01
2.0840000005e+02,1.9661439769e+02,8.8144253931e-01
2.0850000005e+02,1.9670253863e+02,8.8137630027e-01
2.0860000006e+02,1.9679067295e+02,8.8131004877e-01
2.0870000006e+02,1.9687880064e+02,8.8124378481e-01
2.0880000006e+02,1.9696692171e+02,8.8117750836e-01
2.0890000006e+02,1.9705503614e+02,8.8111121942e-01
2.0900000006e+02,1.9714314395e+02,8.8104491800e-01
2.0910000006e+02,1.9723124513e+02,8.8097860407e-01
2.0920000006e+02,1.9731933967e+02,8.8091227763e-01
2.0930000006e+02,1.9740742758e+02,8.8084593867e-01
2.0940000006e+02,1.9749550886e+02,8.8077958719e-01
2.0950000006e+02,1.9758358350e+02,8.8071322318e-01
2.0960000006e+02,1.9767165150e+02,8.8064684662e-01
2.0970000006e+02,1.9775971287e+02,8.8058045752e-01
2.0980000006e+02,1.9784776759e+02,8.8051405587e-01
2.0990000006e+02,1.9793581568e+02,8.8044764165e-01
2.1000000006e+02,1.9802385712e+02,8.8038121486e-01
2.1010000006e+02,1.9811189192e+02,8.8031477549e-01
2.1020000006e+02,1.9819992007e+02,8.8024832353e-01
2.1030000006e+02,1.9828794158e+02,8.8018185898e-01
2.1040000006e+02,1.9837595645e+02,8.8011538183e-01
2.1050000006e+02,1.9846396466e+02,8.8004889207e-01
2.1060000006e+02,1.9855196622e+02,8.7998238969e-01
2.1070000006e+02,1.9863996114e+02,8.7991587469e-01
2.1080000006e+02,1.9872794940e+02,8.7984934706e-01
2.1090000006e+02,1.9881593101e+02,8.7978280678e-01
2.1100000006e+02,1.9890390596e+02,8.7971625386e-01
2.1110000006e+02,1.9899187426e+02,8.7964968828e-01
2.1120000006e+02,1.9907983590e+02,8.7958311003e-01
2.1130000006e+02,1.9916779088e+02,8.7951651912e-01
2.1140000006e+02,1.9925573920e+02,8.7944991552e-01
2.1150000006e+02,1.9934368086e+02,8.7938329924e-01
2.1160000006e+02,1.9943161586e+02,8.7931667026e-01
2.1170000006e+02,1.9951954419e+02,8.7925002858e-01
2.1180000006e+02,1.9960746586e+02,8.7918337419e-01
2.1190000006e+02,1.9969538087e+02,8.7911670708e-01
2.1200000006e+02,1.9978328921e+02,8.7905002724e-01
2.1210000006e+02,1.9987119087e+02,8.7898333467e-01
2.1220000006e+02,1.9995908587e+02,8.7891662936e-01
2.1230000006e+02,2.0004697420e+02,8.7884991130e-01
2.1240000006e+02,2.0013485585e+02,8.7878318047e-01
2.1250000006e+02,2.0022273084e+02,8.7871643689e-01
2.1260000006e+02,2.0031059914e+02,8.7864968053e-01
2.1270000006e+02,2.0039846077e+02,8.7858291138e-01
2.1280000006e+02,2.0048631572e+02,8.7851612945e-01
2.1290000006e+02,2.0057416400e+02,8.7844933472e-01
2.1300000006e+02,2.0066200559e+02,8.7838252718e-01
2.1310000006e+02,2.0074984050e+02,8.7831570683e-01
2.1320000006e+02,2.0083766873e+02,8.7824887366e-01
2.1330000006e+02,2.0092549028e+02,8.7818202766e-01
2.1340000006e+02,2.0101330514e+02,8.7811516882e-01
2.1350000006e+02,2.0110111331e+02,8.7804829713e-01
2.1360000006e+02,2.0118891479e+02,8.7798141259e-01
2.1370000006e+02,2.0127670959e+02,8.7791451519e-01
2.1380000006e+02,2.0136449770e+02,8.7784760493e-01
2.1390000006e+02,2.0145227911e+02,8.7778068178e-01
2.1400000006e+02,2.0154005383e+02,8.7771374575e-01
2.1410000006e+02,2.0162782186e+02,8.7764679682e-01
2.1420000006e+02,2.0171558319e+02,8.7757983499e-01
2.1430000006e+02,2.0180333783e+02,8.7751286025e-01
2.1440000006e+02,2.0189108576e+02,8.7744587260e-01
2.1450000006e+02,2.0197882700e+02,8.7737887202e-01
2.1460000006e+02,2.0206656154e+02,8.7731185850e-01
2.1470000006e+02,2.0215428937e+02,8.7724483205e-01
2.1480000006e+02,2.0224201050e+02,8.7717779264e-01
2.1490000006e+02,2.0232972493e+02,8.7711074027e-01
2.1500000006e+02,2.0241743265e+02,8.7704367494e-01
2.1510000006e+02,2.0250513366e+02,8.7697659663e-01
2.1520000006e+02,2.0259282797e+02,8.7690950534e-01
2.1530000006e+02,2.0268051557e+02,8.7684240106e-01
2.1540000006e+02,2.0276819645e+02,8.7677528378e-01
2.1550000006e+02,2.0285587062e+02,8.7670815350e-01
2.1560000006e+02,2.0294353808e+02,8.7664101020e-01
2.1570000006e+02,2.0303119882e+02,8.7657385387e-01
2.1580000006e+02,2.0311885285e+02,8.7650668451e-01
2.1590000006e+02,2.0320650016e+02,8.7643950212e-01
2.1600000006e+02,2.0329414075e+02,8.7637230667e-01
2.1610000006e+02,2.0338177462e+02,8.7630509817e-01
2.1620000006e+02,2.0346940177e+02,8.7623787661e-01
2.1630000006e+02,2.0355702220e+02,8.7617064197e-01
2.1640000006e+02,2.0364463590e+02,8.7610339425e-01
2.1650000006e+02,2.0373224287e+02,8.7603613344e-01
2.1660000006e+02,2.0381984312e+02,8.7596885954e-01
2.1670000006e+02,2.0390743665e+02,8.7590157253e-01
2.1680000006e+02,2.0399502344e+02,8.7583427240e-01
2.1690000006e+02,2.0408260350e+02,8.7576695915e-01
2.1700000006e+02,2.0417017683e+02,8.7569963278e-01
2.1710000006e+02,2.0425774343e+02,8.7563229326e-01
2.1720000006e+02,2.0434530329e+02,8.7556494060e-01
2.1730000006e+02,2.0443285641e+02,8.7549757478e-01
2.1740000006e+02,2.0452040280e+02,8.7543019579e-01
2.1750000006e+02,2.0460794245e+02,8.7536280364e-01
2.1760000006e+02,2.0469547536e+02,8.7529539830e-01
2.1770000006e+02,2.0478300153e+02,8.7522797978e-01
2.1780000006e+02,2.0487052096e+02,8.7516054806e-01
2.1790000006e+02,2.0495803364e+02,8.7509310313e-01
2.1800000006e+02,2.0504553958e+02,8.7502564499e-01
2.1810000006e+02,2.0513303877e+02,8.7495817362e-01
2.1820000006e+02,2.0522053121e+02,8.7489068903e-01
2.1830000006e+02,2.0530801691e+02,8.7482319120e-01
2.1840000006e+02,2.0539549585e+02,8.7475568012e-01
2.1850000006e+02,2.0548296804e+02,8.7468815578e-01
2.1860000006e+02,2.0557043348e+02,8.7462061818e-01
2.1870000006e+02,2.0565789217e+02,8.7455306730e-01
2.1880000006e+02,2.0574534409e+02,8.7448550315e-01
2.1890000006e+02,2.0583278927e+02,8.7441792570e-01
2.1900000006e+02,2.0592022768e+02,8.7435033496e-01
2.1910000006e+02,2.0600765933e+02,8.7428273091e-01
2.1920000006e+02,2.0609508422e+02,8.7421511354e-01
2.1930000006e+02,2.0618250235e+02,8.7414748285e-01
2.1940000006e+02,2.0626991372e+02,8.7407983883e-01
2.1950000006e+02,2.0635731832e+02,8.7401218147e-01
2.1960000006e+02,2.0644471616e+02,8.7394451076e-01
2.1970000006e+02,2.0653210722e+02,8.7387682669e-01
2.1980000006e+02,2.0661949152e+02,8.7380912926e-01
2.1990000006e+02,2.0670686905e+02,8.7374141845e-01
2.2000000006e+02,2.0679423980e+02,8.7367369425e-01
2.2010000006e+02,2.0688160379e+02,8.7360595667e-01
2.2020000006e+02,2.0696896100e+02,8.7353820568e-01
2.2030000006e+02,2.0705631143e+02,8.7347044129e-01
2.2040000006e+02,2.0714365508e+02,8.7340266347e-01
2.2050000006e+02,2.0723099196e+02,8.7333487223e-01
2.2060000006e+02,2.0731832206e+02,8.7326706756e-01
2.2070000006e+02,2.0740564537e+02,8.7319924944e-01
2.2080000006e+02,2.0749296191e+02,8.7313141787e-01
2.2090000006e+02,2.0758027166e+02,8.7306357284e-01
2.2100000006e+02,2.0766757462e+02,8.7299571434e-01
2.2110000006e+02,2.0775487080e+02,8.7292784236e-01
2.2120000006e+02,2.0784216019e+02,8.7285995690e-01
2.2130000006e+02,2.0792944279e+02,8.7279205794e-01
2.2140000006e+02,2.0801671860e+02,8.7272414547e-01
2.2150000006e+02,2.0810398762e+02,8.7265621949e-01
2.2160000006e+02,2.0819124984e+02,8.7258827999e-01
2.2170000006e+02,2.0827850527e+02,8.7252032696e-01
2.2180000006e+02,2.0836575391e+02,8.7245236039e-01
2.2190000006e+02,2.0845299575e+02,8.7238438027e-01
2.2200000006e+02,2.0854023078e+02,8.7231638660e-01
2.2210000006e+02,2.0862745902e+02,8.7224837936e-01
2.2220000006e+02,2.0871468046e+02,8.7218035855e-01
2.2230000006e+02,2.0880189509e+02,8.7211232415e-01
2.2240000006e+02,2.0888910292e+02,8.7204427616e-01
2.2250000006e+02,2.0897630395e+02,8.7197621458e-01
2.2260000006e+02,2.0906349817e+02,8.7190813938e-01
2.2270000006e+02,2.0915068558e+02,8.7184005056e-01
2.2280000006e+02,2.0923786618e+02,8.7177194812e-01
2.2290000006e+02,2.0932503996e+02,8.7170383204e-01
2.2300000006e+02,2.0941220694e+02,8.7163570232e-01
2.2310000006e+02,2.0949936710e+02,8.7156755894e-01
2.2320000006e+02,2.0958652045e+02,8.7149940190e-01
2.2330000006e+02,2.0967366698e+02,8.7143123119e-01
2.2340000006e+02,2.0976080670e+02,8.7136304680e-01
2.2350000006e+02,2.0984793959e+02,8.7129484872e-01
2.2360000006e+02,2.0993506567e+02,8.7122663695e-01
2.2370000006e+02,2.1002218492e+02,8.7115841146e-01
2.2380000006e+02,2.1010929735e+02,8.7109017226e-01
2.2390000006e+02,2.1019640295e+02,8.7102191934e-01
2.2400000006e+02,2.1028350173e+02,8.7095365268e-01
2.2410000006e+02,2.1037059368e+02,8.7088537228e-01
2.2420000006e+02,2.1045767881e+02,8.7081707813e-01
2.2430000006e+02,2.1054475710e+02,8.7074877022e-01
2.2440000006e+02,2.1063182856e+02,8.7068044853e-01
2.2450000006e+02,2.1071889319e+02,8.7061211307e-01
2.2460000006e+02,2.1080595098e+02,8.7054376383e-01
2.2470000006e+02,2.1089300194e+02,8.7047540078e-01
2.2480000006e+02,2.1098004606e+02,8.7040702393e-01
2.2490000006e+02,2.1106708335e+02,8.7033863327e-01
2.2500000006e+02,2.1115411379e+02,8.7027022878e-01
2.2510000006e+02,2.1124113739e+02,8.7020181046e-01
2.2520000006e+02,2.1132815415e+02,8.7013337830e-01
2.2530000006e+02,2.1141516407e+02,8.7006493229e-01
2.2540000006e+02,2.1150216714e+02,8.6999647242e-01
2.2550000006e+02,2.1158916336e+02,8.6992799867e-01
2.2560000006e+02,2.1167615274e+02,8.6985951106e-01
2.2570000006e+02,2.1176313526e+02,8.6979100955e-01
2.2580000006e+02,2.1185011094e+02,8.6972249415e-01
2.2590000006e+02,2.1193707976e+02,8.6965396484e-01
2.2600000006e+02,2.1202404173e+02,8.6958542162e-01
2.2610000006e+02,2.1211099684e+02,8.6951686447e-01
2.2620000006e+02,2.1219794510e+02,8.6944829339e-01
2.2630000006e+02,2.1228488650e+02,8.6937970837e-01
2.2640000006e+02,2.1237182104e+02,8.6931110940e-01
2.2650000006e+02,2.1245874872e+02,8.6924249647e-01
2.2660000006e+02,2.1254566954e+02,8.6917386957e-01
2.2670000006e+02,2.1263258350e+02,8.6910522869e-01
2.2680000006e+02,2.1271949059e+02,8.6903657382e-01
2.2690000006e+02,2.1280639081e+02,8.6896790495e-01
2.2700000006e+02,2.1289328417e+02,8.6889922208e-01
2.2710000006e+02,2.1298017066e+02,8.6883052519e-01
2.2720000006e+02,2.1306705027e+02,8.6876181428e-01
2.2730000006e+02,2.1315392302e+02,8.6869308933e-01
2.2740000006e+02,2.1324078889e+02,8.6862435034e-01
2.2750000006e+02,2.1332764789e+02,8.6855559730e-01
2.2760000006e+02,2.1341450001e+02,8.6848683019e-01
2.2770000006e+02,2.1350134525e+02,8.6841804901e-01
2.2780000006e+02,2.1358818362e+02,8.6834925376e-01
2.2790000006e+02,2.1367501510e+02,8.6828044441e-01
2.2800000006e+02,2.1376183971e+02,8.6821162096e-01
2.2810000006e+02,2.1384865743e+02,8.6814278341e-01
2.2820000006e+02,2.1393546826e+02,8.6807393173e-01
2.2830000006e+02,2.1402227221e+02,8.6800506593e-01
2.2840000006e+02,2.1410906928e+02,8.6793618599e-01
2.2850000006e+02,2.1419585945e+02,8.6786729191e-01
2.2860000006e+02,2.1428264273e+02,8.6779838366e-01
2.2870000006e+02,2.1436941913e+02,8.6772946126e-01
2.2880000006e+02,2.1445618863e+02,8.6766052468e-01
2.2890000006e+02,2.1454295123e+02,8.6759157391e-01
2.2900000006e+02,2.1462970694e+02,8.6752260895e-01
2.2910000006e+02,2.1471645575e+02,8.6745362979e-01
2.2920000006e+02,2.1480319767e+02,8.6738463642e-01
2.2930000006e+02,2.1488993268e+02,8.6731562882e-01
2.2940000006e+02,2.1497666079e+02,8.6724660700e-01
2.2950000006e+02,2.1506338200e+02,8.6717757093e-01
2.2960000006e+02,2.1515009630e+02,8.6710852061e-01
2.2970000006e+02,2.1523680370e+02,8.6703945603e-01
2.2980000006e+02,2.1532350419e+02,8.6697037719e-01
2.2990000006e+02,2.1541019778e+02,8.6690128406e-01
2.3000000006e+02,2.1549688445e+02,8.6683217664e-01
2.3010000006e+02,2.1558356421e+02,8.6676305493e-01
2.3020000006e+02,2.1567023706e+02,8.6669391891e-01
2.3030000006e+02,2.1575690300e+02,8.6662476857e-01
2.3040000006e+02,2.1584356201e+02,8.6655560390e-01
2.3050000006e+02,2.1593021412e+02,8.6648642490e-01
2.3060000006e+02,2.1601685930e+02,8.6641723155e-01
2.3070000006e+02,2.1610349756e+02,8.6634802385e-01
2.3080000006e+02,2.1619012890e+02,8.6627880178e-01
2.3090000006e+02,2.1627675332e+02,8.6620956534e-01
2.3100000006e+02,2.1636337082e+02,8.6614031451e-01
2.3110000006e+02,2.1644998138e+02,8.6607104928e-01
2.3120000006e+02,2.1653658503e+02,8.6600176965e-01
2.3130000006e+02,2.1662318174e+02,8.6593247561e-01
2.3140000006e+02,2.1670977152e+02,8.6586316715e-01
2.3150000006e+02,2.1679635437e+02,8.6579384425e-01
2.3160000006e+02,2.1688293029e+02,8.6572450691e-01
2.3170000006e+02,2.1696949927e+02,8.6565515511e-01
2.3180000006e+02,2.1705606132e+02,8.6558578886e-01
2.3190000006e+02,2.1714261643e+02,8.6551640813e-01
2.3200000006e+02,2.1722916460e+02,8.6544701292e-01
2.3210000006e+02,2.1731570583e+02,8.6537760321e-01
2.3220000006e+02,2.1740224012e+02,8.6530817901e-01
2.3230000006e+02,2.1748876747e+02,8.6523874029e-01
2.3240000006e+02,2.1757528787e+02,8.6516928705e-01
2.3250000006e+02,2.1766180132e+02,8.6509981929e-01
2.3260000006e+02,2.1774830783e+02,8.6503033698e-01
2.3270000006e+02,2.1783480739e+02,8.6496084012e-01
2.3280000006e+02,2.1792130000e+02,8.6489132870e-01
2.3290000006e+02,2.1800778566e+02,8.6482180270e-01
2.3300000006e+02,2.1809426436e+02,8.6475226213e-01
2.3310000006e+02,2.1818073611e+02,8.6468270697e-01
2.3320000006e+02,2.1826720090e+02,8.6461313721e-01
2.3330000006e+02,2.1835365873e+02,8.6454355283e-01
2.3340000006e+02,2.1844010961e+02,8.6447395384e-01
2.3350000006e+02,2.1852655352e+02,8.6440434022e-01
2.3360000006e+02,2.1861299048e+02,8.6433471196e-01
2.3370000006e+02,2.1869942047e+02,8.6426506904e-01
2.3380000006e+02,2.1878584349e+02,8.6419541147e-01
2.3390000006e+02,2.1887225955e+02,8.6412573923e-01
2.3400000006e+02,2.1895866864e+02,8.6405605231e-01
2.3410000006e+02,2.1904507076e+02,8.6398635069e-01
2.3420000006e+02,2.1913146591e+02,8.6391663438e-01
2.3430000006e+02,2.1921785408e+02,8.6384690336e-01
2.3440000006e+02,2.1930423529e+02,8.6377715762e-01
2.3450000006e+02,2.1939060952e+02,8.6370739714e-01
2.3460000006e+02,2.1947697677e+02,8.6363762193e-01
2.3470000006e+02,2.1956333704e+02,8.6356783197e-01
2.3480000006e+02,2.1964969033e+02,8.6349802724e-01
2.3490000006e+02,2.1973603664e+02,8.6342820775e-01
2.3500000006e+02,2.1982237597e+02,8.6335837347e-01
2.3510000006e+02,2.1990870832e+02,8.6328852441e-01
2.3520000006e+02,2.1999503368e+02,8.6321866054e-01
2.3530000006e+02,2.2008135205e+02,8.6314878186e-01
2.3540000006e+02,2.2016766343e+02,8.6307888837e-01
2.3550000006e+02,2.2025396783e+02,8.6300898004e-01
2.3560000006e+02,2.2034026523e+02,8.6293905686e-01
2.3570000006e+02,2.2042655564e+02,8.6286911884e-01
2.3580000006e+02,2.2051283905e+02,8.6279916596e-01
2.3590000006e+02,2.2059911547e+02,8.6272919820e-01
2.3600000006e+02,2.2068538489e+02,8.6265921556e-01
2.3610000006e+02,2.2077164731e+02,8.6258921802e-01
2.3620000006e+02,2.2085790274e+02,8.6251920559e-01
2.3630000006e+02,2.2094415115e+02,8.6244917824e-01
2.3640000006e+02,2.2103039257e+02,8.6237913597e-01
2.3650000006e+02,2.2111662698e+02,8.6230907876e-01
2.3660000006e+02,2.2120285439e+02,8.6223900661e-01
2.3670000006e+02,2.2128907478e+02,8.6216891951e-01
2.3680000006e+02,2.2137528817e+02,8.6209881744e-01
2.3690000006e+02,2.2146149455e+02,8.6202870039e-01
2.3700000006e+02,2.2154769391e+02,8.6195856836e-01
2.3710000006e+02,2.2163388626e+02,8.6188842134e-01
2.3720000006e+02,2.2172007159e+02,8.6181825930e-01
2.3730000006e+02,2.2180624991e+02,8.6174808225e-01
2.3740000006e+02,2.2189242121e+02,8.6167789018e-01
2.3750000006e+02,2.2197858549e+02,8.6160768307e-01
2.3760000006e+02,2.2206474274e+02,8.6153746090e-01
2.3770000006e+02,2.2215089298e+02,8.6146722368e-01
2.3780000006e+02,2.2223703619e+02,8.6139697140e-01
2.3790000006e+02,2.2232317237e+02,8.6132670403e-01
2.3800000006e+02,2.2240930153e+02,8.6125642157e-01
2.3810000006e+02,2.2249542366e+02,8.6118612401e-01
2.3820000006e+02,2.2258153875e+02,8.6111581135e-01
2.3830000006e+02,2.2266764682e+02,8.6104548356e-01
2.3840000006e+02,2.2275374785e+02,8.6097514064e-01
2.3850000006e+02,2.2283984185e+02,8.6090478257e-01
2.3860000006e+02,2.2292592881e+02,8.6083440936e-01
2.3870000006e+02,2.2301200873e+02,8.6076402098e-01
2.3880000006e+02,2.2309808161e+02,8.6069361742e-01
2.3890000006e+02,2.2318414745e+02,8.6062319869e-01
2.3900000006e+02,2.2327020625e+02,8.6055276475e-01
2.3910000006e+02,2.2335625800e+02,8.6048231561e-01
2.3920000006e+02,2.2344230271e+02,8.6041185126e-01
2.3930000006e+02,2.2352834037e+02,8.6034137168e-01
2.3940000006e+02,2.2361437098e+02,8.6027087686e-01
2.3950000006e+02,2.2370039455e+02,8.6020036679e-01
2.3960000006e+02,2.2378641106e+02,8.6012984146e-01
2.3970000006e+02,2.2387242052e+02,8.6005930087e-01
2.3980000006e+02,2.2395842292e+02,8.5998874499e-01
2.3990000006e+02,2.2404441826e+02,8.5991817382e-01
2.4000000006e+02,2.2413040655e+02,8.5984758735e-01
2.4010000007e+02,2.2421638778e+02,8.5977698557e-01
2.4020000007e+02,2.2430236195e+02,8.5970636846e-01
2.4030000007e+02,2.2438832905e+02,8.5963573602e-01
2.4040000007e+02,2.2447428909e+02,8.5956508823e-01
2.4050000007e+02,2.2456024207e+02,8.5949442509e-01
2.4060000007e+02,2.2464618798e+02,8.5942374659e-01
2.4070000007e+02,2.2473212682e+02,8.5935305270e-01
2.4080000007e+02,2.2481805859e+02,8.5928234343e-01
2.4090000007e+02,2.2490398329e+02,8.5921161876e-01
2.4100000007e+02,2.2498990091e+02,8.5914087867e-01
2.4110000007e+02,2.2507581146e+02,8.5907012317e-01
2.4120000007e+02,2.2516171494e+02,8.5899935224e-01
2.4130000007e+02,2.2524761133e+02,8.5892856586e-01
2.4140000007e+02,2.2533350065e+02,8.5885776403e-01
2.4150000007e+02,2.2541938289e+02,8.5878694674e-01
2.4160000007e+02,2.2550525804e+02,8.5871611397e-01
2.4170000007e+02,2.2559112611e+02,8.5864526571e-01
2.4180000007e+02,2.2567698709e+02,8.5857440196e-01
2.4190000007e+02,2.2576284099e+02,8.5850352270e-01
2.4200000007e+02,2.2584868780e+02,8.5843262792e-01
2.4210000007e+02,2.2593452751e+02,8.5836171761e-01
2.4220000007e+02,2.2602036014e+02,8.5829079176e-01
2.4230000007e+02,2.2610618567e+02,8.5821985036e-01
2.4240000007e+02,2.2619200411e+02,8.5814889339e-01
2.4250000007e+02,2.2627781545e+02,8.5807792085e-01
2.4260000007e+02,2.2636361969e+02,8.5800693273e-01
2.4270000007e+02,2.2644941683e+02,8.5793592900e-01
2.4280000007e+02,2.2653520688e+02,8.5786490968e-01
2.4290000007e+02,2.2662098982e+02,8.5779387473e-01
2.4300000007e+02,2.2670676565e+02,8.5772282415e-01
2.4310000007e+02,2.2679253438e+02,8.5765175793e-01
2.4320000007e+02,2.2687829600e+02,8.5758067606e-01
2.4330000007e+02,2.2696405051e+02,8.5750957853e-01
2.4340000007e+02,2.2704979792e+02,8.5743846532e-01
2.4350000007e+02,2.2713553821e+02,8.5736733643e-01
2.4360000007e+02,2.2722127138e+02,8.5729619184e-01
2.4370000007e+02,2.2730699745e+02,8.5722503154e-01
2.4380000007e+02,2.2739271639e+02,8.5715385553e-01
2.4390000007e+02,2.2747842822e+02,8.5708266378e-01
2.4400000007e+02,2.2756413292e+02,8.5701145629e-01
2.4410000007e+02,2.2764983051e+02,8.5694023305e-01
2.4420000007e+02,2.2773552097e+02,8.5686899405e-01
2.4430000007e+02,2.2782120430e+02,8.5679773927e-01
2.4440000007e+02,2.2790688052e+02,8.5672646870e-01
2.4450000007e+02,2.2799254960e+02,8.5665518233e-01
2.4460000007e+02,2.2807821155e+02,8.5658388016e-01
2.4470000007e+02,2.2816386637e+02,8.5651256216e-01
2.4480000007e+02,2.2824951406e+02,8.5644122834e-01
2.4490000007e+02,2.2833515462e+02,8.5636987867e-01
2.4500000007e+02,2.2842078804e+02,8.5629851314e-01
2.4510000007e+02,2.2850641432e+02,8.5622713175e-01
2.4520000007e+02,2.2859203346e+02,8.5615573448e-01
2.4530000007e+02,2.2867764547e+02,8.5608432132e-01
2.4540000007e+02,2.2876325033e+02,8.5601289227e-01
2.4550000007e+02,2.2884884805e+02,8.5594144729e-01
2.4560000007e+02,2.2893443862e+02,8.5586998640e-01
2.4570000007e+02,2.2902002204e+02,8.5579850957e-01
2.4580000007e+02,2.2910559832e+02,8.5572701680e-01
2.4590000007e+02,2.2919116744e+02,8.5565550806e-01
2.4600000007e+02,2.2927672942e+02,8.5558398336e-01
2.4610000007e+02,2.2936228424e+02,8.5551244268e-01
2.4620000007e+02,2.2944783191e+02,8.5544088600e-01
2.4630000007e+02,2.2953337242e+02,8.5536931332e-01
2.4640000007e+02,2.2961890577e+02,8.5529772463e-01
2.4650000007e+02,2.2970443196e+02,8.5522611990e-01
2.4660000007e+02,2.2978995099e+02,8.5515449914e-01
2.4670000007e+02,2.2987546286e+02,8.5508286233e-01
2.4680000007e+02,2.2996096756e+02,8.5501120946e-01
2.4690000007e+02,2.3004646510e+02,8.5493954051e-01
2.4700000007e+02,2.3013195547e+02,8.5486785547e-01
2.4710000007e+02,2.3021743867e+02,8.5479615434e-01
2.4720000007e+02,2.3030291470e+02,8.5472443710e-01
2.4730000007e+02,2.3038838356e+02,8.5465270374e-01
2.4740000007e+02,2.3047384524e+02,8.5458095425e-01
2.4750000007e+02,2.3055929975e+02,8.5450918862e-01
2.4760000007e+02,2.3064474708e+02,8.5443740682e-01
2.4770000007e+02,2.3073018723e+02,8.5436560886e-01
2.4780000007e+02,2.3081562020e+02,8.5429379472e-01
2.4790000007e+02,2.3090104599e+02,8.5422196439e-01
2.4800000007e+02,2.3098646459e+02,8.5415011786e-01
2.4810000007e+02,2.3107187601e+02,8.5407825511e-01
2.4820000007e+02,2.3115728024e+02,8.5400637614e-01
2.4830000007e+02,2.3124267729e+02,8.5393448093e-01
2.4840000007e+02,2.3132806714e+02,8.5386256946e-01
2.4850000007e+02,2.3141344980e+02,8.5379064174e-01
2.4860000007e+02,2.3149882527e+02,8.5371869774e-01
2.4870000007e+02,2.3158419354e+02,8.5364673745e-01
2.4880000007e+02,2.3166955461e+02,8.5357476087e-01
2.4890000007e+02,2.3175490849e+02,8.5350276798e-01
2.4900000007e+02,2.3184025517e+02,8.5343075876e-01
2.4910000007e+02,2.3192559464e+02,8.5335873321e-01
2.4920000007e+02,2.3201092691e+02,8.5328669132e-01
2.4930000007e+02,2.3209625198e+02,8.5321463307e-01
2.4940000007e+02,2.3218156984e+02,8.5314255845e-01
2.4950000007e+02,2.3226688049e+02,8.5307046744e-01
2.4960000007e+02,2.3235218393e+02,8.5299836004e-01
2.4970000007e+02,2.3243748016e+02,8.5292623624e-01
2.4980000007e+02,2.3252276918e+02,8.5285409602e-01
2.4990000007e+02,2.3260805098e+02,8.5278193937e-01
2.5000000007e+02,2.3269332557e+02,8.5270976627e-01
2.5010000007e+02,2.3277859293e+02,8.5263757673e-01
2.5020000007e+02,2.3286385308e+02,8.5256537071e-01
2.5030000007e+02,2.3294910601e+02,8.5249314822e-01
2.5040000007e+02,2.3303435171e+02,8.5242090923e-01
2.5050000007e+02,2.3311959019e+02,8.5234865375e-01
2.5060000007e+02,2.3320482144e+02,8.5227638174e-01
2.5070000007e+02,2.3329004546e+02,8.5220409321e-01
2.5080000007e+02,2.3337526226e+02,8.5213178814e-01
2.5090000007e+02,2.3346047182e+02,8.5205946652e-01
2.5100000007e+02,2.3354567415e+02,8.5198712834e-01
2.5110000007e+02,2.3363086925e+02,8.5191477358e-01
2.5120000007e+02,2.3371605711e+02,8.5184240223e-01
2.5130000007e+02,2.3380123773e+02,8.5177001428e-01
2.5140000007e+02,2.3388641111e+02,8.5169760971e-01
2.5150000007e+02,2.3397157725e+02,8.5162518852e-01
2.5160000007e+02,2.3405673615e+02,8.5155275069e-01
2.5170000007e+02,2.3414188780e+02,8.5148029621e-01
2.5180000007e+02,2.3422703220e+02,8.5140782507e-01
2.5190000007e+02,2.3431216936e+02,8.5133533726e-01
2.5200000007e+02,2.3439729927e+02,8.5126283275e-01
2.5210000007e+02,2.3448242193e+02,8.5119031155e-01
2.5220000007e+02,2.3456753733e+02,8.5111777363e-01
2.5230000007e+02,2.3465264548e+02,8.5104521899e-01
2.5240000007e+02,2.3473774638e+02,8.5097264762e-01
2.5250000007e+02,2.3482284001e+02,8.5090005949e-01
2.5260000007e+02,2.3490792639e+02,8.5082745460e-01
2.5270000007e+02,2.3499300550e+02,8.5075483293e-01
2.5280000007e+02,2.3507807735e+02,8.5068219448e-01
2.5290000007e+02,2.3516314194e+02,8.5060953923e-01
2.5300000007e+02,2.3524819926e+02,8.5053686716e-01
2.5310000007e+02,2.3533324931e+02,8.5046417827e-01
2.5320000007e+02,2.3541829210e+02,8.5039147255e-01
2.5330000007e+02,2.3550332761e+02,8.5031874997e-01
2.5340000007e+02,2.3558835585e+02,8.5024601053e-01
2.5350000007e+02,2.3567337681e+02,8.5017325421e-01
2.5360000007e+02,2.3575839050e+02,8.5010048101e-01
2.5370000007e+02,2.3584339690e+02,8.5002769090e-01
2.5380000007e+02,2.3592839603e+02,8.4995488388e-01
2.5390000007e+02,2.3601338788e+02,8.4988205994e-01
2.5400000007e+02,2.3609837244e+02,8.4980921905e-01
2.5410000007e+02,2.3618334972e+02,8.4973636122e-01
2.5420000007e+02,2.3626831972e+02,8.4966348641e-01
2.5430000007e+02,2.3635328242e+02,8.4959059464e-01
2.5440000007e+02,2.3643823783e+02,8.4951768587e-01
2.5450000007e+02,2.3652318596e+02,8.4944476010e-01
2.5460000007e+02,2.3660812679e+02,8.4937181731e-01
2.5470000007e+02,2.3669306032e+02,8.4929885750e-01
2.5480000007e+02,2.3677798656e+02,8.4922588064e-01
2.5490000007e+02,2.3686290550e+02,8.4915288673e-01
2.5500000007e+02,2.3694781713e+02,8.4907987575e-01
2.5510000007e+02,2.3703272147e+02,8.4900684769e-01
2.5520000007e+02,2.3711761850e+02,8.4893380254e-01
2.5530000007e+02,2.3720250823e+02,8.4886074028e-01
2.5540000007e+02,2.3728739065e+02,8.4878766091e-01
2.5550000007e+02,2.3737226576e+02,8.4871456440e-01
2.5560000007e+02,2.3745713356e+02,8.4864145074e-01
2.5570000007e+02,2.3754199405e+02,8.4856831993e-01
2.5580000007e+02,2.3762684723e+02,8.4849517195e-01
2.5590000007e+02,2.3771169308e+02,8.4842200679e-01
2.5600000007e+02,2.3779653163e+02,8.4834882442e-01
2.5610000007e+02,2.3788136285e+02,8.4827562485e-01
2.5620000007e+02,2.3796618675e+02,8.4820240805e-01
2.5630000007e+02,2.3805100333e+02,8.4812917402e-01
2.5640000007e+02,2.3813581259e+02,8.4805592274e-01
2.5650000007e+02,2.3822061451e+02,8.4798265420e-01
2.5660000007e+02,2.3830540912e+02,8.4790936838e-01
2.5670000007e+02,2.3839019639e+02,8.4783606527e-01
2.5680000007e+02,2.3847497633e+02,8.4776274486e-01
2.5690000007e+02,2.3855974894e+02,8.4768940713e-01
2.5700000007e+02,2.3864451421e+02,8.4761605207e-01
2.5710000007e+02,2.3872927215e+02,8.4754267968e-01
2.5720000007e+02,2.3881402274e+02,8.4746928993e-01
2.5730000007e+02,2.3889876600e+02,8.4739588281e-01
2.5740000007e+02,2.3898350192e+02,8.4732245831e-01
2.5750000007e+02,2.3906823049e+02,8.4724901641e-01
2.5760000007e+02,2.3915295172e+02,8.4717555711e-01
2.5770000007e+02,2.3923766560e+02,8.4710208038e-01
2.5780000007e+02,2.3932237214e+02,8.4702858622e-01
2.5790000007e+02,2.3940707132e+02,8.4695507461e-01
2.5800000007e+02,2.3949176315e+02,8.4688154554e-01
2.5810000006e+02,2.3957644763e+02,8.4680799899e-01
2.5820000006e+02,2.3966112475e+02,8.4673443496e-01
2.5830000006e+02,2.3974579452e+02,8.4666085342e-01
2.5840000006e+02,2.3983045692e+02,8.4658725437e-01
2.5850000006e+02,2.3991511197e+02,8.4651363779e-01
2.5860000006e+02,2.3999975965e+02,8.4644000367e-01
2.5870000006e+02,2.4008439997e+02,8.4636635199e-01
2.5880000006e+02,2.4016903292e+02,8.4629268274e-01
2.5890000006e+02,2.4025365850e+02,8.4621899591e-01
2.5900000006e+02,2.4033827672e+02,8.4614529148e-01
2.5910000006e+02,2.4042288756e+02,8.4607156945e-01
2.5920000006e+02,2.4050749103e+02,8.4599782978e-01
2.5930000006e+02,2.4059208713e+02,8.4592407249e-01
2.5940000006e+02,2.4067667584e+02,8.4585029754e-01
2.5950000006e+02,2.4076125718e+02,8.4577650492e-01
2.5960000006e+02,2.4084583114e+02,8.4570269463e-01
2.5970000006e+02,2.4093039772e+02,8.4562886664e-01
2.5980000006e+02,2.4101495692e+02,8.4555502095e-01
2.5990000006e+02,2.4109950873e+02,8.4548115754e-01
2.6000000006e+02,2.4118405315e+02,8.4540727640e-01
2.6010000006e+02,2.4126859018e+02,8.4533337751e-01
2.6020000006e+02,2.4135311982e+02,8.4525946086e-01
2.6030000006e+02,2.4143764207e+02,8.4518552643e-01
2.6040000006e+02,2.4152215693e+02,8.4511157422e-01
2.6050000006e+02,2.4160666439e+02,8.4503760420e-01
2.6060000006e+02,2.4169116445e+02,8.4496361637e-01
2.6070000006e+02,2.4177565711e+02,8.4488961071e-01
2.6080000006e+02,2.4186014237e+02,8.4481558720e-01
2.6090000006e+02,2.4194462023e+02,8.4474154583e-01
2.6100000006e+02,2.4202909068e+02,8.4466748660e-01
2.6110000006e+02,2.4211355372e+02,8.4459340948e-01
2.6120000006e+02,2.4219800936e+02,8.4451931446e-01
2.6130000006e+02,2.4228245759e+02,8.4444520152e-01
2.6140000006e+02,2.4236689840e+02,8.4437107066e-01
2.6150000006e+02,2.4245133180e+02,8.4429692186e-01
2.6160000006e+02,2.4253575778e+02,8.4422275510e-01
2.6170000006e+02,2.4262017635e+02,8.4414857037e-01
2.6180000006e+02,2.4270458750e+02,8.4407436765e-01
2.6190000006e+02,2.4278899122e+02,8.4400014694e-01
2.6200000005e+02,2.4287338753e+02,8.4392590822e-01
2.6210000005e+02,2.4295777640e+02,8.4385165147e-01
2.6220000005e+02,2.4304215786e+02,8.4377737668e-01
2.6230000005e+02,2.4312653188e+02,8.4370308384e-01
2.6240000005e+02,2.4321089847e+02,8.4362877292e-01
2.6250000005e+02,2.4329525763e+02,8.4355444393e-01
2.6260000005e+02,2.4337960936e+02,8.4348009684e-01
2.6270000005e+02,2.4346395365e+02,8.4340573163e-01
2.6280000005e+02,2.4354829051e+02,8.4333134830e-01
2.6290000005e+02,2.4363261992e+02,8.4325694684e-01
2.6300000005e+02,2.4371694189e+02,8.4318252721e-01
2.6310000005e+02,2.4380125643e+02,8.4310808942e-01
2.6320000005e+02,2.4388556351e+02,8.4303363345e-01
2.6330000005e+02,2.4396986315e+02,8.4295915927e-01
2.6340000005e+02,2.4405415534e+02,8.4288466689e-01
2.6350000005e+02,2.4413844008e+02,8.4281015628e-01
2.6360000005e+02,2.4422271737e+02,8.4273562743e-01
2.6370000005e+02,2.4430698721e+02,8.4266108033e-01
2.6380000005e+02,2.4439124959e+02,8.4258651496e-01
2.6390000005e+02,2.4447550451e+02,8.4251193130e-01
2.6400000005e+02,2.4455975197e+02,8.4243732934e-01
2.6410000005e+02,2.4464399198e+02,8.4236270907e-01
2.6420000005e+02,2.4472822452e+02,8.4228807048e-01
2.6430000005e+02,2.4481244959e+02,8.4221341354e-01
2.6440000005e+02,2.4489666720e+02,8.4213873825e-01
2.6450000005e+02,2.4498087734e+02,8.4206404458e-01
2.6460000005e+02,2.4506508001e+02,8.4198933253e-01
2.6470000005e+02,2.4514927520e+02,8.4191460208e-01
2.6480000005e+02,2.4523346293e+02,8.4183985322e-01
2.6490000005e+02,2.4531764317e+02,8.4176508593e-01
2.6500000005e+02,2.4540181594e+02,8.4169030019e-01
2.6510000005e+02,2.4548598123e+02,8.4161549599e-01
2.6520000005e+02,2.4557013904e+02,8.4154067332e-01
2.6530000005e+02,2.4565428937e+02,8.4146583216e-01
2.6540000005e+02,2.4573843221e+02,8.4139097250e-01
2.6550000005e+02,2.4582256756e+02,8.4131609432e-01
2.6560000005e+02,2.4590669543e+02,8.4124119760e-01
2.6570000005e+02,2.4599081580e+02,8.4116628234e-01
2.6580000005e+02,2.4607492868e+02,8.4109134852e-01
2.6590000005e+02,2.4615903407e+02,8.4101639612e-01
2.6600000004e+02,2.4624313196e+02,8.4094142513e-01
2.6610000004e+02,2.4632722235e+02,8.4086643553e-01
2.6620000004e+02,2.4641130525e+02,8.4079142730e-01
2.6630000004e+02,2.4649538064e+02,8.4071640045e-01
2.6640000004e+02,2.4657944853e+02,8.4064135494e-01
2.6650000004e+02,2.4666350891e+02,8.4056629076e-01
2.6660000004e+02,2.4674756178e+02,8.4049120790e-01
2.6670000004e+02,2.4683160715e+02,8.4041610634e-01
2.6680000004e+02,2.4691564500e+02,8.4034098608e-01
2.6690000004e+02,2.4699967535e+02,8.4026584708e-01
2.6700000004e+02,2.4708369817e+02,8.4019068934e-01
2.6710000004e+02,2.4716771348e+02,8.4011551285e-01
2.6720000004e+02,2.4725172127e+02,8.4004031758e-01
2.6730000004e+02,2.4733572155e+02,8.3996510353e-01
2.6740000004e+02,2.4741971429e+02,8.3988987067e-01
2.6750000004e+02,2.4750369952e+02,8.3981461900e-01
2.6760000004e+02,2.4758767722e+02,8.3973934849e-01
2.6770000004e+02,2.4767164739e+02,8.3966405913e-01
2.6780000004e+02,2.4775561003e+02,8.3958875091e-01
2.6790000004e+02,2.4783956514e+02,8.3951342382e-01
2.6800000004e+02,2.4792351271e+02,8.3943807782e-01
2.6810000004e+02,2.4800745275e+02,8.3936271292e-01
2.6820000004e+02,2.4809138525e+02,8.3928732909e-01
2.6830000004e+02,2.4817531022e+02,8.3921192633e-01
2.6840000004e+02,2.4825922764e+02,8.3913650461e-01
2.6850000004e+02,2.4834313752e+02,8.3906106391e-01
2.6860000004e+02,2.4842703985e+02,8.3898560423e-01
2.6870000004e+02,2.4851093464e+02,8.3891012555e-01
2.6880000004e+02,2.4859482188e+02,8.3883462785e-01
2.6890000004e+02,2.4867870156e+02,8.3875911112e-01
2.6900000004e+02,2.4876257370e+02,8.3868357534e-01
2.6910000004e+02,2.4884643828e+02,8.3860802050e-01
2.6920000004e+02,2.4893029530e+02,8.3853244658e-01
2.6930000004e+02,2.4901414477e+02,8.3845685356e-01
2.6940000004e+02,2.4909798667e+02,8.3838124143e-01
2.6950000004e+02,2.4918182101e+02,8.3830561018e-01
2.6960000004e+02,2.4926564779e+02,8.3822995978e-01
2.6970000004e+02,2.4934946701e+02,8.3815429023e-01
2.6980000004e+02,2.4943327865e+02,8.3807860150e-01
2.6990000003e+02,2.4951708273e+02,8.3800289359e-01
2.7000000003e+02,2.4960087923e+02,8.3792716647e-01
2.7010000003e+02,2.4968466816e+02,8.3785142013e-01
2.7020000003e+02,2.4976844951e+02,8.3777565456e-01
2.7030000003e+02,2.4985222329e+02,8.3769986973e-01
2.7040000003e+02,2.4993598948e+02,8.3762406564e-01
2.7050000003e+02,2.5001974810e+02,8.3754824226e-01
2.7060000003e+02,2.5010349913e+02,8.3747239958e-01
2.7070000003e+02,2.5018724258e+02,8.3739653759e-01
2.7080000003e+02,2.5027097844e+02,8.3732065627e-01
2.7090000003e+02,2.5035470671e+02,8.3724475560e-01
2.7100000003e+02,2.5043842739e+02,8.3716883557e-01
2.7110000003e+02,2.5052214048e+02,8.3709289616e-01
2.7120000003e+02,2.5060584597e+02,8.3701693735e-01
2.7130000003e+02,2.5068954386e+02,8.3694095913e-01
2.7140000003e+02,2.5077323416e+02,8.3686496149e-01
2.7150000003e+02,2.5085691686e+02,8.3678894440e-01
2.7160000003e+02,2.5094059195e+02,8.3671290786e-01
2.7170000003e+02,2.5102425944e+02,8.3663685184e-01
2.7180000003e+02,2.5110791932e+02,8.3656077633e-01
2.7190000003e+02,2.5119157159e+02,8.3648468131e-01
2.7200000003e+02,2.5127521625e+02,8.3640856677e-01
2.7210000003e+02,2.5135885330e+02,8.3633243268e-01
2.7220000003e+02,2.5144248274e+02,8.3625627905e-01
2.7230000003e+02,2.5152610456e+02,8.3618010584e-01
2.7240000003e+02,2.5160971876e+02,8.3610391304e-01
2.7250000003e+02,2.5169332534e+02,8.3602770064e-01
2.7260000003e+02,2.5177692430e+02,8.3595146861e-01
2.7270000003e+02,2.5186051563e+02,8.3587521695e-01
2.7280000003e+02,2.5194409934e+02,8.3579894564e-01
2.7290000003e+02,2.5202767542e+02,8.3572265466e-01
2.7300000003e+02,2.5211124387e+02,8.3564634399e-01
2.7310000003e+02,2.5219480469e+02,8.3557001362e-01
2.7320000003e+02,2.5227835787e+02,8.3549366352e-01
2.7330000003e+02,2.5236190342e+02,8.3541729370e-01
2.7340000003e+02,2.5244544133e+02,8.3534090412e-01
2.7350000003e+02,2.5252897160e+02,8.3526449477e-01
2.7360000003e+02,2.5261249423e+02,8.3518806564e-01
2.7370000003e+02,2.5269600921e+02,8.3511161670e-01
2.7380000003e+02,2.5277951655e+02,8.3503514795e-01
2.7390000002e+02,2.5286301624e+02,8.3495865936e-01
2.7400000002e+02,2.5294650828e+02,8.3488215092e-01
2.7410000002e+02,2.5302999267e+02,8.3480562262e-01
2.7420000002e+02,2.5311346941e+02,8.3472907443e-01
2.7430000002e+02,2.5319693849e+02,8.3465250633e-01
2.7440000002e+02,2.5328039991e+02,8.3457591832e-01
2.7450000002e+02,2.5336385367e+02,8.3449931038e-01
2.7460000002e+02,2.5344729977e+02,8.3442268248e-01
2.7470000002e+02,2.5353073821e+02,8.3434603461e-01
2.7480000002e+02,2.5361416898e+02,8.3426936676e-01
2.7490000002e+02,2.5369759208e+02,8.3419267891e-01
2.7500000002e+02,2.5378100751e+02,8.3411597104e-01
2.7510000002e+02,2.5386441527e+02,8.3403924313e-01
2.7520000002e+02,2.5394781536e+02,8.3396249517e-01
2.7530000002e+02,2.5403120777e+02,8.3388572714e-01
2.7540000002e+02,2.5411459250e+02,8.3380893902e-01
2.7550000002e+02,2.5419796956e+02,8.3373213080e-01
2.7560000002e+02,2.5428133893e+02,8.3365530246e-01
2.7570000002e+02,2.5436470062e+02,8.3357845398e-01
2.7580000002e+02,2.5444805462e+02,8.3350158535e-01
2.7590000002e+02,2.5453140093e+02,8.3342469655e-01
2.7600000002e+02,2.5461473956e+02,8.3334778755e-01
2.7610000002e+02,2.5469807049e+02,8.3327085836e-01
2.7620000002e+02,2.5478139373e+02,8.3319390893e-01
2.7630000002e+02,2.5486470927e+02,8.3311693927e-01
2.7640000002e+02,2.5494801712e+02,8.3303994935e-01
2.7650000002e+02,2.5503131726e+02,8.3296293916e-01
2.7660000002e+02,2.5511460970e+02,8.3288590867e-01
2.7670000002e+02,2.5519789444e+02,8.3280885788e-01
2.7680000002e+02,2.5528117148e+02,8.3273178675e-01
2.7690000002e+02,2.5536444080e+02,8.3265469529e-01
2.7700000002e+02,2.5544770241e+02,8.3257758346e-01
2.7710000002e+02,2.5553095632e+02,8.3250045126e-01
2.7720000002e+02,2.5561420250e+02,8.3242329866e-01
2.7730000002e+02,2.5569744097e+02,8.3234612564e-01
2.7740000002e+02,2.5578067173e+02,8.3226893220e-01
2.7750000002e+02,2.5586389476e+02,8.3219171831e-01
2.7760000002e+02,2.5594711007e+02,8.3211448395e-01
2.7770000002e+02,2.5603031766e+02,8.3203722911e-01
2.7780000002e+02,2.5611351752e+02,8.3195995376e-01
2.7790000001e+02,2.5619670965e+02,8.3188265790e-01
2.7800000001e+02,2.5627989405e+02,8.3180534151e-01
2.7810000001e+02,2.5636307071e+02,8.3172800456e-01
2.7820000001e+02,2.5644623965e+02,8.3165064703e-01
2.7830000001e+02,2.5652940084e+02,8.3157326892e-01
2.7840000001e+02,2.5661255430e+02,8.3149587021e-01
2.7850000001e+02,2.5669570002e+02,8.3141845087e-01
2.7860000001e+02,2.5677883799e+02,8.3134101088e-01
2.7870000001e+02,2.5686196822e+02,8.3126355024e-01
2.7880000001e+02,2.5694509070e+02,8.3118606892e-01
2.7890000001e+02,2.5702820543e+02,8.3110856691e-01
2.7900000001e+02,2.5711131241e+02,8.3103104418e-01
2.7910000001e+02,2.5719441164e+02,8.3095350072e-01
2.7920000001e+02,2.5727750311e+02,8.3087593651e-01
2.7930000001e+02,2.5736058683e+02,8.3079835153e-01
2.7940000001e+02,2.5744366278e+02,8.3072074577e-01
2.7950000001e+02,2.5752673097e+02,8.3064311921e-01
2.7960000001e+02,2.5760979140e+02,8.3056547182e-01
2.7970000001e+02,2.5769284407e+02,8.3048780360e-01
2.7980000001e+02,2.5777588896e+02,8.3041011452e-01
2.7990000001e+02,2.5785892609e+02,8.3033240457e-01
2.8000000001e+02,2.5794195544e+02,8.3025467372e-01
2.8010000001e+02,2.5802497702e+02,8.3017692196e-01
2.8020000001e+02,2.5810799083e+02,8.3009914927e-01
2.8030000001e+02,2.5819099685e+02,8.3002135563e-01
2.8040000001e+02,2.5827399510e+02,8.2994354103e-01
2.8050000001e+02,2.5835698556e+02,8.2986570544e-01
2.8060000001e+02,2.5843996824e+02,8.2978784885e-01
2.8070000001e+02,2.5852294313e+02,8.2970997124e-01
2.8080000001e+02,2.5860591023e+02,8.2963207259e-01
2.8090000001e+02,2.5868886954e+02,8.2955415289e-01
2.8100000001e+02,2.5877182106e+02,8.2947621211e-01
2.8110000001e+02,2.5885476478e+02,8.2939825023e-01
2.8120000001e+02,2.5893770071e+02,8.2932026724e-01
2.8130000001e+02,2.5902062884e+02,8.2924226312e-01
2.8140000001e+02,2.5910354916e+02,8.2916423785e-01
2.8150000001e+02,2.5918646168e+02,8.2908619142e-01
2.8160000001e+02,2.5926936640e+02,8.2900812379e-01
2.8170000001e+02,2.5935226331e+02,8.2893003496e-01
2.8180000000e+02,2.5943515241e+02,8.2885192491e-01
2.8190000000e+02,2.5951803369e+02,8.2877379362e-01
2.8200000000e+02,2.5960090716e+02,8.2869564106e-01
2.8210000000e+02,2.5968377282e+02,8.2861746722e-01
2.8220000000e+02,2.5976663066e+02,8.2853927209e-01
2.8230000000e+02,2.5984948067e+02,8.2846105564e-01
2.8240000000e+02,2.5993232287e+02,8.2838281785e-01
2.8250000000e+02,2.6001515724e+02,8.2830455871e-01
2.8260000000e+02,2.6009798378e+02,8.2822627820e-01
2.8270000000e+02,2.6018080249e+02,8.2814797629e-01
2.8280000000e+02,2.6026361337e+02,8.2806965297e-01
2.8290000000e+02,2.6034641642e+02,8.2799130822e-01
2.8300000000e+02,2.6042921163e+02,8.2791294202e-01
2.8310000000e+02,2.6051199901e+02,8.2783455436e-01
2.8320000000e+02,2.6059477854e+02,8.2775614520e-01
2.8330000000e+02,2.6067755024e+02,8.2767771455e-01
2.8340000000e+02,2.6076031409e+02,8.2759926236e-01
2.8350000000e+02,2.6084307009e+02,8.2752078863e-01
2.8360000000e+02,2.6092581824e+02,8.2744229334e-01
2.8370000000e+02,2.6100855855e+02,8.2736377647e-01
2.8380000000e+02,2.6109129100e+02,8.2728523800e-01
2.8390000000e+02,2.6117401559e+02,8.2720667790e-01
2.8400000000e+02,2.6125673233e+02,8.2712809616e-01
2.8410000000e+02,2.6133944121e+02,8.2704949277e-01
2.8420000000e+02,2.6142214223e+02,8.2697086770e-01
2.8430000000e+02,2.6150483539e+02,8.2689222093e-01
2.8440000000e+02,2.6158752067e+02,8.2681355244e-01
2.8450000000e+02,2.6167019810e+02,8.2673486222e-01
2.8460000000e+02,2.6175286765e+02,8.2665615024e-01
2.8470000000e+02,2.6183552932e+02,8.2657741648e-01
2.8480000000e+02,2.6191818313e+02,8.2649866093e-01
2.8490000000e+02,2.6200082906e+02,8.2641988357e-01
2.8500000000e+02,2.6208346710e+02,8.2634108437e-01
2.8510000000e+02,2.6216609727e+02,8.2626226332e-01
2.8520000000e+02,2.6224871956e+02,8.2618342040e-01
2.8530000000e+02,2.6233133396e+02,8.2610455558e-01
2.8540000000e+02,2.6241394047e+02,8.2602566886e-01
2.8550000000e+02,2.6249653909e+02,8.2594676020e-01
2.8560000000e+02,2.6257912982e+02,8.2586782959e-01
2.8570000000e+02,2.6266171265e+02,8.2578887701e-01
2.8579999999e+02,2.6274428759e+02,8.2570990244e-01
2.8589999999e+02,2.6282685463e+02,8.2563090585e-01
2.8599999999e+02,2.6290941377e+02,8.2555188724e-01
2.8609999999e+02,2.6299196501e+02,8.2547284658e-01
2.8619999999e+02,2.6307450834e+02,8.2539378385e-01
2.8629999999e+02,2.6315704377e+02,8.2531469903e-01
2.8639999999e+02,2.6323957128e+02,8.2523559210e-01
2.8649999999e+02,2.6332209088e+02,8.2515646303e-01
2.8659999999e+02,2.6340460257e+02,8.2507731182e-01
2.8669999999e+02,2.6348710635e+02,8.2499813844e-01
2.8679999999e+02,2.6356960220e+02,8.2491894287e-01
2.8689999999e+02,2.6365209013e+02,8.2483972509e-01
2.8699999999e+02,2.6373457014e+02,8.2476048508e-01
2.8709999999e+02,2.6381704223e+02,8.2468122282e-01
2.8719999999e+02,2.6389950639e+02,8.2460193829e-01
2.8729999999e+02,2.6398196262e+02,8.2452263147e-01
2.8739999999e+02,2.6406441091e+02,8.2444330234e-01
2.8749999999e+02,2.6414685128e+02,8.2436395088e-01
2.8759999999e+02,2.6422928370e+02,8.2428457707e-01
2.8769999999e+02,2.6431170819e+02,8.2420518089e-01
2.8779999999e+02,2.6439412474e+02,8.2412576231e-01
2.8789999999e+02,2.6447653334e+02,8.2404632132e-01
2.8799999999e+02,2.6455893400e+02,8.2396685790e-01
2.8809999999e+02,2.6464132671e+02,8.2388737203e-01
2.8819999999e+02,2.6472371148e+02,8.2380786368e-01
2.8829999999e+02,2.6480608829e+02,8.2372833284e-01
2.8839999999e+02,2.6488845714e+02,8.2364877948e-01
2.8849999999e+02,2.6497081804e+02,8.2356920359e-01
2.8859999999e+02,2.6505317098e+02,8.2348960515e-01
2.8869999999e+02,2.6513551596e+02,8.2340998412e-01
2.8879999999e+02,2.6521785298e+02,8.2333034050e-01
2.8889999999e+02,2.6530018203e+02,8.2325067427e-01
2.8899999999e+02,2.6538250311e+02,8.2317098539e-01
2.8909999999e+02,2.6546481622e+02,8.2309127386e-01
2.8919999999e+02,2.6554712137e+02,8.2301153964e-01
2.8929999999e+02,2.6562941853e+02,8.2293178273e-01
2.8939999999e+02,2.6571170772e+02,8.2285200309e-01
2.8949999999e+02,2.6579398893e+02,8.2277220071e-01
2.8959999999e+02,2.6587626216e+02,8.2269237557e-01
2.8969999998e+02,2.6595852741e+02,8.2261252764e-01
2.8979999998e+02,2.6604078467e+02,8.2253265691e-01
2.8989999998e+02,2.6612303394e+02,8.2245276335e-01
2.8999999998e+02,2.6620527522e+02,8.2237284694e-01
2.9009999998e+02,2.6628750851e+02,8.2229290767e-01
2.9019999998e+02,2.6636973380e+02,8.2221294550e-01
2.9029999998e+02,2.6645195109e+02,8.2213296043e-01
2.9039999998e+02,2.6653416039e+02,8.2205295242e-01
2.9049999998e+02,2.6661636168e+02,8.2197292146e-01
2.9059999998e+02,2.6669855497e+02,8.2189286753e-01
2.9069999998e+02,2.6678074026e+02,8.2181279060e-01
2.9079999998e+02,2.6686291753e+02,8.2173269065e-01
2.9089999998e+02,2.6694508679e+02,8.2165256766e-01
2.9099999998e+02,2.6702724804e+02,8.2157242162e-01
2.9109999998e+02,2.6710940128e+02,8.2149225249e-01
2.9119999998e+02,2.6719154649e+02,8.2141206026e-01
2.9129999998e+02,2.6727368369e+02,8.2133184491e-01
2.9139999998e+02,2.6735581286e+02,8.2125160641e-01
2.9149999998e+02,2.6743793401e+02,8.2117134475e-01
2.9159999998e+02,2.6752004713e+02,8.2109105989e-01
2.9169999998e+02,2.6760215222e+02,8.2101075183e-01
2.9179999998e+02,2.6768424928e+02,8.2093042053e-01
2.9189999998e+02,2.6776633830e+02,8.2085006598e-01
2.9199999998e+02,2.6784841929e+02,8.2076968816e-01
2.9209999998e+02,2.6793049224e+02,8.2068928704e-01
2.9219999998e+02,2.6801255715e+02,8.2060886260e-01
2.9229999998e+02,2.6809461401e+02,8.2052841481e-01
2.9239999998e+02,2.6817666283e+02,8.2044794367e-01
2.9249999998e+02,2.6825870360e+02,8.2036744914e-01
2.9259999998e+02,2.6834073632e+02,8.2028693121e-01
2.9269999998e+02,2.6842276099e+02,8.2020638984e-01
2.9279999998e+02,2.6850477760e+02,8.2012582503e-01
2.9289999998e+02,2.6858678615e+02,8.2004523674e-01
2.9299999998e+02,2.6866878664e+02,8.1996462496e-01
2.9309999998e+02,2.6875077907e+02,8.1988398967e-01
2.9319999998e+02,2.6883276344e+02,8.1980333083e-01
2.9329999998e+02,2.6891473974e+02,8.1972264844e-01
2.9339999998e+02,2.6899670797e+02,8.1964194246e-01
2.9349999998e+02,2.6907866813e+02,8.1956121288e-01
2.9359999998e+02,2.6916062021e+02,8.1948045966e-01
2.9369999997e+02,2.6924256422e+02,8.1939968280e-01
2.9379999997e+02,2.6932450015e+02,8.1931888227e-01
2.9389999997e+02,2.6940642799e+02,8.1923805804e-01
2.9399999997e+02,2.6948834776e+02,8.1915721010e-01
2.9409999997e+02,2.6957025944e+02,8.1907633842e-01
2.9419999997e+02,2.6965216302e+02,8.1899544297e-01
2.9429999997e+02,2.6973405852e+02,8.1891452374e-01
2.9439999997e+02,2.6981594593e+02,8.1883358071e-01
2.9449999997e+02,2.6989782524e+02,8.1875261384e-01
2.9459999997e+02,2.6997969645e+02,8.1867162312e-01
2.9469999997e+02,2.7006155956e+02,8.1859060853e-01
2.9479999997e+02,2.7014341457e+02,8.1850957004e-01
2.9489999997e+02,2.7022526148e+02,8.1842850763e-01
2.9499999997e+02,2.7030710027e+02,8.1834742128e-01
2.9509999997e+02,2.7038893096e+02,8.1826631096e-01
2.9519999997e+02,2.7047075353e+02,8.1818517665e-01
2.9529999997e+02,2.7055256799e+02,8.1810401833e-01
2.9539999997e+02,2.7063437434e+02,8.1802283598e-01
2.9549999997e+02,2.7071617256e+02,8.1794162957e-01
2.9559999997e+02,2.7079796266e+02,8.1786039908e-01
2.9569999997e+02,2.7087974464e+02,8.1777914449e-01
2.9579999997e+02,2.7096151849e+02,8.1769786577e-01
2.9589999997e+02,2.7104328421e+02,8.1761656290e-01
2.9599999997e+02,2.7112504180e+02,8.1753523585e-01
2.9609999997e+02,2.7120679126e+02,8.1745388462e-01
2.9619999997e+02,2.7128853258e+02,8.1737250916e-01
2.9629999997e+02,2.7137026576e+02,8.1729110946e-01
2.9639999997e+02,2.7145199080e+02,8.1720968549e-01
2.9649999997e+02,2.7153370769e+02,8.1712823724e-01
2.9659999997e+02,2.7161541644e+02,8.1704676467e-01
2.9669999997e+02,2.7169711705e+02,8.1696526777e-01
2.9679999997e+02,2.7177880950e+02,8.1688374651e-01
2.9689999997e+02,2.7186049380e+02,8.1680220087e-01
2.9699999997e+02,2.7194216994e+02,8.1672063082e-01
2.9709999997e+02,2.7202383792e+02,8.1663903634e-01
2.9719999997e+02,2.7210549774e+02,8.1655741741e-01
2.9729999997e+02,2.7218714940e+02,8.1647577400e-01
2.9739999997e+02,2.7226879290e+02,8.1639410609e-01
2.9749999997e+02,2.7235042822e+02,8.1631241365e-01
2.9759999997e+02,2.7243205538e+02,8.1623069667e-01
2.9769999996e+02,2.7251367436e+02,8.1614895512e-01
2.9779999996e+02,2.7259528517e+02,8.1606718897e-01
2.9789999996e+02,2.7267688780e+02,8.1598539820e-01
2.9799999996e+02,2.7275848225e+02,8.1590358279e-01
2.9809999996e+02,2.7284006851e+02,8.1582174271e-01
2.9819999996e+02,2.7292164660e+02,8.1573987794e-01
2.9829999996e+02,2.7300321649e+02,8.1565798845e-01
2.9839999996e+02,2.7308477819e+02,8.1557607422e-01
2.9849999996e+02,2.7316633170e+02,8.1549413524e-01
2.9859999996e+02,2.7324787702e+02,8.1541217146e-01
2.9869999996e+02,2.7332941414e+02,8.1533018287e-01
2.9879999996e+02,2.7341094305e+02,8.1524816945e-01
2.9889999996e+02,2.7349246377e+02,8.1516613116e-01
2.9899999996e+02,2.7357397628e+02,8.1508406799e-01
2.9909999996e+02,2.7365548058e+02,8.1500197992e-01
2.9919999996e+02,2.7373697668e+02,8.1491986690e-01
2.9929999996e+02,2.7381846456e+02,8.1483772894e-01
2.9939999996e+02,2.7389994422e+02,8.1475556599e-01
2.9949999996e+02,2.7398141567e+02,8.1467337803e-01
2.9959999996e+02,2.7406287890e+02,8.1459116504e-01
2.9969999996e+02,2.7414433390e+02,8.1450892700e-01
2.9979999996e+02,2.7422578068e+02,8.1442666387e-01
2.9989999996e+02,2.7430721923e+02,8.1434437564e-01
2.9999999996e+02,2.7438864955e+02,8.1426206228e-01
3.0009999996e+02,2.7447007164e+02,8.1417972377e-01
3.0019999996e+02,2.7455148550e+02,8.1409736008e-01
3.0029999996e+02,2.7463289111e+02,8.1401497118e-01
3.0039999996e+02,2.7471428849e+02,8.1393255706e-01
3.0049999996e+02,2.7479567763e+02,8.1385011768e-01
3.0059999996e+02,2.7487705851e+02,8.1376765302e-01
3.0069999996e+02,2.7495843116e+02,8.1368516306e-01
3.0079999996e+02,2.7503979555e+02,8.1360264777e-01
3.0089999996e+02,2.7512115168e+02,8.1352010712e-01
3.0099999996e+02,2.7520249957e+02,8.1343754110e-01
3.0109999996e+02,2.7528383919e+02,8.1335494967e-01
3.0119999996e+02,2.7536517056e+02,8.1327233282e-01
3.0129999996e+02,2.7544649366e+02,8.1318969051e-01
3.0139999996e+02,2.7552780849e+02,8.1310702271e-01
3.0149999996e+02,2.7560911506e+02,8.1302432942e-01
3.0159999995e+02,2.7569041336e+02,8.1294161059e-01
3.0169999995e+02,2.7577170338e+02,8.1285886621e-01
3.0179999995e+02,2.7585298513e+02,8.1277609625e-01
3.0189999995e+02,2.7593425860e+02,8.1269330068e-01
3.0199999995e+02,2.7601552379e+02,8.1261047948e-01
3.0209999995e+02,2.7609678070e+02,8.1252763261e-01
3.0219999995e+02,2.7617802932e+02,8.1244476007e-01
3.0229999995e+02,2.7625926965e+02,8.1236186182e-01
3.0239999995e+02,2.7634050169e+02,8.1227893783e-01
3.0249999995e+02,2.7642172543e+02,8.1219598808e-01
3.0259999995e+02,2.7650294088e+02,8.1211301255e-01
3.0269999995e+02,2.7658414803e+02,8.1203001120e-01
3.0279999995e+02,2.7666534688e+02,8.1194698401e-01
3.0289999995e+02,2.7674653743e+02,8.1186393097e-01
3.0299999995e+02,2.7682771967e+02,8.1178085203e-01
3.0309999995e+02,2.7690889360e+02,8.1169774717e-01
3.0319999995e+02,2.7699005922e+02,8.1161461637e-01
3.0329999995e+02,2.7707121652e+02,8.1153145961e-01
3.0339999995e+02,2.7715236551e+02,8.1144827685e-01
3.0349999995e+02,2.7723350618e+02,8.1136506807e-01
3.0359999995e+02,2.7731463852e+02,8.1128183324e-01
3.0369999995e+02,2.7739576254e+02,8.1119857234e-01
3.0379999995e+02,2.7747687824e+02,8.1111528534e-01
3.0389999995e+02,2.7755798560e+02,8.1103197221e-01
3.0399999995e+02,2.7763908463e+02,8.1094863294e-01
3.0409999995e+02,2.7772017532e+02,8.1086526748e-01
3.0419999995e+02,2.7780125768e+02,8.1078187582e-01
3.0429999995e+02,2.7788233170e+02,8.1069845793e-01
3.0439999995e+02,2.7796339737e+02,8.1061501378e-01
3.0449999995e+02,2.7804445470e+02,8.1053154334e-01
3.0459999995e+02,2.7812550368e+02,8.1044804659e-01
3.0469999995e+02,2.7820654431e+02,8.1036452351e-01
3.0479999995e+02,2.7828757658e+02,8.1028097406e-01
3.0489999995e+02,2.7836860050e+02,8.1019739822e-01
3.0499999995e+02,2.7844961606e+02,8.1011379595e-01
3.0509999995e+02,2.7853062326e+02,8.1003016725e-01
3.0519999995e+02,2.7861162210e+02,8.0994651207e-01
3.0529999995e+02,2.7869261256e+02,8.0986283039e-01
3.0539999995e+02,2.7877359466e+02,8.0977912219e-01
3.0549999995e+02,2.7885456839e+02,8.0969538743e-01
3.0559999994e+02,2.7893553374e+02,8.0961162609e-01
3.0569999994e+02,2.7901649071e+02,8.0952783814e-01
3.0579999994e+02,2.7909743930e+02,8.0944402356e-01
3.0589999994e+02,2.7917837952e+02,8.0936018231e-01
3.0599999994e+02,2.7925931134e+02,8.0927631438e-01
3.0609999994e+02,2.7934023478e+02,8.0919241972e-01
3.0619999994e+02,2.7942114982e+02,8.0910849833e-01
3.0629999994e+02,2.7950205648e+02,8.0902455016e-01
3.0639999994e+02,2.7958295473e+02,8.0894057519e-01
3.0649999994e+02,2.7966384459e+02,8.0885657339e-01
3.0659999994e+02,2.7974472605e+02,8.0877254474e-01
3.0669999994e+02,2.7982559910e+02,8.0868848921e-01
3.0679999994e+02,2.7990646374e+02,8.0860440677e-01
3.0689999994e+02,2.7998731998e+02,8.0852029738e-01
3.0699999994e+02,2.8006816780e+02,8.0843616104e-01
3.0709999994e+02,2.8014900721e+02,8.0835199770e-01
3.0719999994e+02,2.8022983820e+02,8.0826780733e-01
3.0729999994e+02,2.8031066077e+02,8.0818358992e-01
3.0739999994e+02,2.8039147492e+02,8.0809934543e-01
3.0749999994e+02,2.8047228064e+02,8.0801507384e-01
3.0759999994e+02,2.8055307793e+02,8.0793077511e-01
3.0769999994e+02,2.8063386679e+02,8.0784644922e-01
3.0779999994e+02,2.8071464722e+02,8.0776209614e-01
3.0789999994e+02,2.8079541921e+02,8.0767771585e-01
3.0799999994e+02,2.8087618276e+02,8.0759330830e-01
3.0809999994e+02,2.8095693787e+02,8.0750887348e-01
3.0819999994e+02,2.8103768454e+02,8.0742441136e-01
3.0829999994e+02,2.8111842275e+02,8.0733992191e-01
3.0839999994e+02,2.8119915252e+02,8.0725540509e-01
3.0849999994e+02,2.8127987383e+02,8.0717086089e-01
3.0859999994e+02,2.8136058669e+02,8.0708628927e-01
3.0869999994e+02,2.8144129109e+02,8.0700169021e-01
3.0879999994e+02,2.8152198703e+02,8.0691706367e-01
3.0889999994e+02,2.8160267450e+02,8.0683240963e-01
3.0899999994e+02,2.8168335351e+02,8.0674772805e-01
3.0909999994e+02,2.8176402405e+02,8.0666301892e-01
3.0919999994e+02,2.8184468611e+02,8.0657828219e-01
3.0929999994e+02,2.8192533970e+02,8.0649351785e-01
3.0939999994e+02,2.8200598481e+02,8.0640872585e-01
3.0949999993e+02,2.8208662145e+02,8.0632390618e-01
3.0959999993e+02,2.8216724959e+02,8.0623905881e-01
3.0969999993e+02,2.8224786926e+02,8.0615418370e-01
3.0979999993e+02,2.8232848043e+02,8.0606928083e-01
3.0989999993e+02,2.8240908311e+02,8.0598435016e-01
3.0999999993e+02,2.8248967730e+02,8.0589939167e-01
3.1009999993e+02,2.8257026299e+02,8.0581440533e-01
3.1019999993e+02,2.8265084018e+02,8.0572939110e-01
3.1029999993e+02,2.8273140887e+02,8.0564434897e-01
3.1039999993e+02,2.8281196905e+02,8.0555927889e-01
3.1049999993e+02,2.8289252072e+02,8.0547418085e-01
3.1059999993e+02,2.8297306388e+02,8.0538905480e-01
3.1069999993e+02,2.8305359853e+02,8.0530390073e-01
3.1079999993e+02,2.8313412466e+02,8.0521871860e-01
3.1089999993e+02,2.8321464227e+02,8.0513350838e-01
3.1099999993e+02,2.8329515136e+02,8.0504827003e-01
3.1109999993e+02,2.8337565193e+02,8.0496300355e-01
3.1119999993e+02,2.8345614396e+02,8.0487770888e-01
3.1129999993e+02,2.8353662747e+02,8.0479238600e-01
3.1139999993e+02,2.8361710244e+02,8.0470703489e-01
3.1149999993e+02,2.8369756887e+02,8.0462165550e-01
3.1159999993e+02,2.8377802677e+02,8.0453624782e-01
3.1169999993e+02,2.8385847612e+02,8.0445081181e-01
3.1179999993e+02,2.8393891693e+02,8.0436534744e-01
3.1189999993e+02,2.8401934919e+02,8.0427985468e-01
3.1199999993e+02,2.8409977290e+02,8.0419433350e-01
3.1209999993e+02,2.8418018806e+02,8.0410878387e-01
3.1219999993e+02,2.8426059466e+02,8.0402320576e-01
3.1229999993e+02,2.8434099270e+02,8.0393759914e-01
3.1239999993e+02,2.8442138218e+02,8.0385196398e-01
3.1249999993e+02,2.8450176309e+02,8.0376630024e-01
3.1259999993e+02,2.8458213544e+02,8.0368060790e-01
3.1269999993e+02,2.8466249921e+02,8.0359488693e-01
3.1279999993e+02,2.8474285441e+02,8.0350913729e-01
3.1289999993e+02,2.8482320104e+02,8.0342335896e-01
3.1299999993e+02,2.8490353908e+02,8.0333755190e-01
3.1309999993e+02,2.8498386855e+02,8.0325171608e-01
3.1319999993e+02,2.8506418942e+02,8.0316585148e-01
3.1329999993e+02,2.8514450172e+02,8.0307995805e-01
3.1339999993e+02,2.8522480542e+02,8.0299403577e-01
3.1349999992e+02,2.8530510052e+02,8.0290808462e-01
3.1359999992e+02,2.8538538703e+02,8.0282210454e-01
3.1369999992e+02,2.8546566494e+02,8.0273609553e-01
3.1379999992e+02,2.8554593425e+02,8.0265005754e-01
3.1389999992e+02,2.8562619495e+02,8.0256399054e-01
3.1399999992e+02,2.8570644705e+02,8.0247789450e-01
3.1409999992e+02,2.8578669053e+02,8.0239176939e-01
3.1419999992e+02,2.8586692540e+02,8.0230561518e-01
3.1429999992e+02,2.8594715165e+02,8.0221943183e-01
3.1439999992e+02,2.8602736929e+02,8.0213321933e-01
3.1449999992e+02,2.8610757830e+02,8.0204697762e-01
3.1459999992e+02,2.8618777868e+02,8.0196070668e-01
3.1469999992e+02,2.8626797044e+02,8.0187440649e-01
3.1479999992e+02,2.8634815356e+02,8.0178807700e-01
3.1489999992e+02,2.8642832805e+02,8.0170171818e-01
3.1499999992e+02,2.8650849390e+02,8.0161533001e-01
3.1509999992e+02,2.8658865111e+02,8.0152891245e-01
3.1519999992e+02,2.8666879968e+02,8.0144246547e-01
3.1529999992e+02,2.8674893961e+02,8.0135598904e-01
3.1539999992e+02,2.8682907088e+02,8.0126948312e-01
3.1549999992e+02,2.8690919350e+02,8.0118294768e-01
3.1559999992e+02,2.8698930747e+02,8.0109638269e-01
3.1569999992e+02,2.8706941278e+02,8.0100978812e-01
3.1579999992e+02,2.8714950943e+02,8.0092316394e-01
3.1589999992e+02,2.8722959741e+02,8.0083651010e-01
3.1599999992e+02,2.8730967673e+02,8.0074982659e-01
3.1609999992e+02,2.8738974737e+02,8.0066311336e-01
3.1619999992e+02,2.8746980935e+02,8.0057637038e-01
3.1629999992e+02,2.8754986265e+02,8.0048959763e-01
3.1639999992e+02,2.8762990727e+02,8.0040279506e-01
3.1649999992e+02,2.8770994321e+02,8.0031596265e-01
3.1659999992e+02,2.8778997046e+02,8.0022910036e-01
3.1669999992e+02,2.8786998902e+02,8.0014220816e-01
3.1679999992e+02,2.8794999890e+02,8.0005528602e-01
3.1689999992e+02,2.8803000008e+02,7.9996833390e-01
3.1699999992e+02,2.8810999257e+02,7.9988135176e-01
3.1709999992e+02,2.8818997635e+02,7.9979433959e-01
3.1719999992e+02,2.8826995143e+02,7.9970729733e-01
3.1729999992e+02,2.8834991781e+02,7.9962022497e-01
3.1739999992e+02,2.8842987548e+02,7.9953312246e-01
3.1749999991e+02,2.8850982443e+02,7.9944598977e-01
3.1759999991e+02,2.8858976467e+02,7.9935882687e-01
3.1769999991e+02,2.8866969620e+02,7.9927163373e-01
3.1779999991e+02,2.8874961900e+02,7.9918441031e-01
3.1789999991e+02,2.8882953308e+02,7.9909715657e-01
3.1799999991e+02,2.8890943843e+02,7.9900987249e-01
3.1809999991e+02,2.8898933505e+02,7.9892255802e-01
3.1819999991e+02,2.8906922294e+02,7.9883521314e-01
3.1829999991e+02,2.8914910209e+02,7.9874783782e-01
3.1839999991e+02,2.8922897251e+02,7.9866043201e-01
3.1849999991e+02,2.8930883418e+02,7.9857299568e-01
3.1859999991e+02,2.8938868710e+02,7.9848552880e-01
3.1869999991e+02,2.8946853128e+02,7.9839803133e-01
3.1879999991e+02,2.8954836671e+02,7.9831050325e-01
3.1889999991e+02,2.8962819338e+02,7.9822294451e-01
3.1899999991e+02,2.8970801130e+02,7.9813535508e-01
3.1909999991e+02,2.8978782045e+02,7.9804773492e-01
3.1919999991e+02,2.8986762084e+02,7.9796008401e-01
3.1929999991e+02,2.8994741247e+02,7.9787240231e-01
3.1939999991e+02,2.9002719532e+02,7.9778468977e-01
3.1949999991e+02,2.9010696941e+02,7.9769694637e-01
3.1959999991e+02,2.9018673471e+02,7.9760917208e-01
3.1969999991e+02,2.9026649124e+02,7.9752136685e-01
3.1979999991e+02,2.9034623898e+02,7.9743353065e-01
3.1989999991e+02,2.9042597794e+02,7.9734566346e-01
3.1999999991e+02,2.9050570812e+02,7.9725776522e-01
3.2009999991e+02,2.9058542950e+02,7.9716983591e-01
3.2019999991e+02,2.9066514208e+02,7.9708187548e-01
3.2029999991e+02,2.9074484587e+02,7.9699388392e-01
3.2039999991e+02,2.9082454086e+02,7.9690586117e-01
3.2049999991e+02,2.9090422704e+02,7.9681780721e-01
3.2059999991e+02,2.9098390442e+02,7.9672972200e-01
3.2069999991e+02,2.9106357298e+02,7.9664160550e-01
3.2079999991e+02,2.9114323274e+02,7.9655345768e-01
3.2089999991e+02,2.9122288367e+02,7.9646527850e-01
3.2099999991e+02,2.9130252579e+02,7.9637706793e-01
3.2109999991e+02,2.9138215909e+02,7.9628882593e-01
3.2119999991e+02,2.9146178356e+02,7.9620055246e-01
3.2129999991e+02,2.9154139920e+02,7.9611224748e-01
3.2139999990e+02,2.9162100600e+02,7.9602391097e-01
3.2149999990e+02,2.9170060398e+02,7.9593554289e-01
3.2159999990e+02,2.9178019311e+02,7.9584714319e-01
3.2169999990e+02,2.9185977341e+02,7.9575871185e-01
3.2179999990e+02,2.9193934485e+02,7.9567024882e-01
3.2189999990e+02,2.9201890745e+02,7.9558175407e-01
3.2199999990e+02,2.9209846120e+02,7.9549322757e-01
3.2209999990e+02,2.9217800610e+02,7.9540466927e-01
3.2219999990e+02,2.9225754214e+02,7.9531607914e-01
3.2229999990e+02,2.9233706931e+02,7.9522745715e-01
3.2239999990e+02,2.9241658763e+02,7.9513880325e-01
3.2249999990e+02,2.9249609707e+02,7.9505011741e-01
3.2259999990e+02,2.9257559765e+02,7.9496139959e-01
3.2269999990e+02,2.9265508935e+02,7.9487264975e-01
3.2279999990e+02,2.9273457218e+02,7.9478386787e-01
3.2289999990e+02,2.9281404612e+02,7.9469505389e-01
3.2299999990e+02,2.9289351119e+02,7.9460620779e-01
3.2309999990e+02,2.9297296736e+02,7.9451732953e-01
3.2319999990e+02,2.9305241465e+02,7.9442841906e-01
3.2329999990e+02,2.9313185305e+02,7.9433947635e-01
3.2339999990e+02,2.9321128255e+02,7.9425050137e-01
3.2349999990e+02,2.9329070315e+02,7.9416149407e-01
3.2359999990e+02,2.9337011484e+02,7.9407245443e-01
3.2369999990e+02,2.9344951764e+02,7.9398338239e-01
3.2379999990e+02,2.9352891152e+02,7.9389427792e-01
3.2389999990e+02,2.9360829649e+02,7.9380514099e-01
3.2399999990e+02,2.9368767255e+02,7.9371597155e-01
3.2409999990e+02,2.9376703968e+02,7.9362676957e-01
3.2419999990e+02,2.9384639790e+02,7.9353753502e-01
3.2429999990e+02,2.9392574719e+02,7.9344826784e-01
3.2439999990e+02,2.9400508755e+02,7.9335896801e-01
3.2449999990e+02,2.9408441898e+02,7.9326963548e-01
3.2459999990e+02,2.9416374148e+02,7.9318027022e-01
3.2469999990e+02,2.9424305504e+02,7.9309087218e-01
3.2479999990e+02,2.9432235965e+02,7.9300144134e-01
3.2489999990e+02,2.9440165532e+02,7.9291197765e-01
3.2499999990e+02,2.9448094205e+02,7.9282248106e-01
3.2509999990e+02,2.9456021982e+02,7.9273295156e-01
3.2519999990e+02,2.9463948864e+02,7.9264338908e-01
3.2529999990e+02,2.9471874849e+02,7.9255379360e-01
3.2539999989e+02,2.9479799939e+02,7.9246416508e-01
3.2549999989e+02,2.9487724133e+02,7.9237450347e-01
3.2559999989e+02,2.9495647429e+02,7.9228480874e-01
3.2569999989e+02,2.9503569829e+02,7.9219508084e-01
3.2579999989e+02,2.9511491331e+02,7.9210531975e-01
3.2589999989e+02,2.9519411935e+02,7.9201552542e-01
3.2599999989e+02,2.9527331641e+02,7.9192569780e-01
3.2609999989e+02,2.9535250449e+02,7.9183583686e-01
3.2619999989e+02,2.9543168358e+02,7.9174594257e-01
3.2629999989e+02,2.9551085368e+02,7.9165601487e-01
3.2639999989e+02,2.9559001478e+02,7.9156605374e-01
3.2649999989e+02,2.9566916689e+02,7.9147605912e-01
3.2659999989e+02,2.9574830999e+02,7.9138603099e-01
3.2669999989e+02,2.9582744409e+02,7.9129596930e-01
3.2679999989e+02,2.9590656918e+02,7.9120587400e-01
3.2689999989e+02,2.9598568526e+02,7.9111574507e-01
3.2699999989e+02,2.9606479233e+02,7.9102558245e-01
3.2709999989e+02,2.9614389038e+02,7.9093538612e-01
3.2719999989e+02,2.9622297941e+02,7.9084515602e-01
3.2729999989e+02,2.9630205941e+02,7.9075489212e-01
3.2739999989e+02,2.9638113038e+02,7.9066459438e-01
3.2749999989e+02,2.9646019233e+02,7.9057426275e-01
3.2759999989e+02,2.9653924524e+02,7.9048389720e-01
3.2769999989e+02,2.9661828911e+02,7.9039349768e-01
3.2779999989e+02,2.9669732393e+02,7.9030306416e-01
3.2789999989e+02,2.9677634972e+02,7.9021259659e-01
3.2799999989e+02,2.9685536645e+02,7.9012209493e-01
3.2809999989e+02,2.9693437414e+02,7.9003155913e-01
3.2819999989e+02,2.9701337276e+02,7.8994098917e-01
3.2829999989e+02,2.9709236233e+02,7.8985038500e-01
3.2839999989e+02,2.9717134284e+02,7.8975974657e-01
3.2849999989e+02,2.9725031428e+02,7.8966907384e-01
3.2859999989e+02,2.9732927665e+02,7.8957836678e-01
3.2869999989e+02,2.9740822995e+02,7.8948762533e-01
3.2879999989e+02,2.9748717418e+02,7.8939684947e-01
3.2889999989e+02,2.9756610932e+02,7.8930603914e-01
3.2899999989e+02,2.9764503538e+02,7.8921519430e-01
3.2909999989e+02,2.9772395236e+02,7.8912431492e-01
3.2919999989e+02,2.9780286024e+02,7.8903340095e-01
3.2929999988e+02,2.9788175904e+02,7.8894245234e-01
3.2939999988e+02,2.9796064873e+02,7.8885146906e-01
3.2949999988e+02,2.9803952933e+02,7.8876045107e-01
3.2959999988e+02,2.9811840082e+02,7.8866939831e-01
3.2969999988e+02,2.9819726321e+02,7.8857831075e-01
3.2979999988e+02,2.9827611648e+02,7.8848718835e-01
3.2989999988e+02,2.9835496065e+02,7.8839603106e-01
3.2999999988e+02,2.9843379569e+02,7.8830483883e-01
3.3009999988e+02,2.9851262161e+02,7.8821361164e-01
3.3019999988e+02,2.9859143841e+02,7.8812234942e-01
3.3029999988e+02,2.9867024608e+02,7.8803105215e-01
3.3039999988e+02,2.9874904462e+02,7.8793971977e-01
3.3049999988e+02,2.9882783402e+02,7.8784835225e-01
3.3059999988e+02,2.9890661429e+02,7.8775694953e-01
3.3069999988e+02,2.9898538541e+02,7.8766551158e-01
3.3079999988e+02,2.9906414739e+02,7.8757403836e-01
3.3089999988e+02,2.9914290022e+02,7.8748252981e-01
3.3099999988e+02,2.9922164389e+02,7.8739098590e-01
3.3109999988e+02,2.9930037841e+02,7.8729940658e-01
3.3119999988e+02,2.9937910377e+02,7.8720779180e-01
3.3129999988e+02,2.9945781997e+02,7.8711614153e-01
3.3139999988e+02,2.9953652700e+02,7.8702445572e-01
3.3149999988e+02,2.9961522486e+02,7.8693273432e-01
3.3159999988e+02,2.9969391355e+02,7.8684097729e-01
3.3169999988e+02,2.9977259306e+02,7.8674918459e-01
3.3179999988e+02,2.9985126338e+02,7.8665735617e-01
3.3189999988e+02,2.9992992453e+02,7.8656549198e-01
3.3199999988e+02,3.0000857648e+02,7.8647359199e-01
3.3209999988e+02,3.0008721924e+02,7.8638165614e-01
3.3219999988e+02,3.0016585281e+02,7.8628968439e-01
3.3229999988e+02,3.0024447718e+02,7.8619767671e-01
3.3239999988e+02,3.0032309234e+02,7.8610563303e-01
3.3249999988e+02,3.0040169830e+02,7.8601355332e-01
3.3259999988e+02,3.0048029505e+02,7.8592143753e-01
3.3269999988e+02,3.0055888259e+02,7.8582928562e-01
3.3279999988e+02,3.0063746091e+02,7.8573709753e-01
3.3289999988e+02,3.0071603001e+02,7.8564487324e-01
3.3299999988e+02,3.0079458988e+02,7.8555261268e-01
3.3309999988e+02,3.0087314053e+02,7.8546031581e-01
3.3319999988e+02,3.0095168195e+02,7.8536798259e-01
3.3329999987e+02,3.0103021413e+02,7.8527561297e-01
3.3339999987e+02,3.0110873707e+02,7.8518320691e-01
3.3349999987e+02,3.0118725077e+02,7.8509076436e-01
3.3359999987e+02,3.0126575522e+02,7.8499828527e-01
3.3369999987e+02,3.0134425042e+02,7.8490576959e-01
3.3379999987e+02,3.0142273637e+02,7.8481321729e-01
3.3389999987e+02,3.0150121306e+02,7.8472062831e-01
3.3399999987e+02,3.0157968050e+02,7.8462800260e-01
3.3409999987e+02,3.0165813866e+02,7.8453534013e-01
3.3419999987e+02,3.0173658756e+02,7.8444264083e-01
3.3429999987e+02,3.0181502719e+02,7.8434990468e-01
3.3439999987e+02,3.0189345754e+02,7.8425713161e-01
3.3449999987e+02,3.0197187862e+02,7.8416432158e-01
3.3459999987e+02,3.0205029041e+02,7.8407147455e-01
3.3469999987e+02,3.0212869291e+02,7.8397859047e-01
3.3479999987e+02,3.0220708612e+02,7.8388566928e-01
3.3489999987e+02,3.0228547004e+02,7.8379271095e-01
3.3499999987e+02,3.0236384466e+02,7.8369971542e-01
3.3509999987e+02,3.0244220998e+02,7.8360668265e-01
3.3519999987e+02,3.0252056600e+02,7.8351361258e-01
3.3529999987e+02,3.0259891270e+02,7.8342050518e-01
3.3539999987e+02,3.0267725010e+02,7.8332736039e-01
3.3549999987e+02,3.0275557818e+02,7.8323417816e-01
3.3559999987e+02,3.0283389693e+02,7.8314095845e-01
3.3569999987e+02,3.0291220637e+02,7.8304770121e-01
3.3579999987e+02,3.0299050647e+02,7.8295440638e-01
3.3589999987e+02,3.0306879725e+02,7.8286107393e-01
3.3599999987e+02,3.0314707869e+02,7.8276770380e-01
3.3609999987e+02,3.0322535079e+02,7.8267429594e-01
3.3619999987e+02,3.0330361354e+02,7.8258085030e-01
3.3629999987e+02,3.0338186695e+02,7.8248736684e-01
3.3639999987e+02,3.0346011102e+02,7.8239384550e-01
3.3649999987e+02,3.0353834572e+02,7.8230028624e-01
3.3659999987e+02,3.0361657107e+02,7.8220668901e-01
3.3669999987e+02,3.0369478706e+02,7.8211305375e-01
3.3679999987e+02,3.0377299368e+02,7.8201938043e-01
3.3689999987e+02,3.0385119093e+02,7.8192566898e-01
3.3699999987e+02,3.0392937881e+02,7.8183191936e-01
3.3709999987e+02,3.0400755732e+02,7.8173813151e-01
3.3719999987e+02,3.0408572644e+02,7.8164430540e-01
3.3729999986e+02,3.0416388618e+02,7.8155044096e-01
3.3739999986e+02,3.0424203653e+02,7.8145653816e-01
3.3749999986e+02,3.0432017748e+02,7.8136259693e-01
3.3759999986e+02,3.0439830904e+02,7.8126861722e-01
3.3769999986e+02,3.0447643120e+02,7.8117459900e-01
3.3779999986e+02,3.0455454396e+02,7.8108054220e-01
3.3789999986e+02,3.0463264731e+02,7.8098644677e-01
3.3799999986e+02,3.0471074125e+02,7.8089231267e-01
3.3809999986e+02,3.0478882577e+02,7.8079813984e-01
3.3819999986e+02,3.0486690088e+02,7.8070392824e-01
3.3829999986e+02,3.0494496656e+02,7.8060967780e-01
3.3839999986e+02,3.0502302281e+02,7.8051538848e-01
3.3849999986e+02,3.0510106963e+02,7.8042106024e-01
3.3859999986e+02,3.0517910702e+02,7.8032669300e-01
3.3869999986e+02,3.0525713497e+02,7.8023228674e-01
3.3879999986e+02,3.0533515348e+02,7.8013784138e-01
3.3889999986e+02,3.0541316254e+02,7.8004335689e-01
3.3899999986e+02,3.0549116215e+02,7.7994883320e-01
3.3909999986e+02,3.0556915230e+02,7.7985427027e-01
3.3919999986e+02,3.0564713300e+02,7.7975966805e-01
3.3929999986e+02,3.0572510424e+02,7.7966502648e-01
3.3939999986e+02,3.0580306600e+02,7.7957034551e-01
3.3949999986e+02,3.0588101830e+02,7.7947562508e-01
3.3959999986e+02,3.0595896113e+02,7.7938086515e-01
3.3969999986e+02,3.0603689447e+02,7.7928606566e-01
3.3979999986e+02,3.0611481834e+02,7.7919122655e-01
3.3989999986e+02,3.0619273272e+02,7.7909634778e-01
3.3999999986e+02,3.0627063761e+02,7.7900142930e-01
3.4009999986e+02,3.0634853300e+02,7.7890647104e-01
3.4019999986e+02,3.0642641890e+02,7.7881147295e-01
3.4029999986e+02,3.0650429530e+02,7.7871643499e-01
3.4039999986e+02,3.0658216219e+02,7.7862135710e-01
3.4049999986e+02,3.0666001957e+02,7.7852623922e-01
3.4059999986e+02,3.0673786743e+02,7.7843108129e-01
3.4069999986e+02,3.0681570578e+02,7.7833588328e-01
3.4079999986e+02,3.0689353461e+02,7.7824064511e-01
3.4089999986e+02,3.0697135391e+02,7.7814536675e-01
3.4099999986e+02,3.0704916368e+02,7.7805004812e-01
3.4109999986e+02,3.0712696392e+02,7.7795468919e-01
3.4119999985e+02,3.0720475462e+02,7.7785928988e-01
3.4129999985e+02,3.0728253577e+02,7.7776385016e-01
3.4139999985e+02,3.0736030739e+02,7.7766836996e-01
3.4149999985e+02,3.0743806945e+02,7.7757284922e-01
3.4159999985e+02,3.0751582195e+02,7.7747728790e-01
3.4169999985e+02,3.0759356490e+02,7.7738168594e-01
3.4179999985e+02,3.0767129829e+02,7.7728604328e-01
3.4189999985e+02,3.0774902211e+02,7.7719035987e-01
3.4199999985e+02,3.0782673636e+02,7.7709463565e-01
3.4209999985e+02,3.0790444104e+02,7.7699887056e-01
3.4219999985e+02,3.0798213613e+02,7.7690306456e-01
3.4229999985e+02,3.0805982165e+02,7.7680721757e-01
3.4239999985e+02,3.0813749758e+02,7.7671132956e-01
3.4249999985e+02,3.0821516391e+02,7.7661540045e-01
3.4259999985e+02,3.0829282065e+02,7.7651943020e-01
3.4269999985e+02,3.0837046780e+02,7.7642341875e-01
3.4279999985e+02,3.0844810534e+02,7.7632736604e-01
3.4289999985e+02,3.0852573327e+02,7.7623127201e-01
3.4299999985e+02,3.0860335159e+02,7.7613513660e-01
3.4309999985e+02,3.0868096029e+02,7.7603895977e-01
3.4319999985e+02,3.0875855938e+02,7.7594274145e-01
3.4329999985e+02,3.0883614884e+02,7.7584648159e-01
3.4339999985e+02,3.0891372868e+02,7.7575018012e-01
3.4349999985e+02,3.0899129888e+02,7.7565383699e-01
3.4359999985e+02,3.0906885944e+02,7.7555745215e-01
3.4369999985e+02,3.0914641037e+02,7.7546102553e-01
3.4379999985e+02,3.0922395164e+02,7.7536455707e-01
3.4389999985e+02,3.0930148328e+02,7.7526804673e-01
3.4399999985e+02,3.0937900525e+02,7.7517149443e-01
3.4409999985e+02,3.0945651757e+02,7.7507490012e-01
3.4419999985e+02,3.0953402023e+02,7.7497826375e-01
3.4429999985e+02,3.0961151322e+02,7.7488158525e-01
3.4439999985e+02,3.0968899655e+02,7.7478486456e-01
3.4449999985e+02,3.0976647020e+02,7.7468810163e-01
3.4459999985e+02,3.0984393417e+02,7.7459129640e-01
3.4469999985e+02,3.0992138845e+02,7.7449444880e-01
3.4479999985e+02,3.0999883305e+02,7.7439755879e-01
3.4489999985e+02,3.1007626796e+02,7.7430062629e-01
3.4499999985e+02,3.1015369318e+02,7.7420365124e-01
3.4509999985e+02,3.1023110869e+02,7.7410663360e-01
3.4519999984e+02,3.1030851450e+02,7.7400957330e-01
3.4529999984e+02,3.1038591061e+02,7.7391247027e-01
3.4539999984e+02,3.1046329700e+02,7.7381532446e-01
3.4549999984e+02,3.1054067367e+02,7.7371813581e-01
3.4559999984e+02,3.1061804062e+02,7.7362090426e-01
3.4569999984e+02,3.1069539785e+02,7.7352362974e-01
3.4579999984e+02,3.1077274535e+02,7.7342631220e-01
3.4589999984e+02,3.1085008311e+02,7.7332895157e-01
3.4599999984e+02,3.1092741114e+02,7.7323154780e-01
3.4609999984e+02,3.1100472942e+02,7.7313410082e-01
3.4619999984e+02,3.1108203795e+02,7.7303661056e-01
3.4629999984e+02,3.1115933674e+02,7.7293907698e-01
3.4639999984e+02,3.1123662577e+02,7.7284150001e-01
3.4649999984e+02,3.1131390504e+02,7.7274387957e-01
3.4659999984e+02,3.1139117454e+02,7.7264621563e-01
3.4669999984e+02,3.1146843428e+02,7.7254850810e-01
3.4679999984e+02,3.1154568424e+02,7.7245075693e-01
3.4689999984e+02,3.1162292443e+02,7.7235296206e-01
3.4699999984e+02,3.1170015483e+02,7.7225512342e-01
3.4709999984e+02,3.1177737545e+02,7.7215724096e-01
3.4719999984e+02,3.1185458628e+02,7.7205931460e-01
3.4729999984e+02,3.1193178731e+02,7.7196134428e-01
3.4739999984e+02,3.1200897855e+02,7.7186332995e-01
3.4749999984e+02,3.1208615998e+02,7.7176527153e-01
3.4759999984e+02,3.1216333160e+02,7.7166716897e-01
3.4769999984e+02,3.1224049341e+02,7.7156902220e-01
3.4779999984e+02,3.1231764540e+02,7.7147083116e-01
3.4789999984e+02,3.1239478758e+02,7.7137259578e-01
3.4799999984e+02,3.1247191992e+02,7.7127431599e-01
3.4809999984e+02,3.1254904244e+02,7.7117599175e-01
3.4819999984e+02,3.1262615512e+02,7.7107762297e-01
3.4829999984e+02,3.1270325796e+02,7.7097920959e-01
3.4839999984e+02,3.1278035096e+02,7.7088075156e-01
3.4849999984e+02,3.1285743411e+02,7.7078224881e-01
3.4859999984e+02,3.1293450741e+02,7.7068370126e-01
3.4869999984e+02,3.1301157085e+02,7.7058510886e-01
3.4879999984e+02,3.1308862443e+02,7.7048647153e-01
3.4889999984e+02,3.1316566814e+02,7.7038778923e-01
3.4899999984e+02,3.1324270198e+02,7.7028906187e-01
3.4909999984e+02,3.1331972595e+02,7.7019028939e-01
3.4919999983e+02,3.1339674004e+02,7.7009147173e-01
3.4929999983e+02,3.1347374424e+02,7.6999260882e-01
3.4939999983e+02,3.1355073856e+02,7.6989370059e-01
3.4949999983e+02,3.1362772298e+02,7.6979474698e-01
3.4959999983e+02,3.1370469751e+02,7.6969574792e-01
3.4969999983e+02,3.1378166213e+02,7.6959670334e-01
3.4979999983e+02,3.1385861685e+02,7.6949761318e-01
3.4989999983e+02,3.1393556165e+02,7.6939847737e-01
3.4999999983e+02,3.1401249654e+02,7.6929929584e-01
3.5009999983e+02,3.1408942151e+02,7.6920006852e-01
3.5019999983e+02,3.1416633655e+02,7.6910079535e-01
3.5029999983e+02,3.1424324167e+02,7.6900147626e-01
3.5039999983e+02,3.1432013685e+02,7.6890211118e-01
3.5049999983e+02,3.1439702209e+02,7.6880270004e-01
3.5059999983e+02,3.1447389739e+02,7.6870324278e-01
3.5069999983e+02,3.1455076273e+02,7.6860373932e-01
3.5079999983e+02,3.1462761813e+02,7.6850418959e-01
3.5089999983e+02,3.1470446357e+02,7.6840459354e-01
3.5099999983e+02,3.1478129905e+02,7.6830495108e-01
3.5109999983e+02,3.1485812456e+02,7.6820526215e-01
3.5119999983e+02,3.1493494010e+02,7.6810552669e-01
3.5129999983e+02,3.1501174566e+02,7.6800574461e-01
3.5139999983e+02,3.1508854125e+02,7.6790591585e-01
3.5149999983e+02,3.1516532685e+02,7.6780604034e-01
3.5159999983e+02,3.1524210245e+02,7.6770611801e-01
3.5169999983e+02,3.1531886807e+02,7.6760614880e-01
3.5179999983e+02,3.1539562368e+02,7.6750613262e-01
3.5189999983e+02,3.1547236929e+02,7.6740606941e-01
3.5199999983e+02,3.1554910489e+02,7.6730595910e-01
3.5209999983e+02,3.1562583048e+02,7.6720580161e-01
3.5219999983e+02,3.1570254605e+02,7.6710559688e-01
3.5229999983e+02,3.1577925160e+02,7.6700534484e-01
3.5239999983e+02,3.1585594712e+02,7.6690504541e-01
3.5249999983e+02,3.1593263261e+02,7.6680469852e-01
3.5259999983e+02,3.1600930806e+02,7.6670430409e-01
3.5269999983e+02,3.1608597347e+02,7.6660386207e-01
3.5279999983e+02,3.1616262883e+02,7.6650337237e-01
3.5289999983e+02,3.1623927414e+02,7.6640283492e-01
3.5299999983e+02,3.1631590939e+02,7.6630224965e-01
3.5309999982e+02,3.1639253459e+02,7.6620161649e-01
3.5319999982e+02,3.1646914972e+02,7.6610093536e-01
3.5329999982e+02,3.1654575477e+02,7.6600020619e-01
3.5339999982e+02,3.1662234976e+02,7.6589942891e-01
3.5349999982e+02,3.1669893466e+02,7.6579860344e-01
3.5359999982e+02,3.1677550947e+02,7.6569772971e-01
3.5369999982e+02,3.1685207420e+02,7.6559680764e-01
3.5379999982e+02,3.1692862883e+02,7.6549583717e-01
3.5389999982e+02,3.1700517337e+02,7.6539481822e-01
3.5399999982e+02,3.1708170780e+02,7.6529375070e-01
3.5409999982e+02,3.1715823212e+02,7.6519263456e-01
3.5419999982e+02,3.1723474632e+02,7.6509146970e-01
3.5429999982e+02,3.1731125041e+02,7.6499025607e-01
3.5439999982e+02,3.1738774437e+02,7.6488899357e-01
3.5449999982e+02,3.1746422821e+02,7.6478768215e-01
3.5459999982e+02,3.1754070191e+02,7.6468632171e-01
3.5469999982e+02,3.1761716547e+02,7.6458491219e-01
3.5479999982e+02,3.1769361889e+02,7.6448345351e-01
3.5489999982e+02,3.1777006216e+02,7.6438194559e-01
3.5499999982e+02,3.1784649527e+02,7.6428038836e-01
3.5509999982e+02,3.1792291823e+02,7.6417878173e-01
3.5519999982e+02,3.1799933103e+02,7.6407712564e-01
3.5529999982e+02,3.1807573366e+02,7.6397542001e-01
3.5539999982e+02,3.1815212611e+02,7.6387366475e-01
3.5549999982e+02,3.1822850839e+02,7.6377185979e-01
3.5559999982e+02,3.1830488048e+02,7.6367000506e-01
3.5569999982e+02,3.1838124239e+02,7.6356810047e-01
3.5579999982e+02,3.1845759410e+02,7.6346614595e-01
3.5589999982e+02,3.1853393562e+02,7.6336414141e-01
3.5599999982e+02,3.1861026693e+02,7.6326208679e-01
3.5609999982e+02,3.1868658803e+02,7.6315998199e-01
3.5619999982e+02,3.1876289892e+02,7.6305782695e-01
3.5629999982e+02,3.1883919959e+02,7.6295562159e-01
3.5639999982e+02,3.1891549004e+02,7.6285336581e-01
3.5649999982e+02,3.1899177027e+02,7.6275105955e-01
3.5659999982e+02,3.1906804025e+02,7.6264870272e-01
3.5669999982e+02,3.1914430000e+02,7.6254629525e-01
3.5679999982e+02,3.1922054951e+02,7.6244383706e-01
3.5689999982e+02,3.1929678877e+02,7.6234132805e-01
3.5699999982e+02,3.1937301778e+02,7.6223876816e-01
3.5709999981e+02,3.1944923652e+02,7.6213615730e-01
3.5719999981e+02,3.1952544501e+02,7.6203349539e-01
3.5729999981e+02,3.1960164322e+02,7.6193078236e-01
3.5739999981e+02,3.1967783116e+02,7.6182801811e-01
3.5749999981e+02,3.1975400882e+02,7.6172520256e-01
3.5759999981e+02,3.1983017620e+02,7.6162233564e-01
3.5769999981e+02,3.1990633329e+02,7.6151941727e-01
3.5779999981e+02,3.1998248008e+02,7.6141644735e-01
3.5789999981e+02,3.2005861658e+02,7.6131342581e-01
3.5799999981e+02,3.2013474276e+02,7.6121035257e-01
3.5809999981e+02,3.2021085864e+02,7.6110722753e-01
3.5819999981e+02,3.2028696421e+02,7.6100405063e-01
3.5829999981e+02,3.2036305945e+02,7.6090082177e-01
3.5839999981e+02,3.2043914437e+02,7.6079754087e-01
3.5849999981e+02,3.2051521896e+02,7.6069420785e-01
3.5859999981e+02,3.2059128321e+02,7.6059082262e-01
3.5869999981e+02,3.2066733712e+02,7.6048738510e-01
3.5879999981e+02,3.2074338069e+02,7.6038389520e-01
3.5889999981e+02,3.2081941390e+02,7.6028035284e-01
3.5899999981e+02,3.2089543675e+02,7.6017675794e-01
3.5909999981e+02,3.2097144925e+02,7.6007311040e-01
3.5919999981e+02,3.2104745138e+02,7.5996941015e-01
3.5929999981e+02,3.2112344313e+02,7.5986565709e-01
3.5939999981e+02,3.2119942450e+02,7.5976185115e-01
3.5949999981e+02,3.2127539550e+02,7.5965799223e-01
3.5959999981e+02,3.2135135610e+02,7.5955408025e-01
3.5969999981e+02,3.2142730631e+02,7.5945011512e-01
3.5979999981e+02,3.2150324612e+02,7.5934609676e-01
3.5989999981e+02,3.2157917553e+02,7.5924202507e-01
3.5999999981e+02,3.2165509453e+02,7.5913789997e-01
3.6009999981e+02,3.2173100311e+02,7.5903372138e-01
3.6019999981e+02,3.2180690127e+02,7.5892948920e-01
3.6029999981e+02,3.2188278900e+02,7.5882520334e-01
3.6039999981e+02,3.2195866631e+02,7.5872086373e-01
3.6049999981e+02,3.2203453317e+02,7.5861647026e-01
3.6059999981e+02,3.2211038960e+02,7.5851202285e-01
3.6069999981e+02,3.2218623558e+02,7.5840752142e-01
3.6079999981e+02,3.2226207110e+02,7.5830296586e-01
3.6089999981e+02,3.2233789617e+02,7.5819835610e-01
3.6099999980e+02,3.2241371077e+02,7.5809369204e-01
3.6109999980e+02,3.2248951491e+02,7.5798897359e-01
3.6119999980e+02,3.2256530856e+02,7.5788420066e-01
3.6129999980e+02,3.2264109174e+02,7.5777937317e-01
3.6139999980e+02,3.2271686444e+02,7.5767449101e-01
3.6149999980e+02,3.2279262664e+02,7.5756955410e-01
3.6159999980e+02,3.2286837835e+02,7.5746456235e-01
3.6169999980e+02,3.2294411955e+02,7.5735951567e-01
3.6179999980e+02,3.2301985025e+02,7.5725441396e-01
3.6189999980e+02,3.2309557043e+02,7.5714925713e-01
3.6199999980e+02,3.2317128010e+02,7.5704404509e-01
3.6209999980e+02,3.2324697924e+02,7.5693877775e-01
3.6219999980e+02,3.2332266785e+02,7.5683345501e-01
3.6229999980e+02,3.2339834593e+02,7.5672807678e-01
3.6239999980e+02,3.2347401346e+02,7.5662264296e-01
3.6249999980e+02,3.2354967045e+02,7.5651715347e-01
3.6259999980e+02,3.2362531689e+02,7.5641160821e-01
3.6269999980e+02,3.2370095277e+02,7.5630600709e-01
3.6279999980e+02,3.2377657809e+02,7.5620035000e-01
3.6289999980e+02,3.2385219284e+02,7.5609463686e-01
3.6299999980e+02,3.2392779702e+02,7.5598886757e-01
3.6309999980e+02,3.2400339061e+02,7.5588304203e-01
3.6319999980e+02,3.2407897362e+02,7.5577716015e-01
3.6329999980e+02,3.2415454604e+02,7.5567122184e-01
3.6339999980e+02,3.2423010787e+02,7.5556522699e-01
3.6349999980e+02,3.2430565909e+02,7.5545917552e-01
3.6359999980e+02,3.2438119970e+02,7.5535306732e-01
3.6369999980e+02,3.2445672970e+02,7.5524690229e-01
3.6379999980e+02,3.2453224908e+02,7.5514068035e-01
3.6389999980e+02,3.2460775783e+02,7.5503440138e-01
3.6399999980e+02,3.2468325596e+02,7.5492806530e-01
3.6409999980e+02,3.2475874344e+02,7.5482167201e-01
3.6419999980e+02,3.2483422029e+02,7.5471522140e-01
3.6429999980e+02,3.2490968649e+02,7.5460871339e-01
3.6439999980e+02,3.2498514203e+02,7.5450214786e-01
3.6449999980e+02,3.2506058691e+02,7.5439552472e-01
3.6459999980e+02,3.2513602113e+02,7.5428884388e-01
3.6469999980e+02,3.2521144468e+02,7.5418210522e-01
3.6479999980e+02,3.2528685755e+02,7.5407530866e-01
3.6489999980e+02,3.2536225974e+02,7.5396845409e-01
3.6499999979e+02,3.2543765124e+02,7.5386154140e-01
3.6509999979e+02,3.2551303205e+02,7.5375457051e-01
3.6519999979e+02,3.2558840215e+02,7.5364754130e-01
3.6529999979e+02,3.2566376155e+02,7.5354045368e-01
3.6539999979e+02,3.2573911024e+02,7.5343330755e-01
3.6549999979e+02,3.2581444821e+02,7.5332610279e-01
3.6559999979e+02,3.2588977546e+02,7.5321883932e-01
3.6569999979e+02,3.2596509198e+02,7.5311151702e-01
3.6579999979e+02,3.2604039776e+02,7.5300413580e-01
3.6589999979e+02,3.2611569280e+02,7.5289669554e-01
3.6599999979e+02,3.2619097710e+02,7.5278919616e-01
3.6609999979e+02,3.2626625064e+02,7.5268163753e-01
3.6619999979e+02,3.2634151343e+02,7.5257401956e-01
3.6629999979e+02,3.2641676544e+02,7.5246634215e-01
3.6639999979e+02,3.2649200669e+02,7.5235860518e-01
3.6649999979e+02,3.2656723716e+02,7.5225080856e-01
3.6659999979e+02,3.2664245685e+02,7.5214295218e-01
3.6669999979e+02,3.2671766575e+02,7.5203503592e-01
3.6679999979e+02,3.2679286386e+02,7.5192705970e-01
3.6689999979e+02,3.2686805116e+02,7.5181902339e-01
3.6699999979e+02,3.2694322766e+02,7.5171092689e-01
3.6709999979e+02,3.2701839334e+02,7.5160277010e-01
3.6719999979e+02,3.2709354821e+02,7.5149455291e-01
3.6729999979e+02,3.2716869225e+02,7.5138627521e-01
3.6739999979e+02,3.2724382546e+02,7.5127793689e-01
3.6749999979e+02,3.2731894784e+02,7.5116953784e-01
3.6759999979e+02,3.2739405937e+02,7.5106107796e-01
3.6769999979e+02,3.2746916005e+02,7.5095255713e-01
3.6779999979e+02,3.2754424988e+02,7.5084397525e-01
3.6789999979e+02,3.2761932884e+02,7.5073533220e-01
3.6799999979e+02,3.2769439694e+02,7.5062662788e-01
3.6809999979e+02,3.2776945417e+02,7.5051786218e-01
3.6819999979e+02,3.2784450051e+02,7.5040903498e-01
3.6829999979e+02,3.2791953597e+02,7.5030014618e-01
3.6839999979e+02,3.2799456054e+02,7.5019119566e-01
3.6849999979e+02,3.2806957421e+02,7.5008218331e-01
3.6859999979e+02,3.2814457698e+02,7.4997310902e-01
3.6869999979e+02,3.2821956883e+02,7.4986397267e-01
3.6879999979e+02,3.2829454977e+02,7.4975477416e-01
3.6889999979e+02,3.2836951978e+02,7.4964551337e-01
3.6899999978e+02,3.2844447887e+02,7.4953619019e-01
3.6909999978e+02,3.2851942702e+02,7.4942680450e-01
3.6919999978e+02,3.2859436423e+02,7.4931735619e-01
3.6929999978e+02,3.2866929049e+02,7.4920784515e-01
3.6939999978e+02,3.2874420579e+02,7.4909827125e-01
3.6949999978e+02,3.2881911014e+02,7.4898863439e-01
3.6959999978e+02,3.2889400352e+02,7.4887893445e-01
3.6969999978e+02,3.2896888593e+02,7.4876917131e-01
3.6979999978e+02,3.2904375735e+02,7.4865934486e-01
3.6989999978e+02,3.2911861779e+02,7.4854945497e-01
3.6999999978e+02,3.2919346724e+02,7.4843950155e-01
3.7009999978e+02,3.2926830569e+02,7.4832948445e-01
3.7019999978e+02,3.2934313314e+02,7.4821940358e-01
3.7029999978e+02,3.2941794957e+02,7.4810925880e-01
3.7039999978e+02,3.2949275498e+02,7.4799905001e-01
3.7049999978e+02,3.2956754938e+02,7.4788877708e-01
3.7059999978e+02,3.2964233274e+02,7.4777843990e-01
3.7069999978e+02,3.2971710506e+02,7.4766803833e-01
3.7079999978e+02,3.2979186634e+02,7.4755757228e-01
3.7089999978e+02,3.2986661657e+02,7.4744704160e-01
3.7099999978e+02,3.2994135575e+02,7.4733644619e-01
3.7109999978e+02,3.3001608386e+02,7.4722578592e-01
3.7119999978e+02,3.3009080090e+02,7.4711506068e-01
3.7129999978e+02,3.3016550687e+02,7.4700427033e-01
3.7139999978e+02,3.3024020176e+02,7.4689341476e-01
3.7149999978e+02,3.3031488555e+02,7.4678249384e-01
3.7159999978e+02,3.3038955825e+02,7.4667150745e-01
3.7169999978e+02,3.3046421985e+02,7.4656045547e-01
3.7179999978e+02,3.3053887034e+02,7.4644933778e-01
3.7189999978e+02,3.3061350972e+02,7.4633815424e-01
3.7199999978e+02,3.3068813797e+02,7.4622690474e-01
3.7209999978e+02,3.3076275510e+02,7.4611558916e-01
3.7219999978e+02,3.3083736109e+02,7.4600420735e-01
3.7229999978e+02,3.3091195594e+02,7.4589275921e-01
3.7239999978e+02,3.3098653964e+02,7.4578124460e-01
3.7249999978e+02,3.3106111218e+02,7.4566966339e-01
3.7259999978e+02,3.3113567357e+02,7.4555801547e-01
3.7269999978e+02,3.3121022378e+02,7.4544630069e-01
3.7279999978e+02,3.3128476282e+02,7.4533451895e-01
3.7289999977e+02,3.3135929068e+02,7.4522267009e-01
3.7299999977e+02,3.3143380736e+02,7.4511075401e-01
3.7309999977e+02,3.3150831283e+02,7.4499877057e-01
3.7319999977e+02,3.3158280711e+02,7.4488671963e-01
3.7329999977e+02,3.3165729017e+02,7.4477460108e-01
3.7339999977e+02,3.3173176203e+02,7.4466241477e-01
3.7349999977e+02,3.3180622266e+02,7.4455016059e-01
3.7359999977e+02,3.3188067206e+02,7.4443783839e-01
3.7369999977e+02,3.3195511022e+02,7.4432544805e-01
3.7379999977e+02,3.3202953714e+02,7.4421298943e-01
3.7389999977e+02,3.3210395282e+02,7.4410046241e-01
3.7399999977e+02,3.3217835723e+02,7.4398786684e-01
3.7409999977e+02,3.3225275039e+02,7.4387520260e-01
3.7419999977e+02,3.3232713227e+02,7.4376246955e-01
3.7429999977e+02,3.3240150288e+02,7.4364966756e-01
3.7439999977e+02,3.3247586220e+02,7.4353679650e-01
3.7449999977e+02,3.3255021024e+02,7.4342385622e-01
3.7459999977e+02,3.3262454697e+02,7.4331084660e-01
3.7469999977e+02,3.3269887240e+02,7.4319776749e-01
3.7479999977e+02,3.3277318652e+02,7.4308461877e-01
3.7489999977e+02,3.3284748932e+02,7.4297140029e-01
3.7499999977e+02,3.3292178080e+02,7.4285811192e-01
3.7509999977e+02,3.3299606094e+02,7.4274475352e-01
3.7519999977e+02,3.3307032975e+02,7.4263132495e-01
3.7529999977e+02,3.3314458721e+02,7.4251782607e-01
3.7539999977e+02,3.3321883331e+02,7.4240425675e-01
3.7549999977e+02,3.3329306806e+02,7.4229061684e-01
3.7559999977e+02,3.3336729143e+02,7.4217690620e-01
3.7569999977e+02,3.3344150343e+02,7.4206312470e-01
3.7579999977e+02,3.3351570406e+02,7.4194927220e-01
3.7589999977e+02,3.3358989329e+02,7.4183534854e-01
3.7599999977e+02,3.3366407112e+02,7.4172135360e-01
3.7609999977e+02,3.3373823756e+02,7.4160728722e-01
3.7619999977e+02,3.3381239258e+02,7.4149314927e-01
3.7629999977e+02,3.3388653618e+02,7.4137893960e-01
3.7639999977e+02,3.3396066836e+02,7.4126465807e-01
3.7649999977e+02,3.3403478911e+02,7.4115030454e-01
3.7659999977e+02,3.3410889842e+02,7.4103587885e-01
3.7669999977e+02,3.3418299629e+02,7.4092138087e-01
3.7679999977e+02,3.3425708270e+02,7.4080681044e-01
3.7689999976e+02,3.3433115764e+02,7.4069216743e-01
3.7699999976e+02,3.3440522113e+02,7.4057745168e-01
3.7709999976e+02,3.3447927313e+02,7.4046266306e-01
3.7719999976e+02,3.3455331366e+02,7.4034780140e-01
3.7729999976e+02,3.3462734269e+02,7.4023286656e-01
3.7739999976e+02,3.3470136023e+02,7.4011785840e-01
3.7749999976e+02,3.3477536626e+02,7.4000277677e-01
3.7759999976e+02,3.3484936078e+02,7.3988762151e-01
3.7769999976e+02,3.3492334378e+02,7.3977239247e-01
3.7779999976e+02,3.3499731526e+02,7.3965708951e-01
3.7789999976e+02,3.3507127520e+02,7.3954171248e-01
3.7799999976e+02,3.3514522360e+02,7.3942626121e-01
3.7809999976e+02,3.3521916045e+02,7.3931073556e-01
3.7819999976e+02,3.3529308574e+02,7.3919513538e-01
3.7829999976e+02,3.3536699947e+02,7.3907946051e-01
3.7839999976e+02,3.3544090163e+02,7.3896371081e-01
3.7849999976e+02,3.3551479221e+02,7.3884788610e-01
3.7859999976e+02,3.3558867121e+02,7.3873198625e-01
3.7869999976e+02,3.3566253861e+02,7.3861601109e-01
3.7879999976e+02,3.3573639441e+02,7.3849996047e-01
3.7889999976e+02,3.3581023860e+02,7.3838383423e-01
3.7899999976e+02,3.3588407117e+02,7.3826763222e-01
3.7909999976e+02,3.3595789212e+02,7.3815135427e-01
3.7919999976e+02,3.3603170144e+02,7.3803500024e-01
3.7929999976e+02,3.3610549912e+02,7.3791856995e-01
3.7939999976e+02,3.3617928515e+02,7.3780206326e-01
3.7949999976e+02,3.3625305953e+02,7.3768548000e-01
3.7959999976e+02,3.3632682224e+02,7.3756882000e-01
3.7969999976e+02,3.3640057329e+02,7.3745208312e-01
3.7979999976e+02,3.3647431266e+02,7.3733526919e-01
3.7989999976e+02,3.3654804034e+02,7.3721837804e-01
3.7999999976e+02,3.3662175633e+02,7.3710140952e-01
3.8009999976e+02,3.3669546062e+02,7.3698436346e-01
3.8019999976e+02,3.3676915320e+02,7.3686723970e-01
3.8029999976e+02,3.3684283406e+02,7.3675003806e-01
3.8039999976e+02,3.3691650320e+02,7.3663275840e-01
3.8049999976e+02,3.3699016061e+02,7.3651540054e-01
3.8059999976e+02,3.3706380628e+02,7.3639796431e-01
3.8069999976e+02,3.3713744020e+02,7.3628044956e-01
3.8079999975e+02,3.3721106237e+02,7.3616285610e-01
3.8089999975e+02,3.3728467277e+02,7.3604518378e-01
3.8099999975e+02,3.3735827140e+02,7.3592743242e-01
3.8109999975e+02,3.3743185826e+02,7.3580960186e-01
3.8119999975e+02,3.3750543332e+02,7.3569169193e-01
3.8129999975e+02,3.3757899659e+02,7.3557370245e-01
3.8139999975e+02,3.3765254806e+02,7.3545563326e-01
3.8149999975e+02,3.3772608772e+02,7.3533748419e-01
3.8159999975e+02,3.3779961555e+02,7.3521925505e-01
3.8169999975e+02,3.3787313156e+02,7.3510094568e-01
3.8179999975e+02,3.3794663574e+02,7.3498255591e-01
3.8189999975e+02,3.3802012807e+02,7.3486408556e-01
3.8199999975e+02,3.3809360855e+02,7.3474553445e-01
3.8209999975e+02,3.3816707718e+02,7.3462690242e-01
3.8219999975e+02,3.3824053393e+02,7.3450818928e-01
3.8229999975e+02,3.3831397881e+02,7.3438939486e-01
3.8239999975e+02,3.3838741181e+02,7.3427051899e-01
3.8249999975e+02,3.3846083291e+02,7.3415156147e-01
3.8259999975e+02,3.3853424212e+02,7.3403252214e-01
3.8269999975e+02,3.3860763941e+02,7.3391340082e-01
3.8279999975e+02,3.3868102480e+02,7.3379419732e-01
3.8289999975e+02,3.3875439825e+02,7.3367491147e-01
3.8299999975e+02,3.3882775977e+02,7.3355554308e-01
3.8309999975e+02,3.3890110936e+02,7.3343609197e-01
3.8319999975e+02,3.3897444699e+02,7.3331655797e-01
3.8329999975e+02,3.3904777267e+02,7.3319694088e-01
3.8339999975e+02,3.3912108638e+02,7.3307724052e-01
3.8349999975e+02,3.3919438811e+02,7.3295745671e-01
3.8359999975e+02,3.3926767786e+02,7.3283758926e-01
3.8369999975e+02,3.3934095563e+02,7.3271763799e-01
3.8379999975e+02,3.3941422139e+02,7.3259760271e-01
3.8389999975e+02,3.3948747514e+02,7.3247748324e-01
3.8399999975e+02,3.3956071688e+02,7.3235727937e-01
3.8409999975e+02,3.3963394660e+02,7.3223699094e-01
3.8419999975e+02,3.3970716428e+02,7.3211661774e-01
3.8429999975e+02,3.3978036992e+02,7.3199615959e-01
3.8439999975e+02,3.3985356351e+02,7.3187561629e-01
3.8449999975e+02,3.3992674504e+02,7.3175498766e-01
3.8459999975e+02,3.3999991450e+02,7.3163427350e-01
3.8469999975e+02,3.4007307189e+02,7.3151347361e-01
3.8479999974e+02,3.4014621719e+02,7.3139258781e-01
3.8489999974e+02,3.4021935041e+02,7.3127161591e-01
3.8499999974e+02,3.4029247151e+02,7.3115055769e-01
3.8509999974e+02,3.4036558051e+02,7.3102941298e-01
3.8519999974e+02,3.4043867739e+02,7.3090818157e-01
3.8529999974e+02,3.4051176215e+02,7.3078686327e-01
3.8539999974e+02,3.4058483476e+02,7.3066545787e-01
3.8549999974e+02,3.4065789524e+02,7.3054396518e-01
3.8559999974e+02,3.4073094355e+02,7.3042238499e-01
3.8569999974e+02,3.4080397971e+02,7.3030071712e-01
3.8579999974e+02,3.4087700369e+02,7.3017896135e-01
3.8589999974e+02,3.4095001550e+02,7.3005711748e-01
3.8599999974e+02,3.4102301512e+02,7.2993518532e-01
3.8609999974e+02,3.4109600253e+02,7.2981316465e-01
3.8619999974e+02,3.4116897775e+02,7.2969105528e-01
3.8629999974e+02,3.4124194074e+02,7.2956885699e-01
3.8639999974e+02,3.4131489151e+02,7.2944656959e-01
3.8649999974e+02,3.4138783005e+02,7.2932419286e-01
3.8659999974e+02,3.4146075635e+02,7.2920172660e-01
3.8669999974e+02,3.4153367039e+02,7.2907917060e-01
3.8679999974e+02,3.4160657218e+02,7.2895652464e-01
3.8689999974e+02,3.4167946170e+02,7.2883378853e-01
3.8699999974e+02,3.4175233893e+02,7.2871096205e-01
3.8709999974e+02,3.4182520389e+02,7.2858804498e-01
3.8719999974e+02,3.4189805654e+02,7.2846503712e-01
3.8729999974e+02,3.4197089689e+02,7.2834193825e-01
3.8739999974e+02,3.4204372493e+02,7.2821874816e-01
3.8749999974e+02,3.4211654064e+02,7.2809546663e-01
3.8759999974e+02,3.4218934402e+02,7.2797209345e-01
3.8769999974e+02,3.4226213505e+02,7.2784862839e-01
3.8779999974e+02,3.4233491374e+02,7.2772507125e-01
3.8789999974e+02,3.4240768006e+02,7.2760142180e-01
3.8799999974e+02,3.4248043402e+02,7.2747767983e-01
3.8809999974e+02,3.4255317560e+02,7.2735384511e-01
3.8819999974e+02,3.4262590479e+02,7.2722991742e-01
3.8829999974e+02,3.4269862158e+02,7.2710589654e-01
3.8839999974e+02,3.4277132596e+02,7.2698178225e-01
3.8849999974e+02,3.4284401793e+02,7.2685757433e-01
3.8859999974e+02,3.4291669747e+02,7.2673327254e-01
3.8869999974e+02,3.4298936458e+02,7.2660887667e-01
3.8879999973e+02,3.4306201925e+02,7.2648438649e-01
3.8889999973e+02,3.4313466146e+02,7.2635980176e-01
3.8899999973e+02,3.4320729120e+02,7.2623512227e-01
3.8909999973e+02,3.4327990848e+02,7.2611034778e-01
3.8919999973e+02,3.4335251327e+02,7.2598547807e-01
3.8929999973e+02,3.4342510557e+02,7.2586051289e-01
3.8939999973e+02,3.4349768537e+02,7.2573545202e-01
3.8949999973e+02,3.4357025266e+02,7.2561029523e-01
3.8959999973e+02,3.4364280742e+02,7.2548504229e-01
3.8969999973e+02,3.4371534966e+02,7.2535969295e-01
3.8979999973e+02,3.4378787936e+02,7.2523424698e-01
3.8989999973e+02,3.4386039651e+02,7.2510870414e-01
3.8999999973e+02,3.4393290110e+02,7.2498306421e-01
3.9009999973e+02,3.4400539312e+02,7.2485732693e-01
3.9019999973e+02,3.4407787256e+02,7.2473149207e-01
3.9029999973e+02,3.4415033941e+02,7.2460555939e-01
3.9039999973e+02,3.4422279367e+02,7.2447952864e-01
3.9049999973e+02,3.4429523532e+02,7.2435339959e-01
3.9059999973e+02,3.4436766434e+02,7.2422717199e-01
3.9069999973e+02,3.4444008075e+02,7.2410084559e-01
3.9079999973e+02,3.4451248451e+02,7.2397442015e-01
3.9089999973e+02,3.4458487563e+02,7.2384789542e-01
3.9099999973e+02,3.4465725409e+02,7.2372127116e-01
3.9109999973e+02,3.4472961988e+02,7.2359454711e-01
3.9119999973e+02,3.4480197299e+02,7.2346772303e-01
3.9129999973e+02,3.4487431342e+02,7.2334079867e-01
3.9139999973e+02,3.4494664115e+02,7.2321377376e-01
3.9149999973e+02,3.4501895617e+02,7.2308664807e-01
3.9159999973e+02,3.4509125848e+02,7.2295942133e-01
3.9169999973e+02,3.4516354805e+02,7.2283209329e-01
3.9179999973e+02,3.4523582489e+02,7.2270466370e-01
3.9189999973e+02,3.4530808898e+02,7.2257713229e-01
3.9199999973e+02,3.4538034031e+02,7.2244949881e-01
3.9209999973e+02,3.4545257888e+02,7.2232176300e-01
3.9219999973e+02,3.4552480466e+02,7.2219392460e-01
3.9229999973e+02,3.4559701766e+02,7.2206598334e-01
3.9239999973e+02,3.4566921786e+02,7.2193793897e-01
3.9249999973e+02,3.4574140524e+02,7.2180979121e-01
3.9259999973e+02,3.4581357981e+02,7.2168153981e-01
3.9269999972e+02,3.4588574155e+02,7.2155318450e-01
3.9279999972e+02,3.4595789044e+02,7.2142472501e-01
3.9289999972e+02,3.4603002649e+02,7.2129616107e-01
3.9299999972e+02,3.4610214967e+02,7.2116749241e-01
3.9309999972e+02,3.4617425998e+02,7.2103871876e-01
3.9319999972e+02,3.4624635741e+02,7.2090983985e-01
3.9329999972e+02,3.4631844195e+02,7.2078085540e-01
3.9339999972e+02,3.4639051358e+02,7.2065176515e-01
3.9349999972e+02,3.4646257230e+02,7.2052256881e-01
3.9359999972e+02,3.4653461809e+02,7.2039326611e-01
3.9369999972e+02,3.4660665095e+02,7.2026385677e-01
3.9379999972e+02,3.4667867086e+02,7.2013434052e-01
3.9389999972e+02,3.4675067781e+02,7.2000471706e-01
3.9399999972e+02,3.4682267180e+02,7.1987498612e-01
3.9409999972e+02,3.4689465281e+02,7.1974514742e-01
3.9419999972e+02,3.4696662082e+02,7.1961520066e-01
3.9429999972e+02,3.4703857584e+02,7.1948514558e-01
3.9439999972e+02,3.4711051785e+02,7.1935498187e-01
3.9449999972e+02,3.4718244684e+02,7.1922470926e-01
3.9459999972e+02,3.4725436279e+02,7.1909432744e-01
3.9469999972e+02,3.4732626570e+02,7.1896383614e-01
3.9479999972e+02,3.4739815555e+02,7.1883323505e-01
3.9489999972e+02,3.4747003234e+02,7.1870252390e-01
3.9499999972e+02,3.4754189605e+02,7.1857170237e-01
3.9509999972e+02,3.4761374668e+02,7.1844077018e-01
3.9519999972e+02,3.4768558420e+02,7.1830972703e-01
3.9529999972e+02,3.4775740862e+02,7.1817857261e-01
3.9539999972e+02,3.4782921991e+02,7.1804730664e-01
3.9549999972e+02,3.4790101808e+02,7.1791592880e-01
3.9559999972e+02,3.4797280310e+02,7.1778443881e-01
3.9569999972e+02,3.4804457496e+02,7.1765283634e-01
3.9579999972e+02,3.4811633366e+02,7.1752112110e-01
3.9589999972e+02,3.4818807918e+02,7.1738929278e-01
3.9599999972e+02,3.4825981151e+02,7.1725735107e-01
3.9609999972e+02,3.4833153065e+02,7.1712529567e-01
3.9619999972e+02,3.4840323657e+02,7.1699312625e-01
3.9629999972e+02,3.4847492927e+02,7.1686084252e-01
3.9639999972e+02,3.4854660873e+02,7.1672844415e-01
3.9649999972e+02,3.4861827495e+02,7.1659593083e-01
3.9659999972e+02,3.4868992792e+02,7.1646330224e-01
3.9669999971e+02,3.4876156761e+02,7.1633055807e-01
3.9679999971e+02,3.4883319402e+02,7.1619769800e-01
3.9689999971e+02,3.4890480715e+02,7.1606472170e-01
3.9699999971e+02,3.4897640696e+02,7.1593162885e-01
3.9709999971e+02,3.4904799347e+02,7.1579841912e-01
3.9719999971e+02,3.4911956664e+02,7.1566509220e-01
3.9729999971e+02,3.4919112648e+02,7.1553164776e-01
3.9739999971e+02,3.4926267297e+02,7.1539808546e-01
3.9749999971e+02,3.4933420610e+02,7.1526440498e-01
3.9759999971e+02,3.4940572585e+02,7.1513060598e-01
3.9769999971e+02,3.4947723221e+02,7.1499668813e-01
3.9779999971e+02,3.4954872518e+02,7.1486265110e-01
3.9789999971e+02,3.4962020474e+02,7.1472849454e-01
3.9799999971e+02,3.4969167088e+02,7.1459421813e-01
3.9809999971e+02,3.4976312358e+02,7.1445982152e-01
3.9819999971e+02,3.4983456284e+02,7.1432530437e-01
3.9829999971e+02,3.4990598864e+02,7.1419066634e-01
3.9839999971e+02,3.4997740097e+02,7.1405590708e-01
3.9849999971e+02,3.5004879981e+02,7.1392102625e-01
3.9859999971e+02,3.5012018517e+02,7.1378602350e-01
3.9869999971e+02,3.5019155701e+02,7.1365089848e-01
3.9879999971e+02,3.5026291534e+02,7.1351565083e-01
3.9889999971e+02,3.5033426014e+02,7.1338028021e-01
3.9899999971e+02,3.5040559139e+02,7.1324478626e-01
3.9909999971e+02,3.5047690909e+02,7.1310916863e-01
3.9919999971e+02,3.5054821322e+02,7.1297342695e-01
3.9929999971e+02,3.5061950377e+02,7.1283756087e-01
3.9939999971e+02,3.5069078073e+02,7.1270157002e-01
3.9949999971e+02,3.5076204408e+02,7.1256545404e-01
3.9959999971e+02,3.5083329382e+02,7.1242921258e-01
3.9969999971e+02,3.5090452992e+02,7.1229284525e-01
3.9979999971e+02,3.5097575238e+02,7.1215635169e-01
3.9989999971e+02,3.5104696119e+02,7.1201973154e-01
3.9999999971e+02,3.5111815633e+02,7.1188298441e-01
4.0009999971e+02,3.5118933778e+02,7.1174610994e-01
4.0019999971e+02,3.5126050554e+02,7.1160910774e-01
4.0029999971e+02,3.5133165960e+02,7.1147197745e-01
4.0039999971e+02,3.5140279993e+02,7.1133471868e-01
4.0049999971e+02,3.5147392654e+02,7.1119733105e-01
4.0059999970e+02,3.5154503940e+02,7.1105981417e-01
4.0069999970e+02,3.5161613850e+02,7.1092216767e-01
4.0079999970e+02,3.5168722383e+02,7.1078439115e-01
4.0089999970e+02,3.5175829537e+02,7.1064648422e-01
4.0099999970e+02,3.5182935312e+02,7.1050844650e-01
4.0109999970e+02,3.5190039706e+02,7.1037027758e-01
4.0119999970e+02,3.5197142717e+02,7.1023197708e-01
4.0129999970e+02,3.5204244345e+02,7.1009354460e-01
4.0139999970e+02,3.5211344587e+02,7.0995497974e-01
4.0149999970e+02,3.5218443444e+02,7.0981628210e-01
4.0159999970e+02,3.5225540913e+02,7.0967745127e-01
4.0169999970e+02,3.5232636992e+02,7.0953848684e-01
4.0179999970e+02,3.5239731682e+02,7.0939938842e-01
4.0189999970e+02,3.5246824980e+02,7.0926015560e-01
4.0199999970e+02,3.5253916884e+02,7.0912078795e-01
4.0209999970e+02,3.5261007395e+02,7.0898128507e-01
4.0219999970e+02,3.5268096510e+02,7.0884164654e-01
4.0229999970e+02,3.5275184227e+02,7.0870187195e-01
4.0239999970e+02,3.5282270547e+02,7.0856196087e-01
4.0249999970e+02,3.5289355466e+02,7.0842191288e-01
4.0259999970e+02,3.5296438985e+02,7.0828172756e-01
4.0269999970e+02,3.5303521100e+02,7.0814140448e-01
4.0279999970e+02,3.5310601812e+02,7.0800094321e-01
4.0289999970e+02,3.5317681119e+02,7.0786034332e-01
4.0299999970e+02,3.5324759019e+02,7.0771960438e-01
4.0309999970e+02,3.5331835510e+02,7.0757872595e-01
4.0319999970e+02,3.5338910593e+02,7.0743770760e-01
4.0329999970e+02,3.5345984264e+02,7.0729654888e-01
4.0339999970e+02,3.5353056523e+02,7.0715524935e-01
4.0349999970e+02,3.5360127369e+02,7.0701380856e-01
4.0359999970e+02,3.5367196799e+02,7.0687222608e-01
4.0369999970e+02,3.5374264813e+02,7.0673050145e-01
4.0379999970e+02,3.5381331408e+02,7.0658863421e-01
4.0389999970e+02,3.5388396585e+02,7.0644662392e-01
4.0399999970e+02,3.5395460340e+02,7.0630447011e-01
4.0409999970e+02,3.5402522674e+02,7.0616217233e-01
4.0419999970e+02,3.5409583583e+02,7.0601973012e-01
4.0429999970e+02,3.5416643068e+02,7.0587714301e-01
4.0439999970e+02,3.5423701126e+02,7.0573441054e-01
4.0449999970e+02,3.5430757756e+02,7.0559153223e-01
4.0459999969e+02,3.5437812956e+02,7.0544850762e-01
4.0469999969e+02,3.5444866725e+02,7.0530533623e-01
4.0479999969e+02,3.5451919062e+02,7.0516201758e-01
4.0489999969e+02,3.5458969965e+02,7.0501855119e-01
4.0499999969e+02,3.5466019433e+02,7.0487493659e-01
4.0509999969e+02,3.5473067463e+02,7.0473117328e-01
4.0519999969e+02,3.5480114056e+02,7.0458726078e-01
4.0529999969e+02,3.5487159208e+02,7.0444319861e-01
4.0539999969e+02,3.5494202919e+02,7.0429898626e-01
4.0549999969e+02,3.5501245187e+02,7.0415462324e-01
4.0559999969e+02,3.5508286011e+02,7.0401010905e-01
4.0569999969e+02,3.5515325389e+02,7.0386544320e-01
4.0579999969e+02,3.5522363319e+02,7.0372062518e-01
4.0589999969e+02,3.5529399801e+02,7.0357565448e-01
4.0599999969e+02,3.5536434832e+02,7.0343053060e-01
4.0609999969e+02,3.5543468411e+02,7.0328525301e-01
4.0619999969e+02,3.5550500537e+02,7.0313982121e-01
4.0629999969e+02,3.5557531207e+02,7.0299423468e-01
4.0639999969e+02,3.5564560421e+02,7.0284849290e-01
4.0649999969e+02,3.5571588176e+02,7.0270259534e-01
4.0659999969e+02,3.5578614472e+02,7.0255654147e-01
4.0669999969e+02,3.5585639307e+02,7.0241033078e-01
4.0679999969e+02,3.5592662678e+02,7.0226396272e-01
4.0689999969e+02,3.5599684585e+02,7.0211743675e-01
4.0699999969e+02,3.5606705026e+02,7.0197075235e-01
4.0709999969e+02,3.5613724000e+02,7.0182390896e-01
4.0719999969e+02,3.5620741504e+02,7.0167690605e-01
4.0729999969e+02,3.5627757537e+02,7.0152974306e-01
4.0739999969e+02,3.5634772098e+02,7.0138241945e-01
4.0749999969e+02,3.5641785185e+02,7.0123493465e-01
4.0759999969e+02,3.5648796796e+02,7.0108728812e-01
4.0769999969e+02,3.5655806930e+02,7.0093947928e-01
4.0779999969e+02,3.5662815586e+02,7.0079150759e-01
4.0789999969e+02,3.5669822760e+02,7.0064337246e-01
4.0799999969e+02,3.5676828452e+02,7.0049507332e-01
4.0809999969e+02,3.5683832661e+02,7.0034660962e-01
4.0819999969e+02,3.5690835384e+02,7.0019798076e-01
4.0829999969e+02,3.5697836620e+02,7.0004918616e-01
4.0839999969e+02,3.5704836367e+02,6.9990022525e-01
4.0849999969e+02,3.5711834624e+02,6.9975109743e-01
4.0859999968e+02,3.5718831389e+02,6.9960180211e-01
4.0869999968e+02,3.5725826659e+02,6.9945233870e-01
4.0879999968e+02,3.5732820435e+02,6.9930270659e-01
4.0889999968e+02,3.5739812713e+02,6.9915290520e-01
4.0899999968e+02,3.5746803492e+02,6.9900293391e-01
4.0909999968e+02,3.5753792771e+02,6.9885279211e-01
4.0919999968e+02,3.5760780548e+02,6.9870247919e-01
4.0929999968e+02,3.5767766820e+02,6.9855199453e-01
4.0939999968e+02,3.5774751587e+02,6.9840133752e-01
4.0949999968e+02,3.5781734846e+02,6.9825050753e-01
4.0959999968e+02,3.5788716597e+02,6.9809950393e-01
4.0969999968e+02,3.5795696836e+02,6.9794832609e-01
4.0979999968e+02,3.5802675562e+02,6.9779697337e-01
4.0989999968e+02,3.5809652775e+02,6.9764544515e-01
4.0999999968e+02,3.5816628471e+02,6.9749374076e-01
4.1009999968e+02,3.5823602649e+02,6.9734185957e-01
4.1019999968e+02,3.5830575307e+02,6.9718980093e-01
4.1029999968e+02,3.5837546444e+02,6.9703756417e-01
4.1039999968e+02,3.5844516058e+02,6.9688514865e-01
4.1049999968e+02,3.5851484147e+02,6.9673255369e-01
4.1059999968e+02,3.5858450709e+02,6.9657977863e-01
4.1069999968e+02,3.5865415742e+02,6.9642682280e-01
4.1079999968e+02,3.5872379244e+02,6.9627368553e-01
4.1089999968e+02,3.5879341215e+02,6.9612036613e-01
4.1099999968e+02,3.5886301651e+02,6.9596686391e-01
4.1109999968e+02,3.5893260551e+02,6.9581317820e-01
4.1119999968e+02,3.5900217914e+02,6.9565930829e-01
4.1129999968e+02,3.5907173737e+02,6.9550525350e-01
4.1139999968e+02,3.5914128019e+02,6.9535101311e-01
4.1149999968e+02,3.5921080757e+02,6.9519658643e-01
4.1159999968e+02,3.5928031950e+02,6.9504197273e-01
4.1169999968e+02,3.5934981596e+02,6.9488717132e-01
4.1179999968e+02,3.5941929692e+02,6.9473218146e-01
4.1189999968e+02,3.5948876239e+02,6.9457700243e-01
4.1199999968e+02,3.5955821232e+02,6.9442163351e-01
4.1209999968e+02,3.5962764671e+02,6.9426607395e-01
4.1219999968e+02,3.5969706553e+02,6.9411032303e-01
4.1229999968e+02,3.5976646876e+02,6.9395438000e-01
4.1239999968e+02,3.5983585640e+02,6.9379824411e-01
4.1249999967e+02,3.5990522841e+02,6.9364191460e-01
4.1259999967e+02,3.5997458477e+02,6.9348539072e-01
4.1269999967e+02,3.6004392548e+02,6.9332867171e-01
4.1279999967e+02,3.6011325050e+02,6.9317175680e-01
4.1289999967e+02,3.6018255982e+02,6.9301464521e-01
4.1299999967e+02,3.6025185342e+02,6.9285733617e-01
4.1309999967e+02,3.6032113128e+02,6.9269982890e-01
4.1319999967e+02,3.6039039338e+02,6.9254212260e-01
4.1329999967e+02,3.6045963970e+02,6.9238421648e-01
4.1339999967e+02,3.6052887022e+02,6.9222610974e-01
4.1349999967e+02,3.6059808492e+02,6.9206780159e-01
4.1359999967e+02,3.6066728377e+02,6.9190929120e-01
4.1369999967e+02,3.6073646677e+02,6.9175057777e-01
4.1379999967e+02,3.6080563388e+02,6.9159166047e-01
4.1389999967e+02,3.6087478509e+02,6.9143253847e-01
4.1399999967e+02,3.6094392038e+02,6.9127321096e-01
4.1409999967e+02,3.6101303973e+02,6.9111367708e-01
4.1419999967e+02,3.6108214311e+02,6.9095393599e-01
4.1429999967e+02,3.6115123051e+02,6.9079398685e-01
4.1439999967e+02,3.6122030190e+02,6.9063382879e-01
4.1449999967e+02,3.6128935727e+02,6.9047346097e-01
4.1459999967e+02,3.6135839659e+02,6.9031288251e-01
4.1469999967e+02,3.6142741984e+02,6.9015209254e-01
4.1479999967e+02,3.6149642700e+02,6.8999109019e-01
4.1489999967e+02,3.6156541805e+02,6.8982987455e-01
4.1499999967e+02,3.6163439297e+02,6.8966844476e-01
4.1509999967e+02,3.6170335173e+02,6.8950679990e-01
4.1519999967e+02,3.6177229432e+02,6.8934493908e-01
4.1529999967e+02,3.6184122071e+02,6.8918286138e-01
4.1539999967e+02,3.6191013088e+02,6.8902056589e-01
4.1549999967e+02,3.6197902482e+02,6.8885805169e-01
4.1559999967e+02,3.6204790249e+02,6.8869531784e-01
4.1569999967e+02,3.6211676387e+02,6.8853236341e-01
4.1579999967e+02,3.6218560895e+02,6.8836918746e-01
4.1589999967e+02,3.6225443770e+02,6.8820578904e-01
4.1599999967e+02,3.6232325010e+02,6.8804216718e-01
4.1609999967e+02,3.6239204613e+02,6.8787832094e-01
4.1619999967e+02,3.6246082576e+02,6.8771424934e-01
4.1629999967e+02,3.6252958897e+02,6.8754995140e-01
4.1639999967e+02,3.6259833574e+02,6.8738542613e-01
4.1649999966e+02,3.6266706605e+02,6.8722067255e-01
4.1659999966e+02,3.6273577987e+02,6.8705568966e-01
4.1669999966e+02,3.6280447718e+02,6.8689047645e-01
4.1679999966e+02,3.6287315796e+02,6.8672503190e-01
4.1689999966e+02,3.6294182218e+02,6.8655935501e-01
4.1699999966e+02,3.6301046982e+02,6.8639344473e-01
4.1709999966e+02,3.6307910086e+02,6.8622730003e-01
4.1719999966e+02,3.6314771527e+02,6.8606091987e-01
4.1729999966e+02,3.6321631303e+02,6.8589430320e-01
4.1739999966e+02,3.6328489412e+02,6.8572744896e-01
4.1749999966e+02,3.6335345852e+02,6.8556035608e-01
4.1759999966e+02,3.6342200619e+02,6.8539302349e-01
4.1769999966e+02,3.6349053711e+02,6.8522545009e-01
4.1779999966e+02,3.6355905127e+02,6.8505763481e-01
4.1789999966e+02,3.6362754863e+02,6.8488957653e-01
4.1799999966e+02,3.6369602918e+02,6.8472127416e-01
4.1809999966e+02,3.6376449288e+02,6.8455272658e-01
4.1819999966e+02,3.6383293971e+02,6.8438393265e-01
4.1829999966e+02,3.6390136966e+02,6.8421489125e-01
4.1839999966e+02,3.6396978268e+02,6.8404560123e-01
4.1849999966e+02,3.6403817877e+02,6.8387606144e-01
4.1859999966e+02,3.6410655789e+02,6.8370627072e-01
4.1869999966e+02,3.6417492001e+02,6.8353622791e-01
4.1879999966e+02,3.6424326512e+02,6.8336593182e-01
4.1889999966e+02,3.6431159319e+02,6.8319538126e-01
4.1899999966e+02,3.6437990419e+02,6.8302457503e-01
4.1909999966e+02,3.6444819810e+02,6.8285351194e-01
4.1919999966e+02,3.6451647489e+02,6.8268219076e-01
4.1929999966e+02,3.6458473453e+02,6.8251061027e-01
4.1939999966e+02,3.6465297700e+02,6.8233876924e-01
4.1949999966e+02,3.6472120227e+02,6.8216666641e-01
4.1959999966e+02,3.6478941032e+02,6.8199430053e-01
4.1969999966e+02,3.6485760112e+02,6.8182167033e-01
4.1979999966e+02,3.6492577465e+02,6.8164877455e-01
4.1989999966e+02,3.6499393087e+02,6.8147561189e-01
4.1999999966e+02,3.6506206976e+02,6.8130218106e-01
4.2009999966e+02,3.6513019130e+02,6.8112848074e-01
4.2019999966e+02,3.6519829545e+02,6.8095450963e-01
4.2029999966e+02,3.6526638219e+02,6.8078026639e-01
4.2039999965e+02,3.6533445149e+02,6.8060574969e-01
4.2049999965e+02,3.6540250333e+02,6.8043095817e-01
4.2059999965e+02,3.6547053768e+02,6.8025589047e-01
4.2069999965e+02,3.6553855450e+02,6.8008054522e-01
4.2079999965e+02,3.6560655378e+02,6.7990492103e-01
4.2089999965e+02,3.6567453548e+02,6.7972901652e-01
4.2099999965e+02,3.6574249957e+02,6.7955283026e-01
4.2109999965e+02,3.6581044603e+02,6.7937636084e-01
4.2119999965e+02,3.6587837483e+02,6.7919960683e-01
4.2129999965e+02,3.6594628594e+02,6.7902256679e-01
4.2139999965e+02,3.6601417934e+02,6.7884523925e-01
4.2149999965e+02,3.6608205498e+02,6.7866762276e-01
4.2159999965e+02,3.6614991285e+02,6.7848971582e-01
4.2169999965e+02,3.6621775292e+02,6.7831151695e-01
4.2179999965e+02,3.6628557514e+02,6.7813302464e-01
4.2189999965e+02,3.6635337951e+02,6.7795423737e-01
4.2199999965e+02,3.6642116598e+02,6.7777515360e-01
4.2209999965e+02,3.6648893453e+02,6.7759577180e-01
4.2219999965e+02,3.6655668513e+02,6.7741609040e-01
4.2229999965e+02,3.6662441774e+02,6.7723610782e-01
4.2239999965e+02,3.6669213234e+02,6.7705582248e-01
4.2249999965e+02,3.6675982889e+02,6.7687523279e-01
4.2259999965e+02,3.6682750737e+02,6.7669433711e-01
4.2269999965e+02,3.6689516775e+02,6.7651313383e-01
4.2279999965e+02,3.6696280999e+02,6.7633162130e-01
4.2289999965e+02,3.6703043406e+02,6.7614979786e-01
4.2299999965e+02,3.6709803994e+02,6.7596766183e-01
4.2309999965e+02,3.6716562759e+02,6.7578521153e-01
4.2319999965e+02,3.6723319697e+02,6.7560244526e-01
4.2329999965e+02,3.6730074806e+02,6.7541936128e-01
4.2339999965e+02,3.6736828083e+02,6.7523595788e-01
4.2349999965e+02,3.6743579525e+02,6.7505223329e-01
4.2359999965e+02,3.6750329127e+02,6.7486818574e-01
4.2369999965e+02,3.6757076887e+02,6.7468381346e-01
4.2379999965e+02,3.6763822802e+02,6.7449911465e-01
4.2389999965e+02,3.6770566868e+02,6.7431408748e-01
4.2399999965e+02,3.6777309083e+02,6.7412873012e-01
4.2409999965e+02,3.6784049442e+02,6.7394304073e-01
4.2419999965e+02,3.6790787942e+02,6.7375701743e-01
4.2429999965e+02,3.6797524581e+02,6.7357065833e-01
4.2439999964e+02,3.6804259355e+02,6.7338396153e-01
4.2449999964e+02,3.6810992259e+02,6.7319692512e-01
4.2459999964e+02,3.6817723292e+02,6.7300954714e-01
4.2469999964e+02,3.6824452449e+02,6.7282182565e-01
4.2479999964e+02,3.6831179727e+02,6.7263375866e-01
4.2489999964e+02,3.6837905123e+02,6.7244534417e-01
4.2499999964e+02,3.6844628633e+02,6.7225658017e-01
4.2509999964e+02,3.6851350253e+02,6.7206746462e-01
4.2519999964e+02,3.6858069981e+02,6.7187799547e-01
4.2529999964e+02,3.6864787812e+02,6.7168817064e-01
4.2539999964e+02,3.6871503743e+02,6.7149798803e-01
4.2549999964e+02,3.6878217771e+02,6.7130744554e-01
4.2559999964e+02,3.6884929891e+02,6.7111654101e-01
4.2569999964e+02,3.6891640100e+02,6.7092527228e-01
4.2579999964e+02,3.6898348395e+02,6.7073363719e-01
4.2589999964e+02,3.6905054772e+02,6.7054163352e-01
4.2599999964e+02,3.6911759227e+02,6.7034925905e-01
4.2609999964e+02,3.6918461756e+02,6.7015651154e-01
4.2619999964e+02,3.6925162356e+02,6.6996338870e-01
4.2629999964e+02,3.6931861022e+02,6.6976988825e-01
4.2639999964e+02,3.6938557752e+02,6.6957600787e-01
4.2649999964e+02,3.6945252541e+02,6.6938174523e-01
4.2659999964e+02,3.6951945386e+02,6.6918709794e-01
4.2669999964e+02,3.6958636282e+02,6.6899206363e-01
4.2679999964e+02,3.6965325226e+02,6.6879663988e-01
4.2689999964e+02,3.6972012213e+02,6.6860082425e-01
4.2699999964e+02,3.6978697241e+02,6.6840461427e-01
4.2709999964e+02,3.6985380304e+02,6.6820800746e-01
4.2719999964e+02,3.6992061400e+02,6.6801100129e-01
4.2729999964e+02,3.6998740523e+02,6.6781359321e-01
4.2739999964e+02,3.7005417670e+02,6.6761578067e-01
4.2749999964e+02,3.7012092837e+02,6.6741756106e-01
4.2759999964e+02,3.7018766020e+02,6.6721893174e-01
4.2769999964e+02,3.7025437215e+02,6.6701989007e-01
4.2779999964e+02,3.7032106416e+02,6.6682043336e-01
4.2789999964e+02,3.7038773622e+02,6.6662055890e-01
4.2799999964e+02,3.7045438826e+02,6.6642026393e-01
4.2809999964e+02,3.7052102026e+02,6.6621954570e-01
4.2819999964e+02,3.7058763216e+02,6.6601840138e-01
4.2829999964e+02,3.7065422392e+02,6.6581682816e-01
4.2839999963e+02,3.7072079551e+02,6.6561482315e-01
4.2849999963e+02,3.7078734687e+02,6.6541238346e-01
4.2859999963e+02,3.7085387797e+02,6.6520950616e-01
4.2869999963e+02,3.7092038876e+02,6.6500618828e-01
4.2879999963e+02,3.7098687919e+02,6.6480242682e-01
4.2889999963e+02,3.7105334923e+02,6.6459821875e-01
4.2899999963e+02,3.7111979882e+02,6.6439356100e-01
4.2909999963e+02,3.7118622793e+02,6.6418845046e-01
4.2919999963e+02,3.7125263650e+02,6.6398288400e-01
4.2929999963e+02,3.7131902449e+02,6.6377685845e-01
4.2939999963e+02,3.7138539185e+02,6.6357037058e-01
4.2949999963e+02,3.7145173855e+02,6.6336341714e-01
4.2959999963e+02,3.7151806452e+02,6.6315599485e-01
4.2969999963e+02,3.7158436973e+02,6.6294810038e-01
4.2979999963e+02,3.7165065413e+02,6.6273973037e-01
4.2989999963e+02,3.7171691766e+02,6.6253088139e-01
4.2999999963e+02,3.7178316029e+02,6.6232155001e-01
4.3009999963e+02,3.7184938195e+02,6.6211173273e-01
4.3019999963e+02,3.7191558262e+02,6.6190142602e-01
4.3029999963e+02,3.7198176222e+02,6.6169062630e-01
4.3039999963e+02,3.7204792073e+02,6.6147932996e-01
4.3049999963e+02,3.7211405807e+02,6.6126753332e-01
4.3059999963e+02,3.7218017421e+02,6.6105523268e-01
4.3069999963e+02,3.7224626910e+02,6.6084242429e-01
4.3079999963e+02,3.7231234268e+02,6.6062910433e-01
4.3089999963e+02,3.7237839491e+02,6.6041526897e-01
4.3099999963e+02,3.7244442572e+02,6.6020091429e-01
4.3109999963e+02,3.7251043507e+02,6.5998603635e-01
4.3119999963e+02,3.7257642291e+02,6.5977063115e-01
4.3129999963e+02,3.7264238918e+02,6.5955469464e-01
4.3139999963e+02,3.7270833383e+02,6.5933822272e-01
4.3149999963e+02,3.7277425681e+02,6.5912121123e-01
4.3159999963e+02,3.7284015805e+02,6.5890365596e-01
4.3169999963e+02,3.7290603752e+02,6.5868555264e-01
4.3179999963e+02,3.7297189515e+02,6.5846689696e-01
4.3189999963e+02,3.7303773088e+02,6.5824768454e-01
4.3199999963e+02,3.7310354466e+02,6.5802791093e-01
4.3209999963e+02,3.7316933644e+02,6.5780757165e-01
4.3219999963e+02,3.7323510616e+02,6.5758666213e-01
4.3229999962e+02,3.7330085376e+02,6.5736517776e-01
4.3239999962e+02,3.7336657918e+02,6.5714311386e-01
4.3249999962e+02,3.7343228236e+02,6.5692046568e-01
4.3259999962e+02,3.7349796325e+02,6.5669722842e-01
4.3269999962e+02,3.7356362179e+02,6.5647339719e-01
4.3279999962e+02,3.7362925791e+02,6.5624896705e-01
4.3289999962e+02,3.7369487156e+02,6.5602393299e-01
4.3299999962e+02,3.7376046268e+02,6.5579828992e-01
4.3309999962e+02,3.7382603120e+02,6.5557203270e-01
4.3319999962e+02,3.7389157706e+02,6.5534515608e-01
4.3329999962e+02,3.7395710021e+02,6.5511765478e-01
4.3339999962e+02,3.7402260057e+02,6.5488952340e-01
4.3349999962e+02,3.7408807809e+02,6.5466075649e-01
4.3359999962e+02,3.7415353270e+02,6.5443134852e-01
4.3369999962e+02,3.7421896434e+02,6.5420129386e-01
4.3379999962e+02,3.7428437294e+02,6.5397058682e-01
4.3389999962e+02,3.7434975843e+02,6.5373922161e-01
4.3399999962e+02,3.7441512076e+02,6.5350719236e-01
4.3409999962e+02,3.7448045985e+02,6.5327449311e-01
4.3419999962e+02,3.7454577564e+02,6.5304111782e-01
4.3429999962e+02,3.7461106805e+02,6.5280706034e-01
4.3439999962e+02,3.7467633703e+02,6.5257231444e-01
4.3449999962e+02,3.7474158249e+02,6.5233687379e-01
4.3459999962e+02,3.7480680438e+02,6.5210073197e-01
4.3469999962e+02,3.7487200261e+02,6.5186388245e-01
4.3479999962e+02,3.7493717713e+02,6.5162631859e-01
4.3489999962e+02,3.7500232785e+02,6.5138803367e-01
4.3499999962e+02,3.7506745471e+02,6.5114902085e-01
4.3509999962e+02,3.7513255763e+02,6.5090927317e-01
4.3519999962e+02,3.7519763654e+02,6.5066878358e-01
4.3529999962e+02,3.7526269136e+02,6.5042754491e-01
4.3539999962e+02,3.7532772203e+02,6.5018554986e-01
4.3549999962e+02,3.7539272845e+02,6.4994279103e-01
4.3559999962e+02,3.7545771056e+02,6.4969926088e-01
4.3569999962e+02,3.7552266828e+02,6.4945495177e-01
4.3579999962e+02,3.7558760152e+02,6.4920985589e-01
4.3589999962e+02,3.7565251022e+02,6.4896396535e-01
4.3599999962e+02,3.7571739429e+02,6.4871727209e-01
4.3609999962e+02,3.7578225365e+02,6.4846976792e-01
4.3619999962e+02,3.7584708821e+02,6.4822144454e-01
4.3629999961e+02,3.7591189791e+02,6.4797229345e-01
4.3639999961e+02,3.7597668265e+02,6.4772230606e-01
4.3649999961e+02,3.7604144234e+02,6.4747147359e-01
4.3659999961e+02,3.7610617691e+02,6.4721978712e-01
4.3669999961e+02,3.7617088627e+02,6.4696723758e-01
4.3679999961e+02,3.7623557033e+02,6.4671381572e-01
4.3689999961e+02,3.7630022900e+02,6.4645951214e-01
4.3699999961e+02,3.7636486220e+02,6.4620431725e-01
4.3709999961e+02,3.7642946984e+02,6.4594822132e-01
4.3719999961e+02,3.7649405182e+02,6.4569121440e-01
4.3729999961e+02,3.7655860805e+02,6.4543328638e-01
4.3739999961e+02,3.7662313844e+02,6.4517442695e-01
4.3749999961e+02,3.7668764290e+02,6.4491462562e-01
4.3759999961e+02,3.7675212134e+02,6.4465387170e-01
4.3769999961e+02,3.7681657365e+02,6.4439215427e-01
4.3779999961e+02,3.7688099973e+02,6.4412946223e-01
4.3789999961e+02,3.7694539951e+02,6.4386578426e-01
4.3799999961e+02,3.7700977286e+02,6.4360110880e-01
4.3809999961e+02,3.7707411969e+02,6.4333542408e-01
4.3819999961e+02,3.7713843991e+02,6.4306871810e-01
4.3829999961e+02,3.7720273340e+02,6.4280097859e-01
4.3839999961e+02,3.7726700007e+02,6.4253219308e-01
4.3849999961e+02,3.7733123981e+02,6.4226234881e-01
4.3859999961e+02,3.7739545250e+02,6.4199143277e-01
4.3869999961e+02,3.7745963806e+02,6.4171943167e-01
4.3879999961e+02,3.7752379635e+02,6.4144633197e-01
4.3889999961e+02,3.7758792729e+02,6.4117211982e-01
4.3899999961e+02,3.7765203074e+02,6.4089678108e-01
4.3909999961e+02,3.7771610660e+02,6.4062030133e-01
4.3919999961e+02,3.7778015476e+02,6.4034266580e-01
4.3929999961e+02,3.7784417510e+02,6.4006385944e-01
4.3939999961e+02,3.7790816749e+02,6.3978386685e-01
4.3949999961e+02,3.7797213183e+02,6.3950267228e-01
4.3959999961e+02,3.7803606799e+02,6.3922025964e-01
4.3969999961e+02,3.7809997584e+02,6.3893661249e-01
4.3979999961e+02,3.7816385527e+02,6.3865171399e-01
4.3989999961e+02,3.7822770614e+02,6.3836554693e-01
4.3999999961e+02,3.7829152834e+02,6.3807809369e-01
4.4009999961e+02,3.7835532172e+02,6.3778933626e-01
4.4019999960e+02,3.7841908616e+02,6.3749925618e-01
4.4029999960e+02,3.7848282152e+02,6.3720783458e-01
4.4039999960e+02,3.7854652768e+02,6.3691505209e-01
4.4049999960e+02,3.7861020449e+02,6.3662088892e-01
4.4059999960e+02,3.7867385181e+02,6.3632532477e-01
4.4069999960e+02,3.7873746951e+02,6.3602833883e-01
4.4079999960e+02,3.7880105743e+02,6.3572990979e-01
4.4089999960e+02,3.7886461544e+02,6.3543001578e-01
4.4099999960e+02,3.7892814338e+02,6.3512863440e-01
4.4109999960e+02,3.7899164112e+02,6.3482574265e-01
4.4119999960e+02,3.7905510848e+02,6.3452131693e-01
4.4129999960e+02,3.7911854533e+02,6.3421533304e-01
4.4139999960e+02,3.7918195150e+02,6.3390776611e-01
4.4149999960e+02,3.7924532683e+02,6.3359859062e-01
4.4159999960e+02,3.7930867116e+02,6.3328778035e-01
4.4169999960e+02,3.7937198433e+02,6.3297530836e-01
4.4179999960e+02,3.7943526616e+02,6.3266114696e-01
4.4189999960e+02,3.7949851650e+02,6.3234526769e-01
4.4199999960e+02,3.7956173516e+02,6.3202764127e-01
4.4209999960e+02,3.7962492197e+02,6.3170823759e-01
4.4219999960e+02,3.7968807675e+02,6.3138702566e-01
4.4229999960e+02,3.7975119931e+02,6.3106397356e-01
4.4239999960e+02,3.7981428948e+02,6.3073904846e-01
4.4249999960e+02,3.7987734706e+02,6.3041221650e-01
4.4259999960e+02,3.7994037186e+02,6.3008344282e-01
4.4269999960e+02,3.8000336368e+02,6.2975269147e-01
4.4279999960e+02,3.8006632233e+02,6.2941992537e-01
4.4289999960e+02,3.8012924760e+02,6.2908510627e-01
4.4299999960e+02,3.8019213928e+02,6.2874819472e-01
4.4309999960e+02,3.8025499717e+02,6.2840914994e-01
4.4319999960e+02,3.8031782104e+02,6.2806792986e-01
4.4329999960e+02,3.8038061068e+02,6.2772449096e-01
4.4339999960e+02,3.8044336586e+02,6.2737878830e-01
4.4349999960e+02,3.8050608636e+02,6.2703077536e-01
4.4359999960e+02,3.8056877194e+02,6.2668040402e-01
4.4369999960e+02,3.8063142236e+02,6.2632762448e-01
4.4379999960e+02,3.8069403738e+02,6.2597238513e-01
4.4389999960e+02,3.8075661675e+02,6.2561463253e-01
4.4399999960e+02,3.8081916022e+02,6.2525431124e-01
4.4409999960e+02,3.8088166753e+02,6.2489136377e-01
4.4419999959e+02,3.8094413840e+02,6.2452573046e-01
4.4429999959e+02,3.8100657258e+02,6.2415734933e-01
4.4439999959e+02,3.8106896978e+02,6.2378615602e-01
4.4449999959e+02,3.8113132972e+02,6.2341208358e-01
4.4459999959e+02,3.8119365210e+02,6.2303506237e-01
4.4469999959e+02,3.8125593663e+02,6.2265501992e-01
4.4479999959e+02,3.8131818300e+02,6.2227188072e-01
4.4489999959e+02,3.8138039090e+02,6.2188556608e-01
4.4499999959e+02,3.8144256000e+02,6.2149599389e-01
4.4509999959e+02,3.8150468999e+02,6.2110307847e-01
4.4519999959e+02,3.8156678051e+02,6.2070673032e-01
4.4529999959e+02,3.8162883121e+02,6.2030685585e-01
4.4539999959e+02,3.8169084176e+02,6.1990335717e-01
4.4549999959e+02,3.8175281176e+02,6.1949613175e-01
4.4559999959e+02,3.8181474085e+02,6.1908507217e-01
4.4569999959e+02,3.8187662864e+02,6.1867006571e-01
4.4579999959e+02,3.8193847473e+02,6.1825099405e-01
4.4589999959e+02,3.8200027870e+02,6.1782773284e-01
4.4599999959e+02,3.8206204013e+02,6.1740015125e-01
4.4609999959e+02,3.8212375859e+02,6.1696811151e-01
4.4619999959e+02,3.8218543360e+02,6.1653146837e-01
4.4629999959e+02,3.8224706472e+02,6.1609006852e-01
4.4639999959e+02,3.8230865145e+02,6.1564374997e-01
4.4649999959e+02,3.8237019330e+02,6.1519234133e-01
4.4659999959e+02,3.8243168975e+02,6.1473566101e-01
4.4669999959e+02,3.8249314025e+02,6.1427351639e-01
4.4679999959e+02,3.8255454426e+02,6.1380570284e-01
4.4689999959e+02,3.8261590120e+02,6.1333200263e-01
4.4699999959e+02,3.8267721046e+02,6.1285218376e-01
4.4709999959e+02,3.8273847142e+02,6.1236599861e-01
4.4719999959e+02,3.8279968344e+02,6.1187318239e-01
4.4729999959e+02,3.8286084583e+02,6.1137345148e-01
4.4739999959e+02,3.8292195789e+02,6.1086650147e-01
4.4749999959e+02,3.8298301888e+02,6.1035200500e-01
4.4759999959e+02,3.8304402802e+02,6.0982960921e-01
4.4769999959e+02,3.8310498452e+02,6.0929893294e-01
4.4779999959e+02,3.8316588752e+02,6.0875956340e-01
4.4789999959e+02,3.8322673613e+02,6.0821105240e-01
4.4799999959e+02,3.8328752941e+02,6.0765291198e-01
4.4809999959e+02,3.8334826637e+02,6.0708460924e-01
4.4819999958e+02,3.8340894597e+02,6.0650556041e-01
4.4829999958e+02,3.8346956711e+02,6.0591512374e-01
4.4839999958e+02,3.8353012859e+02,6.0531259114e-01
4.4849999958e+02,3.8359062919e+02,6.0469717824e-01
4.4859999958e+02,3.8365106757e+02,6.0406801232e-01
4.4869999958e+02,3.8371144231e+02,6.0342411786e-01
4.4879999958e+02,3.8377175187e+02,6.0276439872e-01
4.4889999958e+02,3.8383199462e+02,6.0208761633e-01
4.4899999958e+02,3.8389216878e+02,6.0139236242e-01
4.4909999958e+02,3.8395227242e+02,6.0067702475e-01
4.4919999958e+02,3.8401230345e+02,5.9993974341e-01
4.4929999958e+02,3.8407225957e+02,5.9917835437e-01
4.4939999958e+02,3.8413213823e+02,5.9839031540e-01
4.4949999958e+02,3.8419193664e+02,5.9757260720e-01
4.4959999958e+02,3.8425165165e+02,5.9672159891e-01
4.4969999958e+02,3.8431127970e+02,5.9583286077e-01
4.4979999958e+02,3.8437081678e+02,5.9490089687e-01
4.4989999958e+02,3.8443025821e+02,5.9391875162e-01
4.4999999958e+02,3.8448959856e+02,5.9287740990e-01
4.5009999958e+02,3.8454883133e+02,5.9176484245e-01
4.5019999958e+02,3.8460794861e+02,5.9056440541e-01
4.5029999958e+02,3.8466694049e+02,5.8925197561e-01
4.5039999958e+02,3.8472579405e+02,5.8779037252e-01
4.5049999958e+02,3.8478449157e+02,5.8611719859e-01
4.5059999958e+02,3.8484300663e+02,5.8411374591e-01
4.5069999958e+02,3.8490129460e+02,5.8150336078e-01
4.5079999958e+02,3.8495925866e+02,5.7733479799e-01
4.5089999958e+02,3.8501646457e+02,5.6050220819e-01
4.5099999958e+02,3.8495545962e+02,-1.1547190930e+00
4.5109999958e+02,3.8483998963e+02,-1.1546806029e+00
4.5119999958e+02,3.8472452350e+02,-1.1546421108e+00
4.5129999958e+02,3.8460906121e+02,-1.1546036164e+00
4.5139999958e+02,3.8449360278e+02,-1.1545651200e+00
4.5149999958e+02,3.8437814819e+02,-1.1545266214e+00
4.5159999958e+02,3.8426269745e+02,-1.1544881206e+00
4.5169999958e+02,3.8414725056e+02,-1.1544496177e+00
4.5179999958e+02,3.8403180753e+02,-1.1544111127e+00
4.5189999958e+02,3.8391636834e+02,-1.1543726055e+00
4.5199999958e+02,3.8380093301e+02,-1.1543340962e+00
4.5209999957e+02,3.8368550152e+02,-1.1542955848e+00
4.5219999957e+02,3.8357007389e+02,-1.1542570712e+00
4.5229999957e+02,3.8345465011e+02,-1.1542185554e+00
4.5239999957e+02,3.8333923018e+02,-1.1541800376e+00
4.5249999957e+02,3.8322381410e+02,-1.1541415175e+00
4.5259999957e+02,3.8310840188e+02,-1.1541029954e+00
4.5269999957e+02,3.8299299350e+02,-1.1540644711e+00
4.5279999957e+02,3.8287758898e+02,-1.1540259446e+00
4.5289999957e+02,3.8276218831e+02,-1.1539874160e+00
4.5299999957e+02,3.8264679150e+02,-1.1539488853e+00
4.5309999957e+02,3.8253139854e+02,-1.1539103524e+00
4.5319999957e+02,3.8241600943e+02,-1.1538718173e+00
4.5329999957e+02,3.8230062417e+02,-1.1538332801e+00
4.5339999957e+02,3.8218524277e+02,-1.1537947408e+00
4.5349999957e+02,3.8206986522e+02,-1.1537561993e+00
4.5359999957e+02,3.8195449153e+02,-1.1537176557e+00
4.5369999957e+02,3.8183912169e+02,-1.1536791099e+00
4.5379999957e+02,3.8172375571e+02,-1.1536405620e+00
4.5389999957e+02,3.8160839358e+02,-1.1536020119e+00
4.5399999957e+02,3.8149303531e+02,-1.1535634597e+00
4.5409999957e+02,3.8137768089e+02,-1.1535249053e+00
4.5419999957e+02,3.8126233033e+02,-1.1534863488e+00
4.5429999957e+02,3.8114698362e+02,-1.1534477901e+00
4.5439999957e+02,3.8103164077e+02,-1.1534092293e+00
4.5449999957e+02,3.8091630177e+02,-1.1533706663e+00
4.5459999957e+02,3.8080096664e+02,-1.1533321012e+00
4.5469999957e+02,3.8068563535e+02,-1.1532935339e+00
4.5479999957e+02,3.8057030793e+02,-1.1532549645e+00
4.5489999957e+02,3.8045498436e+02,-1.1532163929e+00
4.5499999957e+02,3.8033966465e+02,-1.1531778192e+00
4.5509999957e+02,3.8022434880e+02,-1.1531392433e+00
4.5519999957e+02,3.8010903680e+02,-1.1531006652e+00
4.5529999957e+02,3.7999372866e+02,-1.1530620850e+00
4.5539999957e+02,3.7987842438e+02,-1.1530235027e+00
4.5549999957e+02,3.7976312396e+02,-1.1529849182e+00
4.5559999957e+02,3.7964782740e+02,-1.1529463315e+00
4.5569999957e+02,3.7953253470e+02,-1.1529077427e+00
4.5579999957e+02,3.7941724585e+02,-1.1528691517e+00
4.5589999957e+02,3.7930196087e+02,-1.1528305586e+00
4.5599999957e+02,3.7918667974e+02,-1.1527919633e+00
4.5609999956e+02,3.7907140247e+02,-1.1527533658e+00
4.5619999956e+02,3.7895612907e+02,-1.1527147662e+00
4.5629999956e+02,3.7884085952e+02,-1.1526761644e+00
4.5639999956e+02,3.7872559384e+02,-1.1526375605e+00
4.5649999956e+02,3.7861033201e+02,-1.1525989544e+00
4.5659999956e+02,3.7849507404e+02,-1.1525603462e+00
4.5669999956e+02,3.7837981994e+02,-1.1525217358e+00
4.5679999956e+02,3.7826456970e+02,-1.1524831232e+00
4.5689999956e+02,3.7814932332e+02,-1.1524445085e+00
4.5699999956e+02,3.7803408080e+02,-1.1524058916e+00
4.5709999956e+02,3.7791884214e+02,-1.1523672726e+00
4.5719999956e+02,3.7780360734e+02,-1.1523286514e+00
4.5729999956e+02,3.7768837641e+02,-1.1522900280e+00
4.5739999956e+02,3.7757314934e+02,-1.1522514025e+00
4.5749999956e+02,3.7745792613e+02,-1.1522127748e+00
4.5759999956e+02,3.7734270678e+02,-1.1521741449e+00
4.5769999956e+02,3.7722749130e+02,-1.1521355129e+00
4.5779999956e+02,3.7711227968e+02,-1.1520968787e+00
4.5789999956e+02,3.7699707192e+02,-1.1520582423e+00
4.5799999956e+02,3.7688186803e+02,-1.1520196038e+00
4.5809999956e+02,3.7676666800e+02,-1.1519809631e+00
4.5819999956e+02,3.7665147184e+02,-1.1519423203e+00
4.5829999956e+02,3.7653627954e+02,-1.1519036753e+00
4.5839999956e+02,3.7642109110e+02,-1.1518650281e+00
4.5849999956e+02,3.7630590653e+02,-1.1518263787e+00
4.5859999956e+02,3.7619072583e+02,-1.1517877272e+00
4.5869999956e+02,3.7607554899e+02,-1.1517490735e+00
4.5879999956e+02,3.7596037601e+02,-1.1517104177e+00
4.5889999956e+02,3.7584520690e+02,-1.1516717597e+00
4.5899999956e+02,3.7573004166e+02,-1.1516330995e+00
4.5909999956e+02,3.7561488028e+02,-1.1515944371e+00
4.5919999956e+02,3.7549972277e+02,-1.1515557726e+00
4.5929999956e+02,3.7538456913e+02,-1.1515171059e+00
4.5939999956e+02,3.7526941935e+02,-1.1514784370e+00
4.5949999956e+02,3.7515427344e+02,-1.1514397660e+00
4.5959999956e+02,3.7503913140e+02,-1.1514010928e+00
4.5969999956e+02,3.7492399322e+02,-1.1513624174e+00
4.5979999956e+02,3.7480885892e+02,-1.1513237398e+00
4.5989999956e+02,3.7469372848e+02,-1.1512850601e+00
4.5999999956e+02,3.7457860190e+02,-1.1512463782e+00
4.6009999955e+02,3.7446347920e+02,-1.1512076941e+00
4.6019999955e+02,3.7434836036e+02,-1.1511690079e+00
4.6029999955e+02,3.7423324540e+02,-1.1511303195e+00
4.6039999955e+02,3.7411813430e+02,-1.1510916289e+00
4.6049999955e+02,3.7400302707e+02,-1.1510529361e+00
4.6059999955e+02,3.7388792371e+02,-1.1510142412e+00
4.6069999955e+02,3.7377282422e+02,-1.1509755440e+00
4.6079999955e+02,3.7365772860e+02,-1.1509368448e+00
4.6089999955e+02,3.7354263686e+02,-1.1508981433e+00
4.6099999955e+02,3.7342754898e+02,-1.1508594396e+00
4.6109999955e+02,3.7331246497e+02,-1.1508207338e+00
4.6119999955e+02,3.7319738483e+02,-1.1507820258e+00
4.6129999955e+02,3.7308230856e+02,-1.1507433156e+00
4.6139999955e+02,3.7296723617e+02,-1.1507046032e+00
4.6149999955e+02,3.7285216764e+02,-1.1506658887e+00
4.6159999955e+02,3.7273710299e+02,-1.1506271720e+00
4.6169999955e+02,3.7262204221e+02,-1.1505884531e+00
4.6179999955e+02,3.7250698530e+02,-1.1505497320e+00
4.6189999955e+02,3.7239193226e+02,-1.1505110088e+00
4.6199999955e+02,3.7227688310e+02,-1.1504722833e+00
4.6209999955e+02,3.7216183780e+02,-1.1504335557e+00
4.6219999955e+02,3.7204679639e+02,-1.1503948259e+00
4.6229999955e+02,3.7193175884e+02,-1.1503560939e+00
4.6239999955e+02,3.7181672517e+02,-1.1503173597e+00
4.6249999955e+02,3.7170169537e+02,-1.1502786234e+00
4.6259999955e+02,3.7158666944e+02,-1.1502398849e+00
4.6269999955e+02,3.7147164739e+02,-1.1502011441e+00
4.6279999955e+02,3.7135662921e+02,-1.1501624012e+00
4.6289999955e+02,3.7124161491e+02,-1.1501236561e+00
4.6299999955e+02,3.7112660448e+02,-1.1500849089e+00
4.6309999955e+02,3.7101159793e+02,-1.1500461594e+00
4.6319999955e+02,3.7089659525e+02,-1.1500074078e+00
4.6329999955e+02,3.7078159645e+02,-1.1499686540e+00
4.6339999955e+02,3.7066660152e+02,-1.1499298979e+00
4.6349999955e+02,3.7055161047e+02,-1.1498911397e+00
4.6359999955e+02,3.7043662329e+02,-1.1498523794e+00
4.6369999955e+02,3.7032163999e+02,-1.1498136168e+00
4.6379999955e+02,3.7020666057e+02,-1.1497748520e+00
4.6389999955e+02,3.7009168502e+02,-1.1497360851e+00
4.6399999954e+02,3.6997671335e+02,-1.1496973159e+00
4.6409999954e+02,3.6986174556e+02,-1.1496585446e+00
4.6419999954e+02,3.6974678164e+02,-1.1496197711e+00
4.6429999954e+02,3.6963182160e+02,-1.1495809954e+00
4.6439999954e+02,3.6951686544e+02,-1.1495422175e+00
4.6449999954e+02,3.6940191316e+02,-1.1495034374e+00
4.6459999954e+02,3.6928696476e+02,-1.1494646551e+00
4.6469999954e+02,3.6917202023e+02,-1.1494258706e+00
4.6479999954e+02,3.6905707958e+02,-1.1493870840e+00
4.6489999954e+02,3.6894214281e+02,-1.1493482951e+00
4.6499999954e+02,3.6882720992e+02,-1.1493095040e+00
4.6509999954e+02,3.6871228091e+02,-1.1492707108e+00
4.6519999954e+02,3.6859735578e+02,-1.1492319154e+00
4.6529999954e+02,3.6848243453e+02,-1.1491931177e+00
4.6539999954e+02,3.6836751716e+02,-1.1491543179e+00
4.6549999954e+02,3.6825260367e+02,-1.1491155159e+00
4.6559999954e+02,3.6813769405e+02,-1.1490767117e+00
4.6569999954e+02,3.6802278832e+02,-1.1490379053e+00
4.6579999954e+02,3.6790788647e+02,-1.1489990967e+00
4.6589999954e+02,3.6779298850e+02,-1.1489602859e+00
4.6599999954e+02,3.6767809442e+02,-1.1489214729e+00
4.6609999954e+02,3.6756320421e+02,-1.1488826577e+00
4.6619999954e+02,3.6744831789e+02,-1.1488438403e+00
4.6629999954e+02,3.6733343544e+02,-1.1488050207e+00
4.6639999954e+02,3.6721855688e+02,-1.1487661989e+00
4.6649999954e+02,3.6710368220e+02,-1.1487273749e+00
4.6659999954e+02,3.6698881141e+02,-1.1486885487e+00
4.6669999954e+02,3.6687394449e+02,-1.1486497203e+00
4.6679999954e+02,3.6675908146e+02,-1.1486108897e+00
4.6689999954e+02,3.6664422231e+02,-1.1485720569e+00
4.6699999954e+02,3.6652936705e+02,-1.1485332219e+00
4.6709999954e+02,3.6641451567e+02,-1.1484943847e+00
4.6719999954e+02,3.6629966817e+02,-1.1484555454e+00
4.6729999954e+02,3.6618482456e+02,-1.1484167038e+00
4.6739999954e+02,3.6606998483e+02,-1.1483778600e+00
4.6749999954e+02,3.6595514899e+02,-1.1483390140e+00
4.6759999954e+02,3.6584031703e+02,-1.1483001658e+00
4.6769999954e+02,3.6572548896e+02,-1.1482613153e+00
4.6779999954e+02,3.6561066477e+02,-1.1482224627e+00
4.6789999954e+02,3.6549584446e+02,-1.1481836079e+00
4.6799999953e+02,3.6538102805e+02,-1.1481447509e+00
4.6809999953e+02,3.6526621551e+02,-1.1481058917e+00
4.6819999953e+02,3.6515140687e+02,-1.1480670302e+00
4.6829999953e+02,3.6503660211e+02,-1.1480281666e+00
4.6839999953e+02,3.6492180123e+02,-1.1479893008e+00
4.6849999953e+02,3.6480700425e+02,-1.1479504327e+00
4.6859999953e+02,3.6469221115e+02,-1.1479115624e+00
4.6869999953e+02,3.6457742194e+02,-1.1478726900e+00
4.6879999953e+02,3.6446263661e+02,-1.1478338153e+00
4.6889999953e+02,3.6434785517e+02,-1.1477949384e+00
4.6899999953e+02,3.6423307762e+02,-1.1477560593e+00
4.6909999953e+02,3.6411830396e+02,-1.1477171780e+00
4.6919999953e+02,3.6400353419e+02,-1.1476782945e+00
4.6929999953e+02,3.6388876830e+02,-1.1476394088e+00
4.6939999953e+02,3.6377400631e+02,-1.1476005209e+00
4.6949999953e+02,3.6365924820e+02,-1.1475616307e+00
4.6959999953e+02,3.6354449398e+02,-1.1475227384e+00
4.6969999953e+02,3.6342974365e+02,-1.1474838438e+00
4.6979999953e+02,3.6331499721e+02,-1.1474449470e+00
4.6989999953e+02,3.6320025466e+02,-1.1474060480e+00
4.6999999953e+02,3.6308551600e+02,-1.1473671468e+00
4.7009999953e+02,3.6297078123e+02,-1.1473282434e+00
4.7019999953e+02,3.6285605035e+02,-1.1472893378e+00
4.7029999953e+02,3.6274132336e+02,-1.1472504299e+00
4.7039999953e+02,3.6262660027e+02,-1.1472115199e+00
4.7049999953e+02,3.6251188106e+02,-1.1471726076e+00
4.7059999953e+02,3.6239716575e+02,-1.1471336931e+00
4.7069999953e+02,3.6228245432e+02,-1.1470947764e+00
4.7079999953e+02,3.6216774679e+02,-1.1470558575e+00
4.7089999953e+02,3.6205304315e+02,-1.1470169363e+00
4.7099999953e+02,3.6193834340e+02,-1.1469780130e+00
4.7109999953e+02,3.6182364755e+02,-1.1469390874e+00
4.7119999953e+02,3.6170895559e+02,-1.1469001596e+00
4.7129999953e+02,3.6159426752e+02,-1.1468612296e+00
4.7139999953e+02,3.6147958334e+02,-1.1468222973e+00
4.7149999953e+02,3.6136490306e+02,-1.1467833629e+00
4.7159999953e+02,3.6125022667e+02,-1.1467444262e+00
4.7169999953e+02,3.6113555417e+02,-1.1467054873e+00
4.7179999953e+02,3.6102088557e+02,-1.1466665462e+00
4.7189999952e+02,3.6090622086e+02,-1.1466276029e+00
4.7199999952e+02,3.6079156005e+02,-1.1465886573e+00
4.7209999952e+02,3.6067690313e+02,-1.1465497096e+00
4.7219999952e+02,3.6056225011e+02,-1.1465107596e+00
4.7229999952e+02,3.6044760098e+02,-1.1464718074e+00
4.7239999952e+02,3.6033295575e+02,-1.1464328529e+00
4.7249999952e+02,3.6021831441e+02,-1.1463938963e+00
4.7259999952e+02,3.6010367697e+02,-1.1463549374e+00
4.7269999952e+02,3.5998904342e+02,-1.1463159763e+00
4.7279999952e+02,3.5987441377e+02,-1.1462770129e+00
4.7289999952e+02,3.5975978802e+02,-1.1462380474e+00
4.7299999952e+02,3.5964516616e+02,-1.1461990796e+00
4.7309999952e+02,3.5953054820e+02,-1.1461601096e+00
4.7319999952e+02,3.5941593414e+02,-1.1461211373e+00
4.7329999952e+02,3.5930132398e+02,-1.1460821629e+00
4.7339999952e+02,3.5918671771e+02,-1.1460431862e+00
4.7349999952e+02,3.5907211534e+02,-1.1460042072e+00
4.7359999952e+02,3.5895751687e+02,-1.1459652261e+00
4.7369999952e+02,3.5884292229e+02,-1.1459262427e+00
4.7379999952e+02,3.5872833162e+02,-1.1458872571e+00
4.7389999952e+02,3.5861374484e+02,-1.1458482693e+00
4.7399999952e+02,3.5849916196e+02,-1.1458092792e+00
4.7409999952e+02,3.5838458299e+02,-1.1457702869e+00
4.7419999952e+02,3.5827000791e+02,-1.1457312924e+00
4.7429999952e+02,3.5815543673e+02,-1.1456922957e+00
4.7439999952e+02,3.5804086945e+02,-1.1456532967e+00
4.7449999952e+02,3.5792630607e+02,-1.1456142955e+00
4.7459999952e+02,3.5781174659e+02,-1.1455752920e+00
4.7469999952e+02,3.5769719101e+02,-1.1455362863e+00
4.7479999952e+02,3.5758263933e+02,-1.1454972784e+00
4.7489999952e+02,3.5746809155e+02,-1.1454582683e+00
4.7499999952e+02,3.5735354768e+02,-1.1454192559e+00
4.7509999952e+02,3.5723900770e+02,-1.1453802413e+00
4.7519999952e+02,3.5712447163e+02,-1.1453412244e+00
4.7529999952e+02,3.5700993946e+02,-1.1453022053e+00
4.7539999952e+02,3.5689541119e+02,-1.1452631840e+00
4.7549999952e+02,3.5678088682e+02,-1.1452241605e+00
4.7559999952e+02,3.5666636636e+02,-1.1451851347e+00
4.7569999952e+02,3.5655184979e+02,-1.1451461066e+00
4.7579999952e+02,3.5643733714e+02,-1.1451070764e+00
4.7589999951e+02,3.5632282838e+02,-1.1450680439e+00
4.7599999951e+02,3.5620832353e+02,-1.1450290091e+00
4.7609999951e+02,3.5609382258e+02,-1.1449899722e+00
4.7619999951e+02,3.5597932553e+02,-1.1449509330e+00
4.7629999951e+02,3.5586483239e+02,-1.1449118915e+00
4.7639999951e+02,3.5575034315e+02,-1.1448728478e+00
4.7649999951e+02,3.5563585782e+02,-1.1448338019e+00
4.7659999951e+02,3.5552137639e+02,-1.1447947537e+00
4.7669999951e+02,3.5540689887e+02,-1.1447557033e+00
4.7679999951e+02,3.5529242525e+02,-1.1447166506e+00
4.7689999951e+02,3.5517795554e+02,-1.1446775957e+00
4.7699999951e+02,3.5506348973e+02,-1.1446385386e+00
4.7709999951e+02,3.5494902783e+02,-1.1445994792e+00
4.7719999951e+02,3.5483456984e+02,-1.1445604176e+00
4.7729999951e+02,3.5472011575e+02,-1.1445213537e+00
4.7739999951e+02,3.5460566557e+02,-1.1444822876e+00
4.7749999951e+02,3.5449121929e+02,-1.1444432192e+00
4.7759999951e+02,3.5437677692e+02,-1.1444041486e+00
4.7769999951e+02,3.5426233846e+02,-1.1443650758e+00
4.7779999951e+02,3.5414790391e+02,-1.1443260007e+00
4.7789999951e+02,3.5403347326e+02,-1.1442869234e+00
4.7799999951e+02,3.5391904652e+02,-1.1442478438e+00
4.7809999951e+02,3.5380462369e+02,-1.1442087620e+00
4.7819999951e+02,3.5369020477e+02,-1.1441696779e+00
4.7829999951e+02,3.5357578976e+02,-1.1441305916e+00
4.7839999951e+02,3.5346137865e+02,-1.1440915030e+00
4.7849999951e+02,3.5334697146e+02,-1.1440524122e+00
4.7859999951e+02,3.5323256817e+02,-1.1440133191e+00
4.7869999951e+02,3.5311816879e+02,-1.1439742238e+00
4.7879999951e+02,3.5300377333e+02,-1.1439351262e+00
4.7889999951e+02,3.5288938177e+02,-1.1438960264e+00
4.7899999951e+02,3.5277499412e+02,-1.1438569244e+00
4.7909999951e+02,3.5266061038e+02,-1.1438178200e+00
4.7919999951e+02,3.5254623056e+02,-1.1437787135e+00
4.7929999951e+02,3.5243185464e+02,-1.1437396047e+00
4.7939999951e+02,3.5231748264e+02,-1.1437004936e+00
4.7949999951e+02,3.5220311454e+02,-1.1436613803e+00
4.7959999951e+02,3.5208875036e+02,-1.1436222647e+00
4.7969999951e+02,3.5197439009e+02,-1.1435831469e+00
4.7979999951e+02,3.5186003373e+02,-1.1435440268e+00
4.7989999950e+02,3.5174568128e+02,-1.1435049044e+00
4.7999999950e+02,3.5163133275e+02,-1.1434657798e+00
4.8009999950e+02,3.5151698813e+02,-1.1434266530e+00
4.8019999950e+02,3.5140264742e+02,-1.1433875239e+00
4.8029999950e+02,3.5128831062e+02,-1.1433483925e+00
4.8039999950e+02,3.5117397774e+02,-1.1433092589e+00
4.8049999950e+02,3.5105964877e+02,-1.1432701231e+00
4.8059999950e+02,3.5094532372e+02,-1.1432309849e+00
4.8069999950e+02,3.5083100258e+02,-1.1431918445e+00
4.8079999950e+02,3.5071668535e+02,-1.1431527019e+00
4.8089999950e+02,3.5060237204e+02,-1.1431135570e+00
4.8099999950e+02,3.5048806264e+02,-1.1430744098e+00
4.8109999950e+02,3.5037375715e+02,-1.1430352604e+00
4.8119999950e+02,3.5025945559e+02,-1.1429961087e+00
4.8129999950e+02,3.5014515793e+02,-1.1429569548e+00
4.8139999950e+02,3.5003086419e+02,-1.1429177986e+00
4.8149999950e+02,3.4991657437e+02,-1.1428786401e+00
4.8159999950e+02,3.4980228847e+02,-1.1428394794e+00
4.8169999950e+02,3.4968800648e+02,-1.1428003164e+00
4.8179999950e+02,3.4957372840e+02,-1.1427611512e+00
4.8189999950e+02,3.4945945425e+02,-1.1427219837e+00
4.8199999950e+02,3.4934518401e+02,-1.1426828139e+00
4.8209999950e+02,3.4923091768e+02,-1.1426436419e+00
4.8219999950e+02,3.4911665528e+02,-1.1426044676e+00
4.8229999950e+02,3.4900239679e+02,-1.1425652910e+00
4.8239999950e+02,3.4888814222e+02,-1.1425261122e+00
4.8249999950e+02,3.4877389157e+02,-1.1424869311e+00
4.8259999950e+02,3.4865964483e+02,-1.1424477478e+00
4.8269999950e+02,3.4854540202e+02,-1.1424085621e+00
4.8279999950e+02,3.4843116312e+02,-1.1423693742e+00
4.8289999950e+02,3.4831692814e+02,-1.1423301841e+00
4.8299999950e+02,3.4820269708e+02,-1.1422909917e+00
4.8309999950e+02,3.4808846995e+02,-1.1422517970e+00
4.8319999950e+02,3.4797424673e+02,-1.1422126000e+00
4.8329999950e+02,3.4786002743e+02,-1.1421734008e+00
4.8339999950e+02,3.4774581205e+02,-1.1421341993e+00
4.8349999950e+02,3.4763160059e+02,-1.1420949955e+00
4.8359999950e+02,3.4751739305e+02,-1.1420557895e+00
4.8369999950e+02,3.4740318943e+02,-1.1420165812e+00
4.8379999949e+02,3.4728898973e+02,-1.1419773706e+00
4.8389999949e+02,3.4717479395e+02,-1.1419381578e+00
4.8399999949e+02,3.4706060210e+02,-1.1418989426e+00
4.8409999949e+02,3.4694641417e+02,-1.1418597253e+00
4.8419999949e+02,3.4683223015e+02,-1.1418205056e+00
4.8429999949e+02,3.4671805006e+02,-1.1417812837e+00
4.8439999949e+02,3.4660387390e+02,-1.1417420595e+00
4.8449999949e+02,3.4648970165e+02,-1.1417028330e+00
4.8459999949e+02,3.4637553333e+02,-1.1416636042e+00
4.8469999949e+02,3.4626136893e+02,-1.1416243732e+00
4.8479999949e+02,3.4614720846e+02,-1.1415851399e+00
4.8489999949e+02,3.4603305190e+02,-1.1415459043e+00
4.8499999949e+02,3.4591889928e+02,-1.1415066664e+00
4.8509999949e+02,3.4580475057e+02,-1.1414674263e+00
4.8519999949e+02,3.4569060579e+02,-1.1414281839e+00
4.8529999949e+02,3.4557646493e+02,-1.1413889392e+00
4.8539999949e+02,3.4546232800e+02,-1.1413496923e+00
4.8549999949e+02,3.4534819500e+02,-1.1413104430e+00
4.8559999949e+02,3.4523406591e+02,-1.1412711915e+00
4.8569999949e+02,3.4511994076e+02,-1.1412319377e+00
4.8579999949e+02,3.4500581953e+02,-1.1411926816e+00
4.8589999949e+02,3.4489170222e+02,-1.1411534233e+00
4.8599999949e+02,3.4477758884e+02,-1.1411141626e+00
4.8609999949e+02,3.4466347939e+02,-1.1410748997e+00
4.8619999949e+02,3.4454937386e+02,-1.1410356345e+00
4.8629999949e+02,3.4443527226e+02,-1.1409963670e+00
4.8639999949e+02,3.4432117459e+02,-1.1409570973e+00
4.8649999949e+02,3.4420708084e+02,-1.1409178252e+00
4.8659999949e+02,3.4409299102e+02,-1.1408785509e+00
4.8669999949e+02,3.4397890513e+02,-1.1408392743e+00
4.8679999949e+02,3.4386482317e+02,-1.1407999954e+00
4.8689999949e+02,3.4375074513e+02,-1.1407607142e+00
4.8699999949e+02,3.4363667103e+02,-1.1407214308e+00
4.8709999949e+02,3.4352260085e+02,-1.1406821450e+00
4.8719999949e+02,3.4340853460e+02,-1.1406428570e+00
4.8729999949e+02,3.4329447228e+02,-1.1406035667e+00
4.8739999949e+02,3.4318041388e+02,-1.1405642741e+00
4.8749999949e+02,3.4306635942e+02,-1.1405249792e+00
4.8759999949e+02,3.4295230889e+02,-1.1404856820e+00
4.8769999949e+02,3.4283826228e+02,-1.1404463826e+00
4.8779999948e+02,3.4272421961e+02,-1.1404070808e+00
4.8789999948e+02,3.4261018087e+02,-1.1403677768e+00
4.8799999948e+02,3.4249614606e+02,-1.1403284704e+00
4.8809999948e+02,3.4238211517e+02,-1.1402891618e+00
4.8819999948e+02,3.4226808822e+02,-1.1402498509e+00
4.8829999948e+02,3.4215406520e+02,-1.1402105377e+00
4.8839999948e+02,3.4204004612e+02,-1.1401712222e+00
4.8849999948e+02,3.4192603096e+02,-1.1401319045e+00
4.8859999948e+02,3.4181201974e+02,-1.1400925844e+00
4.8869999948e+02,3.4169801244e+02,-1.1400532620e+00
4.8879999948e+02,3.4158400908e+02,-1.1400139374e+00
4.8889999948e+02,3.4147000966e+02,-1.1399746104e+00
4.8899999948e+02,3.4135601416e+02,-1.1399352812e+00
4.8909999948e+02,3.4124202260e+02,-1.1398959497e+00
4.8919999948e+02,3.4112803497e+02,-1.1398566158e+00
4.8929999948e+02,3.4101405128e+02,-1.1398172797e+00
4.8939999948e+02,3.4090007152e+02,-1.1397779413e+00
4.8949999948e+02,3.4078609569e+02,-1.1397386006e+00
4.8959999948e+02,3.4067212380e+02,-1.1396992576e+00
4.8969999948e+02,3.4055815584e+02,-1.1396599123e+00
4.8979999948e+02,3.4044419181e+02,-1.1396205647e+00
4.8989999948e+02,3.4033023172e+02,-1.1395812148e+00
4.8999999948e+02,3.4021627557e+02,-1.1395418626e+00
4.9009999948e+02,3.4010232335e+02,-1.1395025081e+00
4.9019999948e+02,3.3998837507e+02,-1.1394631514e+00
4.9029999948e+02,3.3987443072e+02,-1.1394237923e+00
4.9039999948e+02,3.3976049031e+02,-1.1393844309e+00
4.9049999948e+02,3.3964655384e+02,-1.1393450672e+00
4.9059999948e+02,3.3953262130e+02,-1.1393057012e+00
4.9069999948e+02,3.3941869270e+02,-1.1392663329e+00
4.9079999948e+02,3.3930476803e+02,-1.1392269624e+00
4.9089999948e+02,3.3919084730e+02,-1.1391875895e+00
4.9099999948e+02,3.3907693051e+02,-1.1391482143e+00
4.9109999948e+02,3.3896301766e+02,-1.1391088368e+00
4.9119999948e+02,3.3884910875e+02,-1.1390694570e+00
4.9129999948e+02,3.3873520377e+02,-1.1390300749e+00
4.9139999948e+02,3.3862130273e+02,-1.1389906905e+00
4.9149999948e+02,3.3850740563e+02,-1.1389513038e+00
4.9159999948e+02,3.3839351247e+02,-1.1389119148e+00
4.9169999947e+02,3.3827962325e+02,-1.1388725235e+00
4.9179999947e+02,3.3816573797e+02,-1.1388331299e+00
4.9189999947e+02,3.3805185662e+02,-1.1387937340e+00
4.9199999947e+02,3.3793797922e+02,-1.1387543357e+00
4.9209999947e+02,3.3782410575e+02,-1.1387149352e+00
4.9219999947e+02,3.3771023623e+02,-1.1386755324e+00
4.9229999947e+02,3.3759637065e+02,-1.1386361272e+00
4.9239999947e+02,3.3748250901e+02,-1.1385967197e+00
4.9249999947e+02,3.3736865130e+02,-1.1385573100e+00
4.9259999947e+02,3.3725479754e+02,-1.1385178979e+00
4.9269999947e+02,3.3714094773e+02,-1.1384784835e+00
4.9279999947e+02,3.3702710185e+02,-1.1384390668e+00
4.9289999947e+02,3.3691325991e+02,-1.1383996478e+00
4.9299999947e+02,3.3679942192e+02,-1.1383602265e+00
4.9309999947e+02,3.3668558787e+02,-1.1383208029e+00
4.9319999947e+02,3.3657175776e+02,-1.1382813770e+00
4.9329999947e+02,3.3645793159e+02,-1.1382419487e+00
4.9339999947e+02,3.3634410937e+02,-1.1382025182e+00
4.9349999947e+02,3.3623029109e+02,-1.1381630853e+00
4.9359999947e+02,3.3611647675e+02,-1.1381236501e+00
4.9369999947e+02,3.3600266636e+02,-1.1380842126e+00
4.9379999947e+02,3.3588885991e+02,-1.1380447728e+00
4.9389999947e+02,3.3577505740e+02,-1.1380053307e+00
4.9399999947e+02,3.3566125884e+02,-1.1379658862e+00
4.9409999947e+02,3.3554746423e+02,-1.1379264395e+00
4.9419999947e+02,3.3543367355e+02,-1.1378869904e+00
4.9429999947e+02,3.3531988683e+02,-1.1378475390e+00
4.9439999947e+02,3.3520610405e+02,-1.1378080853e+00
4.9449999947e+02,3.3509232521e+02,-1.1377686293e+00
4.9459999947e+02,3.3497855032e+02,-1.1377291710e+00
4.9469999947e+02,3.3486477938e+02,-1.1376897103e+00
4.9479999947e+02,3.3475101238e+02,-1.1376502474e+00
4.9489999947e+02,3.3463724933e+02,-1.1376107821e+00
4.9499999947e+02,3.3452349022e+02,-1.1375713144e+00
4.9509999947e+02,3.3440973506e+02,-1.1375318445e+00
4.9519999947e+02,3.3429598385e+02,-1.1374923723e+00
4.9529999947e+02,3.3418223659e+02,-1.1374528977e+00
4.9539999947e+02,3.3406849327e+02,-1.1374134208e+00
4.9549999947e+02,3.3395475391e+02,-1.1373739416e+00
4.9559999947e+02,3.3384101849e+02,-1.1373344601e+00
4.9569999946e+02,3.3372728701e+02,-1.1372949762e+00
4.9579999946e+02,3.3361355949e+02,-1.1372554900e+00
4.9589999946e+02,3.3349983592e+02,-1.1372160015e+00
4.9599999946e+02,3.3338611629e+02,-1.1371765107e+00
4.9609999946e+02,3.3327240061e+02,-1.1371370175e+00
4.9619999946e+02,3.3315868889e+02,-1.1370975221e+00
4.9629999946e+02,3.3304498111e+02,-1.1370580243e+00
4.9639999946e+02,3.3293127728e+02,-1.1370185241e+00
4.9649999946e+02,3.3281757741e+02,-1.1369790217e+00
4.9659999946e+02,3.3270388148e+02,-1.1369395169e+00
4.9669999946e+02,3.3259018950e+02,-1.1369000098e+00
4.9679999946e+02,3.3247650148e+02,-1.1368605004e+00
4.9689999946e+02,3.3236281740e+02,-1.1368209886e+00
4.9699999946e+02,3.3224913728e+02,-1.1367814745e+00
4.9709999946e+02,3.3213546111e+02,-1.1367419581e+00
4.9719999946e+02,3.3202178889e+02,-1.1367024393e+00
4.9729999946e+02,3.3190812062e+02,-1.1366629183e+00
4.9739999946e+02,3.3179445630e+02,-1.1366233949e+00
4.9749999946e+02,3.3168079594e+02,-1.1365838691e+00
4.9759999946e+02,3.3156713953e+02,-1.1365443411e+00
4.9769999946e+02,3.3145348707e+02,-1.1365048107e+00
4.9779999946e+02,3.3133983857e+02,-1.1364652779e+00
4.9789999946e+02,3.3122619402e+02,-1.1364257429e+00
4.9799999946e+02,3.3111255342e+02,-1.1363862055e+00
4.9809999946e+02,3.3099891678e+02,-1.1363466658e+00
4.9819999946e+02,3.3088528409e+02,-1.1363071237e+00
4.9829999946e+02,3.3077165535e+02,-1.1362675793e+00
4.9839999946e+02,3.3065803057e+02,-1.1362280326e+00
4.9849999946e+02,3.3054440974e+02,-1.1361884835e+00
4.9859999946e+02,3.3043079287e+02,-1.1361489321e+00
4.9869999946e+02,3.3031717996e+02,-1.1361093784e+00
4.9879999946e+02,3.3020357100e+02,-1.1360698223e+00
4.9889999946e+02,3.3008996599e+02,-1.1360302639e+00
4.9899999946e+02,3.2997636495e+02,-1.1359907032e+00
4.9909999946e+02,3.2986276785e+02,-1.1359511401e+00
4.9919999946e+02,3.2974917472e+02,-1.1359115747e+00
4.9929999946e+02,3.2963558554e+02,-1.1358720069e+00
4.9939999946e+02,3.2952200032e+02,-1.1358324368e+00
4.9949999946e+02,3.2940841905e+02,-1.1357928644e+00
4.9959999946e+02,3.2929484174e+02,-1.1357532896e+00
4.9969999945e+02,3.2918126839e+02,-1.1357137125e+00
4.9979999945e+02,3.2906769900e+02,-1.1356741330e+00
4.9989999945e+02,3.2895413357e+02,-1.1356345512e+00
4.9999999945e+02,3.2884057209e+02,-1.1355949671e+00
5.0009999945e+02,3.2872701457e+02,-1.1355553806e+00
5.0019999945e+02,3.2861346101e+02,-1.1355157918e+00
5.0029999945e+02,3.2849991142e+02,-1.1354762006e+00
5.0039999945e+02,3.2838636577e+02,-1.1354366071e+00
5.0049999945e+02,3.2827282409e+02,-1.1353970113e+00
5.0059999945e+02,3.2815928637e+02,-1.1353574131e+00
5.0069999945e+02,3.2804575261e+02,-1.1353178126e+00
5.0079999945e+02,3.2793222281e+02,-1.1352782097e+00
5.0089999945e+02,3.2781869697e+02,-1.1352386044e+00
5.0099999945e+02,3.2770517509e+02,-1.1351989969e+00
5.0109999945e+02,3.2759165717e+02,-1.1351593869e+00
5.0119999945e+02,3.2747814321e+02,-1.1351197747e+00
5.0129999945e+02,3.2736463322e+02,-1.1350801601e+00
5.0139999945e+02,3.2725112718e+02,-1.1350405431e+00
5.0149999945e+02,3.2713762511e+02,-1.1350009238e+00
5.0159999945e+02,3.2702412700e+02,-1.1349613021e+00
5.0169999945e+02,3.2691063285e+02,-1.1349216781e+00
5.0179999945e+02,3.2679714266e+02,-1.1348820517e+00
5.0189999945e+02,3.2668365644e+02,-1.1348424230e+00
5.0199999945e+02,3.2657017418e+02,-1.1348027920e+00
5.0209999945e+02,3.2645669588e+02,-1.1347631586e+00
5.0219999945e+02,3.2634322154e+02,-1.1347235228e+00
5.0229999945e+02,3.2622975117e+02,-1.1346838847e+00
5.0239999945e+02,3.2611628477e+02,-1.1346442442e+00
5.0249999945e+02,3.2600282232e+02,-1.1346046014e+00
5.0259999945e+02,3.2588936385e+02,-1.1345649562e+00
5.0269999945e+02,3.2577590933e+02,-1.1345253087e+00
5.0279999945e+02,3.2566245879e+02,-1.1344856588e+00
5.0289999945e+02,3.2554901220e+02,-1.1344460066e+00
5.0299999945e+02,3.2543556958e+02,-1.1344063520e+00
5.0309999945e+02,3.2532213093e+02,-1.1343666950e+00
5.0319999945e+02,3.2520869624e+02,-1.1343270357e+00
5.0329999945e+02,3.2509526552e+02,-1.1342873741e+00
5.0339999945e+02,3.2498183877e+02,-1.1342477101e+00
5.0349999945e+02,3.2486841598e+02,-1.1342080437e+00
5.0359999944e+02,3.2475499716e+02,-1.1341683750e+00
5.0369999944e+02,3.2464158231e+02,-1.1341287039e+00
5.0379999944e+02,3.2452817142e+02,-1.1340890304e+00
5.0389999944e+02,3.2441476450e+02,-1.1340493546e+00
5.0399999944e+02,3.2430136155e+02,-1.1340096765e+00
5.0409999944e+02,3.2418796257e+02,-1.1339699959e+00
5.0419999944e+02,3.2407456755e+02,-1.1339303130e+00
5.0429999944e+02,3.2396117650e+02,-1.1338906278e+00
5.0439999944e+02,3.2384778943e+02,-1.1338509402e+00
5.0449999944e+02,3.2373440632e+02,-1.1338112502e+00
5.0459999944e+02,3.2362102718e+02,-1.1337715579e+00
5.0469999944e+02,3.2350765200e+02,-1.1337318632e+00
5.0479999944e+02,3.2339428080e+02,-1.1336921661e+00
5.0489999944e+02,3.2328091357e+02,-1.1336524667e+00
5.0499999944e+02,3.2316755031e+02,-1.1336127649e+00
5.0509999944e+02,3.2305419102e+02,-1.1335730608e+00
5.0519999944e+02,3.2294083570e+02,-1.1335333543e+00
5.0529999944e+02,3.2282748435e+02,-1.1334936454e+00
5.0539999944e+02,3.2271413697e+02,-1.1334539341e+00
5.0549999944e+02,3.2260079356e+02,-1.1334142205e+00
5.0559999944e+02,3.2248745412e+02,-1.1333745045e+00
5.0569999944e+02,3.2237411866e+02,-1.1333347862e+00
5.0579999944e+02,3.2226078717e+02,-1.1332950655e+00
5.0589999944e+02,3.2214745965e+02,-1.1332553424e+00
5.0599999944e+02,3.2203413610e+02,-1.1332156169e+00
5.0609999944e+02,3.2192081652e+02,-1.1331758891e+00
5.0619999944e+02,3.2180750092e+02,-1.1331361589e+00
5.0629999944e+02,3.2169418929e+02,-1.1330964264e+00
5.0639999944e+02,3.2158088164e+02,-1.1330566914e+00
5.0649999944e+02,3.2146757795e+02,-1.1330169541e+00
5.0659999944e+02,3.2135427825e+02,-1.1329772145e+00
5.0669999944e+02,3.2124098251e+02,-1.1329374724e+00
5.0679999944e+02,3.2112769075e+02,-1.1328977280e+00
5.0689999944e+02,3.2101440297e+02,-1.1328579812e+00
5.0699999944e+02,3.2090111915e+02,-1.1328182320e+00
5.0709999944e+02,3.2078783932e+02,-1.1327784805e+00
5.0719999944e+02,3.2067456346e+02,-1.1327387266e+00
5.0729999944e+02,3.2056129157e+02,-1.1326989703e+00
5.0739999944e+02,3.2044802366e+02,-1.1326592116e+00
5.0749999944e+02,3.2033475973e+02,-1.1326194506e+00
5.0759999943e+02,3.2022149977e+02,-1.1325796872e+00
5.0769999943e+02,3.2010824379e+02,-1.1325399214e+00
5.0779999943e+02,3.1999499179e+02,-1.1325001532e+00
5.0789999943e+02,3.1988174376e+02,-1.1324603827e+00
5.0799999943e+02,3.1976849971e+02,-1.1324206098e+00
5.0809999943e+02,3.1965525964e+02,-1.1323808345e+00
5.0819999943e+02,3.1954202355e+02,-1.1323410568e+00
5.0829999943e+02,3.1942879143e+02,-1.1323012767e+00
5.0839999943e+02,3.1931556329e+02,-1.1322614943e+00
5.0849999943e+02,3.1920233913e+02,-1.1322217095e+00
5.0859999943e+02,3.1908911895e+02,-1.1321819223e+00
5.0869999943e+02,3.1897590275e+02,-1.1321421327e+00
5.0879999943e+02,3.1886269052e+02,-1.1321023407e+00
5.0889999943e+02,3.1874948228e+02,-1.1320625464e+00
5.0899999943e+02,3.1863627801e+02,-1.1320227497e+00
5.0909999943e+02,3.1852307773e+02,-1.1319829506e+00
5.0919999943e+02,3.1840988142e+02,-1.1319431491e+00
5.0929999943e+02,3.1829668910e+02,-1.1319033452e+00
5.0939999943e+02,3.1818350076e+02,-1.1318635389e+00
5.0949999943e+02,3.1807031639e+02,-1.1318237303e+00
5.0959999943e+02,3.1795713601e+02,-1.1317839193e+00
5.0969999943e+02,3.1784395961e+02,-1.1317441058e+00
5.0979999943e+02,3.1773078719e+02,-1.1317042900e+00
5.0989999943e+02,3.1761761875e+02,-1.1316644718e+00
5.0999999943e+02,3.1750445429e+02,-1.1316246513e+00
5.1009999943e+02,3.1739129382e+02,-1.1315848283e+00
5.1019999943e+02,3.1727813733e+02,-1.1315450030e+00
5.1029999943e+02,3.1716498482e+02,-1.1315051752e+00
5.1039999943e+02,3.1705183629e+02,-1.1314653451e+00
5.1049999943e+02,3.1693869175e+02,-1.1314255126e+00
5.1059999943e+02,3.1682555119e+02,-1.1313856777e+00
5.1069999943e+02,3.1671241462e+02,-1.1313458404e+00
5.1079999943e+02,3.1659928202e+02,-1.1313060007e+00
5.1089999943e+02,3.1648615342e+02,-1.1312661586e+00
5.1099999943e+02,3.1637302879e+02,-1.1312263141e+00
5.1109999943e+02,3.1625990815e+02,-1.1311864672e+00
5.1119999943e+02,3.1614679150e+02,-1.1311466180e+00
5.1129999943e+02,3.1603367883e+02,-1.1311067663e+00
5.1139999943e+02,3.1592057014e+02,-1.1310669123e+00
5.1149999942e+02,3.1580746545e+02,-1.1310270559e+00
5.1159999942e+02,3.1569436473e+02,-1.1309871970e+00
5.1169999942e+02,3.1558126801e+02,-1.1309473358e+00
5.1179999942e+02,3.1546817527e+02,-1.1309074722e+00
5.1189999942e+02,3.1535508651e+02,-1.1308676062e+00
5.1199999942e+02,3.1524200175e+02,-1.1308277377e+00
5.1209999942e+02,3.1512892097e+02,-1.1307878669e+00
5.1219999942e+02,3.1501584417e+02,-1.1307479937e+00
5.1229999942e+02,3.1490277137e+02,-1.1307081181e+00
5.1239999942e+02,3.1478970255e+02,-1.1306682401e+00
5.1249999942e+02,3.1467663772e+02,-1.1306283597e+00
5.1259999942e+02,3.1456357688e+02,-1.1305884769e+00
5.1269999942e+02,3.1445052002e+02,-1.1305485917e+00
5.1279999942e+02,3.1433746716e+02,-1.1305087041e+00
5.1289999942e+02,3.1422441828e+02,-1.1304688141e+00
5.1299999942e+02,3.1411137340e+02,-1.1304289217e+00
5.1309999942e+02,3.1399833250e+02,-1.1303890269e+00
5.1319999942e+02,3.1388529559e+02,-1.1303491297e+00
5.1329999942e+02,3.1377226267e+02,-1.1303092300e+00
5.1339999942e+02,3.1365923374e+02,-1.1302693280e+00
5.1349999942e+02,3.1354620881e+02,-1.1302294236e+00
5.1359999942e+02,3.1343318786e+02,-1.1301895168e+00
5.1369999942e+02,3.1332017090e+02,-1.1301496076e+00
5.1379999942e+02,3.1320715794e+02,-1.1301096959e+00
5.1389999942e+02,3.1309414896e+02,-1.1300697819e+00
5.1399999942e+02,3.1298114398e+02,-1.1300298655e+00
5.1409999942e+02,3.1286814299e+02,-1.1299899466e+00
5.1419999942e+02,3.1275514599e+02,-1.1299500253e+00
5.1429999942e+02,3.1264215299e+02,-1.1299101017e+00
5.1439999942e+02,3.1252916397e+02,-1.1298701756e+00
5.1449999942e+02,3.1241617895e+02,-1.1298302471e+00
5.1459999942e+02,3.1230319792e+02,-1.1297903162e+00
5.1469999942e+02,3.1219022089e+02,-1.1297503830e+00
5.1479999942e+02,3.1207724785e+02,-1.1297104472e+00
5.1489999942e+02,3.1196427880e+02,-1.1296705091e+00
5.1499999942e+02,3.1185131375e+02,-1.1296305686e+00
5.1509999942e+02,3.1173835269e+02,-1.1295906257e+00
5.1519999942e+02,3.1162539562e+02,-1.1295506803e+00
5.1529999942e+02,3.1151244255e+02,-1.1295107326e+00
5.1539999942e+02,3.1139949347e+02,-1.1294707824e+00
5.1549999941e+02,3.1128654839e+02,-1.1294308298e+00
5.1559999941e+02,3.1117360731e+02,-1.1293908748e+00
5.1569999941e+02,3.1106067022e+02,-1.1293509174e+00
5.1579999941e+02,3.1094773712e+02,-1.1293109576e+00
5.1589999941e+02,3.1083480803e+02,-1.1292709953e+00
5.1599999941e+02,3.1072188293e+02,-1.1292310307e+00
5.1609999941e+02,3.1060896182e+02,-1.1291910636e+00
5.1619999941e+02,3.1049604471e+02,-1.1291510941e+00
5.1629999941e+02,3.1038313160e+02,-1.1291111222e+00
5.1639999941e+02,3.1027022249e+02,-1.1290711479e+00
5.1649999941e+02,3.1015731737e+02,-1.1290311711e+00
5.1659999941e+02,3.1004441625e+02,-1.1289911920e+00
5.1669999941e+02,3.0993151913e+02,-1.1289512104e+00
5.1679999941e+02,3.0981862601e+02,-1.1289112264e+00
5.1689999941e+02,3.0970573689e+02,-1.1288712400e+00
5.1699999941e+02,3.0959285176e+02,-1.1288312511e+00
5.1709999941e+02,3.0947997064e+02,-1.1287912599e+00
5.1719999941e+02,3.0936709351e+02,-1.1287512662e+00
5.1729999941e+02,3.0925422039e+02,-1.1287112701e+00
5.1739999941e+02,3.0914135126e+02,-1.1286712716e+00
5.1749999941e+02,3.0902848613e+02,-1.1286312706e+00
5.1759999941e+02,3.0891562500e+02,-1.1285912673e+00
5.1769999941e+02,3.0880276788e+02,-1.1285512615e+00
5.1779999941e+02,3.0868991475e+02,-1.1285112533e+00
5.1789999941e+02,3.0857706563e+02,-1.1284712426e+00
5.1799999941e+02,3.0846422050e+02,-1.1284312296e+00
5.1809999941e+02,3.0835137938e+02,-1.1283912141e+00
5.1819999941e+02,3.0823854226e+02,-1.1283511962e+00
5.1829999941e+02,3.0812570914e+02,-1.1283111758e+00
5.1839999941e+02,3.0801288003e+02,-1.1282711531e+00
5.1849999941e+02,3.0790005491e+02,-1.1282311279e+00
5.1859999941e+02,3.0778723380e+02,-1.1281911003e+00
5.1869999941e+02,3.0767441669e+02,-1.1281510702e+00
5.1879999941e+02,3.0756160359e+02,-1.1281110377e+00
5.1889999941e+02,3.0744879448e+02,-1.1280710028e+00
5.1899999941e+02,3.0733598939e+02,-1.1280309655e+00
5.1909999941e+02,3.0722318829e+02,-1.1279909257e+00
5.1919999941e+02,3.0711039120e+02,-1.1279508835e+00
5.1929999941e+02,3.0699759811e+02,-1.1279108389e+00
5.1939999941e+02,3.0688480903e+02,-1.1278707919e+00
5.1949999940e+02,3.0677202396e+02,-1.1278307424e+00
5.1959999940e+02,3.0665924288e+02,-1.1277906904e+00
5.1969999940e+02,3.0654646582e+02,-1.1277506361e+00
5.1979999940e+02,3.0643369276e+02,-1.1277105793e+00
5.1989999940e+02,3.0632092370e+02,-1.1276705201e+00
5.1999999940e+02,3.0620815865e+02,-1.1276304584e+00
5.2009999940e+02,3.0609539761e+02,-1.1275903943e+00
5.2019999940e+02,3.0598264058e+02,-1.1275503278e+00
5.2029999940e+02,3.0586988755e+02,-1.1275102588e+00
5.2039999940e+02,3.0575713852e+02,-1.1274701874e+00
5.2049999940e+02,3.0564439351e+02,-1.1274301136e+00
5.2059999940e+02,3.0553165250e+02,-1.1273900373e+00
5.2069999940e+02,3.0541891550e+02,-1.1273499586e+00
5.2079999940e+02,3.0530618251e+02,-1.1273098775e+00
5.2089999940e+02,3.0519345353e+02,-1.1272697939e+00
5.2099999940e+02,3.0508072855e+02,-1.1272297079e+00
5.2109999940e+02,3.0496800758e+02,-1.1271896194e+00
5.2119999940e+02,3.0485529063e+02,-1.1271495285e+00
5.2129999940e+02,3.0474257768e+02,-1.1271094352e+00
5.2139999940e+02,3.0462986874e+02,-1.1270693394e+00
5.2149999940e+02,3.0451716381e+02,-1.1270292411e+00
5.2159999940e+02,3.0440446289e+02,-1.1269891405e+00
5.2169999940e+02,3.0429176598e+02,-1.1269490374e+00
5.2179999940e+02,3.0417907308e+02,-1.1269089318e+00
5.2189999940e+02,3.0406638420e+02,-1.1268688238e+00
5.2199999940e+02,3.0395369932e+02,-1.1268287134e+00
5.2209999940e+02,3.0384101845e+02,-1.1267886005e+00
5.2219999940e+02,3.0372834160e+02,-1.1267484851e+00
5.2229999940e+02,3.0361566876e+02,-1.1267083674e+00
5.2239999940e+02,3.0350299993e+02,-1.1266682471e+00
5.2249999940e+02,3.0339033511e+02,-1.1266281245e+00
5.2259999940e+02,3.0327767430e+02,-1.1265879993e+00
5.2269999940e+02,3.0316501751e+02,-1.1265478718e+00
5.2279999940e+02,3.0305236473e+02,-1.1265077418e+00
5.2289999940e+02,3.0293971596e+02,-1.1264676093e+00
5.2299999940e+02,3.0282707121e+02,-1.1264274744e+00
5.2309999940e+02,3.0271443046e+02,-1.1263873370e+00
5.2319999940e+02,3.0260179374e+02,-1.1263471972e+00
5.2329999940e+02,3.0248916103e+02,-1.1263070550e+00
5.2339999939e+02,3.0237653233e+02,-1.1262669103e+00
5.2349999939e+02,3.0226390764e+02,-1.1262267631e+00
5.2359999939e+02,3.0215128697e+02,-1.1261866135e+00
5.2369999939e+02,3.0203867032e+02,-1.1261464614e+00
5.2379999939e+02,3.0192605768e+02,-1.1261063069e+00
5.2389999939e+02,3.0181344906e+02,-1.1260661500e+00
5.2399999939e+02,3.0170084445e+02,-1.1260259905e+00
5.2409999939e+02,3.0158824386e+02,-1.1259858287e+00
5.2419999939e+02,3.0147564729e+02,-1.1259456643e+00
5.2429999939e+02,3.0136305473e+02,-1.1259054975e+00
5.2439999939e+02,3.0125046619e+02,-1.1258653283e+00
5.2449999939e+02,3.0113788166e+02,-1.1258251566e+00
5.2459999939e+02,3.0102530116e+02,-1.1257849824e+00
5.2469999939e+02,3.0091272467e+02,-1.1257448058e+00
5.2479999939e+02,3.0080015219e+02,-1.1257046268e+00
5.2489999939e+02,3.0068758374e+02,-1.1256644452e+00
5.2499999939e+02,3.0057501931e+02,-1.1256242612e+00
5.2509999939e+02,3.0046245889e+02,-1.1255840748e+00
5.2519999939e+02,3.0034990249e+02,-1.1255438859e+00
5.2529999939e+02,3.0023735011e+02,-1.1255036945e+00
5.2539999939e+02,3.0012480175e+02,-1.1254635007e+00
5.2549999939e+02,3.0001225741e+02,-1.1254233044e+00
5.2559999939e+02,2.9989971709e+02,-1.1253831057e+00
5.2569999939e+02,2.9978718079e+02,-1.1253429045e+00
5.2579999939e+02,2.9967464851e+02,-1.1253027008e+00
5.2589999939e+02,2.9956212025e+02,-1.1252624947e+00
5.2599999939e+02,2.9944959601e+02,-1.1252222861e+00
5.2609999939e+02,2.9933707579e+02,-1.1251820750e+00
5.2619999939e+02,2.9922455960e+02,-1.1251418615e+00
5.2629999939e+02,2.9911204742e+02,-1.1251016455e+00
5.2639999939e+02,2.9899953927e+02,-1.1250614270e+00
5.2649999939e+02,2.9888703514e+02,-1.1250212061e+00
5.2659999939e+02,2.9877453503e+02,-1.1249809827e+00
5.2669999939e+02,2.9866203894e+02,-1.1249407569e+00
5.2679999939e+02,2.9854954688e+02,-1.1249005285e+00
5.2689999939e+02,2.9843705883e+02,-1.1248602978e+00
5.2699999939e+02,2.9832457482e+02,-1.1248200645e+00
5.2709999939e+02,2.9821209482e+02,-1.1247798288e+00
5.2719999939e+02,2.9809961885e+02,-1.1247395906e+00
5.2729999939e+02,2.9798714690e+02,-1.1246993499e+00
5.2739999938e+02,2.9787467898e+02,-1.1246591068e+00
5.2749999938e+02,2.9776221508e+02,-1.1246188612e+00
5.2759999938e+02,2.9764975521e+02,-1.1245786131e+00
5.2769999938e+02,2.9753729936e+02,-1.1245383625e+00
5.2779999938e+02,2.9742484754e+02,-1.1244981095e+00
5.2789999938e+02,2.9731239974e+02,-1.1244578540e+00
5.2799999938e+02,2.9719995597e+02,-1.1244175961e+00
5.2809999938e+02,2.9708751622e+02,-1.1243773356e+00
5.2819999938e+02,2.9697508050e+02,-1.1243370727e+00
5.2829999938e+02,2.9686264880e+02,-1.1242968073e+00
5.2839999938e+02,2.9675022114e+02,-1.1242565394e+00
5.2849999938e+02,2.9663779750e+02,-1.1242162691e+00
5.2859999938e+02,2.9652537788e+02,-1.1241759963e+00
5.2869999938e+02,2.9641296230e+02,-1.1241357210e+00
5.2879999938e+02,2.9630055074e+02,-1.1240954432e+00
5.2889999938e+02,2.9618814321e+02,-1.1240551630e+00
5.2899999938e+02,2.9607573971e+02,-1.1240148802e+00
5.2909999938e+02,2.9596334023e+02,-1.1239745950e+00
5.2919999938e+02,2.9585094479e+02,-1.1239343074e+00
5.2929999938e+02,2.9573855337e+02,-1.1238940172e+00
5.2939999938e+02,2.9562616598e+02,-1.1238537246e+00
5.2949999938e+02,2.9551378263e+02,-1.1238134294e+00
5.2959999938e+02,2.9540140330e+02,-1.1237731318e+00
5.2969999938e+02,2.9528902800e+02,-1.1237328317e+00
5.2979999938e+02,2.9517665673e+02,-1.1236925292e+00
5.2989999938e+02,2.9506428949e+02,-1.1236522241e+00
5.2999999938e+02,2.9495192629e+02,-1.1236119166e+00
5.3009999938e+02,2.9483956711e+02,-1.1235716066e+00
5.3019999938e+02,2.9472721197e+02,-1.1235312941e+00
5.3029999938e+02,2.9461486085e+02,-1.1234909791e+00
5.3039999938e+02,2.9450251377e+02,-1.1234506616e+00
5.3049999938e+02,2.9439017072e+02,-1.1234103416e+00
5.3059999938e+02,2.9427783170e+02,-1.1233700192e+00
5.3069999938e+02,2.9416549672e+02,-1.1233296943e+00
5.3079999938e+02,2.9405316576e+02,-1.1232893668e+00
5.3089999938e+02,2.9394083884e+02,-1.1232490369e+00
5.3099999938e+02,2.9382851596e+02,-1.1232087046e+00
5.3109999938e+02,2.9371619710e+02,-1.1231683697e+00
5.3119999938e+02,2.9360388228e+02,-1.1231280323e+00
5.3129999937e+02,2.9349157150e+02,-1.1230876924e+00
5.3139999937e+02,2.9337926474e+02,-1.1230473501e+00
5.3149999937e+02,2.9326696203e+02,-1.1230070052e+00
5.3159999937e+02,2.9315466334e+02,-1.1229666579e+00
5.3169999937e+02,2.9304236869e+02,-1.1229263081e+00
5.3179999937e+02,2.9293007808e+02,-1.1228859558e+00
5.3189999937e+02,2.9281779150e+02,-1.1228456010e+00
5.3199999937e+02,2.9270550896e+02,-1.1228052437e+00
5.3209999937e+02,2.9259323045e+02,-1.1227648839e+00
5.3219999937e+02,2.9248095598e+02,-1.1227245216e+00
5.3229999937e+02,2.9236868555e+02,-1.1226841568e+00
5.3239999937e+02,2.9225641915e+02,-1.1226437895e+00
5.3249999937e+02,2.9214415679e+02,-1.1226034198e+00
5.3259999937e+02,2.9203189847e+02,-1.1225630475e+00
5.3269999937e+02,2.9191964418e+02,-1.1225226727e+00
5.3279999937e+02,2.9180739393e+02,-1.1224822955e+00
5.3289999937e+02,2.9169514772e+02,-1.1224419157e+00
5.3299999937e+02,2.9158290555e+02,-1.1224015334e+00
5.3309999937e+02,2.9147066742e+02,-1.1223611487e+00
5.3319999937e+02,2.9135843332e+02,-1.1223207614e+00
5.3329999937e+02,2.9124620327e+02,-1.1222803717e+00
5.3339999937e+02,2.9113397725e+02,-1.1222399794e+00
5.3349999937e+02,2.9102175527e+02,-1.1221995847e+00
5.3359999937e+02,2.9090953733e+02,-1.1221591874e+00
5.3369999937e+02,2.9079732343e+02,-1.1221187876e+00
5.3379999937e+02,2.9068511357e+02,-1.1220783854e+00
5.3389999937e+02,2.9057290776e+02,-1.1220379806e+00
5.3399999937e+02,2.9046070598e+02,-1.1219975734e+00
5.3409999937e+02,2.9034850824e+02,-1.1219571636e+00
5.3419999937e+02,2.9023631454e+02,-1.1219167513e+00
5.3429999937e+02,2.9012412489e+02,-1.1218763365e+00
5.3439999937e+02,2.9001193928e+02,-1.1218359192e+00
5.3449999937e+02,2.8989975771e+02,-1.1217954995e+00
5.3459999937e+02,2.8978758018e+02,-1.1217550772e+00
5.3469999937e+02,2.8967540669e+02,-1.1217146524e+00
5.3479999937e+02,2.8956323725e+02,-1.1216742251e+00
5.3489999937e+02,2.8945107185e+02,-1.1216337952e+00
5.3499999937e+02,2.8933891049e+02,-1.1215933629e+00
5.3509999937e+02,2.8922675317e+02,-1.1215529281e+00
5.3519999937e+02,2.8911459990e+02,-1.1215124907e+00
5.3529999936e+02,2.8900245068e+02,-1.1214720509e+00
5.3539999936e+02,2.8889030549e+02,-1.1214316085e+00
5.3549999936e+02,2.8877816435e+02,-1.1213911636e+00
5.3559999936e+02,2.8866602726e+02,-1.1213507163e+00
5.3569999936e+02,2.8855389421e+02,-1.1213102664e+00
5.3579999936e+02,2.8844176521e+02,-1.1212698140e+00
5.3589999936e+02,2.8832964025e+02,-1.1212293590e+00
5.3599999936e+02,2.8821751934e+02,-1.1211889016e+00
5.3609999936e+02,2.8810540247e+02,-1.1211484417e+00
5.3619999936e+02,2.8799328965e+02,-1.1211079792e+00
5.3629999936e+02,2.8788118087e+02,-1.1210675142e+00
5.3639999936e+02,2.8776907614e+02,-1.1210270467e+00
5.3649999936e+02,2.8765697546e+02,-1.1209865767e+00
5.3659999936e+02,2.8754487883e+02,-1.1209461042e+00
5.3669999936e+02,2.8743278624e+02,-1.1209056292e+00
5.3679999936e+02,2.8732069770e+02,-1.1208651516e+00
5.3689999936e+02,2.8720861321e+02,-1.1208246715e+00
5.3699999936e+02,2.8709653277e+02,-1.1207841889e+00
5.3709999936e+02,2.8698445637e+02,-1.1207437038e+00
5.3719999936e+02,2.8687238403e+02,-1.1207032162e+00
5.3729999936e+02,2.8676031573e+02,-1.1206627261e+00
5.3739999936e+02,2.8664825148e+02,-1.1206222334e+00
5.3749999936e+02,2.8653619128e+02,-1.1205817382e+00
5.3759999936e+02,2.8642413514e+02,-1.1205412405e+00
5.3769999936e+02,2.8631208304e+02,-1.1205007402e+00
5.3779999936e+02,2.8620003499e+02,-1.1204602375e+00
5.3789999936e+02,2.8608799099e+02,-1.1204197322e+00
5.3799999936e+02,2.8597595104e+02,-1.1203792244e+00
5.3809999936e+02,2.8586391514e+02,-1.1203387141e+00
5.3819999936e+02,2.8575188330e+02,-1.1202982012e+00
5.3829999936e+02,2.8563985550e+02,-1.1202576859e+00
5.3839999936e+02,2.8552783176e+02,-1.1202171679e+00
5.3849999936e+02,2.8541581207e+02,-1.1201766475e+00
5.3859999936e+02,2.8530379643e+02,-1.1201361246e+00
5.3869999936e+02,2.8519178485e+02,-1.1200955991e+00
5.3879999936e+02,2.8507977731e+02,-1.1200550711e+00
5.3889999936e+02,2.8496777383e+02,-1.1200145405e+00
5.3899999936e+02,2.8485577440e+02,-1.1199740075e+00
5.3909999936e+02,2.8474377903e+02,-1.1199334719e+00
5.3919999936e+02,2.8463178771e+02,-1.1198929338e+00
5.3929999935e+02,2.8451980044e+02,-1.1198523931e+00
5.3939999935e+02,2.8440781723e+02,-1.1198118499e+00
5.3949999935e+02,2.8429583807e+02,-1.1197713042e+00
5.3959999935e+02,2.8418386297e+02,-1.1197307560e+00
5.3969999935e+02,2.8407189192e+02,-1.1196902052e+00
5.3979999935e+02,2.8395992493e+02,-1.1196496519e+00
5.3989999935e+02,2.8384796199e+02,-1.1196090960e+00
5.3999999935e+02,2.8373600311e+02,-1.1195685377e+00
5.4009999935e+02,2.8362404828e+02,-1.1195279768e+00
5.4019999935e+02,2.8351209752e+02,-1.1194874133e+00
5.4029999935e+02,2.8340015080e+02,-1.1194468473e+00
5.4039999935e+02,2.8328820815e+02,-1.1194062788e+00
5.4049999935e+02,2.8317626955e+02,-1.1193657078e+00
5.4059999935e+02,2.8306433500e+02,-1.1193251342e+00
5.4069999935e+02,2.8295240452e+02,-1.1192845581e+00
5.4079999935e+02,2.8284047809e+02,-1.1192439794e+00
5.4089999935e+02,2.8272855572e+02,-1.1192033982e+00
5.4099999935e+02,2.8261663741e+02,-1.1191628145e+00
5.4109999935e+02,2.8250472316e+02,-1.1191222282e+00
5.4119999935e+02,2.8239281297e+02,-1.1190816394e+00
5.4129999935e+02,2.8228090683e+02,-1.1190410480e+00
5.4139999935e+02,2.8216900476e+02,-1.1190004541e+00
5.4149999935e+02,2.8205710674e+02,-1.1189598577e+00
5.4159999935e+02,2.8194521279e+02,-1.1189192587e+00
5.4169999935e+02,2.8183332289e+02,-1.1188786571e+00
5.4179999935e+02,2.8172143706e+02,-1.1188380531e+00
5.4189999935e+02,2.8160955528e+02,-1.1187974465e+00
5.4199999935e+02,2.8149767757e+02,-1.1187568373e+00
5.4209999935e+02,2.8138580391e+02,-1.1187162256e+00
5.4219999935e+02,2.8127393432e+02,-1.1186756114e+00
5.4229999935e+02,2.8116206879e+02,-1.1186349946e+00
5.4239999935e+02,2.8105020732e+02,-1.1185943752e+00
5.4249999935e+02,2.8093834992e+02,-1.1185537534e+00
5.4259999935e+02,2.8082649657e+02,-1.1185131289e+00
5.4269999935e+02,2.8071464729e+02,-1.1184725020e+00
5.4279999935e+02,2.8060280207e+02,-1.1184318724e+00
5.4289999935e+02,2.8049096092e+02,-1.1183912404e+00
5.4299999935e+02,2.8037912382e+02,-1.1183506057e+00
5.4309999935e+02,2.8026729079e+02,-1.1183099686e+00
5.4319999934e+02,2.8015546183e+02,-1.1182693288e+00
5.4329999934e+02,2.8004363693e+02,-1.1182286866e+00
5.4339999934e+02,2.7993181609e+02,-1.1181880418e+00
5.4349999934e+02,2.7981999932e+02,-1.1181473944e+00
5.4359999934e+02,2.7970818661e+02,-1.1181067445e+00
5.4369999934e+02,2.7959637797e+02,-1.1180660920e+00
5.4379999934e+02,2.7948457340e+02,-1.1180254369e+00
5.4389999934e+02,2.7937277288e+02,-1.1179847794e+00
5.4399999934e+02,2.7926097644e+02,-1.1179441192e+00
5.4409999934e+02,2.7914918406e+02,-1.1179034565e+00
5.4419999934e+02,2.7903739575e+02,-1.1178627913e+00
5.4429999934e+02,2.7892561150e+02,-1.1178221235e+00
5.4439999934e+02,2.7881383132e+02,-1.1177814531e+00
5.4449999934e+02,2.7870205521e+02,-1.1177407802e+00
5.4459999934e+02,2.7859028317e+02,-1.1177001047e+00
5.4469999934e+02,2.7847851519e+02,-1.1176594267e+00
5.4479999934e+02,2.7836675128e+02,-1.1176187461e+00
5.4489999934e+02,2.7825499144e+02,-1.1175780629e+00
5.4499999934e+02,2.7814323567e+02,-1.1175373772e+00
5.4509999934e+02,2.7803148397e+02,-1.1174966889e+00
5.4519999934e+02,2.7791973633e+02,-1.1174559981e+00
5.4529999934e+02,2.7780799277e+02,-1.1174153047e+00
5.4539999934e+02,2.7769625327e+02,-1.1173746088e+00
5.4549999934e+02,2.7758451785e+02,-1.1173339102e+00
5.4559999934e+02,2.7747278649e+02,-1.1172932092e+00
5.4569999934e+02,2.7736105920e+02,-1.1172525055e+00
5.4579999934e+02,2.7724933599e+02,-1.1172117993e+00
5.4589999934e+02,2.7713761684e+02,-1.1171710906e+00
5.4599999934e+02,2.7702590177e+02,-1.1171303792e+00
5.4609999934e+02,2.7691419077e+02,-1.1170896653e+00
5.4619999934e+02,2.7680248384e+02,-1.1170489489e+00
5.4629999934e+02,2.7669078098e+02,-1.1170082298e+00
5.4639999934e+02,2.7657908219e+02,-1.1169675082e+00
5.4649999934e+02,2.7646738748e+02,-1.1169267841e+00
5.4659999934e+02,2.7635569684e+02,-1.1168860573e+00
5.4669999934e+02,2.7624401027e+02,-1.1168453280e+00
5.4679999934e+02,2.7613232777e+02,-1.1168045962e+00
5.4689999934e+02,2.7602064935e+02,-1.1167638617e+00
5.4699999934e+02,2.7590897500e+02,-1.1167231247e+00
5.4709999934e+02,2.7579730472e+02,-1.1166823851e+00
5.4719999933e+02,2.7568563852e+02,-1.1166416430e+00
5.4729999933e+02,2.7557397639e+02,-1.1166008983e+00
5.4739999933e+02,2.7546231834e+02,-1.1165601510e+00
5.4749999933e+02,2.7535066436e+02,-1.1165194011e+00
5.4759999933e+02,2.7523901446e+02,-1.1164786486e+00
5.4769999933e+02,2.7512736863e+02,-1.1164378936e+00
5.4779999933e+02,2.7501572688e+02,-1.1163971360e+00
5.4789999933e+02,2.7490408921e+02,-1.1163563759e+00
5.4799999933e+02,2.7479245561e+02,-1.1163156131e+00
5.4809999933e+02,2.7468082608e+02,-1.1162748478e+00
5.4819999933e+02,2.7456920064e+02,-1.1162340799e+00
5.4829999933e+02,2.7445757927e+02,-1.1161933095e+00
5.4839999933e+02,2.7434596198e+02,-1.1161525364e+00
5.4849999933e+02,2.7423434876e+02,-1.1161117608e+00
5.4859999933e+02,2.7412273962e+02,-1.1160709826e+00
5.4869999933e+02,2.7401113456e+02,-1.1160302018e+00
5.4879999933e+02,2.7389953358e+02,-1.1159894185e+00
5.4889999933e+02,2.7378793668e+02,-1.1159486325e+00
5.4899999933e+02,2.7367634386e+02,-1.1159078440e+00
5.4909999933e+02,2.7356475511e+02,-1.1158670529e+00
5.4919999933e+02,2.7345317045e+02,-1.1158262592e+00
5.4929999933e+02,2.7334158986e+02,-1.1157854630e+00
5.4939999933e+02,2.7323001335e+02,-1.1157446641e+00
5.4949999933e+02,2.7311844093e+02,-1.1157038627e+00
5.4959999933e+02,2.7300687258e+02,-1.1156630587e+00
5.4969999933e+02,2.7289530832e+02,-1.1156222521e+00
5.4979999933e+02,2.7278374813e+02,-1.1155814429e+00
5.4989999933e+02,2.7267219203e+02,-1.1155406311e+00
5.4999999933e+02,2.7256064001e+02,-1.1154998168e+00
5.5009999933e+02,2.7244909206e+02,-1.1154589999e+00
5.5019999933e+02,2.7233754821e+02,-1.1154181803e+00
5.5029999933e+02,2.7222600843e+02,-1.1153773582e+00
5.5039999933e+02,2.7211447273e+02,-1.1153365335e+00
5.5049999933e+02,2.7200294112e+02,-1.1152957062e+00
5.5059999933e+02,2.7189141359e+02,-1.1152548763e+00
5.5069999933e+02,2.7177989015e+02,-1.1152140439e+00
5.5079999933e+02,2.7166837078e+02,-1.1151732088e+00
5.5089999933e+02,2.7155685550e+02,-1.1151323712e+00
5.5099999933e+02,2.7144534431e+02,-1.1150915309e+00
5.5109999933e+02,2.7133383720e+02,-1.1150506881e+00
5.5119999932e+02,2.7122233417e+02,-1.1150098427e+00
5.5129999932e+02,2.7111083523e+02,-1.1149689947e+00
5.5139999932e+02,2.7099934037e+02,-1.1149281441e+00
5.5149999932e+02,2.7088784960e+02,-1.1148872909e+00
5.5159999932e+02,2.7077636292e+02,-1.1148464351e+00
5.5169999932e+02,2.7066488031e+02,-1.1148055767e+00
5.5179999932e+02,2.7055340180e+02,-1.1147647157e+00
5.5189999932e+02,2.7044192737e+02,-1.1147238521e+00
5.5199999932e+02,2.7033045703e+02,-1.1146829859e+00
5.5209999932e+02,2.7021899077e+02,-1.1146421171e+00
5.5219999932e+02,2.7010752861e+02,-1.1146012458e+00
5.5229999932e+02,2.6999607053e+02,-1.1145603718e+00
5.5239999932e+02,2.6988461653e+02,-1.1145194952e+00
5.5249999932e+02,2.6977316663e+02,-1.1144786160e+00
5.5259999932e+02,2.6966172081e+02,-1.1144377343e+00
5.5269999932e+02,2.6955027908e+02,-1.1143968499e+00
5.5279999932e+02,2.6943884144e+02,-1.1143559629e+00
5.5289999932e+02,2.6932740789e+02,-1.1143150734e+00
5.5299999932e+02,2.6921597842e+02,-1.1142741812e+00
5.5309999932e+02,2.6910455305e+02,-1.1142332864e+00
5.5319999932e+02,2.6899313177e+02,-1.1141923890e+00
5.5329999932e+02,2.6888171457e+02,-1.1141514891e+00
5.5339999932e+02,2.6877030147e+02,-1.1141105865e+00
5.5349999932e+02,2.6865889246e+02,-1.1140696813e+00
5.5359999932e+02,2.6854748753e+02,-1.1140287735e+00
5.5369999932e+02,2.6843608670e+02,-1.1139878631e+00
5.5379999932e+02,2.6832468996e+02,-1.1139469501e+00
5.5389999932e+02,2.6821329731e+02,-1.1139060345e+00
5.5399999932e+02,2.6810190875e+02,-1.1138651162e+00
5.5409999932e+02,2.6799052429e+02,-1.1138241954e+00
5.5419999932e+02,2.6787914391e+02,-1.1137832720e+00
5.5429999932e+02,2.6776776763e+02,-1.1137423459e+00
5.5439999932e+02,2.6765639545e+02,-1.1137014173e+00
5.5449999932e+02,2.6754502735e+02,-1.1136604860e+00
5.5459999932e+02,2.6743366335e+02,-1.1136195521e+00
5.5469999932e+02,2.6732230344e+02,-1.1135786157e+00
5.5479999932e+02,2.6721094763e+02,-1.1135376766e+00
5.5489999932e+02,2.6709959591e+02,-1.1134967348e+00
5.5499999932e+02,2.6698824828e+02,-1.1134557905e+00
5.5509999931e+02,2.6687690475e+02,-1.1134148436e+00
5.5519999931e+02,2.6676556531e+02,-1.1133738940e+00
5.5529999931e+02,2.6665422997e+02,-1.1133329419e+00
5.5539999931e+02,2.6654289872e+02,-1.1132919871e+00
5.5549999931e+02,2.6643157157e+02,-1.1132510297e+00
5.5559999931e+02,2.6632024852e+02,-1.1132100697e+00
5.5569999931e+02,2.6620892956e+02,-1.1131691071e+00
5.5579999931e+02,2.6609761469e+02,-1.1131281418e+00
5.5589999931e+02,2.6598630393e+02,-1.1130871740e+00
5.5599999931e+02,2.6587499726e+02,-1.1130462035e+00
5.5609999931e+02,2.6576369469e+02,-1.1130052304e+00
5.5619999931e+02,2.6565239621e+02,-1.1129642547e+00
5.5629999931e+02,2.6554110184e+02,-1.1129232763e+00
5.5639999931e+02,2.6542981156e+02,-1.1128822954e+00
5.5649999931e+02,2.6531852538e+02,-1.1128413118e+00
5.5659999931e+02,2.6520724330e+02,-1.1128003256e+00
5.5669999931e+02,2.6509596531e+02,-1.1127593368e+00
5.5679999931e+02,2.6498469143e+02,-1.1127183453e+00
5.5689999931e+02,2.6487342164e+02,-1.1126773513e+00
5.5699999931e+02,2.6476215596e+02,-1.1126363546e+00
5.5709999931e+02,2.6465089437e+02,-1.1125953553e+00
5.5719999931e+02,2.6453963689e+02,-1.1125543533e+00
5.5729999931e+02,2.6442838350e+02,-1.1125133488e+00
5.5739999931e+02,2.6431713422e+02,-1.1124723416e+00
5.5749999931e+02,2.6420588903e+02,-1.1124313318e+00
5.5759999931e+02,2.6409464795e+02,-1.1123903193e+00
5.5769999931e+02,2.6398341097e+02,-1.1123493043e+00
5.5779999931e+02,2.6387217809e+02,-1.1123082866e+00
5.5789999931e+02,2.6376094931e+02,-1.1122672663e+00
5.5799999931e+02,2.6364972464e+02,-1.1122262433e+00
5.5809999931e+02,2.6353850407e+02,-1.1121852177e+00
5.5819999931e+02,2.6342728759e+02,-1.1121441895e+00
5.5829999931e+02,2.6331607523e+02,-1.1121031587e+00
5.5839999931e+02,2.6320486696e+02,-1.1120621252e+00
5.5849999931e+02,2.6309366280e+02,-1.1120210891e+00
5.5859999931e+02,2.6298246275e+02,-1.1119800504e+00
5.5869999931e+02,2.6287126679e+02,-1.1119390090e+00
5.5879999931e+02,2.6276007494e+02,-1.1118979650e+00
5.5889999931e+02,2.6264888720e+02,-1.1118569184e+00
5.5899999931e+02,2.6253770356e+02,-1.1118158691e+00
5.5909999930e+02,2.6242652403e+02,-1.1117748172e+00
5.5919999930e+02,2.6231534860e+02,-1.1117337626e+00
5.5929999930e+02,2.6220417727e+02,-1.1116927055e+00
5.5939999930e+02,2.6209301006e+02,-1.1116516456e+00
5.5949999930e+02,2.6198184694e+02,-1.1116105832e+00
5.5959999930e+02,2.6187068794e+02,-1.1115695181e+00
5.5969999930e+02,2.6175953304e+02,-1.1115284504e+00
5.5979999930e+02,2.6164838225e+02,-1.1114873800e+00
5.5989999930e+02,2.6153723556e+02,-1.1114463070e+00
5.5999999930e+02,2.6142609299e+02,-1.1114052314e+00
5.6009999930e+02,2.6131495452e+02,-1.1113641531e+00
5.6019999930e+02,2.6120382016e+02,-1.1113230721e+00
5.6029999930e+02,2.6109268990e+02,-1.1112819886e+00
5.6039999930e+02,2.6098156376e+02,-1.1112409024e+00
5.6049999930e+02,2.6087044172e+02,-1.1111998135e+00
5.6059999930e+02,2.6075932380e+02,-1.1111587220e+00
5.6069999930e+02,2.6064820998e+02,-1.1111176279e+00
5.6079999930e+02,2.6053710027e+02,-1.1110765311e+00
5.6089999930e+02,2.6042599467e+02,-1.1110354317e+00
5.6099999930e+02,2.6031489319e+02,-1.1109943296e+00
5.6109999930e+02,2.6020379581e+02,-1.1109532249e+00
5.6119999930e+02,2.6009270254e+02,-1.1109121175e+00
5.6129999930e+02,2.5998161338e+02,-1.1108710075e+00
5.6139999930e+02,2.5987052834e+02,-1.1108298948e+00
5.6149999930e+02,2.5975944741e+02,-1.1107887795e+00
5.6159999930e+02,2.5964837058e+02,-1.1107476616e+00
5.6169999930e+02,2.5953729787e+02,-1.1107065410e+00
5.6179999930e+02,2.5942622928e+02,-1.1106654177e+00
5.6189999930e+02,2.5931516479e+02,-1.1106242918e+00
5.6199999930e+02,2.5920410442e+02,-1.1105831632e+00
5.6209999930e+02,2.5909304816e+02,-1.1105420320e+00
5.6219999930e+02,2.5898199601e+02,-1.1105008982e+00
5.6229999930e+02,2.5887094798e+02,-1.1104597617e+00
5.6239999930e+02,2.5875990406e+02,-1.1104186225e+00
5.6249999930e+02,2.5864886425e+02,-1.1103774807e+00
5.6259999930e+02,2.5853782856e+02,-1.1103363362e+00
5.6269999930e+02,2.5842679699e+02,-1.1102951891e+00
5.6279999930e+02,2.5831576952e+02,-1.1102540393e+00
5.6289999930e+02,2.5820474618e+02,-1.1102128868e+00
5.6299999929e+02,2.5809372695e+02,-1.1101717317e+00
5.6309999929e+02,2.5798271183e+02,-1.1101305740e+00
5.6319999929e+02,2.5787170083e+02,-1.1100894136e+00
5.6329999929e+02,2.5776069395e+02,-1.1100482505e+00
5.6339999929e+02,2.5764969118e+02,-1.1100070848e+00
5.6349999929e+02,2.5753869253e+02,-1.1099659164e+00
5.6359999929e+02,2.5742769800e+02,-1.1099247453e+00
5.6369999929e+02,2.5731670758e+02,-1.1098835716e+00
5.6379999929e+02,2.5720572129e+02,-1.1098423953e+00
5.6389999929e+02,2.5709473910e+02,-1.1098012162e+00
5.6399999929e+02,2.5698376104e+02,-1.1097600345e+00
5.6409999929e+02,2.5687278710e+02,-1.1097188502e+00
5.6419999929e+02,2.5676181727e+02,-1.1096776632e+00
5.6429999929e+02,2.5665085157e+02,-1.1096364735e+00
5.6439999929e+02,2.5653988998e+02,-1.1095952811e+00
5.6449999929e+02,2.5642893251e+02,-1.1095540861e+00
5.6459999929e+02,2.5631797916e+02,-1.1095128885e+00
5.6469999929e+02,2.5620702993e+02,-1.1094716881e+00
5.6479999929e+02,2.5609608482e+02,-1.1094304851e+00
5.6489999929e+02,2.5598514383e+02,-1.1093892794e+00
5.6499999929e+02,2.5587420697e+02,-1.1093480711e+00
5.6509999929e+02,2.5576327422e+02,-1.1093068601e+00
5.6519999929e+02,2.5565234560e+02,-1.1092656464e+00
5.6529999929e+02,2.5554142109e+02,-1.1092244300e+00
5.6539999929e+02,2.5543050071e+02,-1.1091832110e+00
5.6549999929e+02,2.5531958445e+02,-1.1091419893e+00
5.6559999929e+02,2.5520867231e+02,-1.1091007650e+00
5.6569999929e+02,2.5509776430e+02,-1.1090595379e+00
5.6579999929e+02,2.5498686040e+02,-1.1090183082e+00
5.6589999929e+02,2.5487596063e+02,-1.1089770759e+00
5.6599999929e+02,2.5476506499e+02,-1.1089358408e+00
5.6609999929e+02,2.5465417347e+02,-1.1088946031e+00
5.6619999929e+02,2.5454328607e+02,-1.1088533627e+00
5.6629999929e+02,2.5443240279e+02,-1.1088121196e+00
5.6639999929e+02,2.5432152364e+02,-1.1087708739e+00
5.6649999929e+02,2.5421064862e+02,-1.1087296254e+00
5.6659999929e+02,2.5409977772e+02,-1.1086883743e+00
5.6669999929e+02,2.5398891094e+02,-1.1086471205e+00
5.6679999929e+02,2.5387804830e+02,-1.1086058641e+00
5.6689999929e+02,2.5376718977e+02,-1.1085646050e+00
5.6699999928e+02,2.5365633537e+02,-1.1085233431e+00
5.6709999928e+02,2.5354548510e+02,-1.1084820786e+00
5.6719999928e+02,2.5343463896e+02,-1.1084408115e+00
5.6729999928e+02,2.5332379694e+02,-1.1083995416e+00
5.6739999928e+02,2.5321295905e+02,-1.1083582691e+00
5.6749999928e+02,2.5310212529e+02,-1.1083169939e+00
5.6759999928e+02,2.5299129565e+02,-1.1082757160e+00
5.6769999928e+02,2.5288047014e+02,-1.1082344354e+00
5.6779999928e+02,2.5276964876e+02,-1.1081931521e+00
5.6789999928e+02,2.5265883151e+02,-1.1081518662e+00
5.6799999928e+02,2.5254801839e+02,-1.1081105775e+00
5.6809999928e+02,2.5243720940e+02,-1.1080692862e+00
5.6819999928e+02,2.5232640453e+02,-1.1080279922e+00
5.6829999928e+02,2.5221560380e+02,-1.1079866955e+00
5.6839999928e+02,2.5210480720e+02,-1.1079453961e+00
5.6849999928e+02,2.5199401472e+02,-1.1079040941e+00
5.6859999928e+02,2.5188322638e+02,-1.1078627893e+00
5.6869999928e+02,2.5177244216e+02,-1.1078214819e+00
5.6879999928e+02,2.5166166208e+02,-1.1077801718e+00
5.6889999928e+02,2.5155088613e+02,-1.1077388589e+00
5.6899999928e+02,2.5144011431e+02,-1.1076975434e+00
5.6909999928e+02,2.5132934662e+02,-1.1076562252e+00
5.6919999928e+02,2.5121858306e+02,-1.1076149043e+00
5.6929999928e+02,2.5110782364e+02,-1.1075735807e+00
5.6939999928e+02,2.5099706835e+02,-1.1075322545e+00
5.6949999928e+02,2.5088631719e+02,-1.1074909255e+00
5.6959999928e+02,2.5077557016e+02,-1.1074495938e+00
5.6969999928e+02,2.5066482727e+02,-1.1074082595e+00
5.6979999928e+02,2.5055408851e+02,-1.1073669224e+00
5.6989999928e+02,2.5044335389e+02,-1.1073255827e+00
5.6999999928e+02,2.5033262339e+02,-1.1072842402e+00
5.7009999928e+02,2.5022189704e+02,-1.1072428951e+00
5.7019999928e+02,2.5011117482e+02,-1.1072015473e+00
5.7029999928e+02,2.5000045673e+02,-1.1071601967e+00
5.7039999928e+02,2.4988974278e+02,-1.1071188435e+00
5.7049999928e+02,2.4977903296e+02,-1.1070774876e+00
5.7059999928e+02,2.4966832728e+02,-1.1070361289e+00
5.7069999928e+02,2.4955762573e+02,-1.1069947676e+00
5.7079999928e+02,2.4944692833e+02,-1.1069534036e+00
5.7089999928e+02,2.4933623505e+02,-1.1069120368e+00
5.7099999927e+02,2.4922554592e+02,-1.1068706674e+00
5.7109999927e+02,2.4911486092e+02,-1.1068292953e+00
5.7119999927e+02,2.4900418006e+02,-1.1067879204e+00
5.7129999927e+02,2.4889350334e+02,-1.1067465429e+00
5.7139999927e+02,2.4878283075e+02,-1.1067051626e+00
5.7149999927e+02,2.4867216230e+02,-1.1066637797e+00
5.7159999927e+02,2.4856149800e+02,-1.1066223940e+00
5.7169999927e+02,2.4845083783e+02,-1.1065810057e+00
5.7179999927e+02,2.4834018179e+02,-1.1065396146e+00
5.7189999927e+02,2.4822952990e+02,-1.1064982208e+00
5.7199999927e+02,2.4811888215e+02,-1.1064568243e+00
5.7209999927e+02,2.4800823854e+02,-1.1064154252e+00
5.7219999927e+02,2.4789759907e+02,-1.1063740233e+00
5.7229999927e+02,2.4778696373e+02,-1.1063326186e+00
5.7239999927e+02,2.4767633254e+02,-1.1062912113e+00
5.7249999927e+02,2.4756570549e+02,-1.1062498013e+00
5.7259999927e+02,2.4745508258e+02,-1.1062083886e+00
5.7269999927e+02,2.4734446381e+02,-1.1061669731e+00
5.7279999927e+02,2.4723384919e+02,-1.1061255550e+00
5.7289999927e+02,2.4712323870e+02,-1.1060841341e+00
5.7299999927e+02,2.4701263236e+02,-1.1060427105e+00
5.7309999927e+02,2.4690203016e+02,-1.1060012842e+00
5.7319999927e+02,2.4679143210e+02,-1.1059598552e+00
5.7329999927e+02,2.4668083819e+02,-1.1059184235e+00
5.7339999927e+02,2.4657024842e+02,-1.1058769890e+00
5.7349999927e+02,2.4645966279e+02,-1.1058355518e+00
5.7359999927e+02,2.4634908131e+02,-1.1057941120e+00
5.7369999927e+02,2.4623850397e+02,-1.1057526694e+00
5.7379999927e+02,2.4612793077e+02,-1.1057112241e+00
5.7389999927e+02,2.4601736172e+02,-1.1056697760e+00
5.7399999927e+02,2.4590679682e+02,-1.1056283253e+00
5.7409999927e+02,2.4579623606e+02,-1.1055868718e+00
5.7419999927e+02,2.4568567945e+02,-1.1055454156e+00
5.7429999927e+02,2.4557512698e+02,-1.1055039567e+00
5.7439999927e+02,2.4546457865e+02,-1.1054624951e+00
5.7449999927e+02,2.4535403448e+02,-1.1054210307e+00
5.7459999927e+02,2.4524349445e+02,-1.1053795637e+00
5.7469999927e+02,2.4513295856e+02,-1.1053380939e+00
5.7479999927e+02,2.4502242683e+02,-1.1052966213e+00
5.7489999926e+02,2.4491189924e+02,-1.1052551461e+00
5.7499999926e+02,2.4480137580e+02,-1.1052136681e+00
5.7509999926e+02,2.4469085651e+02,-1.1051721874e+00
5.7519999926e+02,2.4458034136e+02,-1.1051307040e+00
5.7529999926e+02,2.4446983037e+02,-1.1050892179e+00
5.7539999926e+02,2.4435932352e+02,-1.1050477290e+00
5.7549999926e+02,2.4424882082e+02,-1.1050062374e+00
5.7559999926e+02,2.4413832227e+02,-1.1049647431e+00
5.7569999926e+02,2.4402782787e+02,-1.1049232460e+00
5.7579999926e+02,2.4391733762e+02,-1.1048817462e+00
5.7589999926e+02,2.4380685152e+02,-1.1048402437e+00
5.7599999926e+02,2.4369636957e+02,-1.1047987384e+00
5.7609999926e+02,2.4358589178e+02,-1.1047572305e+00
5.7619999926e+02,2.4347541813e+02,-1.1047157197e+00
5.7629999926e+02,2.4336494863e+02,-1.1046742063e+00
5.7639999926e+02,2.4325448329e+02,-1.1046326901e+00
5.7649999926e+02,2.4314402209e+02,-1.1045911712e+00
5.7659999926e+02,2.4303356505e+02,-1.1045496496e+00
5.7669999926e+02,2.4292311216e+02,-1.1045081252e+00
5.7679999926e+02,2.4281266343e+02,-1.1044665981e+00
5.7689999926e+02,2.4270221884e+02,-1.1044250682e+00
5.7699999926e+02,2.4259177841e+02,-1.1043835356e+00
5.7709999926e+02,2.4248134214e+02,-1.1043420003e+00
5.7719999926e+02,2.4237091001e+02,-1.1043004623e+00
5.7729999926e+02,2.4226048204e+02,-1.1042589215e+00
5.7739999926e+02,2.4215005823e+02,-1.1042173779e+00
5.7749999926e+02,2.4203963857e+02,-1.1041758317e+00
5.7759999926e+02,2.4192922306e+02,-1.1041342826e+00
5.7769999926e+02,2.4181881171e+02,-1.1040927309e+00
5.7779999926e+02,2.4170840452e+02,-1.1040511764e+00
5.7789999926e+02,2.4159800148e+02,-1.1040096191e+00
5.7799999926e+02,2.4148760259e+02,-1.1039680592e+00
5.7809999926e+02,2.4137720787e+02,-1.1039264964e+00
5.7819999926e+02,2.4126681729e+02,-1.1038849310e+00
5.7829999926e+02,2.4115643088e+02,-1.1038433628e+00
5.7839999926e+02,2.4104604862e+02,-1.1038017918e+00
5.7849999926e+02,2.4093567052e+02,-1.1037602181e+00
5.7859999926e+02,2.4082529658e+02,-1.1037186417e+00
5.7869999926e+02,2.4071492679e+02,-1.1036770625e+00
5.7879999926e+02,2.4060456117e+02,-1.1036354805e+00
5.7889999925e+02,2.4049419970e+02,-1.1035938958e+00
5.7899999925e+02,2.4038384239e+02,-1.1035523084e+00
5.7909999925e+02,2.4027348924e+02,-1.1035107182e+00
5.7919999925e+02,2.4016314024e+02,-1.1034691253e+00
5.7929999925e+02,2.4005279541e+02,-1.1034275296e+00
5.7939999925e+02,2.3994245474e+02,-1.1033859312e+00
5.7949999925e+02,2.3983211822e+02,-1.1033443300e+00
5.7959999925e+02,2.3972178587e+02,-1.1033027260e+00
5.7969999925e+02,2.3961145768e+02,-1.1032611194e+00
5.7979999925e+02,2.3950113365e+02,-1.1032195099e+00
5.7989999925e+02,2.3939081378e+02,-1.1031778977e+00
5.7999999925e+02,2.3928049807e+02,-1.1031362828e+00
5.8009999925e+02,2.3917018652e+02,-1.1030946651e+00
5.8019999925e+02,2.3905987914e+02,-1.1030530446e+00
5.8029999925e+02,2.3894957591e+02,-1.1030114214e+00
5.8039999925e+02,2.3883927685e+02,-1.1029697954e+00
5.8049999925e+02,2.3872898195e+02,-1.1029281667e+00
5.8059999925e+02,2.3861869122e+02,-1.1028865352e+00
5.8069999925e+02,2.3850840465e+02,-1.1028449010e+00
5.8079999925e+02,2.3839812224e+02,-1.1028032640e+00
5.8089999925e+02,2.3828784399e+02,-1.1027616242e+00
5.8099999925e+02,2.3817756991e+02,-1.1027199817e+00
5.8109999925e+02,2.3806730000e+02,-1.1026783364e+00
5.8119999925e+02,2.3795703425e+02,-1.1026366884e+00
5.8129999925e+02,2.3784677266e+02,-1.1025950376e+00
5.8139999925e+02,2.3773651524e+02,-1.1025533840e+00
5.8149999925e+02,2.3762626198e+02,-1.1025117277e+00
5.8159999925e+02,2.3751601289e+02,-1.1024700686e+00
5.8169999925e+02,2.3740576797e+02,-1.1024284067e+00
5.8179999925e+02,2.3729552721e+02,-1.1023867421e+00
5.8189999925e+02,2.3718529062e+02,-1.1023450747e+00
5.8199999925e+02,2.3707505820e+02,-1.1023034046e+00
5.8209999925e+02,2.3696482994e+02,-1.1022617316e+00
5.8219999925e+02,2.3685460585e+02,-1.1022200559e+00
5.8229999925e+02,2.3674438593e+02,-1.1021783775e+00
5.8239999925e+02,2.3663417018e+02,-1.1021366963e+00
5.8249999925e+02,2.3652395859e+02,-1.1020950123e+00
5.8259999925e+02,2.3641375117e+02,-1.1020533255e+00
5.8269999925e+02,2.3630354793e+02,-1.1020116360e+00
5.8279999924e+02,2.3619334885e+02,-1.1019699437e+00
5.8289999924e+02,2.3608315394e+02,-1.1019282486e+00
5.8299999924e+02,2.3597296320e+02,-1.1018865508e+00
5.8309999924e+02,2.3586277663e+02,-1.1018448502e+00
5.8319999924e+02,2.3575259423e+02,-1.1018031468e+00
5.8329999924e+02,2.3564241600e+02,-1.1017614406e+00
5.8339999924e+02,2.3553224194e+02,-1.1017197317e+00
5.8349999924e+02,2.3542207205e+02,-1.1016780200e+00
5.8359999924e+02,2.3531190633e+02,-1.1016363055e+00
5.8369999924e+02,2.3520174479e+02,-1.1015945882e+00
5.8379999924e+02,2.3509158742e+02,-1.1015528682e+00
5.8389999924e+02,2.3498143422e+02,-1.1015111453e+00
5.8399999924e+02,2.3487128519e+02,-1.1014694198e+00
5.8409999924e+02,2.3476114033e+02,-1.1014276914e+00
5.8419999924e+02,2.3465099965e+02,-1.1013859602e+00
5.8429999924e+02,2.3454086314e+02,-1.1013442263e+00
5.8439999924e+02,2.3443073080e+02,-1.1013024896e+00
5.8449999924e+02,2.3432060264e+02,-1.1012607501e+00
5.8459999924e+02,2.3421047865e+02,-1.1012190078e+00
5.8469999924e+02,2.3410035884e+02,-1.1011772628e+00
5.8479999924e+02,2.3399024320e+02,-1.1011355149e+00
5.8489999924e+02,2.3388013174e+02,-1.1010937643e+00
5.8499999924e+02,2.3377002445e+02,-1.1010520109e+00
5.8509999924e+02,2.3365992134e+02,-1.1010102547e+00
5.8519999924e+02,2.3354982240e+02,-1.1009684957e+00
5.8529999924e+02,2.3343972764e+02,-1.1009267340e+00
5.8539999924e+02,2.3332963705e+02,-1.1008849694e+00
5.8549999924e+02,2.3321955064e+02,-1.1008432021e+00
5.8559999924e+02,2.3310946841e+02,-1.1008014320e+00
5.8569999924e+02,2.3299939036e+02,-1.1007596590e+00
5.8579999924e+02,2.3288931648e+02,-1.1007178833e+00
5.8589999924e+02,2.3277924678e+02,-1.1006761049e+00
5.8599999924e+02,2.3266918126e+02,-1.1006343236e+00
5.8609999924e+02,2.3255911992e+02,-1.1005925395e+00
5.8619999924e+02,2.3244906275e+02,-1.1005507527e+00
5.8629999924e+02,2.3233900977e+02,-1.1005089630e+00
5.8639999924e+02,2.3222896096e+02,-1.1004671706e+00
5.8649999924e+02,2.3211891633e+02,-1.1004253753e+00
5.8659999924e+02,2.3200887588e+02,-1.1003835773e+00
5.8669999924e+02,2.3189883962e+02,-1.1003417765e+00
5.8679999923e+02,2.3178880753e+02,-1.1002999729e+00
5.8689999923e+02,2.3167877962e+02,-1.1002581664e+00
5.8699999923e+02,2.3156875590e+02,-1.1002163572e+00
5.8709999923e+02,2.3145873635e+02,-1.1001745452e+00
5.8719999923e+02,2.3134872099e+02,-1.1001327304e+00
5.8729999923e+02,2.3123870980e+02,-1.1000909128e+00
5.8739999923e+02,2.3112870280e+02,-1.1000490924e+00
5.8749999923e+02,2.3101869999e+02,-1.1000072692e+00
5.8759999923e+02,2.3090870135e+02,-1.0999654432e+00
5.8769999923e+02,2.3079870690e+02,-1.0999236144e+00
5.8779999923e+02,2.3068871663e+02,-1.0998817828e+00
5.8789999923e+02,2.3057873054e+02,-1.0998399484e+00
5.8799999923e+02,2.3046874864e+02,-1.0997981112e+00
5.8809999923e+02,2.3035877092e+02,-1.0997562712e+00
5.8819999923e+02,2.3024879738e+02,-1.0997144284e+00
5.8829999923e+02,2.3013882803e+02,-1.0996725828e+00
5.8839999923e+02,2.3002886287e+02,-1.0996307344e+00
5.8849999923e+02,2.2991890189e+02,-1.0995888832e+00
5.8859999923e+02,2.2980894509e+02,-1.0995470291e+00
5.8869999923e+02,2.2969899248e+02,-1.0995051723e+00
5.8879999923e+02,2.2958904406e+02,-1.0994633127e+00
5.8889999923e+02,2.2947909982e+02,-1.0994214502e+00
5.8899999923e+02,2.2936915977e+02,-1.0993795850e+00
5.8909999923e+02,2.2925922390e+02,-1.0993377169e+00
5.8919999923e+02,2.2914929222e+02,-1.0992958460e+00
5.8929999923e+02,2.2903936473e+02,-1.0992539723e+00
5.8939999923e+02,2.2892944143e+02,-1.0992120958e+00
5.8949999923e+02,2.2881952231e+02,-1.0991702165e+00
5.8959999923e+02,2.2870960739e+02,-1.0991283344e+00
5.8969999923e+02,2.2859969665e+02,-1.0990864495e+00
5.8979999923e+02,2.2848979010e+02,-1.0990445618e+00
5.8989999923e+02,2.2837988773e+02,-1.0990026712e+00
5.8999999923e+02,2.2826998956e+02,-1.0989607778e+00
5.9009999923e+02,2.2816009558e+02,-1.0989188816e+00
5.9019999923e+02,2.2805020579e+02,-1.0988769826e+00
5.9029999923e+02,2.2794032018e+02,-1.0988350808e+00
5.9039999923e+02,2.2783043877e+02,-1.0987931762e+00
5.9049999923e+02,2.2772056155e+02,-1.0987512687e+00
5.9059999923e+02,2.2761068852e+02,-1.0987093585e+00
5.9069999923e+02,2.2750081968e+02,-1.0986674454e+00
5.9079999922e+02,2.2739095503e+02,-1.0986255295e+00
5.9089999922e+02,2.2728109457e+02,-1.0985836108e+00
5.9099999922e+02,2.2717123830e+02,-1.0985416892e+00
5.9109999922e+02,2.2706138623e+02,-1.0984997648e+00
5.9119999922e+02,2.2695153835e+02,-1.0984578377e+00
5.9129999922e+02,2.2684169466e+02,-1.0984159076e+00
5.9139999922e+02,2.2673185517e+02,-1.0983739748e+00
5.9149999922e+02,2.2662201987e+02,-1.0983320392e+00
5.9159999922e+02,2.2651218876e+02,-1.0982901007e+00
5.9169999922e+02,2.2640236185e+02,-1.0982481594e+00
5.9179999922e+02,2.2629253913e+02,-1.0982062152e+00
5.9189999922e+02,2.2618272061e+02,-1.0981642683e+00
5.9199999922e+02,2.2607290628e+02,-1.0981223185e+00
5.9209999922e+02,2.2596309614e+02,-1.0980803659e+00
5.9219999922e+02,2.2585329020e+02,-1.0980384104e+00
5.9229999922e+02,2.2574348846e+02,-1.0979964522e+00
5.9239999922e+02,2.2563369091e+02,-1.0979544911e+00
5.9249999922e+02,2.2552389756e+02,-1.0979125272e+00
5.9259999922e+02,2.2541410841e+02,-1.0978705604e+00
5.9269999922e+02,2.2530432345e+02,-1.0978285908e+00
5.9279999922e+02,2.2519454269e+02,-1.0977866184e+00
5.9289999922e+02,2.2508476613e+02,-1.0977446431e+00
5.9299999922e+02,2.2497499376e+02,-1.0977026651e+00
5.9309999922e+02,2.2486522559e+02,-1.0976606841e+00
5.9319999922e+02,2.2475546163e+02,-1.0976187004e+00
5.9329999922e+02,2.2464570185e+02,-1.0975767138e+00
5.9339999922e+02,2.2453594628e+02,-1.0975347244e+00
5.9349999922e+02,2.2442619491e+02,-1.0974927321e+00
5.9359999922e+02,2.2431644774e+02,-1.0974507370e+00
5.9369999922e+02,2.2420670476e+02,-1.0974087391e+00
5.9379999922e+02,2.2409696599e+02,-1.0973667383e+00
5.9389999922e+02,2.2398723141e+02,-1.0973247347e+00
5.9399999922e+02,2.2387750104e+02,-1.0972827283e+00
5.9409999922e+02,2.2376777487e+02,-1.0972407190e+00
5.9419999922e+02,2.2365805290e+02,-1.0971987069e+00
5.9429999922e+02,2.2354833513e+02,-1.0971566919e+00
5.9439999922e+02,2.2343862156e+02,-1.0971146741e+00
5.9449999922e+02,2.2332891219e+02,-1.0970726535e+00
5.9459999922e+02,2.2321920703e+02,-1.0970306300e+00
5.9469999921e+02,2.2310950607e+02,-1.0969886036e+00
5.9479999921e+02,2.2299980931e+02,-1.0969465745e+00
5.9489999921e+02,2.2289011675e+02,-1.0969045424e+00
5.9499999921e+02,2.2278042840e+02,-1.0968625076e+00
5.9509999921e+02,2.2267074425e+02,-1.0968204699e+00
5.9519999921e+02,2.2256106431e+02,-1.0967784293e+00
5.9529999921e+02,2.2245138857e+02,-1.0967363859e+00
5.9539999921e+02,2.2234171703e+02,-1.0966943396e+00
5.9549999921e+02,2.2223204970e+02,-1.0966522905e+00
5.9559999921e+02,2.2212238657e+02,-1.0966102386e+00
5.9569999921e+02,2.2201272765e+02,-1.0965681838e+00
5.9579999921e+02,2.2190307293e+02,-1.0965261261e+00
5.9589999921e+02,2.2179342242e+02,-1.0964840656e+00
5.9599999921e+02,2.2168377612e+02,-1.0964420023e+00
5.9609999921e+02,2.2157413402e+02,-1.0963999361e+00
5.9619999921e+02,2.2146449613e+02,-1.0963578670e+00
5.9629999921e+02,2.2135486245e+02,-1.0963157951e+00
5.9639999921e+02,2.2124523298e+02,-1.0962737203e+00
5.9649999921e+02,2.2113560771e+02,-1.0962316427e+00
5.9659999921e+02,2.2102598665e+02,-1.0961895622e+00
5.9669999921e+02,2.2091636979e+02,-1.0961474789e+00
5.9679999921e+02,2.2080675715e+02,-1.0961053927e+00
5.9689999921e+02,2.2069714872e+02,-1.0960633037e+00
5.9699999921e+02,2.2058754449e+02,-1.0960212118e+00
5.9709999921e+02,2.2047794447e+02,-1.0959791170e+00
5.9719999921e+02,2.2036834867e+02,-1.0959370194e+00
5.9729999921e+02,2.2025875707e+02,-1.0958949189e+00
5.9739999921e+02,2.2014916968e+02,-1.0958528156e+00
5.9749999921e+02,2.2003958651e+02,-1.0958107094e+00
5.9759999921e+02,2.1993000754e+02,-1.0957686003e+00
5.9769999921e+02,2.1982043279e+02,-1.0957264884e+00
5.9779999921e+02,2.1971086224e+02,-1.0956843736e+00
5.9789999921e+02,2.1960129591e+02,-1.0956422559e+00
5.9799999921e+02,2.1949173379e+02,-1.0956001354e+00
5.9809999921e+02,2.1938217589e+02,-1.0955580120e+00
5.9819999921e+02,2.1927262219e+02,-1.0955158858e+00
5.9829999921e+02,2.1916307271e+02,-1.0954737567e+00
5.9839999921e+02,2.1905352744e+02,-1.0954316247e+00
5.9849999921e+02,2.1894398638e+02,-1.0953894898e+00
5.9859999921e+02,2.1883444954e+02,-1.0953473521e+00
5.9869999920e+02,2.1872491691e+02,-1.0953052116e+00
5.9879999920e+02,2.1861538850e+02,-1.0952630681e+00
5.9889999920e+02,2.1850586430e+02,-1.0952209218e+00
5.9899999920e+02,2.1839634432e+02,-1.0951787726e+00
5.9909999920e+02,2.1828682855e+02,-1.0951366205e+00
5.9919999920e+02,2.1817731699e+02,-1.0950944656e+00
5.9929999920e+02,2.1806780965e+02,-1.0950523078e+00
5.9939999920e+02,2.1795830653e+02,-1.0950101471e+00
5.9949999920e+02,2.1784880762e+02,-1.0949679836e+00
5.9959999920e+02,2.1773931293e+02,-1.0949258171e+00
5.9969999920e+02,2.1762982246e+02,-1.0948836478e+00
5.9979999920e+02,2.1752033620e+02,-1.0948414757e+00
5.9989999920e+02,2.1741085416e+02,-1.0947993006e+00
5.9999999920e+02,2.1730137634e+02,-1.0947571227e+00
6.0009999920e+02,2.1719190274e+02,-1.0947149419e+00
6.0019999920e+02,2.1708243336e+02,-1.0946727582e+00
6.0029999920e+02,2.1697296819e+02,-1.0946305716e+00
6.0039999920e+02,2.1686350724e+02,-1.0945883822e+00
6.0049999920e+02,2.1675405051e+02,-1.0945461899e+00
6.0059999920e+02,2.1664459800e+02,-1.0945039947e+00
6.0069999920e+02,2.1653514971e+02,-1.0944617966e+00
6.0079999920e+02,2.1642570564e+02,-1.0944195956e+00
6.0089999920e+02,2.1631626579e+02,-1.0943773918e+00
6.0099999920e+02,2.1620683017e+02,-1.0943351850e+00
6.0109999920e+02,2.1609739876e+02,-1.0942929754e+00
6.0119999920e+02,2.1598797157e+02,-1.0942507629e+00
6.0129999920e+02,2.1587854861e+02,-1.0942085475e+00
6.0139999920e+02,2.1576912986e+02,-1.0941663293e+00
6.0149999920e+02,2.1565971534e+02,-1.0941241081e+00
6.0159999920e+02,2.1555030504e+02,-1.0940818841e+00
6.0169999920e+02,2.1544089896e+02,-1.0940396571e+00
6.0179999920e+02,2.1533149711e+02,-1.0939974273e+00
6.0189999920e+02,2.1522209948e+02,-1.0939551946e+00
6.0199999920e+02,2.1511270607e+02,-1.0939129590e+00
6.0209999920e+02,2.1500331689e+02,-1.0938707205e+00
6.0219999920e+02,2.1489393193e+02,-1.0938284791e+00
6.0229999920e+02,2.1478455119e+02,-1.0937862349e+00
6.0239999920e+02,2.1467517468e+02,-1.0937439877e+00
6.0249999920e+02,2.1456580239e+02,-1.0937017376e+00
6.0259999919e+02,2.1445643433e+02,-1.0936594847e+00
6.0269999919e+02,2.1434707050e+02,-1.0936172288e+00
6.0279999919e+02,2.1423771089e+02,-1.0935749701e+00
6.0289999919e+02,2.1412835550e+02,-1.0935327085e+00
6.0299999919e+02,2.1401900434e+02,-1.0934904439e+00
6.0309999919e+02,2.1390965741e+02,-1.0934481765e+00
6.0319999919e+02,2.1380031471e+02,-1.0934059062e+00
6.0329999919e+02,2.1369097623e+02,-1.0933636330e+00
6.0339999919e+02,2.1358164198e+02,-1.0933213569e+00
6.0349999919e+02,2.1347231196e+02,-1.0932790778e+00
6.0359999919e+02,2.1336298617e+02,-1.0932367959e+00
6.0369999919e+02,2.1325366460e+02,-1.0931945111e+00
6.0379999919e+02,2.1314434726e+02,-1.0931522234e+00
6.0389999919e+02,2.1303503416e+02,-1.0931099328e+00
6.0399999919e+02,2.1292572528e+02,-1.0930676392e+00
6.0409999919e+02,2.1281642063e+02,-1.0930253428e+00
6.0419999919e+02,2.1270712021e+02,-1.0929830435e+00
6.0429999919e+02,2.1259782402e+02,-1.0929407413e+00
6.0439999919e+02,2.1248853206e+02,-1.0928984361e+00
6.0449999919e+02,2.1237924433e+02,-1.0928561281e+00
6.0459999919e+02,2.1226996084e+02,-1.0928138171e+00
6.0469999919e+02,2.1216068157e+02,-1.0927715033e+00
6.0479999919e+02,2.1205140654e+02,-1.0927291865e+00
6.0489999919e+02,2.1194213573e+02,-1.0926868668e+00
6.0499999919e+02,2.1183286916e+02,-1.0926445442e+00
6.0509999919e+02,2.1172360682e+02,-1.0926022187e+00
6.0519999919e+02,2.1161434872e+02,-1.0925598903e+00
6.0529999919e+02,2.1150509485e+02,-1.0925175590e+00
6.0539999919e+02,2.1139584521e+02,-1.0924752248e+00
6.0549999919e+02,2.1128659980e+02,-1.0924328877e+00
6.0559999919e+02,2.1117735863e+02,-1.0923905476e+00
6.0569999919e+02,2.1106812169e+02,-1.0923482047e+00
6.0579999919e+02,2.1095888899e+02,-1.0923058588e+00
6.0589999919e+02,2.1084966052e+02,-1.0922635100e+00
6.0599999919e+02,2.1074043629e+02,-1.0922211583e+00
6.0609999919e+02,2.1063121629e+02,-1.0921788037e+00
6.0619999919e+02,2.1052200053e+02,-1.0921364461e+00
6.0629999919e+02,2.1041278900e+02,-1.0920940857e+00
6.0639999919e+02,2.1030358171e+02,-1.0920517223e+00
6.0649999919e+02,2.1019437866e+02,-1.0920093560e+00
6.0659999918e+02,2.1008517984e+02,-1.0919669868e+00
6.0669999918e+02,2.0997598526e+02,-1.0919246146e+00
6.0679999918e+02,2.0986679492e+02,-1.0918822396e+00
6.0689999918e+02,2.0975760881e+02,-1.0918398616e+00
6.0699999918e+02,2.0964842694e+02,-1.0917974807e+00
6.0709999918e+02,2.0953924931e+02,-1.0917550969e+00
6.0719999918e+02,2.0943007592e+02,-1.0917127102e+00
6.0729999918e+02,2.0932090677e+02,-1.0916703205e+00
6.0739999918e+02,2.0921174186e+02,-1.0916279279e+00
6.0749999918e+02,2.0910258119e+02,-1.0915855324e+00
6.0759999918e+02,2.0899342475e+02,-1.0915431339e+00
6.0769999918e+02,2.0888427256e+02,-1.0915007326e+00
6.0779999918e+02,2.0877512461e+02,-1.0914583283e+00
6.0789999918e+02,2.0866598089e+02,-1.0914159210e+00
6.0799999918e+02,2.0855684142e+02,-1.0913735109e+00
6.0809999918e+02,2.0844770619e+02,-1.0913310978e+00
6.0819999918e+02,2.0833857520e+02,-1.0912886818e+00
6.0829999918e+02,2.0822944846e+02,-1.0912462629e+00
6.0839999918e+02,2.0812032595e+02,-1.0912038410e+00
6.0849999918e+02,2.0801120769e+02,-1.0911614162e+00
6.0859999918e+02,2.0790209367e+02,-1.0911189884e+00
6.0869999918e+02,2.0779298389e+02,-1.0910765578e+00
6.0879999918e+02,2.0768387836e+02,-1.0910341242e+00
6.0889999918e+02,2.0757477707e+02,-1.0909916876e+00
6.0899999918e+02,2.0746568002e+02,-1.0909492482e+00
6.0909999918e+02,2.0735658722e+02,-1.0909068058e+00
6.0919999918e+02,2.0724749866e+02,-1.0908643604e+00
6.0929999918e+02,2.0713841434e+02,-1.0908219121e+00
6.0939999918e+02,2.0702933428e+02,-1.0907794609e+00
6.0949999918e+02,2.0692025845e+02,-1.0907370068e+00
6.0959999918e+02,2.0681118687e+02,-1.0906945497e+00
6.0969999918e+02,2.0670211954e+02,-1.0906520896e+00
6.0979999918e+02,2.0659305646e+02,-1.0906096266e+00
6.0989999918e+02,2.0648399762e+02,-1.0905671607e+00
6.0999999918e+02,2.0637494302e+02,-1.0905246919e+00
6.1009999918e+02,2.0626589268e+02,-1.0904822201e+00
6.1019999918e+02,2.0615684658e+02,-1.0904397453e+00
6.1029999918e+02,2.0604780473e+02,-1.0903972676e+00
6.1039999918e+02,2.0593876713e+02,-1.0903547870e+00
6.1049999918e+02,2.0582973377e+02,-1.0903123034e+00
6.1059999917e+02,2.0572070467e+02,-1.0902698169e+00
6.1069999917e+02,2.0561167981e+02,-1.0902273274e+00
6.1079999917e+02,2.0550265920e+02,-1.0901848350e+00
6.1089999917e+02,2.0539364284e+02,-1.0901423396e+00
6.1099999917e+02,2.0528463073e+02,-1.0900998413e+00
6.1109999917e+02,2.0517562287e+02,-1.0900573401e+00
6.1119999917e+02,2.0506661927e+02,-1.0900148359e+00
6.1129999917e+02,2.0495761991e+02,-1.0899723287e+00
6.1139999917e+02,2.0484862480e+02,-1.0899298186e+00
6.1149999917e+02,2.0473963394e+02,-1.0898873055e+00
6.1159999917e+02,2.0463064734e+02,-1.0898447895e+00
6.1169999917e+02,2.0452166499e+02,-1.0898022705e+00
6.1179999917e+02,2.0441268688e+02,-1.0897597486e+00
6.1189999917e+02,2.0430371304e+02,-1.0897172237e+00
6.1199999917e+02,2.0419474344e+02,-1.0896746959e+00
6.1209999917e+02,2.0408577810e+02,-1.0896321651e+00
6.1219999917e+02,2.0397681701e+02,-1.0895896314e+00
6.1229999917e+02,2.0386786017e+02,-1.0895470947e+00
6.1239999917e+02,2.0375890759e+02,-1.0895045550e+00
6.1249999917e+02,2.0364995926e+02,-1.0894620124e+00
6.1259999917e+02,2.0354101519e+02,-1.0894194668e+00
6.1269999917e+02,2.0343207537e+02,-1.0893769183e+00
6.1279999917e+02,2.0332313980e+02,-1.0893343668e+00
6.1289999917e+02,2.0321420849e+02,-1.0892918123e+00
6.1299999917e+02,2.0310528144e+02,-1.0892492549e+00
6.1309999917e+02,2.0299635864e+02,-1.0892066946e+00
6.1319999917e+02,2.0288744010e+02,-1.0891641312e+00
6.1329999917e+02,2.0277852582e+02,-1.0891215649e+00
6.1339999917e+02,2.0266961579e+02,-1.0890789956e+00
6.1349999917e+02,2.0256071002e+02,-1.0890364234e+00
6.1359999917e+02,2.0245180850e+02,-1.0889938482e+00
6.1369999917e+02,2.0234291125e+02,-1.0889512700e+00
6.1379999917e+02,2.0223401825e+02,-1.0889086889e+00
6.1389999917e+02,2.0212512951e+02,-1.0888661048e+00
6.1399999917e+02,2.0201624503e+02,-1.0888235177e+00
6.1409999917e+02,2.0190736481e+02,-1.0887809277e+00
6.1419999917e+02,2.0179848884e+02,-1.0887383347e+00
6.1429999917e+02,2.0168961714e+02,-1.0886957387e+00
6.1439999917e+02,2.0158074970e+02,-1.0886531397e+00
6.1449999916e+02,2.0147188651e+02,-1.0886105378e+00
6.1459999916e+02,2.0136302759e+02,-1.0885679329e+00
6.1469999916e+02,2.0125417293e+02,-1.0885253251e+00
6.1479999916e+02,2.0114532252e+02,-1.0884827142e+00
6.1489999916e+02,2.0103647638e+02,-1.0884401004e+00
6.1499999916e+02,2.0092763450e+02,-1.0883974836e+00
6.1509999916e+02,2.0081879689e+02,-1.0883548639e+00
6.1519999916e+02,2.0070996353e+02,-1.0883122411e+00
6.1529999916e+02,2.0060113444e+02,-1.0882696154e+00
6.1539999916e+02,2.0049230961e+02,-1.0882269867e+00
6.1549999916e+02,2.0038348904e+02,-1.0881843550e+00
6.1559999916e+02,2.0027467274e+02,-1.0881417204e+00
6.1569999916e+02,2.0016586070e+02,-1.0880990827e+00
6.1579999916e+02,2.0005705292e+02,-1.0880564421e+00
6.1589999916e+02,1.9994824941e+02,-1.0880137985e+00
6.1599999916e+02,1.9983945016e+02,-1.0879711519e+00
6.1609999916e+02,1.9973065518e+02,-1.0879285024e+00
6.1619999916e+02,1.9962186446e+02,-1.0878858498e+00
6.1629999916e+02,1.9951307801e+02,-1.0878431943e+00
6.1639999916e+02,1.9940429582e+02,-1.0878005358e+00
6.1649999916e+02,1.9929551790e+02,-1.0877578743e+00
6.1659999916e+02,1.9918674425e+02,-1.0877152098e+00
6.1669999916e+02,1.9907797486e+02,-1.0876725424e+00
6.1679999916e+02,1.9896920974e+02,-1.0876298719e+00
6.1689999916e+02,1.9886044889e+02,-1.0875871985e+00
6.1699999916e+02,1.9875169230e+02,-1.0875445220e+00
6.1709999916e+02,1.9864293998e+02,-1.0875018426e+00
6.1719999916e+02,1.9853419193e+02,-1.0874591602e+00
6.1729999916e+02,1.9842544815e+02,-1.0874164748e+00
6.1739999916e+02,1.9831670864e+02,-1.0873737864e+00
6.1749999916e+02,1.9820797339e+02,-1.0873310950e+00
6.1759999916e+02,1.9809924242e+02,-1.0872884006e+00
6.1769999916e+02,1.9799051571e+02,-1.0872457033e+00
6.1779999916e+02,1.9788179328e+02,-1.0872030029e+00
6.1789999916e+02,1.9777307511e+02,-1.0871602995e+00
6.1799999916e+02,1.9766436122e+02,-1.0871175932e+00
6.1809999916e+02,1.9755565159e+02,-1.0870748838e+00
6.1819999916e+02,1.9744694624e+02,-1.0870321715e+00
6.1829999916e+02,1.9733824516e+02,-1.0869894561e+00
6.1839999916e+02,1.9722954835e+02,-1.0869467378e+00
6.1849999915e+02,1.9712085581e+02,-1.0869040165e+00
6.1859999915e+02,1.9701216755e+02,-1.0868612921e+00
6.1869999915e+02,1.9690348355e+02,-1.0868185648e+00
6.1879999915e+02,1.9679480383e+02,-1.0867758344e+00
6.1889999915e+02,1.9668612839e+02,-1.0867331011e+00
6.1899999915e+02,1.9657745721e+02,-1.0866903647e+00
6.1909999915e+02,1.9646879031e+02,-1.0866476254e+00
6.1919999915e+02,1.9636012769e+02,-1.0866048830e+00
6.1929999915e+02,1.9625146934e+02,-1.0865621377e+00
6.1939999915e+02,1.9614281526e+02,-1.0865193893e+00
6.1949999915e+02,1.9603416546e+02,-1.0864766379e+00
6.1959999915e+02,1.9592551993e+02,-1.0864338836e+00
6.1969999915e+02,1.9581687868e+02,-1.0863911262e+00
6.1979999915e+02,1.9570824171e+02,-1.0863483658e+00
6.1989999915e+02,1.9559960901e+02,-1.0863056024e+00
6.1999999915e+02,1.9549098059e+02,-1.0862628360e+00
6.2009999915e+02,1.9538235644e+02,-1.0862200666e+00
6.2019999915e+02,1.9527373657e+02,-1.0861772942e+00
6.2029999915e+02,1.9516512098e+02,-1.0861345187e+00
6.2039999915e+02,1.9505650967e+02,-1.0860917403e+00
6.2049999915e+02,1.9494790264e+02,-1.0860489588e+00
6.2059999915e+02,1.9483929988e+02,-1.0860061743e+00
6.2069999915e+02,1.9473070140e+02,-1.0859633868e+00
6.2079999915e+02,1.9462210720e+02,-1.0859205963e+00
6.2089999915e+02,1.9451351728e+02,-1.0858778028e+00
6.2099999915e+02,1.9440493164e+02,-1.0858350063e+00
6.2109999915e+02,1.9429635028e+02,-1.0857922067e+00
6.2119999915e+02,1.9418777320e+02,-1.0857494042e+00
6.2129999915e+02,1.9407920040e+02,-1.0857065986e+00
6.2139999915e+02,1.9397063188e+02,-1.0856637900e+00
6.2149999915e+02,1.9386206764e+02,-1.0856209783e+00
6.2159999915e+02,1.9375350768e+02,-1.0855781637e+00
6.2169999915e+02,1.9364495201e+02,-1.0855353460e+00
6.2179999915e+02,1.9353640062e+02,-1.0854925254e+00
6.2189999915e+02,1.9342785350e+02,-1.0854497016e+00
6.2199999915e+02,1.9331931068e+02,-1.0854068749e+00
6.2209999915e+02,1.9321077213e+02,-1.0853640452e+00
6.2219999915e+02,1.9310223787e+02,-1.0853212124e+00
6.2229999915e+02,1.9299370789e+02,-1.0852783766e+00
6.2239999914e+02,1.9288518219e+02,-1.0852355377e+00
6.2249999914e+02,1.9277666078e+02,-1.0851926959e+00
6.2259999914e+02,1.9266814365e+02,-1.0851498510e+00
6.2269999914e+02,1.9255963081e+02,-1.0851070031e+00
6.2279999914e+02,1.9245112225e+02,-1.0850641521e+00
6.2289999914e+02,1.9234261798e+02,-1.0850212982e+00
6.2299999914e+02,1.9223411799e+02,-1.0849784412e+00
6.2309999914e+02,1.9212562229e+02,-1.0849355811e+00
6.2319999914e+02,1.9201713088e+02,-1.0848927181e+00
6.2329999914e+02,1.9190864375e+02,-1.0848498520e+00
6.2339999914e+02,1.9180016091e+02,-1.0848069829e+00
6.2349999914e+02,1.9169168235e+02,-1.0847641107e+00
6.2359999914e+02,1.9158320808e+02,-1.0847212355e+00
6.2369999914e+02,1.9147473810e+02,-1.0846783573e+00
6.2379999914e+02,1.9136627241e+02,-1.0846354760e+00
6.2389999914e+02,1.9125781101e+02,-1.0845925917e+00
6.2399999914e+02,1.9114935389e+02,-1.0845497044e+00
6.2409999914e+02,1.9104090107e+02,-1.0845068140e+00
6.2419999914e+02,1.9093245253e+02,-1.0844639206e+00
6.2429999914e+02,1.9082400828e+02,-1.0844210242e+00
6.2439999914e+02,1.9071556833e+02,-1.0843781247e+00
6.2449999914e+02,1.9060713266e+02,-1.0843352221e+00
6.2459999914e+02,1.9049870128e+02,-1.0842923166e+00
6.2469999914e+02,1.9039027420e+02,-1.0842494080e+00
6.2479999914e+02,1.9028185140e+02,-1.0842064963e+00
6.2489999914e+02,1.9017343290e+02,-1.0841635816e+00
6.2499999914e+02,1.9006501868e+02,-1.0841206639e+00
6.2509999914e+02,1.8995660876e+02,-1.0840777431e+00
6.2519999914e+02,1.8984820314e+02,-1.0840348192e+00
6.2529999914e+02,1.8973980180e+02,-1.0839918924e+00
6.2539999914e+02,1.8963140476e+02,-1.0839489624e+00
6.2549999914e+02,1.8952301201e+02,-1.0839060295e+00
6.2559999914e+02,1.8941462355e+02,-1.0838630935e+00
6.2569999914e+02,1.8930623939e+02,-1.0838201544e+00
6.2579999914e+02,1.8919785952e+02,-1.0837772123e+00
6.2589999914e+02,1.8908948395e+02,-1.0837342671e+00
6.2599999914e+02,1.8898111267e+02,-1.0836913189e+00
6.2609999914e+02,1.8887274568e+02,-1.0836483676e+00
6.2619999914e+02,1.8876438299e+02,-1.0836054133e+00
6.2629999914e+02,1.8865602460e+02,-1.0835624559e+00
6.2639999913e+02,1.8854767050e+02,-1.0835194955e+00
6.2649999913e+02,1.8843932070e+02,-1.0834765320e+00
6.2659999913e+02,1.8833097520e+02,-1.0834335655e+00
6.2669999913e+02,1.8822263399e+02,-1.0833905959e+00
6.2679999913e+02,1.8811429708e+02,-1.0833476232e+00
6.2689999913e+02,1.8800596446e+02,-1.0833046475e+00
6.2699999913e+02,1.8789763615e+02,-1.0832616688e+00
6.2709999913e+02,1.8778931213e+02,-1.0832186869e+00
6.2719999913e+02,1.8768099241e+02,-1.0831757021e+00
6.2729999913e+02,1.8757267699e+02,-1.0831327141e+00
6.2739999913e+02,1.8746436587e+02,-1.0830897231e+00
6.2749999913e+02,1.8735605905e+02,-1.0830467290e+00
6.2759999913e+02,1.8724775652e+02,-1.0830037319e+00
6.2769999913e+02,1.8713945830e+02,-1.0829607317e+00
6.2779999913e+02,1.8703116438e+02,-1.0829177285e+00
6.2789999913e+02,1.8692287475e+02,-1.0828747222e+00
6.2799999913e+02,1.8681458943e+02,-1.0828317128e+00
6.2809999913e+02,1.8670630841e+02,-1.0827887003e+00
6.2819999913e+02,1.8659803169e+02,-1.0827456848e+00
6.2829999913e+02,1.8648975927e+02,-1.0827026662e+00
6.2839999913e+02,1.8638149116e+02,-1.0826596446e+00
6.2849999913e+02,1.8627322735e+02,-1.0826166199e+00
6.2859999913e+02,1.8616496783e+02,-1.0825735921e+00
6.2869999913e+02,1.8605671263e+02,-1.0825305612e+00
6.2879999913e+02,1.8594846172e+02,-1.0824875273e+00
6.2889999913e+02,1.8584021512e+02,-1.0824444903e+00
6.2899999913e+02,1.8573197282e+02,-1.0824014502e+00
6.2909999913e+02,1.8562373483e+02,-1.0823584071e+00
6.2919999913e+02,1.8551550114e+02,-1.0823153609e+00
6.2929999913e+02,1.8540727176e+02,-1.0822723116e+00
6.2939999913e+02,1.8529904668e+02,-1.0822292592e+00
6.2949999913e+02,1.8519082591e+02,-1.0821862038e+00
6.2959999913e+02,1.8508260944e+02,-1.0821431453e+00
6.2969999913e+02,1.8497439728e+02,-1.0821000837e+00
6.2979999913e+02,1.8486618942e+02,-1.0820570190e+00
6.2989999913e+02,1.8475798588e+02,-1.0820139512e+00
6.2999999913e+02,1.8464978663e+02,-1.0819708804e+00
6.3009999913e+02,1.8454159170e+02,-1.0819278065e+00
6.3019999913e+02,1.8443340107e+02,-1.0818847295e+00
6.3029999913e+02,1.8432521475e+02,-1.0818416494e+00
6.3039999912e+02,1.8421703274e+02,-1.0817985663e+00
6.3049999912e+02,1.8410885504e+02,-1.0817554801e+00
6.3059999912e+02,1.8400068165e+02,-1.0817123907e+00
6.3069999912e+02,1.8389251256e+02,-1.0816692983e+00
6.3079999912e+02,1.8378434779e+02,-1.0816262028e+00
6.3089999912e+02,1.8367618732e+02,-1.0815831043e+00
6.3099999912e+02,1.8356803117e+02,-1.0815400026e+00
6.3109999912e+02,1.8345987932e+02,-1.0814968979e+00
6.3119999912e+02,1.8335173179e+02,-1.0814537900e+00
6.3129999912e+02,1.8324358856e+02,-1.0814106791e+00
6.3139999912e+02,1.8313544965e+02,-1.0813675651e+00
6.3149999912e+02,1.8302731505e+02,-1.0813244480e+00
6.3159999912e+02,1.8291918476e+02,-1.0812813278e+00
6.3169999912e+02,1.8281105879e+02,-1.0812382045e+00
6.3179999912e+02,1.8270293712e+02,-1.0811950781e+00
6.3189999912e+02,1.8259481977e+02,-1.0811519487e+00
6.3199999912e+02,1.8248670673e+02,-1.0811088161e+00
6.3209999912e+02,1.8237859801e+02,-1.0810656805e+00
6.3219999912e+02,1.8227049360e+02,-1.0810225417e+00
6.3229999912e+02,1.8216239350e+02,-1.0809793999e+00
6.3239999912e+02,1.8205429772e+02,-1.0809362549e+00
6.3249999912e+02,1.8194620625e+02,-1.0808931069e+00
6.3259999912e+02,1.8183811909e+02,-1.0808499557e+00
6.3269999912e+02,1.8173003626e+02,-1.0808068015e+00
6.3279999912e+02,1.8162195773e+02,-1.0807636442e+00
6.3289999912e+02,1.8151388353e+02,-1.0807204837e+00
6.3299999912e+02,1.8140581364e+02,-1.0806773202e+00
6.3309999912e+02,1.8129774806e+02,-1.0806341535e+00
6.3319999912e+02,1.8118968681e+02,-1.0805909838e+00
6.3329999912e+02,1.8108162987e+02,-1.0805478110e+00
6.3339999912e+02,1.8097357724e+02,-1.0805046350e+00
6.3349999912e+02,1.8086552894e+02,-1.0804614560e+00
6.3359999912e+02,1.8075748495e+02,-1.0804182738e+00
6.3369999912e+02,1.8064944529e+02,-1.0803750885e+00
6.3379999912e+02,1.8054140994e+02,-1.0803319002e+00
6.3389999912e+02,1.8043337891e+02,-1.0802887087e+00
6.3399999912e+02,1.8032535219e+02,-1.0802455141e+00
6.3409999912e+02,1.8021732980e+02,-1.0802023164e+00
6.3419999912e+02,1.8010931173e+02,-1.0801591156e+00
6.3429999911e+02,1.8000129798e+02,-1.0801159117e+00
6.3439999911e+02,1.7989328855e+02,-1.0800727047e+00
6.3449999911e+02,1.7978528344e+02,-1.0800294945e+00
6.3459999911e+02,1.7967728265e+02,-1.0799862813e+00
6.3469999911e+02,1.7956928618e+02,-1.0799430649e+00
6.3479999911e+02,1.7946129404e+02,-1.0798998454e+00
6.3489999911e+02,1.7935330621e+02,-1.0798566229e+00
6.3499999911e+02,1.7924532271e+02,-1.0798133972e+00
6.3509999911e+02,1.7913734353e+02,-1.0797701683e+00
6.3519999911e+02,1.7902936868e+02,-1.0797269364e+00
6.3529999911e+02,1.7892139815e+02,-1.0796837013e+00
6.3539999911e+02,1.7881343194e+02,-1.0796404632e+00
6.3549999911e+02,1.7870547006e+02,-1.0795972219e+00
6.3559999911e+02,1.7859751250e+02,-1.0795539775e+00
6.3569999911e+02,1.7848955926e+02,-1.0795107299e+00
6.3579999911e+02,1.7838161035e+02,-1.0794674793e+00
6.3589999911e+02,1.7827366576e+02,-1.0794242255e+00
6.3599999911e+02,1.7816572550e+02,-1.0793809686e+00
6.3609999911e+02,1.7805778957e+02,-1.0793377086e+00
6.3619999911e+02,1.7794985796e+02,-1.0792944454e+00
6.3629999911e+02,1.7784193068e+02,-1.0792511792e+00
6.3639999911e+02,1.7773400773e+02,-1.0792079098e+00
6.3649999911e+02,1.7762608910e+02,-1.0791646373e+00
6.3659999911e+02,1.7751817480e+02,-1.0791213616e+00
6.3669999911e+02,1.7741026483e+02,-1.0790780828e+00
6.3679999911e+02,1.7730235918e+02,-1.0790348009e+00
6.3689999911e+02,1.7719445787e+02,-1.0789915159e+00
6.3699999911e+02,1.7708656088e+02,-1.0789482277e+00
6.3709999911e+02,1.7697866822e+02,-1.0789049364e+00
6.3719999911e+02,1.7687077989e+02,-1.0788616420e+00
6.3729999911e+02,1.7676289589e+02,-1.0788183445e+00
6.3739999911e+02,1.7665501622e+02,-1.0787750438e+00
6.3749999911e+02,1.7654714088e+02,-1.0787317400e+00
6.3759999911e+02,1.7643926988e+02,-1.0786884330e+00
6.3769999911e+02,1.7633140320e+02,-1.0786451229e+00
6.3779999911e+02,1.7622354085e+02,-1.0786018097e+00
6.3789999911e+02,1.7611568284e+02,-1.0785584933e+00
6.3799999911e+02,1.7600782915e+02,-1.0785151738e+00
6.3809999911e+02,1.7589997980e+02,-1.0784718512e+00
6.3819999911e+02,1.7579213478e+02,-1.0784285254e+00
6.3829999910e+02,1.7568429410e+02,-1.0783851965e+00
6.3839999910e+02,1.7557645774e+02,-1.0783418644e+00
6.3849999910e+02,1.7546862572e+02,-1.0782985292e+00
6.3859999910e+02,1.7536079804e+02,-1.0782551909e+00
6.3869999910e+02,1.7525297469e+02,-1.0782118494e+00
6.3879999910e+02,1.7514515567e+02,-1.0781685048e+00
6.3889999910e+02,1.7503734099e+02,-1.0781251570e+00
6.3899999910e+02,1.7492953064e+02,-1.0780818061e+00
6.3909999910e+02,1.7482172462e+02,-1.0780384520e+00
6.3919999910e+02,1.7471392295e+02,-1.0779950948e+00
6.3929999910e+02,1.7460612561e+02,-1.0779517345e+00
6.3939999910e+02,1.7449833260e+02,-1.0779083710e+00
6.3949999910e+02,1.7439054393e+02,-1.0778650043e+00
6.3959999910e+02,1.7428275960e+02,-1.0778216345e+00
6.3969999910e+02,1.7417497960e+02,-1.0777782616e+00
6.3979999910e+02,1.7406720395e+02,-1.0777348855e+00
6.3989999910e+02,1.7395943263e+02,-1.0776915062e+00
6.3999999910e+02,1.7385166565e+02,-1.0776481238e+00
6.4009999910e+02,1.7374390300e+02,-1.0776047382e+00
6.4019999910e+02,1.7363614470e+02,-1.0775613495e+00
6.4029999910e+02,1.7352839073e+02,-1.0775179577e+00
6.4039999910e+02,1.7342064111e+02,-1.0774745627e+00
6.4049999910e+02,1.7331289582e+02,-1.0774311645e+00
6.4059999910e+02,1.7320515487e+02,-1.0773877632e+00
6.4069999910e+02,1.7309741827e+02,-1.0773443587e+00
6.4079999910e+02,1.7298968600e+02,-1.0773009510e+00
6.4089999910e+02,1.7288195808e+02,-1.0772575402e+00
6.4099999910e+02,1.7277423449e+02,-1.0772141263e+00
6.4109999910e+02,1.7266651525e+02,-1.0771707091e+00
6.4119999910e+02,1.7255880035e+02,-1.0771272888e+00
6.4129999910e+02,1.7245108979e+02,-1.0770838654e+00
6.4139999910e+02,1.7234338358e+02,-1.0770404388e+00
6.4149999910e+02,1.7223568171e+02,-1.0769970090e+00
6.4159999910e+02,1.7212798418e+02,-1.0769535761e+00
6.4169999910e+02,1.7202029099e+02,-1.0769101400e+00
6.4179999910e+02,1.7191260215e+02,-1.0768667007e+00
6.4189999910e+02,1.7180491765e+02,-1.0768232583e+00
6.4199999910e+02,1.7169723750e+02,-1.0767798127e+00
6.4209999910e+02,1.7158956169e+02,-1.0767363639e+00
6.4219999909e+02,1.7148189023e+02,-1.0766929120e+00
6.4229999909e+02,1.7137422311e+02,-1.0766494569e+00
6.4239999909e+02,1.7126656033e+02,-1.0766059986e+00
6.4249999909e+02,1.7115890191e+02,-1.0765625371e+00
6.4259999909e+02,1.7105124783e+02,-1.0765190725e+00
6.4269999909e+02,1.7094359809e+02,-1.0764756047e+00
6.4279999909e+02,1.7083595271e+02,-1.0764321338e+00
6.4289999909e+02,1.7072831167e+02,-1.0763886596e+00
6.4299999909e+02,1.7062067497e+02,-1.0763451823e+00
6.4309999909e+02,1.7051304263e+02,-1.0763017018e+00
6.4319999909e+02,1.7040541463e+02,-1.0762582182e+00
6.4329999909e+02,1.7029779099e+02,-1.0762147313e+00
6.4339999909e+02,1.7019017169e+02,-1.0761712413e+00
6.4349999909e+02,1.7008255674e+02,-1.0761277481e+00
6.4359999909e+02,1.6997494614e+02,-1.0760842517e+00
6.4369999909e+02,1.6986733989e+02,-1.0760407522e+00
6.4379999909e+02,1.6975973799e+02,-1.0759972495e+00
6.4389999909e+02,1.6965214044e+02,-1.0759537435e+00
6.4399999909e+02,1.6954454724e+02,-1.0759102344e+00
6.4409999909e+02,1.6943695839e+02,-1.0758667222e+00
6.4419999909e+02,1.6932937390e+02,-1.0758232067e+00
6.4429999909e+02,1.6922179375e+02,-1.0757796880e+00
6.4439999909e+02,1.6911421796e+02,-1.0757361662e+00
6.4449999909e+02,1.6900664652e+02,-1.0756926412e+00
6.4459999909e+02,1.6889907943e+02,-1.0756491130e+00
6.4469999909e+02,1.6879151670e+02,-1.0756055816e+00
6.4479999909e+02,1.6868395831e+02,-1.0755620470e+00
6.4489999909e+02,1.6857640429e+02,-1.0755185092e+00
6.4499999909e+02,1.6846885461e+02,-1.0754749683e+00
6.4509999909e+02,1.6836130929e+02,-1.0754314241e+00
6.4519999909e+02,1.6825376833e+02,-1.0753878768e+00
6.4529999909e+02,1.6814623172e+02,-1.0753443263e+00
6.4539999909e+02,1.6803869946e+02,-1.0753007725e+00
6.4549999909e+02,1.6793117156e+02,-1.0752572156e+00
6.4559999909e+02,1.6782364802e+02,-1.0752136555e+00
6.4569999909e+02,1.6771612883e+02,-1.0751700922e+00
6.4579999909e+02,1.6760861400e+02,-1.0751265257e+00
6.4589999909e+02,1.6750110353e+02,-1.0750829560e+00
6.4599999909e+02,1.6739359741e+02,-1.0750393831e+00
6.4609999909e+02,1.6728609565e+02,-1.0749958070e+00
6.4619999908e+02,1.6717859825e+02,-1.0749522277e+00
6.4629999908e+02,1.6707110520e+02,-1.0749086452e+00
6.4639999908e+02,1.6696361652e+02,-1.0748650595e+00
6.4649999908e+02,1.6685613219e+02,-1.0748214706e+00
6.4659999908e+02,1.6674865223e+02,-1.0747778785e+00
6.4669999908e+02,1.6664117662e+02,-1.0747342832e+00
6.4679999908e+02,1.6653370537e+02,-1.0746906847e+00
6.4689999908e+02,1.6642623848e+02,-1.0746470830e+00
6.4699999908e+02,1.6631877595e+02,-1.0746034781e+00
6.4709999908e+02,1.6621131778e+02,-1.0745598700e+00
6.4719999908e+02,1.6610386398e+02,-1.0745162586e+00
6.4729999908e+02,1.6599641453e+02,-1.0744726441e+00
6.4739999908e+02,1.6588896945e+02,-1.0744290264e+00
6.4749999908e+02,1.6578152873e+02,-1.0743854054e+00
6.4759999908e+02,1.6567409237e+02,-1.0743417813e+00
6.4769999908e+02,1.6556666037e+02,-1.0742981539e+00
6.4779999908e+02,1.6545923274e+02,-1.0742545233e+00
6.4789999908e+02,1.6535180947e+02,-1.0742108895e+00
6.4799999908e+02,1.6524439056e+02,-1.0741672525e+00
6.4809999908e+02,1.6513697602e+02,-1.0741236123e+00
6.4819999908e+02,1.6502956584e+02,-1.0740799689e+00
6.4829999908e+02,1.6492216002e+02,-1.0740363222e+00
6.4839999908e+02,1.6481475857e+02,-1.0739926724e+00
6.4849999908e+02,1.6470736149e+02,-1.0739490193e+00
6.4859999908e+02,1.6459996877e+02,-1.0739053630e+00
6.4869999908e+02,1.6449258042e+02,-1.0738617035e+00
6.4879999908e+02,1.6438519643e+02,-1.0738180408e+00
6.4889999908e+02,1.6427781681e+02,-1.0737743748e+00
6.4899999908e+02,1.6417044155e+02,-1.0737307056e+00
6.4909999908e+02,1.6406307067e+02,-1.0736870333e+00
6.4919999908e+02,1.6395570415e+02,-1.0736433576e+00
6.4929999908e+02,1.6384834200e+02,-1.0735996788e+00
6.4939999908e+02,1.6374098421e+02,-1.0735559967e+00
6.4949999908e+02,1.6363363080e+02,-1.0735123115e+00
6.4959999908e+02,1.6352628175e+02,-1.0734686230e+00
6.4969999908e+02,1.6341893707e+02,-1.0734249312e+00
6.4979999908e+02,1.6331159676e+02,-1.0733812363e+00
6.4989999908e+02,1.6320426083e+02,-1.0733375381e+00
6.4999999908e+02,1.6309692926e+02,-1.0732938367e+00
6.5009999908e+02,1.6298960206e+02,-1.0732501320e+00
6.5019999907e+02,1.6288227923e+02,-1.0732064241e+00
6.5029999907e+02,1.6277496077e+02,-1.0731627130e+00
6.5039999907e+02,1.6266764669e+02,-1.0731189987e+00
6.5049999907e+02,1.6256033697e+02,-1.0730752811e+00
6.5059999907e+02,1.6245303163e+02,-1.0730315603e+00
6.5069999907e+02,1.6234573066e+02,-1.0729878363e+00
6.5079999907e+02,1.6223843406e+02,-1.0729441090e+00
6.5089999907e+02,1.6213114184e+02,-1.0729003785e+00
6.5099999907e+02,1.6202385399e+02,-1.0728566448e+00
6.5109999907e+02,1.6191657051e+02,-1.0728129078e+00
6.5119999907e+02,1.6180929141e+02,-1.0727691676e+00
6.5129999907e+02,1.6170201668e+02,-1.0727254242e+00
6.5139999907e+02,1.6159474632e+02,-1.0726816775e+00
6.5149999907e+02,1.6148748034e+02,-1.0726379275e+00
6.5159999907e+02,1.6138021874e+02,-1.0725941744e+00
6.5169999907e+02,1.6127296151e+02,-1.0725504180e+00
6.5179999907e+02,1.6116570865e+02,-1.0725066583e+00
6.5189999907e+02,1.6105846018e+02,-1.0724628954e+00
6.5199999907e+02,1.6095121607e+02,-1.0724191293e+00
6.5209999907e+02,1.6084397635e+02,-1.0723753599e+00
6.5219999907e+02,1.6073674100e+02,-1.0723315873e+00
6.5229999907e+02,1.6062951003e+02,-1.0722878114e+00
6.5239999907e+02,1.6052228344e+02,-1.0722440323e+00
6.5249999907e+02,1.6041506123e+02,-1.0722002499e+00
6.5259999907e+02,1.6030784339e+02,-1.0721564643e+00
6.5269999907e+02,1.6020062993e+02,-1.0721126754e+00
6.5279999907e+02,1.6009342086e+02,-1.0720688833e+00
6.5289999907e+02,1.5998621616e+02,-1.0720250880e+00
6.5299999907e+02,1.5987901584e+02,-1.0719812894e+00
6.5309999907e+02,1.5977181990e+02,-1.0719374875e+00
6.5319999907e+02,1.5966462834e+02,-1.0718936824e+00
6.5329999907e+02,1.5955744116e+02,-1.0718498740e+00
6.5339999907e+02,1.5945025837e+02,-1.0718060624e+00
6.5349999907e+02,1.5934307995e+02,-1.0717622475e+00
6.5359999907e+02,1.5923590592e+02,-1.0717184293e+00
6.5369999907e+02,1.5912873626e+02,-1.0716746079e+00
6.5379999907e+02,1.5902157100e+02,-1.0716307833e+00
6.5389999907e+02,1.5891441011e+02,-1.0715869554e+00
6.5399999907e+02,1.5880725360e+02,-1.0715431242e+00
6.5409999906e+02,1.5870010148e+02,-1.0714992898e+00
6.5419999906e+02,1.5859295375e+02,-1.0714554521e+00
6.5429999906e+02,1.5848581039e+02,-1.0714116111e+00
6.5439999906e+02,1.5837867142e+02,-1.0713677669e+00
6.5449999906e+02,1.5827153684e+02,-1.0713239194e+00
6.5459999906e+02,1.5816440664e+02,-1.0712800687e+00
6.5469999906e+02,1.5805728083e+02,-1.0712362147e+00
6.5479999906e+02,1.5795015940e+02,-1.0711923574e+00
6.5489999906e+02,1.5784304235e+02,-1.0711484969e+00
6.5499999906e+02,1.5773592970e+02,-1.0711046331e+00
6.5509999906e+02,1.5762882143e+02,-1.0710607660e+00
6.5519999906e+02,1.5752171755e+02,-1.0710168956e+00
6.5529999906e+02,1.5741461805e+02,-1.0709730220e+00
6.5539999906e+02,1.5730752294e+02,-1.0709291452e+00
6.5549999906e+02,1.5720043222e+02,-1.0708852650e+00
6.5559999906e+02,1.5709334589e+02,-1.0708413816e+00
6.5569999906e+02,1.5698626394e+02,-1.0707974949e+00
6.5579999906e+02,1.5687918639e+02,-1.0707536049e+00
6.5589999906e+02,1.5677211322e+02,-1.0707097117e+00
6.5599999906e+02,1.5666504445e+02,-1.0706658151e+00
6.5609999906e+02,1.5655798006e+02,-1.0706219153e+00
6.5619999906e+02,1.5645092006e+02,-1.0705780123e+00
6.5629999906e+02,1.5634386446e+02,-1.0705341059e+00
6.5639999906e+02,1.5623681324e+02,-1.0704901963e+00
6.5649999906e+02,1.5612976642e+02,-1.0704462834e+00
6.5659999906e+02,1.5602272399e+02,-1.0704023672e+00
6.5669999906e+02,1.5591568595e+02,-1.0703584477e+00
6.5679999906e+02,1.5580865230e+02,-1.0703145250e+00
6.5689999906e+02,1.5570162304e+02,-1.0702705989e+00
6.5699999906e+02,1.5559459818e+02,-1.0702266696e+00
6.5709999906e+02,1.5548757771e+02,-1.0701827370e+00
6.5719999906e+02,1.5538056163e+02,-1.0701388011e+00
6.5729999906e+02,1.5527354995e+02,-1.0700948620e+00
6.5739999906e+02,1.5516654266e+02,-1.0700509195e+00
6.5749999906e+02,1.5505953976e+02,-1.0700069738e+00
6.5759999906e+02,1.5495254126e+02,-1.0699630248e+00
6.5769999906e+02,1.5484554716e+02,-1.0699190724e+00
6.5779999906e+02,1.5473855745e+02,-1.0698751168e+00
6.5789999906e+02,1.5463157213e+02,-1.0698311579e+00
6.5799999906e+02,1.5452459122e+02,-1.0697871958e+00
6.5809999905e+02,1.5441761470e+02,-1.0697432303e+00
6.5819999905e+02,1.5431064257e+02,-1.0696992615e+00
6.5829999905e+02,1.5420367484e+02,-1.0696552894e+00
6.5839999905e+02,1.5409671151e+02,-1.0696113141e+00
6.5849999905e+02,1.5398975258e+02,-1.0695673354e+00
6.5859999905e+02,1.5388279805e+02,-1.0695233535e+00
6.5869999905e+02,1.5377584791e+02,-1.0694793682e+00
6.5879999905e+02,1.5366890217e+02,-1.0694353797e+00
6.5889999905e+02,1.5356196083e+02,-1.0693913878e+00
6.5899999905e+02,1.5345502390e+02,-1.0693473927e+00
6.5909999905e+02,1.5334809136e+02,-1.0693033943e+00
6.5919999905e+02,1.5324116322e+02,-1.0692593925e+00
6.5929999905e+02,1.5313423948e+02,-1.0692153875e+00
6.5939999905e+02,1.5302732014e+02,-1.0691713791e+00
6.5949999905e+02,1.5292040520e+02,-1.0691273675e+00
6.5959999905e+02,1.5281349467e+02,-1.0690833525e+00
6.5969999905e+02,1.5270658853e+02,-1.0690393343e+00
6.5979999905e+02,1.5259968680e+02,-1.0689953127e+00
6.5989999905e+02,1.5249278947e+02,-1.0689512879e+00
6.5999999905e+02,1.5238589654e+02,-1.0689072597e+00
6.6009999905e+02,1.5227900802e+02,-1.0688632282e+00
6.6019999905e+02,1.5217212390e+02,-1.0688191934e+00
6.6029999905e+02,1.5206524418e+02,-1.0687751553e+00
6.6039999905e+02,1.5195836887e+02,-1.0687311139e+00
6.6049999905e+02,1.5185149796e+02,-1.0686870692e+00
6.6059999905e+02,1.5174463145e+02,-1.0686430211e+00
6.6069999905e+02,1.5163776935e+02,-1.0685989698e+00
6.6079999905e+02,1.5153091166e+02,-1.0685549151e+00
6.6089999905e+02,1.5142405837e+02,-1.0685108572e+00
6.6099999905e+02,1.5131720949e+02,-1.0684667959e+00
6.6109999905e+02,1.5121036501e+02,-1.0684227313e+00
6.6119999905e+02,1.5110352494e+02,-1.0683786634e+00
6.6129999905e+02,1.5099668928e+02,-1.0683345921e+00
6.6139999905e+02,1.5088985802e+02,-1.0682905176e+00
6.6149999905e+02,1.5078303117e+02,-1.0682464397e+00
6.6159999905e+02,1.5067620873e+02,-1.0682023585e+00
6.6169999905e+02,1.5056939070e+02,-1.0681582740e+00
6.6179999905e+02,1.5046257708e+02,-1.0681141861e+00
6.6189999905e+02,1.5035576787e+02,-1.0680700950e+00
6.6199999905e+02,1.5024896306e+02,-1.0680260005e+00
6.6209999904e+02,1.5014216267e+02,-1.0679819027e+00
6.6219999904e+02,1.5003536668e+02,-1.0679378015e+00
6.6229999904e+02,1.4992857511e+02,-1.0678936971e+00
6.6239999904e+02,1.4982178794e+02,-1.0678495893e+00
6.6249999904e+02,1.4971500519e+02,-1.0678054782e+00
6.6259999904e+02,1.4960822685e+02,-1.0677613638e+00
6.6269999904e+02,1.4950145291e+02,-1.0677172460e+00
6.6279999904e+02,1.4939468340e+02,-1.0676731249e+00
6.6289999904e+02,1.4928791829e+02,-1.0676290005e+00
6.6299999904e+02,1.4918115760e+02,-1.0675848727e+00
6.6309999904e+02,1.4907440132e+02,-1.0675407416e+00
6.6319999904e+02,1.4896764945e+02,-1.0674966072e+00
6.6329999904e+02,1.4886090199e+02,-1.0674524694e+00
6.6339999904e+02,1.4875415895e+02,-1.0674083283e+00
6.6349999904e+02,1.4864742033e+02,-1.0673641839e+00
6.6359999904e+02,1.4854068612e+02,-1.0673200361e+00
6.6369999904e+02,1.4843395632e+02,-1.0672758850e+00
6.6379999904e+02,1.4832723094e+02,-1.0672317306e+00
6.6389999904e+02,1.4822050998e+02,-1.0671875728e+00
6.6399999904e+02,1.4811379343e+02,-1.0671434117e+00
6.6409999904e+02,1.4800708129e+02,-1.0670992472e+00
6.6419999904e+02,1.4790037358e+02,-1.0670550794e+00
6.6429999904e+02,1.4779367028e+02,-1.0670109083e+00
6.6439999904e+02,1.4768697140e+02,-1.0669667338e+00
6.6449999904e+02,1.4758027693e+02,-1.0669225560e+00
6.6459999904e+02,1.4747358688e+02,-1.0668783748e+00
6.6469999904e+02,1.4736690126e+02,-1.0668341903e+00
6.6479999904e+02,1.4726022005e+02,-1.0667900024e+00
6.6489999904e+02,1.4715354326e+02,-1.0667458112e+00
6.6499999904e+02,1.4704687088e+02,-1.0667016167e+00
6.6509999904e+02,1.4694020293e+02,-1.0666574187e+00
6.6519999904e+02,1.4683353940e+02,-1.0666132175e+00
6.6529999904e+02,1.4672688029e+02,-1.0665690129e+00
6.6539999904e+02,1.4662022560e+02,-1.0665248049e+00
6.6549999904e+02,1.4651357533e+02,-1.0664805936e+00
6.6559999904e+02,1.4640692948e+02,-1.0664363790e+00
6.6569999904e+02,1.4630028805e+02,-1.0663921609e+00
6.6579999904e+02,1.4619365105e+02,-1.0663479396e+00
6.6589999904e+02,1.4608701846e+02,-1.0663037148e+00
6.6599999903e+02,1.4598039030e+02,-1.0662594868e+00
6.6609999903e+02,1.4587376657e+02,-1.0662152553e+00
6.6619999903e+02,1.4576714725e+02,-1.0661710205e+00
6.6629999903e+02,1.4566053236e+02,-1.0661267824e+00
6.6639999903e+02,1.4555392190e+02,-1.0660825409e+00
6.6649999903e+02,1.4544731586e+02,-1.0660382960e+00
6.6659999903e+02,1.4534071424e+02,-1.0659940477e+00
6.6669999903e+02,1.4523411705e+02,-1.0659497962e+00
6.6679999903e+02,1.4512752428e+02,-1.0659055412e+00
6.6689999903e+02,1.4502093594e+02,-1.0658612829e+00
6.6699999903e+02,1.4491435202e+02,-1.0658170212e+00
6.6709999903e+02,1.4480777253e+02,-1.0657727561e+00
6.6719999903e+02,1.4470119747e+02,-1.0657284877e+00
6.6729999903e+02,1.4459462684e+02,-1.0656842159e+00
6.6739999903e+02,1.4448806063e+02,-1.0656399408e+00
6.6749999903e+02,1.4438149885e+02,-1.0655956623e+00
6.6759999903e+02,1.4427494150e+02,-1.0655513804e+00
6.6769999903e+02,1.4416838857e+02,-1.0655070951e+00
6.6779999903e+02,1.4406184008e+02,-1.0654628065e+00
6.6789999903e+02,1.4395529601e+02,-1.0654185145e+00
6.6799999903e+02,1.4384875637e+02,-1.0653742191e+00
6.6809999903e+02,1.4374222117e+02,-1.0653299203e+00
6.6819999903e+02,1.4363569039e+02,-1.0652856182e+00
6.6829999903e+02,1.4352916404e+02,-1.0652413127e+00
6.6839999903e+02,1.4342264213e+02,-1.0651970039e+00
6.6849999903e+02,1.4331612464e+02,-1.0651526916e+00
6.6859999903e+02,1.4320961159e+02,-1.0651083760e+00
6.6869999903e+02,1.4310310297e+02,-1.0650640570e+00
6.6879999903e+02,1.4299659878e+02,-1.0650197346e+00
6.6889999903e+02,1.4289009902e+02,-1.0649754088e+00
6.6899999903e+02,1.4278360370e+02,-1.0649310797e+00
6.6909999903e+02,1.4267711281e+02,-1.0648867471e+00
6.6919999903e+02,1.4257062635e+02,-1.0648424112e+00
6.6929999903e+02,1.4246414432e+02,-1.0647980719e+00
6.6939999903e+02,1.4235766673e+02,-1.0647537292e+00
6.6949999903e+02,1.4225119358e+02,-1.0647093832e+00
6.6959999903e+02,1.4214472486e+02,-1.0646650337e+00
6.6969999903e+02,1.4203826057e+02,-1.0646206809e+00
6.6979999903e+02,1.4193180072e+02,-1.0645763247e+00
6.6989999903e+02,1.4182534531e+02,-1.0645319651e+00
6.6999999902e+02,1.4171889433e+02,-1.0644876021e+00
6.7009999902e+02,1.4161244779e+02,-1.0644432357e+00
6.7019999902e+02,1.4150600568e+02,-1.0643988659e+00
6.7029999902e+02,1.4139956801e+02,-1.0643544927e+00
6.7039999902e+02,1.4129313478e+02,-1.0643101161e+00
6.7049999902e+02,1.4118670599e+02,-1.0642657362e+00
6.7059999902e+02,1.4108028164e+02,-1.0642213528e+00
6.7069999902e+02,1.4097386172e+02,-1.0641769661e+00
6.7079999902e+02,1.4086744624e+02,-1.0641325759e+00
6.7089999902e+02,1.4076103520e+02,-1.0640881824e+00
6.7099999902e+02,1.4065462861e+02,-1.0640437854e+00
6.7109999902e+02,1.4054822645e+02,-1.0639993851e+00
6.7119999902e+02,1.4044182873e+02,-1.0639549813e+00
6.7129999902e+02,1.4033543545e+02,-1.0639105742e+00
6.7139999902e+02,1.4022904661e+02,-1.0638661637e+00
6.7149999902e+02,1.4012266222e+02,-1.0638217497e+00
6.7159999902e+02,1.4001628226e+02,-1.0637773324e+00
6.7169999902e+02,1.3990990675e+02,-1.0637329116e+00
6.7179999902e+02,1.3980353568e+02,-1.0636884875e+00
6.7189999902e+02,1.3969716905e+02,-1.0636440599e+00
6.7199999902e+02,1.3959080687e+02,-1.0635996289e+00
6.7209999902e+02,1.3948444913e+02,-1.0635551945e+00
6.7219999902e+02,1.3937809583e+02,-1.0635107568e+00
6.7229999902e+02,1.3927174698e+02,-1.0634663156e+00
6.7239999902e+02,1.3916540257e+02,-1.0634218710e+00
6.7249999902e+02,1.3905906260e+02,-1.0633774230e+00
6.7259999902e+02,1.3895272708e+02,-1.0633329715e+00
6.7269999902e+02,1.3884639601e+02,-1.0632885167e+00
6.7279999902e+02,1.3874006938e+02,-1.0632440585e+00
6.7289999902e+02,1.3863374720e+02,-1.0631995968e+00
6.7299999902e+02,1.3852742946e+02,-1.0631551317e+00
6.7309999902e+02,1.3842111617e+02,-1.0631106632e+00
6.7319999902e+02,1.3831480733e+02,-1.0630661913e+00
6.7329999902e+02,1.3820850293e+02,-1.0630217160e+00
6.7339999902e+02,1.3810220299e+02,-1.0629772372e+00
6.7349999902e+02,1.3799590749e+02,-1.0629327551e+00
6.7359999902e+02,1.3788961643e+02,-1.0628882695e+00
6.7369999902e+02,1.3778332983e+02,-1.0628437805e+00
6.7379999902e+02,1.3767704768e+02,-1.0627992881e+00
6.7389999901e+02,1.3757076997e+02,-1.0627547922e+00
6.7399999901e+02,1.3746449672e+02,-1.0627102930e+00
6.7409999901e+02,1.3735822792e+02,-1.0626657903e+00
6.7419999901e+02,1.3725196356e+02,-1.0626212841e+00
6.7429999901e+02,1.3714570366e+02,-1.0625767746e+00
6.7439999901e+02,1.3703944821e+02,-1.0625322616e+00
6.7449999901e+02,1.3693319721e+02,-1.0624877452e+00
6.7459999901e+02,1.3682695066e+02,-1.0624432254e+00
6.7469999901e+02,1.3672070856e+02,-1.0623987021e+00
6.7479999901e+02,1.3661447092e+02,-1.0623541754e+00
6.7489999901e+02,1.3650823773e+02,-1.0623096453e+00
6.7499999901e+02,1.3640200899e+02,-1.0622651118e+00
6.7509999901e+02,1.3629578471e+02,-1.0622205748e+00
6.7519999901e+02,1.3618956487e+02,-1.0621760344e+00
6.7529999901e+02,1.3608334950e+02,-1.0621314905e+00
6.7539999901e+02,1.3597713858e+02,-1.0620869432e+00
6.7549999901e+02,1.3587093211e+02,-1.0620423925e+00
6.7559999901e+02,1.3576473010e+02,-1.0619978384e+00
6.7569999901e+02,1.3565853254e+02,-1.0619532808e+00
6.7579999901e+02,1.3555233944e+02,-1.0619087197e+00
6.7589999901e+02,1.3544615080e+02,-1.0618641552e+00
6.7599999901e+02,1.3533996661e+02,-1.0618195873e+00
6.7609999901e+02,1.3523378688e+02,-1.0617750160e+00
6.7619999901e+02,1.3512761161e+02,-1.0617304412e+00
6.7629999901e+02,1.3502144079e+02,-1.0616858629e+00
6.7639999901e+02,1.3491527444e+02,-1.0616412812e+00
6.7649999901e+02,1.3480911254e+02,-1.0615966961e+00
6.7659999901e+02,1.3470295510e+02,-1.0615521075e+00
6.7669999901e+02,1.3459680212e+02,-1.0615075155e+00
6.7679999901e+02,1.3449065359e+02,-1.0614629200e+00
6.7689999901e+02,1.3438450953e+02,-1.0614183211e+00
6.7699999901e+02,1.3427836993e+02,-1.0613737187e+00
6.7709999901e+02,1.3417223479e+02,-1.0613291129e+00
6.7719999901e+02,1.3406610411e+02,-1.0612845037e+00
6.7729999901e+02,1.3395997789e+02,-1.0612398909e+00
6.7739999901e+02,1.3385385613e+02,-1.0611952748e+00
6.7749999901e+02,1.3374773883e+02,-1.0611506551e+00
6.7759999901e+02,1.3364162600e+02,-1.0611060320e+00
6.7769999901e+02,1.3353551763e+02,-1.0610614055e+00
6.7779999901e+02,1.3342941372e+02,-1.0610167755e+00
6.7789999900e+02,1.3332331427e+02,-1.0609721421e+00
6.7799999900e+02,1.3321721929e+02,-1.0609275052e+00
6.7809999900e+02,1.3311112877e+02,-1.0608828648e+00
6.7819999900e+02,1.3300504272e+02,-1.0608382210e+00
6.7829999900e+02,1.3289896113e+02,-1.0607935737e+00
6.7839999900e+02,1.3279288400e+02,-1.0607489229e+00
6.7849999900e+02,1.3268681134e+02,-1.0607042687e+00
6.7859999900e+02,1.3258074315e+02,-1.0606596111e+00
6.7869999900e+02,1.3247467942e+02,-1.0606149499e+00
6.7879999900e+02,1.3236862016e+02,-1.0605702853e+00
6.7889999900e+02,1.3226256536e+02,-1.0605256172e+00
6.7899999900e+02,1.3215651503e+02,-1.0604809457e+00
6.7909999900e+02,1.3205046917e+02,-1.0604362707e+00
6.7919999900e+02,1.3194442778e+02,-1.0603915922e+00
6.7929999900e+02,1.3183839086e+02,-1.0603469103e+00
6.7939999900e+02,1.3173235840e+02,-1.0603022249e+00
6.7949999900e+02,1.3162633041e+02,-1.0602575360e+00
6.7959999900e+02,1.3152030689e+02,-1.0602128437e+00
6.7969999900e+02,1.3141428784e+02,-1.0601681478e+00
6.7979999900e+02,1.3130827326e+02,-1.0601234485e+00
6.7989999900e+02,1.3120226315e+02,-1.0600787458e+00
6.7999999900e+02,1.3109625751e+02,-1.0600340395e+00
6.8009999900e+02,1.3099025634e+02,-1.0599893298e+00
6.8019999900e+02,1.3088425965e+02,-1.0599446166e+00
6.8029999900e+02,1.3077826742e+02,-1.0598998999e+00
6.8039999900e+02,1.3067227967e+02,-1.0598551798e+00
6.8049999900e+02,1.3056629639e+02,-1.0598104561e+00
6.8059999900e+02,1.3046031758e+02,-1.0597657290e+00
6.8069999900e+02,1.3035434324e+02,-1.0597209984e+00
6.8079999900e+02,1.3024837338e+02,-1.0596762643e+00
6.8089999900e+02,1.3014240799e+02,-1.0596315268e+00
6.8099999900e+02,1.3003644707e+02,-1.0595867857e+00
6.8109999900e+02,1.2993049063e+02,-1.0595420412e+00
6.8119999900e+02,1.2982453866e+02,-1.0594972932e+00
6.8129999900e+02,1.2971859117e+02,-1.0594525417e+00
6.8139999900e+02,1.2961264816e+02,-1.0594077867e+00
6.8149999900e+02,1.2950670961e+02,-1.0593630282e+00
6.8159999900e+02,1.2940077555e+02,-1.0593182662e+00
6.8169999900e+02,1.2929484596e+02,-1.0592735008e+00
6.8179999900e+02,1.2918892085e+02,-1.0592287318e+00
6.8189999899e+02,1.2908300022e+02,-1.0591839594e+00
6.8199999899e+02,1.2897708406e+02,-1.0591391834e+00
6.8209999899e+02,1.2887117238e+02,-1.0590944040e+00
6.8219999899e+02,1.2876526518e+02,-1.0590496211e+00
6.8229999899e+02,1.2865936245e+02,-1.0590048347e+00
6.8239999899e+02,1.2855346421e+02,-1.0589600447e+00
6.8249999899e+02,1.2844757045e+02,-1.0589152513e+00
6.8259999899e+02,1.2834168116e+02,-1.0588704544e+00
6.8269999899e+02,1.2823579635e+02,-1.0588256540e+00
6.8279999899e+02,1.2812991603e+02,-1.0587808501e+00
6.8289999899e+02,1.2802404018e+02,-1.0587360427e+00
6.8299999899e+02,1.2791816882e+02,-1.0586912318e+00
6.8309999899e+02,1.2781230194e+02,-1.0586464173e+00
6.8319999899e+02,1.2770643954e+02,-1.0586015994e+00
6.8329999899e+02,1.2760058162e+02,-1.0585567780e+00
6.8339999899e+02,1.2749472818e+02,-1.0585119531e+00
6.8349999899e+02,1.2738887923e+02,-1.0584671246e+00
6.8359999899e+02,1.2728303476e+02,-1.0584222927e+00
6.8369999899e+02,1.2717719477e+02,-1.0583774572e+00
6.8379999899e+02,1.2707135927e+02,-1.0583326183e+00
6.8389999899e+02,1.2696552825e+02,-1.0582877758e+00
6.8399999899e+02,1.2685970171e+02,-1.0582429298e+00
6.8409999899e+02,1.2675387966e+02,-1.0581980803e+00
6.8419999899e+02,1.2664806210e+02,-1.0581532273e+00
6.8429999899e+02,1.2654224902e+02,-1.0581083708e+00
6.8439999899e+02,1.2643644042e+02,-1.0580635108e+00
6.8449999899e+02,1.2633063631e+02,-1.0580186472e+00
6.8459999899e+02,1.2622483669e+02,-1.0579737802e+00
6.8469999899e+02,1.2611904156e+02,-1.0579289096e+00
6.8479999899e+02,1.2601325091e+02,-1.0578840355e+00
6.8489999899e+02,1.2590746475e+02,-1.0578391579e+00
6.8499999899e+02,1.2580168308e+02,-1.0577942767e+00
6.8509999899e+02,1.2569590590e+02,-1.0577493921e+00
6.8519999899e+02,1.2559013320e+02,-1.0577045039e+00
6.8529999899e+02,1.2548436499e+02,-1.0576596122e+00
6.8539999899e+02,1.2537860128e+02,-1.0576147170e+00
6.8549999899e+02,1.2527284205e+02,-1.0575698182e+00
6.8559999899e+02,1.2516708731e+02,-1.0575249159e+00
6.8569999899e+02,1.2506133707e+02,-1.0574800101e+00
6.8579999898e+02,1.2495559131e+02,-1.0574351008e+00
6.8589999898e+02,1.2484985005e+02,-1.0573901880e+00
6.8599999898e+02,1.2474411328e+02,-1.0573452716e+00
6.8609999898e+02,1.2463838099e+02,-1.0573003517e+00
6.8619999898e+02,1.2453265320e+02,-1.0572554282e+00
6.8629999898e+02,1.2442692991e+02,-1.0572105012e+00
6.8639999898e+02,1.2432121110e+02,-1.0571655707e+00
6.8649999898e+02,1.2421549679e+02,-1.0571206367e+00
6.8659999898e+02,1.2410978698e+02,-1.0570756991e+00
6.8669999898e+02,1.2400408165e+02,-1.0570307580e+00
6.8679999898e+02,1.2389838083e+02,-1.0569858134e+00
6.8689999898e+02,1.2379268449e+02,-1.0569408652e+00
6.8699999898e+02,1.2368699265e+02,-1.0568959135e+00
6.8709999898e+02,1.2358130531e+02,-1.0568509582e+00
6.8719999898e+02,1.2347562246e+02,-1.0568059994e+00
6.8729999898e+02,1.2336994411e+02,-1.0567610371e+00
6.8739999898e+02,1.2326427025e+02,-1.0567160712e+00
6.8749999898e+02,1.2315860090e+02,-1.0566711018e+00
6.8759999898e+02,1.2305293603e+02,-1.0566261288e+00
6.8769999898e+02,1.2294727567e+02,-1.0565811523e+00
6.8779999898e+02,1.2284161980e+02,-1.0565361723e+00
6.8789999898e+02,1.2273596844e+02,-1.0564911887e+00
6.8799999898e+02,1.2263032157e+02,-1.0564462015e+00
6.8809999898e+02,1.2252467920e+02,-1.0564012108e+00
6.8819999898e+02,1.2241904132e+02,-1.0563562166e+00
6.8829999898e+02,1.2231340795e+02,-1.0563112188e+00
6.8839999898e+02,1.2220777908e+02,-1.0562662175e+00
6.8849999898e+02,1.2210215471e+02,-1.0562212126e+00
6.8859999898e+02,1.2199653484e+02,-1.0561762041e+00
6.8869999898e+02,1.2189091947e+02,-1.0561311921e+00
6.8879999898e+02,1.2178530860e+02,-1.0560861766e+00
6.8889999898e+02,1.2167970223e+02,-1.0560411575e+00
6.8899999898e+02,1.2157410037e+02,-1.0559961348e+00
6.8909999898e+02,1.2146850301e+02,-1.0559511086e+00
6.8919999898e+02,1.2136291015e+02,-1.0559060788e+00
6.8929999898e+02,1.2125732179e+02,-1.0558610455e+00
6.8939999898e+02,1.2115173794e+02,-1.0558160086e+00
6.8949999898e+02,1.2104615859e+02,-1.0557709681e+00
6.8959999898e+02,1.2094058374e+02,-1.0557259241e+00
6.8969999898e+02,1.2083501340e+02,-1.0556808765e+00
6.8979999897e+02,1.2072944757e+02,-1.0556358254e+00
6.8989999897e+02,1.2062388624e+02,-1.0555907707e+00
6.8999999897e+02,1.2051832942e+02,-1.0555457124e+00
6.9009999897e+02,1.2041277710e+02,-1.0555006506e+00
6.9019999897e+02,1.2030722929e+02,-1.0554555852e+00
6.9029999897e+02,1.2020168598e+02,-1.0554105162e+00
6.9039999897e+02,1.2009614718e+02,-1.0553654437e+00
6.9049999897e+02,1.1999061289e+02,-1.0553203676e+00
6.9059999897e+02,1.1988508311e+02,-1.0552752879e+00
6.9069999897e+02,1.1977955783e+02,-1.0552302047e+00
6.9079999897e+02,1.1967403707e+02,-1.0551851178e+00
6.9089999897e+02,1.1956852081e+02,-1.0551400274e+00
6.9099999897e+02,1.1946300906e+02,-1.0550949335e+00
6.9109999897e+02,1.1935750182e+02,-1.0550498359e+00
6.9119999897e+02,1.1925199910e+02,-1.0550047348e+00
6.9129999897e+02,1.1914650088e+02,-1.0549596301e+00
6.9139999897e+02,1.1904100717e+02,-1.0549145218e+00
6.9149999897e+02,1.1893551797e+02,-1.0548694100e+00
6.9159999897e+02,1.1883003329e+02,-1.0548242945e+00
6.9169999897e+02,1.1872455311e+02,-1.0547791755e+00
6.9179999897e+02,1.1861907745e+02,-1.0547340529e+00
6.9189999897e+02,1.1851360630e+02,-1.0546889268e+00
6.9199999897e+02,1.1840813967e+02,-1.0546437970e+00
6.9209999897e+02,1.1830267754e+02,-1.0545986636e+00
6.9219999897e+02,1.1819721993e+02,-1.0545535267e+00
6.9229999897e+02,1.1809176684e+02,-1.0545083862e+00
6.9239999897e+02,1.1798631826e+02,-1.0544632421e+00
6.9249999897e+02,1.1788087419e+02,-1.0544180944e+00
6.9259999897e+02,1.1777543464e+02,-1.0543729431e+00
6.9269999897e+02,1.1766999960e+02,-1.0543277883e+00
6.9279999897e+02,1.1756456908e+02,-1.0542826298e+00
6.9289999897e+02,1.1745914308e+02,-1.0542374677e+00
6.9299999897e+02,1.1735372159e+02,-1.0541923021e+00
6.9309999897e+02,1.1724830462e+02,-1.0541471329e+00
6.9319999897e+02,1.1714289216e+02,-1.0541019600e+00
6.9329999897e+02,1.1703748422e+02,-1.0540567836e+00
6.9339999897e+02,1.1693208080e+02,-1.0540116036e+00
6.9349999897e+02,1.1682668190e+02,-1.0539664199e+00
6.9359999897e+02,1.1672128752e+02,-1.0539212327e+00
6.9369999896e+02,1.1661589766e+02,-1.0538760419e+00
6.9379999896e+02,1.1651051231e+02,-1.0538308475e+00
6.9389999896e+02,1.1640513149e+02,-1.0537856495e+00
6.9399999896e+02,1.1629975518e+02,-1.0537404478e+00
6.9409999896e+02,1.1619438340e+02,-1.0536952426e+00
6.9419999896e+02,1.1608901613e+02,-1.0536500338e+00
6.9429999896e+02,1.1598365339e+02,-1.0536048214e+00
6.9439999896e+02,1.1587829517e+02,-1.0535596053e+00
6.9449999896e+02,1.1577294147e+02,-1.0535143857e+00
6.9459999896e+02,1.1566759229e+02,-1.0534691624e+00
6.9469999896e+02,1.1556224764e+02,-1.0534239355e+00
6.9479999896e+02,1.1545690751e+02,-1.0533787051e+00
6.9489999896e+02,1.1535157190e+02,-1.0533334710e+00
6.9499999896e+02,1.1524624081e+02,-1.0532882333e+00
6.9509999896e+02,1.1514091425e+02,-1.0532429920e+00
6.9519999896e+02,1.1503559221e+02,-1.0531977471e+00
6.9529999896e+02,1.1493027470e+02,-1.0531524985e+00
6.9539999896e+02,1.1482496171e+02,-1.0531072464e+00
6.9549999896e+02,1.1471965325e+02,-1.0530619906e+00
6.9559999896e+02,1.1461434932e+02,-1.0530167313e+00
6.9569999896e+02,1.1450904991e+02,-1.0529714683e+00
6.9579999896e+02,1.1440375502e+02,-1.0529262016e+00
6.9589999896e+02,1.1429846467e+02,-1.0528809314e+00
6.9599999896e+02,1.1419317884e+02,-1.0528356575e+00
6.9609999896e+02,1.1408789753e+02,-1.0527903801e+00
6.9619999896e+02,1.1398262076e+02,-1.0527450990e+00
6.9629999896e+02,1.1387734852e+02,-1.0526998142e+00
6.9639999896e+02,1.1377208080e+02,-1.0526545259e+00
6.9649999896e+02,1.1366681761e+02,-1.0526092339e+00
6.9659999896e+02,1.1356155895e+02,-1.0525639383e+00
6.9669999896e+02,1.1345630482e+02,-1.0525186391e+00
6.9679999896e+02,1.1335105522e+02,-1.0524733362e+00
6.9689999896e+02,1.1324581016e+02,-1.0524280297e+00
6.9699999896e+02,1.1314056962e+02,-1.0523827196e+00
6.9709999896e+02,1.1303533361e+02,-1.0523374059e+00
6.9719999896e+02,1.1293010214e+02,-1.0522920885e+00
6.9729999896e+02,1.1282487519e+02,-1.0522467675e+00
6.9739999896e+02,1.1271965278e+02,-1.0522014428e+00
6.9749999896e+02,1.1261443491e+02,-1.0521561146e+00
6.9759999896e+02,1.1250922156e+02,-1.0521107827e+00
6.9769999895e+02,1.1240401275e+02,-1.0520654471e+00
6.9779999895e+02,1.1229880847e+02,-1.0520201079e+00
6.9789999895e+02,1.1219360873e+02,-1.0519747651e+00
6.9799999895e+02,1.1208841352e+02,-1.0519294186e+00
6.9809999895e+02,1.1198322284e+02,-1.0518840685e+00
6.9819999895e+02,1.1187803670e+02,-1.0518387148e+00
6.9829999895e+02,1.1177285510e+02,-1.0517933574e+00
6.9839999895e+02,1.1166767803e+02,-1.0517479963e+00
6.9849999895e+02,1.1156250550e+02,-1.0517026316e+00
6.9859999895e+02,1.1145733751e+02,-1.0516572633e+00
6.9869999895e+02,1.1135217405e+02,-1.0516118913e+00
6.9879999895e+02,1.1124701513e+02,-1.0515665157e+00
6.9889999895e+02,1.1114186075e+02,-1.0515211365e+00
6.9899999895e+02,1.1103671090e+02,-1.0514757535e+00
6.9909999895e+02,1.1093156560e+02,-1.0514303670e+00
6.9919999895e+02,1.1082642483e+02,-1.0513849768e+00
6.9929999895e+02,1.1072128860e+02,-1.0513395829e+00
6.9939999895e+02,1.1061615691e+02,-1.0512941854e+00
6.9949999895e+02,1.1051102976e+02,-1.0512487842e+00
6.9959999895e+02,1.1040590716e+02,-1.0512033794e+00
6.9969999895e+02,1.1030078909e+02,-1.0511579709e+00
6.9979999895e+02,1.1019567556e+02,-1.0511125587e+00
6.9989999895e+02,1.1009056658e+02,-1.0510671429e+00
6.9999999895e+02,1.0998546213e+02,-1.0510217235e+00
7.0009999895e+02,1.0988036223e+02,-1.0509763004e+00
7.0019999895e+02,1.0977526687e+02,-1.0509308736e+00
7.0029999895e+02,1.0967017606e+02,-1.0508854431e+00
7.0039999895e+02,1.0956508978e+02,-1.0508400090e+00
7.0049999895e+02,1.0946000806e+02,-1.0507945713e+00
7.0059999895e+02,1.0935493087e+02,-1.0507491298e+00
7.0069999895e+02,1.0924985823e+02,-1.0507036847e+00
7.0079999895e+02,1.0914479013e+02,-1.0506582360e+00
7.0089999895e+02,1.0903972658e+02,-1.0506127836e+00
7.0099999895e+02,1.0893466758e+02,-1.0505673275e+00
7.0109999895e+02,1.0882961312e+02,-1.0505218677e+00
7.0119999895e+02,1.0872456320e+02,-1.0504764043e+00
7.0129999895e+02,1.0861951784e+02,-1.0504309371e+00
7.0139999895e+02,1.0851447702e+02,-1.0503854664e+00
7.0149999895e+02,1.0840944074e+02,-1.0503399919e+00
7.0159999895e+02,1.0830440902e+02,-1.0502945138e+00
7.0169999894e+02,1.0819938184e+02,-1.0502490320e+00
7.0179999894e+02,1.0809435921e+02,-1.0502035465e+00
7.0189999894e+02,1.0798934113e+02,-1.0501580574e+00
7.0199999894e+02,1.0788432760e+02,-1.0501125645e+00
7.0209999894e+02,1.0777931862e+02,-1.0500670680e+00
7.0219999894e+02,1.0767431419e+02,-1.0500215678e+00
7.0229999894e+02,1.0756931431e+02,-1.0499760639e+00
7.0239999894e+02,1.0746431897e+02,-1.0499305564e+00
7.0249999894e+02,1.0735932819e+02,-1.0498850452e+00
7.0259999894e+02,1.0725434197e+02,-1.0498395302e+00
7.0269999894e+02,1.0714936029e+02,-1.0497940116e+00
7.0279999894e+02,1.0704438316e+02,-1.0497484893e+00
7.0289999894e+02,1.0693941059e+02,-1.0497029634e+00
7.0299999894e+02,1.0683444257e+02,-1.0496574337e+00
7.0309999894e+02,1.0672947910e+02,-1.0496119003e+00
7.0319999894e+02,1.0662452019e+02,-1.0495663633e+00
7.0329999894e+02,1.0651956583e+02,-1.0495208226e+00
7.0339999894e+02,1.0641461603e+02,-1.0494752782e+00
7.0349999894e+02,1.0630967078e+02,-1.0494297300e+00
7.0359999894e+02,1.0620473008e+02,-1.0493841782e+00
7.0369999894e+02,1.0609979394e+02,-1.0493386227e+00
7.0379999894e+02,1.0599486236e+02,-1.0492930635e+00
7.0389999894e+02,1.0588993533e+02,-1.0492475006e+00
7.0399999894e+02,1.0578501286e+02,-1.0492019340e+00
7.0409999894e+02,1.0568009494e+02,-1.0491563637e+00
7.0419999894e+02,1.0557518158e+02,-1.0491107898e+00
7.0429999894e+02,1.0547027278e+02,-1.0490652121e+00
7.0439999894e+02,1.0536536854e+02,-1.0490196307e+00
7.0449999894e+02,1.0526046886e+02,-1.0489740456e+00
7.0459999894e+02,1.0515557373e+02,-1.0489284568e+00
7.0469999894e+02,1.0505068317e+02,-1.0488828643e+00
7.0479999894e+02,1.0494579716e+02,-1.0488372681e+00
7.0489999894e+02,1.0484091571e+02,-1.0487916682e+00
7.0499999894e+02,1.0473603883e+02,-1.0487460645e+00
7.0509999894e+02,1.0463116650e+02,-1.0487004572e+00
7.0519999894e+02,1.0452629873e+02,-1.0486548462e+00
7.0529999894e+02,1.0442143553e+02,-1.0486092314e+00
7.0539999894e+02,1.0431657689e+02,-1.0485636130e+00
7.0549999894e+02,1.0421172281e+02,-1.0485179908e+00
7.0559999893e+02,1.0410687329e+02,-1.0484723649e+00
7.0569999893e+02,1.0400202834e+02,-1.0484267353e+00
7.0579999893e+02,1.0389718794e+02,-1.0483811020e+00
7.0589999893e+02,1.0379235211e+02,-1.0483354650e+00
7.0599999893e+02,1.0368752085e+02,-1.0482898243e+00
7.0609999893e+02,1.0358269415e+02,-1.0482441798e+00
7.0619999893e+02,1.0347787201e+02,-1.0481985316e+00
7.0629999893e+02,1.0337305444e+02,-1.0481528797e+00
7.0639999893e+02,1.0326824144e+02,-1.0481072241e+00
7.0649999893e+02,1.0316343300e+02,-1.0480615648e+00
7.0659999893e+02,1.0305862913e+02,-1.0480159017e+00
7.0669999893e+02,1.0295382982e+02,-1.0479702349e+00
7.0679999893e+02,1.0284903508e+02,-1.0479245644e+00
7.0689999893e+02,1.0274424491e+02,-1.0478788902e+00
7.0699999893e+02,1.0263945930e+02,-1.0478332122e+00
7.0709999893e+02,1.0253467826e+02,-1.0477875305e+00
7.0719999893e+02,1.0242990180e+02,-1.0477418451e+00
7.0729999893e+02,1.0232512990e+02,-1.0476961559e+00
7.0739999893e+02,1.0222036256e+02,-1.0476504630e+00
7.0749999893e+02,1.0211559980e+02,-1.0476047664e+00
7.0759999893e+02,1.0201084161e+02,-1.0475590661e+00
7.0769999893e+02,1.0190608799e+02,-1.0475133620e+00
7.0779999893e+02,1.0180133894e+02,-1.0474676542e+00
7.0789999893e+02,1.0169659446e+02,-1.0474219426e+00
7.0799999893e+02,1.0159185455e+02,-1.0473762273e+00
7.0809999893e+02,1.0148711921e+02,-1.0473305083e+00
7.0819999893e+02,1.0138238845e+02,-1.0472847856e+00
7.0829999893e+02,1.0127766226e+02,-1.0472390591e+00
7.0839999893e+02,1.0117294064e+02,-1.0471933288e+00
7.0849999893e+02,1.0106822359e+02,-1.0471475948e+00
7.0859999893e+02,1.0096351112e+02,-1.0471018571e+00
7.0869999893e+02,1.0085880322e+02,-1.0470561156e+00
7.0879999893e+02,1.0075409990e+02,-1.0470103704e+00
7.0889999893e+02,1.0064940115e+02,-1.0469646215e+00
7.0899999893e+02,1.0054470697e+02,-1.0469188688e+00
7.0909999893e+02,1.0044001737e+02,-1.0468731123e+00
7.0919999893e+02,1.0033533235e+02,-1.0468273521e+00
7.0929999893e+02,1.0023065190e+02,-1.0467815881e+00
7.0939999893e+02,1.0012597603e+02,-1.0467358204e+00
7.0949999893e+02,1.0002130474e+02,-1.0466900490e+00
7.0959999892e+02,9.9916638022e+01,-1.0466442738e+00
7.0969999892e+02,9.9811975883e+01,-1.0465984948e+00
7.0979999892e+02,9.9707318323e+01,-1.0465527121e+00
7.0989999892e+02,9.9602665341e+01,-1.0465069256e+00
7.0999999892e+02,9.9498016938e+01,-1.0464611354e+00
7.1009999892e+02,9.9393373114e+01,-1.0464153414e+00
7.1019999892e+02,9.9288733870e+01,-1.0463695437e+00
7.1029999892e+02,9.9184099205e+01,-1.0463237422e+00
7.1039999892e+02,9.9079469121e+01,-1.0462779369e+00
7.1049999892e+02,9.8974843618e+01,-1.0462321279e+00
7.1059999892e+02,9.8870222696e+01,-1.0461863151e+00
7.1069999892e+02,9.8765606355e+01,-1.0461404986e+00
7.1079999892e+02,9.8660994596e+01,-1.0460946782e+00
7.1089999892e+02,9.8556387420e+01,-1.0460488542e+00
7.1099999892e+02,9.8451784826e+01,-1.0460030263e+00
7.1109999892e+02,9.8347186814e+01,-1.0459571947e+00
7.1119999892e+02,9.8242593387e+01,-1.0459113593e+00
7.1129999892e+02,9.8138004543e+01,-1.0458655202e+00
7.1139999892e+02,9.8033420283e+01,-1.0458196772e+00
7.1149999892e+02,9.7928840607e+01,-1.0457738305e+00
7.1159999892e+02,9.7824265517e+01,-1.0457279801e+00
7.1169999892e+02,9.7719695011e+01,-1.0456821258e+00
7.1179999892e+02,9.7615129092e+01,-1.0456362678e+00
7.1189999892e+02,9.7510567758e+01,-1.0455904060e+00
7.1199999892e+02,9.7406011011e+01,-1.0455445405e+00
7.1209999892e+02,9.7301458850e+01,-1.0454986711e+00
7.1219999892e+02,9.7196911277e+01,-1.0454527980e+00
7.1229999892e+02,9.7092368291e+01,-1.0454069211e+00
7.1239999892e+02,9.6987829892e+01,-1.0453610404e+00
7.1249999892e+02,9.6883296083e+01,-1.0453151559e+00
7.1259999892e+02,9.6778766861e+01,-1.0452692677e+00
7.1269999892e+02,9.6674242229e+01,-1.0452233756e+00
7.1279999892e+02,9.6569722186e+01,-1.0451774798e+00
7.1289999892e+02,9.6465206733e+01,-1.0451315802e+00
7.1299999892e+02,9.6360695871e+01,-1.0450856768e+00
7.1309999892e+02,9.6256189598e+01,-1.0450397697e+00
7.1319999892e+02,9.6151687917e+01,-1.0449938587e+00
7.1329999892e+02,9.6047190827e+01,-1.0449479439e+00
7.1339999892e+02,9.5942698328e+01,-1.0449020254e+00
7.1349999891e+02,9.5838210422e+01,-1.0448561031e+00
7.1359999891e+02,9.5733727108e+01,-1.0448101769e+00
7.1369999891e+02,9.5629248386e+01,-1.0447642470e+00
7.1379999891e+02,9.5524774258e+01,-1.0447183133e+00
7.1389999891e+02,9.5420304724e+01,-1.0446723758e+00
7.1399999891e+02,9.5315839783e+01,-1.0446264344e+00
7.1409999891e+02,9.5211379437e+01,-1.0445804893e+00
7.1419999891e+02,9.5106923686e+01,-1.0445345404e+00
7.1429999891e+02,9.5002472529e+01,-1.0444885877e+00
7.1439999891e+02,9.4898025968e+01,-1.0444426312e+00
7.1449999891e+02,9.4793584003e+01,-1.0443966709e+00
7.1459999891e+02,9.4689146634e+01,-1.0443507068e+00
7.1469999891e+02,9.4584713862e+01,-1.0443047388e+00
7.1479999891e+02,9.4480285686e+01,-1.0442587671e+00
7.1489999891e+02,9.4375862108e+01,-1.0442127916e+00
7.1499999891e+02,9.4271443128e+01,-1.0441668123e+00
7.1509999891e+02,9.4167028746e+01,-1.0441208291e+00
7.1519999891e+02,9.4062618963e+01,-1.0440748421e+00
7.1529999891e+02,9.3958213778e+01,-1.0440288514e+00
7.1539999891e+02,9.3853813192e+01,-1.0439828568e+00
7.1549999891e+02,9.3749417207e+01,-1.0439368584e+00
7.1559999891e+02,9.3645025821e+01,-1.0438908562e+00
7.1569999891e+02,9.3540639035e+01,-1.0438448502e+00
7.1579999891e+02,9.3436256851e+01,-1.0437988404e+00
7.1589999891e+02,9.3331879268e+01,-1.0437528267e+00
7.1599999891e+02,9.3227506286e+01,-1.0437068092e+00
7.1609999891e+02,9.3123137906e+01,-1.0436607880e+00
7.1619999891e+02,9.3018774128e+01,-1.0436147629e+00
7.1629999891e+02,9.2914414953e+01,-1.0435687339e+00
7.1639999891e+02,9.2810060382e+01,-1.0435227012e+00
7.1649999891e+02,9.2705710413e+01,-1.0434766646e+00
7.1659999891e+02,9.2601365049e+01,-1.0434306242e+00
7.1669999891e+02,9.2497024289e+01,-1.0433845800e+00
7.1679999891e+02,9.2392688133e+01,-1.0433385320e+00
7.1689999891e+02,9.2288356582e+01,-1.0432924801e+00
7.1699999891e+02,9.2184029637e+01,-1.0432464244e+00
7.1709999891e+02,9.2079707298e+01,-1.0432003649e+00
7.1719999891e+02,9.1975389564e+01,-1.0431543015e+00
7.1729999891e+02,9.1871076437e+01,-1.0431082343e+00
7.1739999891e+02,9.1766767917e+01,-1.0430621633e+00
7.1749999890e+02,9.1662464005e+01,-1.0430160884e+00
7.1759999890e+02,9.1558164700e+01,-1.0429700098e+00
7.1769999890e+02,9.1453870003e+01,-1.0429239272e+00
7.1779999890e+02,9.1349579915e+01,-1.0428778409e+00
7.1789999890e+02,9.1245294435e+01,-1.0428317507e+00
7.1799999890e+02,9.1141013565e+01,-1.0427856567e+00
7.1809999890e+02,9.1036737304e+01,-1.0427395588e+00
7.1819999890e+02,9.0932465653e+01,-1.0426934571e+00
7.1829999890e+02,9.0828198612e+01,-1.0426473515e+00
7.1839999890e+02,9.0723936183e+01,-1.0426012421e+00
7.1849999890e+02,9.0619678364e+01,-1.0425551289e+00
7.1859999890e+02,9.0515425157e+01,-1.0425090118e+00
7.1869999890e+02,9.0411176562e+01,-1.0424628909e+00
7.1879999890e+02,9.0306932579e+01,-1.0424167661e+00
7.1889999890e+02,9.0202693209e+01,-1.0423706375e+00
7.1899999890e+02,9.0098458452e+01,-1.0423245050e+00
7.1909999890e+02,8.9994228308e+01,-1.0422783687e+00
7.1919999890e+02,8.9890002778e+01,-1.0422322285e+00
7.1929999890e+02,8.9785781862e+01,-1.0421860845e+00
7.1939999890e+02,8.9681565561e+01,-1.0421399366e+00
7.1949999890e+02,8.9577353875e+01,-1.0420937849e+00
7.1959999890e+02,8.9473146804e+01,-1.0420476293e+00
7.1969999890e+02,8.9368944349e+01,-1.0420014699e+00
7.1979999890e+02,8.9264746511e+01,-1.0419553066e+00
7.1989999890e+02,8.9160553288e+01,-1.0419091394e+00
7.1999999890e+02,8.9056364683e+01,-1.0418629684e+00
7.2009999890e+02,8.8952180695e+01,-1.0418167935e+00
7.2019999890e+02,8.8848001324e+01,-1.0417706148e+00
7.2029999890e+02,8.8743826572e+01,-1.0417244322e+00
7.2039999890e+02,8.8639656438e+01,-1.0416782458e+00
7.2049999890e+02,8.8535490923e+01,-1.0416320554e+00
7.2059999890e+02,8.8431330027e+01,-1.0415858613e+00
7.2069999890e+02,8.8327173751e+01,-1.0415396632e+00
7.2079999890e+02,8.8223022094e+01,-1.0414934613e+00
7.2089999890e+02,8.8118875059e+01,-1.0414472555e+00
7.2099999890e+02,8.8014732643e+01,-1.0414010458e+00
7.2109999890e+02,8.7910594850e+01,-1.0413548323e+00
7.2119999890e+02,8.7806461677e+01,-1.0413086149e+00
7.2129999890e+02,8.7702333127e+01,-1.0412623936e+00
7.2139999890e+02,8.7598209199e+01,-1.0412161685e+00
7.2149999889e+02,8.7494089893e+01,-1.0411699394e+00
7.2159999889e+02,8.7389975211e+01,-1.0411237066e+00
7.2169999889e+02,8.7285865152e+01,-1.0410774698e+00
7.2179999889e+02,8.7181759717e+01,-1.0410312291e+00
7.2189999889e+02,8.7077658906e+01,-1.0409849846e+00
7.2199999889e+02,8.6973562720e+01,-1.0409387362e+00
7.2209999889e+02,8.6869471159e+01,-1.0408924839e+00
7.2219999889e+02,8.6765384224e+01,-1.0408462277e+00
7.2229999889e+02,8.6661301914e+01,-1.0407999677e+00
7.2239999889e+02,8.6557224230e+01,-1.0407537037e+00
7.2249999889e+02,8.6453151173e+01,-1.0407074359e+00
7.2259999889e+02,8.6349082743e+01,-1.0406611642e+00
7.2269999889e+02,8.6245018940e+01,-1.0406148886e+00
7.2279999889e+02,8.6140959766e+01,-1.0405686091e+00
7.2289999889e+02,8.6036905219e+01,-1.0405223257e+00
7.2299999889e+02,8.5932855301e+01,-1.0404760384e+00
7.2309999889e+02,8.5828810011e+01,-1.0404297473e+00
7.2319999889e+02,8.5724769351e+01,-1.0403834522e+00
7.2329999889e+02,8.5620733321e+01,-1.0403371533e+00
7.2339999889e+02,8.5516701921e+01,-1.0402908504e+00
7.2349999889e+02,8.5412675151e+01,-1.0402445437e+00
7.2359999889e+02,8.5308653012e+01,-1.0401982330e+00
7.2369999889e+02,8.5204635504e+01,-1.0401519185e+00
7.2379999889e+02,8.5100622628e+01,-1.0401056001e+00
7.2389999889e+02,8.4996614385e+01,-1.0400592777e+00
7.2399999889e+02,8.4892610773e+01,-1.0400129515e+00
7.2409999889e+02,8.4788611794e+01,-1.0399666214e+00
7.2419999889e+02,8.4684617449e+01,-1.0399202873e+00
7.2429999889e+02,8.4580627737e+01,-1.0398739494e+00
7.2439999889e+02,8.4476642659e+01,-1.0398276075e+00
7.2449999889e+02,8.4372662216e+01,-1.0397812618e+00
7.2459999889e+02,8.4268686407e+01,-1.0397349121e+00
7.2469999889e+02,8.4164715233e+01,-1.0396885585e+00
7.2479999889e+02,8.4060748695e+01,-1.0396422010e+00
7.2489999889e+02,8.3956786793e+01,-1.0395958397e+00
7.2499999889e+02,8.3852829528e+01,-1.0395494743e+00
7.2509999889e+02,8.3748876899e+01,-1.0395031051e+00
7.2519999889e+02,8.3644928907e+01,-1.0394567320e+00
7.2529999889e+02,8.3540985552e+01,-1.0394103549e+00
7.2539999888e+02,8.3437046836e+01,-1.0393639740e+00
7.2549999888e+02,8.3333112758e+01,-1.0393175891e+00
7.2559999888e+02,8.3229183318e+01,-1.0392712003e+00
7.2569999888e+02,8.3125258518e+01,-1.0392248076e+00
7.2579999888e+02,8.3021338357e+01,-1.0391784109e+00
7.2589999888e+02,8.2917422836e+01,-1.0391320104e+00
7.2599999888e+02,8.2813511955e+01,-1.0390856059e+00
7.2609999888e+02,8.2709605715e+01,-1.0390391975e+00
7.2619999888e+02,8.2605704115e+01,-1.0389927851e+00
7.2629999888e+02,8.2501807158e+01,-1.0389463689e+00
7.2639999888e+02,8.2397914842e+01,-1.0388999487e+00
7.2649999888e+02,8.2294027168e+01,-1.0388535246e+00
7.2659999888e+02,8.2190144137e+01,-1.0388070965e+00
7.2669999888e+02,8.2086265749e+01,-1.0387606646e+00
7.2679999888e+02,8.1982392004e+01,-1.0387142287e+00
7.2689999888e+02,8.1878522903e+01,-1.0386677888e+00
7.2699999888e+02,8.1774658447e+01,-1.0386213451e+00
7.2709999888e+02,8.1670798634e+01,-1.0385748973e+00
7.2719999888e+02,8.1566943467e+01,-1.0385284457e+00
7.2729999888e+02,8.1463092945e+01,-1.0384819901e+00
7.2739999888e+02,8.1359247069e+01,-1.0384355306e+00
7.2749999888e+02,8.1255405839e+01,-1.0383890672e+00
7.2759999888e+02,8.1151569256e+01,-1.0383425998e+00
7.2769999888e+02,8.1047737320e+01,-1.0382961284e+00
7.2779999888e+02,8.0943910031e+01,-1.0382496531e+00
7.2789999888e+02,8.0840087389e+01,-1.0382031739e+00
7.2799999888e+02,8.0736269396e+01,-1.0381566908e+00
7.2809999888e+02,8.0632456051e+01,-1.0381102036e+00
7.2819999888e+02,8.0528647355e+01,-1.0380637126e+00
7.2829999888e+02,8.0424843309e+01,-1.0380172176e+00
7.2839999888e+02,8.0321043912e+01,-1.0379707186e+00
7.2849999888e+02,8.0217249165e+01,-1.0379242157e+00
7.2859999888e+02,8.0113459069e+01,-1.0378777089e+00
7.2869999888e+02,8.0009673623e+01,-1.0378311981e+00
7.2879999888e+02,7.9905892829e+01,-1.0377846833e+00
7.2889999888e+02,7.9802116687e+01,-1.0377381646e+00
7.2899999888e+02,7.9698345197e+01,-1.0376916419e+00
7.2909999888e+02,7.9594578359e+01,-1.0376451153e+00
7.2919999888e+02,7.9490816174e+01,-1.0375985847e+00
7.2929999888e+02,7.9387058642e+01,-1.0375520502e+00
7.2939999887e+02,7.9283305764e+01,-1.0375055117e+00
7.2949999887e+02,7.9179557540e+01,-1.0374589692e+00
7.2959999887e+02,7.9075813970e+01,-1.0374124228e+00
7.2969999887e+02,7.8972075055e+01,-1.0373658724e+00
7.2979999887e+02,7.8868340796e+01,-1.0373193180e+00
7.2989999887e+02,7.8764611192e+01,-1.0372727597e+00
7.2999999887e+02,7.8660886244e+01,-1.0372261974e+00
7.3009999887e+02,7.8557165952e+01,-1.0371796312e+00
7.3019999887e+02,7.8453450318e+01,-1.0371330610e+00
7.3029999887e+02,7.8349739340e+01,-1.0370864868e+00
7.3039999887e+02,7.8246033021e+01,-1.0370399086e+00
7.3049999887e+02,7.8142331359e+01,-1.0369933265e+00
7.3059999887e+02,7.8038634355e+01,-1.0369467404e+00
7.3069999887e+02,7.7934942011e+01,-1.0369001503e+00
7.3079999887e+02,7.7831254325e+01,-1.0368535563e+00
7.3089999887e+02,7.7727571300e+01,-1.0368069582e+00
7.3099999887e+02,7.7623892934e+01,-1.0367603562e+00
7.3109999887e+02,7.7520219229e+01,-1.0367137502e+00
7.3119999887e+02,7.7416550184e+01,-1.0366671403e+00
7.3129999887e+02,7.7312885801e+01,-1.0366205263e+00
7.3139999887e+02,7.7209226079e+01,-1.0365739084e+00
7.3149999887e+02,7.7105571019e+01,-1.0365272865e+00
7.3159999887e+02,7.7001920622e+01,-1.0364806606e+00
7.3169999887e+02,7.6898274887e+01,-1.0364340307e+00
7.3179999887e+02,7.6794633816e+01,-1.0363873969e+00
7.3189999887e+02,7.6690997408e+01,-1.0363407590e+00
7.3199999887e+02,7.6587365664e+01,-1.0362941172e+00
7.3209999887e+02,7.6483738585e+01,-1.0362474714e+00
7.3219999887e+02,7.6380116170e+01,-1.0362008215e+00
7.3229999887e+02,7.6276498420e+01,-1.0361541677e+00
7.3239999887e+02,7.6172885336e+01,-1.0361075099e+00
7.3249999887e+02,7.6069276919e+01,-1.0360608481e+00
7.3259999887e+02,7.5965673167e+01,-1.0360141823e+00
7.3269999887e+02,7.5862074082e+01,-1.0359675126e+00
7.3279999887e+02,7.5758479665e+01,-1.0359208388e+00
7.3289999887e+02,7.5654889915e+01,-1.0358741610e+00
7.3299999887e+02,7.5551304833e+01,-1.0358274792e+00
7.3309999887e+02,7.5447724419e+01,-1.0357807934e+00
7.3319999887e+02,7.5344148674e+01,-1.0357341036e+00
7.3329999886e+02,7.5240577598e+01,-1.0356874099e+00
7.3339999886e+02,7.5137011192e+01,-1.0356407121e+00
7.3349999886e+02,7.5033449456e+01,-1.0355940103e+00
7.3359999886e+02,7.4929892390e+01,-1.0355473045e+00
7.3369999886e+02,7.4826339995e+01,-1.0355005947e+00
7.3379999886e+02,7.4722792271e+01,-1.0354538808e+00
7.3389999886e+02,7.4619249219e+01,-1.0354071630e+00
7.3399999886e+02,7.4515710839e+01,-1.0353604412e+00
7.3409999886e+02,7.4412177131e+01,-1.0353137153e+00
7.3419999886e+02,7.4308648096e+01,-1.0352669855e+00
7.3429999886e+02,7.4205123734e+01,-1.0352202516e+00
7.3439999886e+02,7.4101604046e+01,-1.0351735137e+00
7.3449999886e+02,7.3998089032e+01,-1.0351267718e+00
7.3459999886e+02,7.3894578692e+01,-1.0350800259e+00
7.3469999886e+02,7.3791073027e+01,-1.0350332759e+00
7.3479999886e+02,7.3687572037e+01,-1.0349865220e+00
7.3489999886e+02,7.3584075722e+01,-1.0349397640e+00
7.3499999886e+02,7.3480584084e+01,-1.0348930020e+00
7.3509999886e+02,7.3377097122e+01,-1.0348462360e+00
7.3519999886e+02,7.3273614837e+01,-1.0347994659e+00
7.3529999886e+02,7.3170137229e+01,-1.0347526918e+00
7.3539999886e+02,7.3066664299e+01,-1.0347059137e+00
7.3549999886e+02,7.2963196046e+01,-1.0346591316e+00
7.3559999886e+02,7.2859732472e+01,-1.0346123454e+00
7.3569999886e+02,7.2756273577e+01,-1.0345655553e+00
7.3579999886e+02,7.2652819362e+01,-1.0345187610e+00
7.3589999886e+02,7.2549369825e+01,-1.0344719628e+00
7.3599999886e+02,7.2445924969e+01,-1.0344251605e+00
7.3609999886e+02,7.2342484793e+01,-1.0343783542e+00
7.3619999886e+02,7.2239049298e+01,-1.0343315438e+00
7.3629999886e+02,7.2135618485e+01,-1.0342847294e+00
7.3639999886e+02,7.2032192353e+01,-1.0342379110e+00
7.3649999886e+02,7.1928770903e+01,-1.0341910886e+00
7.3659999886e+02,7.1825354135e+01,-1.0341442621e+00
7.3669999886e+02,7.1721942050e+01,-1.0340974315e+00
7.3679999886e+02,7.1618534649e+01,-1.0340505969e+00
7.3689999886e+02,7.1515131931e+01,-1.0340037583e+00
7.3699999886e+02,7.1411733897e+01,-1.0339569156e+00
7.3709999886e+02,7.1308340548e+01,-1.0339100689e+00
7.3719999886e+02,7.1204951884e+01,-1.0338632181e+00
7.3729999885e+02,7.1101567905e+01,-1.0338163633e+00
7.3739999885e+02,7.0998188611e+01,-1.0337695044e+00
7.3749999885e+02,7.0894814004e+01,-1.0337226415e+00
7.3759999885e+02,7.0791444083e+01,-1.0336757746e+00
7.3769999885e+02,7.0688078849e+01,-1.0336289035e+00
7.3779999885e+02,7.0584718302e+01,-1.0335820285e+00
7.3789999885e+02,7.0481362444e+01,-1.0335351493e+00
7.3799999885e+02,7.0378011273e+01,-1.0334882662e+00
7.3809999885e+02,7.0274664790e+01,-1.0334413789e+00
7.3819999885e+02,7.0171322997e+01,-1.0333944876e+00
7.3829999885e+02,7.0067985893e+01,-1.0333475923e+00
7.3839999885e+02,6.9964653479e+01,-1.0333006929e+00
7.3849999885e+02,6.9861325755e+01,-1.0332537894e+00
7.3859999885e+02,6.9758002721e+01,-1.0332068818e+00
7.3869999885e+02,6.9654684378e+01,-1.0331599702e+00
7.3879999885e+02,6.9551370727e+01,-1.0331130546e+00
7.3889999885e+02,6.9448061768e+01,-1.0330661348e+00
7.3899999885e+02,6.9344757500e+01,-1.0330192110e+00
7.3909999885e+02,6.9241457926e+01,-1.0329722832e+00
7.3919999885e+02,6.9138163044e+01,-1.0329253512e+00
7.3929999885e+02,6.9034872855e+01,-1.0328784152e+00
7.3939999885e+02,6.8931587361e+01,-1.0328314751e+00
7.3949999885e+02,6.8828306561e+01,-1.0327845310e+00
7.3959999885e+02,6.8725030455e+01,-1.0327375828e+00
7.3969999885e+02,6.8621759044e+01,-1.0326906304e+00
7.3979999885e+02,6.8518492329e+01,-1.0326436741e+00
7.3989999885e+02,6.8415230309e+01,-1.0325967136e+00
7.3999999885e+02,6.8311972986e+01,-1.0325497491e+00
7.4009999885e+02,6.8208720360e+01,-1.0325027805e+00
7.4019999885e+02,6.8105472430e+01,-1.0324558078e+00
7.4029999885e+02,6.8002229198e+01,-1.0324088310e+00
7.4039999885e+02,6.7898990664e+01,-1.0323618501e+00
7.4049999885e+02,6.7795756828e+01,-1.0323148652e+00
7.4059999885e+02,6.7692527691e+01,-1.0322678761e+00
7.4069999885e+02,6.7589303253e+01,-1.0322208830e+00
7.4079999885e+02,6.7486083515e+01,-1.0321738858e+00
7.4089999885e+02,6.7382868476e+01,-1.0321268845e+00
7.4099999885e+02,6.7279658138e+01,-1.0320798791e+00
7.4109999885e+02,6.7176452501e+01,-1.0320328697e+00
7.4119999885e+02,6.7073251564e+01,-1.0319858561e+00
7.4129999884e+02,6.6970055330e+01,-1.0319388384e+00
7.4139999884e+02,6.6866863797e+01,-1.0318918167e+00
7.4149999884e+02,6.6763676966e+01,-1.0318447908e+00
7.4159999884e+02,6.6660494839e+01,-1.0317977609e+00
7.4169999884e+02,6.6557317414e+01,-1.0317507268e+00
7.4179999884e+02,6.6454144694e+01,-1.0317036887e+00
7.4189999884e+02,6.6350976677e+01,-1.0316566464e+00
7.4199999884e+02,6.6247813364e+01,-1.0316096001e+00
7.4209999884e+02,6.6144654757e+01,-1.0315625496e+00
7.4219999884e+02,6.6041500855e+01,-1.0315154951e+00
7.4229999884e+02,6.5938351658e+01,-1.0314684364e+00
7.4239999884e+02,6.5835207167e+01,-1.0314213736e+00
7.4249999884e+02,6.5732067383e+01,-1.0313743067e+00
7.4259999884e+02,6.5628932306e+01,-1.0313272358e+00
7.4269999884e+02,6.5525801936e+01,-1.0312801607e+00
7.4279999884e+02,6.5422676274e+01,-1.0312330815e+00
7.4289999884e+02,6.5319555320e+01,-1.0311859981e+00
7.4299999884e+02,6.5216439075e+01,-1.0311389107e+00
7.4309999884e+02,6.5113327538e+01,-1.0310918192e+00
7.4319999884e+02,6.5010220711e+01,-1.0310447235e+00
7.4329999884e+02,6.4907118594e+01,-1.0309976237e+00
7.4339999884e+02,6.4804021186e+01,-1.0309505198e+00
7.4349999884e+02,6.4700928490e+01,-1.0309034118e+00
7.4359999884e+02,6.4597840504e+01,-1.0308562997e+00
7.4369999884e+02,6.4494757230e+01,-1.0308091834e+00
7.4379999884e+02,6.4391678668e+01,-1.0307620630e+00
7.4389999884e+02,6.4288604818e+01,-1.0307149385e+00
7.4399999884e+02,6.4185535680e+01,-1.0306678099e+00
7.4409999884e+02,6.4082471256e+01,-1.0306206771e+00
7.4419999884e+02,6.3979411545e+01,-1.0305735402e+00
7.4429999884e+02,6.3876356548e+01,-1.0305263992e+00
7.4439999884e+02,6.3773306265e+01,-1.0304792541e+00
7.4449999884e+02,6.3670260697e+01,-1.0304321048e+00
7.4459999884e+02,6.3567219844e+01,-1.0303849514e+00
7.4469999884e+02,6.3464183707e+01,-1.0303377939e+00
7.4479999884e+02,6.3361152286e+01,-1.0302906322e+00
7.4489999884e+02,6.3258125581e+01,-1.0302434664e+00
7.4499999884e+02,6.3155103593e+01,-1.0301962964e+00
7.4509999884e+02,6.3052086322e+01,-1.0301491224e+00
7.4519999883e+02,6.2949073768e+01,-1.0301019441e+00
7.4529999883e+02,6.2846065933e+01,-1.0300547618e+00
7.4539999883e+02,6.2743062816e+01,-1.0300075753e+00
7.4549999883e+02,6.2640064418e+01,-1.0299603846e+00
7.4559999883e+02,6.2537070739e+01,-1.0299131898e+00
7.4569999883e+02,6.2434081780e+01,-1.0298659909e+00
7.4579999883e+02,6.2331097541e+01,-1.0298187878e+00
7.4589999883e+02,6.2228118023e+01,-1.0297715806e+00
7.4599999883e+02,6.2125143225e+01,-1.0297243692e+00
7.4609999883e+02,6.2022173149e+01,-1.0296771537e+00
7.4619999883e+02,6.1919207795e+01,-1.0296299340e+00
7.4629999883e+02,6.1816247162e+01,-1.0295827101e+00
7.4639999883e+02,6.1713291253e+01,-1.0295354822e+00
7.4649999883e+02,6.1610340066e+01,-1.0294882500e+00
7.4659999883e+02,6.1507393603e+01,-1.0294410137e+00
7.4669999883e+02,6.1404451863e+01,-1.0293937733e+00
7.4679999883e+02,6.1301514848e+01,-1.0293465287e+00
7.4689999883e+02,6.1198582558e+01,-1.0292992799e+00
7.4699999883e+02,6.1095654992e+01,-1.0292520269e+00
7.4709999883e+02,6.0992732153e+01,-1.0292047699e+00
7.4719999883e+02,6.0889814039e+01,-1.0291575086e+00
7.4729999883e+02,6.0786900651e+01,-1.0291102432e+00
7.4739999883e+02,6.0683991990e+01,-1.0290629736e+00
7.4749999883e+02,6.0581088056e+01,-1.0290156998e+00
7.4759999883e+02,6.0478188850e+01,-1.0289684219e+00
7.4769999883e+02,6.0375294372e+01,-1.0289211398e+00
7.4779999883e+02,6.0272404622e+01,-1.0288738536e+00
7.4789999883e+02,6.0169519602e+01,-1.0288265631e+00
7.4799999883e+02,6.0066639310e+01,-1.0287792685e+00
7.4809999883e+02,5.9963763748e+01,-1.0287319698e+00
7.4819999883e+02,5.9860892916e+01,-1.0286846668e+00
7.4829999883e+02,5.9758026815e+01,-1.0286373597e+00
7.4839999883e+02,5.9655165444e+01,-1.0285900484e+00
7.4849999883e+02,5.9552308805e+01,-1.0285427329e+00
7.4859999883e+02,5.9449456898e+01,-1.0284954132e+00
7.4869999883e+02,5.9346609723e+01,-1.0284480894e+00
7.4879999883e+02,5.9243767280e+01,-1.0284007613e+00
7.4889999883e+02,5.9140929571e+01,-1.0283534291e+00
7.4899999883e+02,5.9038096595e+01,-1.0283060927e+00
7.4909999883e+02,5.8935268352e+01,-1.0282587522e+00
7.4919999882e+02,5.8832444844e+01,-1.0282114074e+00
7.4929999882e+02,5.8729626071e+01,-1.0281640584e+00
7.4939999882e+02,5.8626812033e+01,-1.0281167053e+00
7.4949999882e+02,5.8524002730e+01,-1.0280693480e+00
7.4959999882e+02,5.8421198163e+01,-1.0280219864e+00
7.4969999882e+02,5.8318398333e+01,-1.0279746207e+00
7.4979999882e+02,5.8215603239e+01,-1.0279272508e+00
7.4989999882e+02,5.8112812883e+01,-1.0278798767e+00
7.4999999882e+02,5.8010027264e+01,-1.0278324984e+00
7.5009999882e+02,5.7907246383e+01,-1.0277851159e+00
7.5019999882e+02,5.7804470241e+01,-1.0277377292e+00
7.5029999882e+02,5.7701698838e+01,-1.0276903383e+00
7.5039999882e+02,5.7598932173e+01,-1.0276429432e+00
7.5049999882e+02,5.7496170249e+01,-1.0275955439e+00
7.5059999882e+02,5.7393413065e+01,-1.0275481404e+00
7.5069999882e+02,5.7290660621e+01,-1.0275007326e+00
7.5079999882e+02,5.7187912918e+01,-1.0274533207e+00
7.5089999882e+02,5.7085169957e+01,-1.0274059046e+00
7.5099999882e+02,5.6982431738e+01,-1.0273584843e+00
7.5109999882e+02,5.6879698260e+01,-1.0273110597e+00
7.5119999882e+02,5.6776969526e+01,-1.0272636310e+00
7.5129999882e+02,5.6674245534e+01,-1.0272161980e+00
7.5139999882e+02,5.6571526286e+01,-1.0271687608e+00
7.5149999882e+02,5.6468811782e+01,-1.0271213194e+00
7.5159999882e+02,5.6366102023e+01,-1.0270738738e+00
7.5169999882e+02,5.6263397008e+01,-1.0270264240e+00
7.5179999882e+02,5.6160696738e+01,-1.0269789699e+00
7.5189999882e+02,5.6058001214e+01,-1.0269315116e+00
7.5199999882e+02,5.5955310436e+01,-1.0268840491e+00
7.5209999882e+02,5.5852624404e+01,-1.0268365824e+00
7.5219999882e+02,5.5749943119e+01,-1.0267891115e+00
7.5229999882e+02,5.5647266582e+01,-1.0267416363e+00
7.5239999882e+02,5.5544594792e+01,-1.0266941569e+00
7.5249999882e+02,5.5441927751e+01,-1.0266466733e+00
7.5259999882e+02,5.5339265458e+01,-1.0265991855e+00
7.5269999882e+02,5.5236607914e+01,-1.0265516934e+00
7.5279999882e+02,5.5133955119e+01,-1.0265041971e+00
7.5289999882e+02,5.5031307075e+01,-1.0264566966e+00
7.5299999882e+02,5.4928663780e+01,-1.0264091918e+00
7.5309999882e+02,5.4826025236e+01,-1.0263616828e+00
7.5319999881e+02,5.4723391444e+01,-1.0263141696e+00
7.5329999881e+02,5.4620762403e+01,-1.0262666521e+00
7.5339999881e+02,5.4518138113e+01,-1.0262191304e+00
7.5349999881e+02,5.4415518577e+01,-1.0261716045e+00
7.5359999881e+02,5.4312903793e+01,-1.0261240743e+00
7.5369999881e+02,5.4210293762e+01,-1.0260765398e+00
7.5379999881e+02,5.4107688485e+01,-1.0260290012e+00
7.5389999881e+02,5.4005087962e+01,-1.0259814582e+00
7.5399999881e+02,5.3902492193e+01,-1.0259339111e+00
7.5409999881e+02,5.3799901180e+01,-1.0258863597e+00
7.5419999881e+02,5.3697314922e+01,-1.0258388040e+00
7.5429999881e+02,5.3594733419e+01,-1.0257912441e+00
7.5439999881e+02,5.3492156673e+01,-1.0257436799e+00
7.5449999881e+02,5.3389584683e+01,-1.0256961115e+00
7.5459999881e+02,5.3287017451e+01,-1.0256485389e+00
7.5469999881e+02,5.3184454976e+01,-1.0256009620e+00
7.5479999881e+02,5.3081897258e+01,-1.0255533808e+00
7.5489999881e+02,5.2979344300e+01,-1.0255057954e+00
7.5499999881e+02,5.2876796100e+01,-1.0254582057e+00
7.5509999881e+02,5.2774252659e+01,-1.0254106117e+00
7.5519999881e+02,5.2671713977e+01,-1.0253630135e+00
7.5529999881e+02,5.2569180056e+01,-1.0253154111e+00
7.5539999881e+02,5.2466650895e+01,-1.0252678043e+00
7.5549999881e+02,5.2364126495e+01,-1.0252201933e+00
7.5559999881e+02,5.2261606857e+01,-1.0251725781e+00
7.5569999881e+02,5.2159091980e+01,-1.0251249585e+00
7.5579999881e+02,5.2056581865e+01,-1.0250773348e+00
7.5589999881e+02,5.1954076513e+01,-1.0250297067e+00
7.5599999881e+02,5.1851575924e+01,-1.0249820744e+00
7.5609999881e+02,5.1749080098e+01,-1.0249344378e+00
7.5619999881e+02,5.1646589037e+01,-1.0248867969e+00
7.5629999881e+02,5.1544102739e+01,-1.0248391517e+00
7.5639999881e+02,5.1441621206e+01,-1.0247915023e+00
7.5649999881e+02,5.1339144439e+01,-1.0247438486e+00
7.5659999881e+02,5.1236672437e+01,-1.0246961906e+00
7.5669999881e+02,5.1134205201e+01,-1.0246485284e+00
7.5679999881e+02,5.1031742731e+01,-1.0246008619e+00
7.5689999881e+02,5.0929285029e+01,-1.0245531910e+00
7.5699999881e+02,5.0826832093e+01,-1.0245055159e+00
7.5709999880e+02,5.0724383926e+01,-1.0244578366e+00
7.5719999880e+02,5.0621940526e+01,-1.0244101529e+00
7.5729999880e+02,5.0519501895e+01,-1.0243624649e+00
7.5739999880e+02,5.0417068033e+01,-1.0243147727e+00
7.5749999880e+02,5.0314638941e+01,-1.0242670762e+00
7.5759999880e+02,5.0212214618e+01,-1.0242193753e+00
7.5769999880e+02,5.0109795066e+01,-1.0241716702e+00
7.5779999880e+02,5.0007380284e+01,-1.0241239608e+00
7.5789999880e+02,4.9904970274e+01,-1.0240762471e+00
7.5799999880e+02,4.9802565035e+01,-1.0240285291e+00
7.5809999880e+02,4.9700164568e+01,-1.0239808068e+00
7.5819999880e+02,4.9597768874e+01,-1.0239330802e+00
7.5829999880e+02,4.9495377952e+01,-1.0238853494e+00
7.5839999880e+02,4.9392991804e+01,-1.0238376142e+00
7.5849999880e+02,4.9290610429e+01,-1.0237898747e+00
7.5859999880e+02,4.9188233829e+01,-1.0237421309e+00
7.5869999880e+02,4.9085862003e+01,-1.0236943828e+00
7.5879999880e+02,4.8983494953e+01,-1.0236466304e+00
7.5889999880e+02,4.8881132677e+01,-1.0235988737e+00
7.5899999880e+02,4.8778775178e+01,-1.0235511127e+00
7.5909999880e+02,4.8676422455e+01,-1.0235033473e+00
7.5919999880e+02,4.8574074509e+01,-1.0234555777e+00
7.5929999880e+02,4.8471731340e+01,-1.0234078038e+00
7.5939999880e+02,4.8369392948e+01,-1.0233600255e+00
7.5949999880e+02,4.8267059335e+01,-1.0233122429e+00
7.5959999880e+02,4.8164730500e+01,-1.0232644561e+00
7.5969999880e+02,4.8062406444e+01,-1.0232166649e+00
7.5979999880e+02,4.7960087167e+01,-1.0231688693e+00
7.5989999880e+02,4.7857772670e+01,-1.0231210695e+00
7.5999999880e+02,4.7755462953e+01,-1.0230732653e+00
7.6009999880e+02,4.7653158017e+01,-1.0230254568e+00
7.6019999880e+02,4.7550857862e+01,-1.0229776440e+00
7.6029999880e+02,4.7448562488e+01,-1.0229298269e+00
7.6039999880e+02,4.7346271897e+01,-1.0228820055e+00
7.6049999880e+02,4.7243986087e+01,-1.0228341797e+00
7.6059999880e+02,4.7141705061e+01,-1.0227863496e+00
7.6069999880e+02,4.7039428818e+01,-1.0227385151e+00
7.6079999880e+02,4.6937157358e+01,-1.0226906764e+00
7.6089999880e+02,4.6834890683e+01,-1.0226428333e+00
7.6099999880e+02,4.6732628792e+01,-1.0225949858e+00
7.6109999879e+02,4.6630371686e+01,-1.0225471341e+00
7.6119999879e+02,4.6528119365e+01,-1.0224992779e+00
7.6129999879e+02,4.6425871830e+01,-1.0224514175e+00
7.6139999879e+02,4.6323629082e+01,-1.0224035527e+00
7.6149999879e+02,4.6221391120e+01,-1.0223556836e+00
7.6159999879e+02,4.6119157945e+01,-1.0223078101e+00
7.6169999879e+02,4.6016929558e+01,-1.0222599323e+00
7.6179999879e+02,4.5914705959e+01,-1.0222120502e+00
7.6189999879e+02,4.5812487148e+01,-1.0221641637e+00
7.6199999879e+02,4.5710273126e+01,-1.0221162729e+00
7.6209999879e+02,4.5608063893e+01,-1.0220683777e+00
7.6219999879e+02,4.5505859451e+01,-1.0220204782e+00
7.6229999879e+02,4.5403659798e+01,-1.0219725743e+00
7.6239999879e+02,4.5301464936e+01,-1.0219246661e+00
7.6249999879e+02,4.5199274865e+01,-1.0218767535e+00
7.6259999879e+02,4.5097089585e+01,-1.0218288365e+00
7.6269999879e+02,4.4994909098e+01,-1.0217809152e+00
7.6279999879e+02,4.4892733402e+01,-1.0217329896e+00
7.6289999879e+02,4.4790562500e+01,-1.0216850596e+00
7.6299999879e+02,4.4688396391e+01,-1.0216371252e+00
7.6309999879e+02,4.4586235075e+01,-1.0215891865e+00
7.6319999879e+02,4.4484078554e+01,-1.0215412434e+00
7.6329999879e+02,4.4381926827e+01,-1.0214932960e+00
7.6339999879e+02,4.4279779894e+01,-1.0214453442e+00
7.6349999879e+02,4.4177637758e+01,-1.0213973880e+00
7.6359999879e+02,4.4075500417e+01,-1.0213494274e+00
7.6369999879e+02,4.3973367873e+01,-1.0213014625e+00
7.6379999879e+02,4.3871240125e+01,-1.0212534932e+00
7.6389999879e+02,4.3769117174e+01,-1.0212055196e+00
7.6399999879e+02,4.3666999021e+01,-1.0211575416e+00
7.6409999879e+02,4.3564885666e+01,-1.0211095592e+00
7.6419999879e+02,4.3462777109e+01,-1.0210615724e+00
7.6429999879e+02,4.3360673352e+01,-1.0210135813e+00
7.6439999879e+02,4.3258574393e+01,-1.0209655857e+00
7.6449999879e+02,4.3156480235e+01,-1.0209175858e+00
7.6459999879e+02,4.3054390876e+01,-1.0208695816e+00
7.6469999879e+02,4.2952306318e+01,-1.0208215729e+00
7.6479999879e+02,4.2850226562e+01,-1.0207735599e+00
7.6489999879e+02,4.2748151607e+01,-1.0207255424e+00
7.6499999878e+02,4.2646081453e+01,-1.0206775206e+00
7.6509999878e+02,4.2544016103e+01,-1.0206294944e+00
7.6519999878e+02,4.2441955555e+01,-1.0205814638e+00
7.6529999878e+02,4.2339899810e+01,-1.0205334289e+00
7.6539999878e+02,4.2237848869e+01,-1.0204853895e+00
7.6549999878e+02,4.2135802732e+01,-1.0204373458e+00
7.6559999878e+02,4.2033761400e+01,-1.0203892976e+00
7.6569999878e+02,4.1931724873e+01,-1.0203412451e+00
7.6579999878e+02,4.1829693151e+01,-1.0202931881e+00
7.6589999878e+02,4.1727666235e+01,-1.0202451268e+00
7.6599999878e+02,4.1625644126e+01,-1.0201970611e+00
7.6609999878e+02,4.1523626823e+01,-1.0201489910e+00
7.6619999878e+02,4.1421614328e+01,-1.0201009164e+00
7.6629999878e+02,4.1319606640e+01,-1.0200528375e+00
7.6639999878e+02,4.1217603760e+01,-1.0200047542e+00
7.6649999878e+02,4.1115605689e+01,-1.0199566664e+00
7.6659999878e+02,4.1013612427e+01,-1.0199085743e+00
7.6669999878e+02,4.0911623975e+01,-1.0198604777e+00
7.6679999878e+02,4.0809640332e+01,-1.0198123768e+00
7.6689999878e+02,4.0707661499e+01,-1.0197642714e+00
7.6699999878e+02,4.0605687478e+01,-1.0197161617e+00
7.6709999878e+02,4.0503718267e+01,-1.0196680475e+00
7.6719999878e+02,4.0401753868e+01,-1.0196199289e+00
7.6729999878e+02,4.0299794282e+01,-1.0195718058e+00
7.6739999878e+02,4.0197839507e+01,-1.0195236784e+00
7.6749999878e+02,4.0095889546e+01,-1.0194755466e+00
7.6759999878e+02,3.9993944398e+01,-1.0194274103e+00
7.6769999878e+02,3.9892004064e+01,-1.0193792696e+00
7.6779999878e+02,3.9790068544e+01,-1.0193311245e+00
7.6789999878e+02,3.9688137839e+01,-1.0192829750e+00
7.6799999878e+02,3.9586211950e+01,-1.0192348210e+00
7.6809999878e+02,3.9484290875e+01,-1.0191866626e+00
7.6819999878e+02,3.9382374617e+01,-1.0191384998e+00
7.6829999878e+02,3.9280463176e+01,-1.0190903326e+00
7.6839999878e+02,3.9178556551e+01,-1.0190421609e+00
7.6849999878e+02,3.9076654744e+01,-1.0189939848e+00
7.6859999878e+02,3.8974757754e+01,-1.0189458043e+00
7.6869999878e+02,3.8872865583e+01,-1.0188976193e+00
7.6879999878e+02,3.8770978230e+01,-1.0188494299e+00
7.6889999878e+02,3.8669095697e+01,-1.0188012361e+00
7.6899999877e+02,3.8567217983e+01,-1.0187530379e+00
7.6909999877e+02,3.8465345090e+01,-1.0187048351e+00
7.6919999877e+02,3.8363477016e+01,-1.0186566280e+00
7.6929999877e+02,3.8261613764e+01,-1.0186084164e+00
7.6939999877e+02,3.8159755333e+01,-1.0185602004e+00
7.6949999877e+02,3.8057901724e+01,-1.0185119799e+00
7.6959999877e+02,3.7956052937e+01,-1.0184637550e+00
7.6969999877e+02,3.7854208973e+01,-1.0184155256e+00
7.6979999877e+02,3.7752369832e+01,-1.0183672918e+00
7.6989999877e+02,3.7650535515e+01,-1.0183190536e+00
7.6999999877e+02,3.7548706022e+01,-1.0182708108e+00
7.7009999877e+02,3.7446881353e+01,-1.0182225637e+00
7.7019999877e+02,3.7345061509e+01,-1.0181743121e+00
7.7029999877e+02,3.7243246491e+01,-1.0181260560e+00
7.7039999877e+02,3.7141436298e+01,-1.0180777955e+00
7.7049999877e+02,3.7039630932e+01,-1.0180295305e+00
7.7059999877e+02,3.6937830392e+01,-1.0179812610e+00
7.7069999877e+02,3.6836034680e+01,-1.0179329871e+00
7.7079999877e+02,3.6734243795e+01,-1.0178847088e+00
7.7089999877e+02,3.6632457738e+01,-1.0178364259e+00
7.7099999877e+02,3.6530676510e+01,-1.0177881386e+00
7.7109999877e+02,3.6428900111e+01,-1.0177398469e+00
7.7119999877e+02,3.6327128541e+01,-1.0176915507e+00
7.7129999877e+02,3.6225361801e+01,-1.0176432500e+00
7.7139999877e+02,3.6123599891e+01,-1.0175949448e+00
7.7149999877e+02,3.6021842812e+01,-1.0175466352e+00
7.7159999877e+02,3.5920090564e+01,-1.0174983211e+00
7.7169999877e+02,3.5818343148e+01,-1.0174500025e+00
7.7179999877e+02,3.5716600564e+01,-1.0174016795e+00
7.7189999877e+02,3.5614862812e+01,-1.0173533519e+00
7.7199999877e+02,3.5513129893e+01,-1.0173050199e+00
7.7209999877e+02,3.5411401808e+01,-1.0172566835e+00
7.7219999877e+02,3.5309678557e+01,-1.0172083425e+00
7.7229999877e+02,3.5207960140e+01,-1.0171599970e+00
7.7239999877e+02,3.5106246558e+01,-1.0171116471e+00
7.7249999877e+02,3.5004537811e+01,-1.0170632927e+00
7.7259999877e+02,3.4902833899e+01,-1.0170149338e+00
7.7269999877e+02,3.4801134824e+01,-1.0169665704e+00
7.7279999877e+02,3.4699440585e+01,-1.0169182026e+00
7.7289999877e+02,3.4597751184e+01,-1.0168698302e+00
7.7299999876e+02,3.4496066619e+01,-1.0168214534e+00
7.7309999876e+02,3.4394386893e+01,-1.0167730720e+00
7.7319999876e+02,3.4292712005e+01,-1.0167246862e+00
7.7329999876e+02,3.4191041956e+01,-1.0166762958e+00
7.7339999876e+02,3.4089376746e+01,-1.0166279010e+00
7.7349999876e+02,3.3987716376e+01,-1.0165795017e+00
7.7359999876e+02,3.3886060846e+01,-1.0165310979e+00
7.7369999876e+02,3.3784410157e+01,-1.0164826895e+00
7.7379999876e+02,3.3682764308e+01,-1.0164342767e+00
7.7389999876e+02,3.3581123301e+01,-1.0163858594e+00
7.7399999876e+02,3.3479487136e+01,-1.0163374376e+00
7.7409999876e+02,3.3377855814e+01,-1.0162890112e+00
7.7419999876e+02,3.3276229334e+01,-1.0162405804e+00
7.7429999876e+02,3.3174607698e+01,-1.0161921450e+00
7.7439999876e+02,3.3072990906e+01,-1.0161437052e+00
7.7449999876e+02,3.2971378957e+01,-1.0160952608e+00
7.7459999876e+02,3.2869771854e+01,-1.0160468119e+00
7.7469999876e+02,3.2768169595e+01,-1.0159983585e+00
7.7479999876e+02,3.2666572182e+01,-1.0159499006e+00
7.7489999876e+02,3.2564979615e+01,-1.0159014381e+00
7.7499999876e+02,3.2463391894e+01,-1.0158529712e+00
7.7509999876e+02,3.2361809021e+01,-1.0158044997e+00
7.7519999876e+02,3.2260230995e+01,-1.0157560237e+00
7.7529999876e+02,3.2158657816e+01,-1.0157075432e+00
7.7539999876e+02,3.2057089486e+01,-1.0156590582e+00
7.7549999876e+02,3.1955526005e+01,-1.0156105686e+00
7.7559999876e+02,3.1853967373e+01,-1.0155620745e+00
7.7569999876e+02,3.1752413590e+01,-1.0155135759e+00
7.7579999876e+02,3.1650864658e+01,-1.0154650728e+00
7.7589999876e+02,3.1549320576e+01,-1.0154165651e+00
7.7599999876e+02,3.1447781345e+01,-1.0153680529e+00
7.7609999876e+02,3.1346246965e+01,-1.0153195361e+00
7.7619999876e+02,3.1244717438e+01,-1.0152710149e+00
7.7629999876e+02,3.1143192762e+01,-1.0152224891e+00
7.7639999876e+02,3.1041672940e+01,-1.0151739587e+00
7.7649999876e+02,3.0940157971e+01,-1.0151254238e+00
7.7659999876e+02,3.0838647855e+01,-1.0150768844e+00
7.7669999876e+02,3.0737142594e+01,-1.0150283404e+00
7.7679999876e+02,3.0635642187e+01,-1.0149797919e+00
7.7689999875e+02,3.0534146636e+01,-1.0149312389e+00
7.7699999875e+02,3.0432655940e+01,-1.0148826813e+00
7.7709999875e+02,3.0331170100e+01,-1.0148341191e+00
7.7719999875e+02,3.0229689116e+01,-1.0147855524e+00
7.7729999875e+02,3.0128212989e+01,-1.0147369812e+00
7.7739999875e+02,3.0026741720e+01,-1.0146884054e+00
7.7749999875e+02,2.9925275309e+01,-1.0146398250e+00
7.7759999875e+02,2.9823813755e+01,-1.0145912401e+00
7.7769999875e+02,2.9722357061e+01,-1.0145426507e+00
7.7779999875e+02,2.9620905225e+01,-1.0144940566e+00
7.7789999875e+02,2.9519458249e+01,-1.0144454581e+00
7.7799999875e+02,2.9418016134e+01,-1.0143968549e+00
7.7809999875e+02,2.9316578879e+01,-1.0143482472e+00
7.7819999875e+02,2.9215146484e+01,-1.0142996350e+00
7.7829999875e+02,2.9113718952e+01,-1.0142510182e+00
7.7839999875e+02,2.9012296281e+01,-1.0142023968e+00
7.7849999875e+02,2.8910878473e+01,-1.0141537708e+00
7.7859999875e+02,2.8809465527e+01,-1.0141051403e+00
7.7869999875e+02,2.8708057445e+01,-1.0140565052e+00
7.7879999875e+02,2.8606654226e+01,-1.0140078656e+00
7.7889999875e+02,2.8505255872e+01,-1.0139592213e+00
7.7899999875e+02,2.8403862382e+01,-1.0139105725e+00
7.7909999875e+02,2.8302473757e+01,-1.0138619191e+00
7.7919999875e+02,2.8201089998e+01,-1.0138132612e+00
7.7929999875e+02,2.8099711105e+01,-1.0137645987e+00
7.7939999875e+02,2.7998337079e+01,-1.0137159316e+00
7.7949999875e+02,2.7896967919e+01,-1.0136672599e+00
7.7959999875e+02,2.7795603627e+01,-1.0136185836e+00
7.7969999875e+02,2.7694244203e+01,-1.0135699027e+00
7.7979999875e+02,2.7592889647e+01,-1.0135212173e+00
7.7989999875e+02,2.7491539959e+01,-1.0134725273e+00
7.7999999875e+02,2.7390195141e+01,-1.0134238326e+00
7.8009999875e+02,2.7288855193e+01,-1.0133751334e+00
7.8019999875e+02,2.7187520115e+01,-1.0133264297e+00
7.8029999875e+02,2.7086189907e+01,-1.0132777213e+00
7.8039999875e+02,2.6984864571e+01,-1.0132290083e+00
7.8049999875e+02,2.6883544106e+01,-1.0131802907e+00
7.8059999875e+02,2.6782228513e+01,-1.0131315685e+00
7.8069999875e+02,2.6680917792e+01,-1.0130828418e+00
7.8079999875e+02,2.6579611944e+01,-1.0130341104e+00
7.8089999874e+02,2.6478310970e+01,-1.0129853745e+00
7.8099999874e+02,2.6377014870e+01,-1.0129366339e+00
7.8109999874e+02,2.6275723643e+01,-1.0128878887e+00
7.8119999874e+02,2.6174437292e+01,-1.0128391389e+00
7.8129999874e+02,2.6073155816e+01,-1.0127903846e+00
7.8139999874e+02,2.5971879215e+01,-1.0127416256e+00
7.8149999874e+02,2.5870607491e+01,-1.0126928620e+00
7.8159999874e+02,2.5769340643e+01,-1.0126440938e+00
7.8169999874e+02,2.5668078672e+01,-1.0125953210e+00
7.8179999874e+02,2.5566821579e+01,-1.0125465435e+00
7.8189999874e+02,2.5465569364e+01,-1.0124977615e+00
7.8199999874e+02,2.5364322027e+01,-1.0124489748e+00
7.8209999874e+02,2.5263079569e+01,-1.0124001836e+00
7.8219999874e+02,2.5161841990e+01,-1.0123513877e+00
7.8229999874e+02,2.5060609292e+01,-1.0123025872e+00
7.8239999874e+02,2.4959381473e+01,-1.0122537820e+00
7.8249999874e+02,2.4858158535e+01,-1.0122049723e+00
7.8259999874e+02,2.4756940479e+01,-1.0121561579e+00
7.8269999874e+02,2.4655727304e+01,-1.0121073389e+00
7.8279999874e+02,2.4554519011e+01,-1.0120585152e+00
7.8289999874e+02,2.4453315601e+01,-1.0120096870e+00
7.8299999874e+02,2.4352117074e+01,-1.0119608541e+00
7.8309999874e+02,2.4250923430e+01,-1.0119120166e+00
7.8319999874e+02,2.4149734671e+01,-1.0118631744e+00
7.8329999874e+02,2.4048550796e+01,-1.0118143276e+00
7.8339999874e+02,2.3947371805e+01,-1.0117654762e+00
7.8349999874e+02,2.3846197700e+01,-1.0117166201e+00
7.8359999874e+02,2.3745028481e+01,-1.0116677594e+00
7.8369999874e+02,2.3643864149e+01,-1.0116188941e+00
7.8379999874e+02,2.3542704703e+01,-1.0115700241e+00
7.8389999874e+02,2.3441550144e+01,-1.0115211495e+00
7.8399999874e+02,2.3340400473e+01,-1.0114722702e+00
7.8409999874e+02,2.3239255690e+01,-1.0114233863e+00
7.8419999874e+02,2.3138115796e+01,-1.0113744977e+00
7.8429999874e+02,2.3036980791e+01,-1.0113256045e+00
7.8439999874e+02,2.2935850675e+01,-1.0112767067e+00
7.8449999874e+02,2.2834725450e+01,-1.0112278042e+00
7.8459999874e+02,2.2733605115e+01,-1.0111788970e+00
7.8469999874e+02,2.2632489670e+01,-1.0111299852e+00
7.8479999873e+02,2.2531379118e+01,-1.0110810687e+00
7.8489999873e+02,2.2430273457e+01,-1.0110321476e+00
7.8499999873e+02,2.2329172688e+01,-1.0109832218e+00
7.8509999873e+02,2.2228076813e+01,-1.0109342913e+00
7.8519999873e+02,2.2126985830e+01,-1.0108853562e+00
7.8529999873e+02,2.2025899741e+01,-1.0108364165e+00
7.8539999873e+02,2.1924818547e+01,-1.0107874720e+00
7.8549999873e+02,2.1823742247e+01,-1.0107385229e+00
7.8559999873e+02,2.1722670843e+01,-1.0106895691e+00
7.8569999873e+02,2.1621604334e+01,-1.0106406107e+00
7.8579999873e+02,2.1520542721e+01,-1.0105916476e+00
7.8589999873e+02,2.1419486004e+01,-1.0105426798e+00
7.8599999873e+02,2.1318434185e+01,-1.0104937074e+00
7.8609999873e+02,2.1217387263e+01,-1.0104447302e+00
7.8619999873e+02,2.1116345239e+01,-1.0103957484e+00
7.8629999873e+02,2.1015308113e+01,-1.0103467619e+00
7.8639999873e+02,2.0914275887e+01,-1.0102977708e+00
7.8649999873e+02,2.0813248559e+01,-1.0102487749e+00
7.8659999873e+02,2.0712226132e+01,-1.0101997744e+00
7.8669999873e+02,2.0611208605e+01,-1.0101507692e+00
7.8679999873e+02,2.0510195978e+01,-1.0101017593e+00
7.8689999873e+02,2.0409188253e+01,-1.0100527447e+00
7.8699999873e+02,2.0308185429e+01,-1.0100037255e+00
7.8709999873e+02,2.0207187508e+01,-1.0099547015e+00
7.8719999873e+02,2.0106194489e+01,-1.0099056729e+00
7.8729999873e+02,2.0005206374e+01,-1.0098566395e+00
7.8739999873e+02,1.9904223161e+01,-1.0098076015e+00
7.8749999873e+02,1.9803244853e+01,-1.0097585588e+00
7.8759999873e+02,1.9702271450e+01,-1.0097095114e+00
7.8769999873e+02,1.9601302951e+01,-1.0096604593e+00
7.8779999873e+02,1.9500339358e+01,-1.0096114024e+00
7.8789999873e+02,1.9399380671e+01,-1.0095623409e+00
7.8799999873e+02,1.9298426890e+01,-1.0095132747e+00
7.8809999873e+02,1.9197478016e+01,-1.0094642038e+00
7.8819999873e+02,1.9096534050e+01,-1.0094151282e+00
7.8829999873e+02,1.8995594991e+01,-1.0093660478e+00
7.8839999873e+02,1.8894660840e+01,-1.0093169628e+00
7.8849999873e+02,1.8793731598e+01,-1.0092678730e+00
7.8859999873e+02,1.8692807266e+01,-1.0092187786e+00
7.8869999873e+02,1.8591887843e+01,-1.0091696794e+00
7.8879999872e+02,1.8490973330e+01,-1.0091205755e+00
7.8889999872e+02,1.8390063728e+01,-1.0090714669e+00
7.8899999872e+02,1.8289159037e+01,-1.0090223536e+00
7.8909999872e+02,1.8188259257e+01,-1.0089732355e+00
7.8919999872e+02,1.8087364390e+01,-1.0089241128e+00
7.8929999872e+02,1.7986474435e+01,-1.0088749853e+00
7.8939999872e+02,1.7885589393e+01,-1.0088258531e+00
7.8949999872e+02,1.7784709264e+01,-1.0087767162e+00
7.8959999872e+02,1.7683834050e+01,-1.0087275745e+00
7.8969999872e+02,1.7582963750e+01,-1.0086784281e+00
7.8979999872e+02,1.7482098364e+01,-1.0086292770e+00
7.8989999872e+02,1.7381237894e+01,-1.0085801212e+00
7.8999999872e+02,1.7280382340e+01,-1.0085309606e+00
7.9009999872e+02,1.7179531702e+01,-1.0084817953e+00
7.9019999872e+02,1.7078685981e+01,-1.0084326253e+00
7.9029999872e+02,1.6977845178e+01,-1.0083834505e+00
7.9039999872e+02,1.6877009291e+01,-1.0083342710e+00
7.9049999872e+02,1.6776178324e+01,-1.0082850867e+00
7.9059999872e+02,1.6675352274e+01,-1.0082358978e+00
7.9069999872e+02,1.6574531144e+01,-1.0081867040e+00
7.9079999872e+02,1.6473714934e+01,-1.0081375055e+00
7.9089999872e+02,1.6372903643e+01,-1.0080883023e+00
7.9099999872e+02,1.6272097273e+01,-1.0080390944e+00
7.9109999872e+02,1.6171295824e+01,-1.0079898816e+00
7.9119999872e+02,1.6070499297e+01,-1.0079406642e+00
7.9129999872e+02,1.5969707692e+01,-1.0078914420e+00
7.9139999872e+02,1.5868921009e+01,-1.0078422150e+00
7.9149999872e+02,1.5768139249e+01,-1.0077929833e+00
7.9159999872e+02,1.5667362412e+01,-1.0077437468e+00
7.9169999872e+02,1.5566590500e+01,-1.0076945056e+00
7.9179999872e+02,1.5465823511e+01,-1.0076452596e+00
7.9189999872e+02,1.5365061448e+01,-1.0075960088e+00
7.9199999872e+02,1.5264304310e+01,-1.0075467533e+00
7.9209999872e+02,1.5163552097e+01,-1.0074974930e+00
7.9219999872e+02,1.5062804811e+01,-1.0074482280e+00
7.9229999872e+02,1.4962062452e+01,-1.0073989582e+00
7.9239999872e+02,1.4861325020e+01,-1.0073496836e+00
7.9249999872e+02,1.4760592515e+01,-1.0073004043e+00
7.9259999872e+02,1.4659864939e+01,-1.0072511202e+00
7.9269999872e+02,1.4559142292e+01,-1.0072018313e+00
7.9279999871e+02,1.4458424573e+01,-1.0071525376e+00
7.9289999871e+02,1.4357711784e+01,-1.0071032392e+00
7.9299999871e+02,1.4257003925e+01,-1.0070539360e+00
7.9309999871e+02,1.4156300997e+01,-1.0070046280e+00
7.9319999871e+02,1.4055603000e+01,-1.0069553152e+00
7.9329999871e+02,1.3954909934e+01,-1.0069059977e+00
7.9339999871e+02,1.3854221801e+01,-1.0068566753e+00
7.9349999871e+02,1.3753538599e+01,-1.0068073482e+00
7.9359999871e+02,1.3652860331e+01,-1.0067580163e+00
7.9369999871e+02,1.3552186996e+01,-1.0067086797e+00
7.9379999871e+02,1.3451518595e+01,-1.0066593382e+00
7.9389999871e+02,1.3350855129e+01,-1.0066099919e+00
7.9399999871e+02,1.3250196597e+01,-1.0065606409e+00
7.9409999871e+02,1.3149543001e+01,-1.0065112850e+00
7.9419999871e+02,1.3048894340e+01,-1.0064619244e+00
7.9429999871e+02,1.2948250616e+01,-1.0064125589e+00
7.9439999871e+02,1.2847611829e+01,-1.0063631887e+00
7.9449999871e+02,1.2746977978e+01,-1.0063138137e+00
7.9459999871e+02,1.2646349066e+01,-1.0062644338e+00
7.9469999871e+02,1.2545725092e+01,-1.0062150492e+00
7.9479999871e+02,1.2445106056e+01,-1.0061656598e+00
7.9489999871e+02,1.2344491960e+01,-1.0061162655e+00
7.9499999871e+02,1.2243882803e+01,-1.0060668665e+00
7.9509999871e+02,1.2143278587e+01,-1.0060174626e+00
7.9519999871e+02,1.2042679311e+01,-1.0059680539e+00
7.9529999871e+02,1.1942084976e+01,-1.0059186404e+00
7.9539999871e+02,1.1841495583e+01,-1.0058692222e+00
7.9549999871e+02,1.1740911132e+01,-1.0058197990e+00
7.9559999871e+02,1.1640331624e+01,-1.0057703711e+00
7.9569999871e+02,1.1539757058e+01,-1.0057209384e+00
7.9579999871e+02,1.1439187436e+01,-1.0056715008e+00
7.9589999871e+02,1.1338622758e+01,-1.0056220584e+00
7.9599999871e+02,1.1238063024e+01,-1.0055726112e+00
7.9609999871e+02,1.1137508236e+01,-1.0055231592e+00
7.9619999871e+02,1.1036958393e+01,-1.0054737024e+00
7.9629999871e+02,1.0936413496e+01,-1.0054242407e+00
7.9639999871e+02,1.0835873545e+01,-1.0053747742e+00
7.9649999871e+02,1.0735338541e+01,-1.0053253029e+00
7.9659999871e+02,1.0634808484e+01,-1.0052758267e+00
7.9669999870e+02,1.0534283376e+01,-1.0052263457e+00
7.9679999870e+02,1.0433763215e+01,-1.0051768599e+00
7.9689999870e+02,1.0333248004e+01,-1.0051273692e+00
7.9699999870e+02,1.0232737742e+01,-1.0050778737e+00
7.9709999870e+02,1.0132232429e+01,-1.0050283734e+00
7.9719999870e+02,1.0031732067e+01,-1.0049788682e+00
7.9729999870e+02,9.9312366559e+00,-1.0049293581e+00
7.9739999870e+02,9.8307461958e+00,-1.0048798433e+00
7.9749999870e+02,9.7302606874e+00,-1.0048303236e+00
7.9759999870e+02,9.6297801312e+00,-1.0047807990e+00
7.9769999870e+02,9.5293045278e+00,-1.0047312696e+00
7.9779999870e+02,9.4288338775e+00,-1.0046817353e+00
7.9789999870e+02,9.3283681809e+00,-1.0046321962e+00
7.9799999870e+02,9.2279074384e+00,-1.0045826523e+00
7.9809999870e+02,9.1274516506e+00,-1.0045331035e+00
7.9819999870e+02,9.0270008179e+00,-1.0044835498e+00
7.9829999870e+02,8.9265549408e+00,-1.0044339913e+00
7.9839999870e+02,8.8261140198e+00,-1.0043844279e+00
7.9849999870e+02,8.7256780554e+00,-1.0043348596e+00
7.9859999870e+02,8.6252470480e+00,-1.0042852865e+00
7.9869999870e+02,8.5248209982e+00,-1.0042357086e+00
7.9879999870e+02,8.4243999065e+00,-1.0041861257e+00
7.9889999870e+02,8.3239837732e+00,-1.0041365380e+00
7.9899999870e+02,8.2235725990e+00,-1.0040869455e+00
7.9909999870e+02,8.1231663843e+00,-1.0040373480e+00
7.9919999870e+02,8.0227651296e+00,-1.0039877457e+00
7.9929999870e+02,7.9223688353e+00,-1.0039381385e+00
7.9939999870e+02,7.8219775020e+00,-1.0038885265e+00
7.9949999870e+02,7.7215911302e+00,-1.0038389095e+00
7.9959999870e+02,7.6212097203e+00,-1.0037892877e+00
7.9969999870e+02,7.5208332728e+00,-1.0037396610e+00
7.9979999870e+02,7.4204617882e+00,-1.0036900295e+00
7.9989999870e+02,7.3200952671e+00,-1.0036403930e+00
7.9999999870e+02,7.2197337098e+00,-1.0035907517e+00
8.0009999870e+02,7.1193771169e+00,-1.0035411055e+00
8.0019999870e+02,7.0190254889e+00,-1.0034914544e+00
8.0029999870e+02,6.9186788262e+00,-1.0034417984e+00
8.0039999870e+02,6.8183371294e+00,-1.0033921375e+00
8.0049999870e+02,6.7180003989e+00,-1.0033424717e+00
8.0059999870e+02,6.6176686352e+00,-1.0032928010e+00
8.0069999869e+02,6.5173418388e+00,-1.0032431255e+00
8.0079999869e+02,6.4170200103e+00,-1.0031934450e+00
8.0089999869e+02,6.3167031500e+00,-1.0031437596e+00
8.0099999869e+02,6.2163912585e+00,-1.0030940694e+00
8.0109999869e+02,6.1160843363e+00,-1.0030443742e+00
8.0119999869e+02,6.0157823838e+00,-1.0029946742e+00
8.0129999869e+02,5.9154854016e+00,-1.0029449692e+00
8.0139999869e+02,5.8151933901e+00,-1.0028952593e+00
8.0149999869e+02,5.7149063499e+00,-1.0028455446e+00
8.0159999869e+02,5.6146242814e+00,-1.0027958249e+00
8.0169999869e+02,5.5143471851e+00,-1.0027461003e+00
8.0179999869e+02,5.4140750615e+00,-1.0026963708e+00
8.0189999869e+02,5.3138079111e+00,-1.0026466363e+00
8.0199999869e+02,5.2135457344e+00,-1.0025968970e+00
8.0209999869e+02,5.1132885319e+00,-1.0025471528e+00
8.0219999869e+02,5.0130363040e+00,-1.0024974036e+00
8.0229999869e+02,4.9127890513e+00,-1.0024476495e+00
8.0239999869e+02,4.8125467743e+00,-1.0023978905e+00
8.0249999869e+02,4.7123094734e+00,-1.0023481265e+00
8.0259999869e+02,4.6120771491e+00,-1.0022983577e+00
8.0269999869e+02,4.5118498020e+00,-1.0022485839e+00
8.0279999869e+02,4.4116274325e+00,-1.0021988052e+00
8.0289999869e+02,4.3114100411e+00,-1.0021490215e+00
8.0299999869e+02,4.2111976284e+00,-1.0020992330e+00
8.0309999869e+02,4.1109901947e+00,-1.0020494395e+00
8.0319999869e+02,4.0107877406e+00,-1.0019996410e+00
8.0329999869e+02,3.9105902667e+00,-1.0019498377e+00
8.0339999869e+02,3.8103977733e+00,-1.0019000293e+00
8.0349999869e+02,3.7102102609e+00,-1.0018502161e+00
8.0359999869e+02,3.6100277302e+00,-1.0018003979e+00
8.0369999869e+02,3.5098501815e+00,-1.0017505748e+00
8.0379999869e+02,3.4096776154e+00,-1.0017007467e+00
8.0389999869e+02,3.3095100324e+00,-1.0016509137e+00
8.0399999869e+02,3.2093474328e+00,-1.0016010757e+00
8.0409999869e+02,3.1091898174e+00,-1.0015512328e+00
8.0419999869e+02,3.0090371865e+00,-1.0015013849e+00
8.0429999869e+02,2.9088895406e+00,-1.0014515321e+00
8.0439999869e+02,2.8087468802e+00,-1.0014016743e+00
8.0449999869e+02,2.7086092059e+00,-1.0013518116e+00
8.0459999868e+02,2.6084765180e+00,-1.0013019439e+00
8.0469999868e+02,2.5083488172e+00,-1.0012520713e+00
8.0479999868e+02,2.4082261040e+00,-1.0012021937e+00
8.0489999868e+02,2.3081083787e+00,-1.0011523111e+00
8.0499999868e+02,2.2079956419e+00,-1.0011024236e+00
8.0509999868e+02,2.1078878941e+00,-1.0010525311e+00
8.0519999868e+02,2.0077851358e+00,-1.0010026337e+00
8.0529999868e+02,1.9076873676e+00,-1.0009527312e+00
8.0539999868e+02,1.8075945898e+00,-1.0009028238e+00
8.0549999868e+02,1.7075068030e+00,-1.0008529115e+00
8.0559999868e+02,1.6074240076e+00,-1.0008029941e+00
8.0569999868e+02,1.5073462043e+00,-1.0007530718e+00
8.0579999868e+02,1.4072733934e+00,-1.0007031446e+00
8.0589999868e+02,1.3072055755e+00,-1.0006532123e+00
8.0599999868e+02,1.2071427511e+00,-1.0006032751e+00
8.0609999868e+02,1.1070849207e+00,-1.0005533328e+00
8.0619999868e+02,1.0070320847e+00,-1.0005033856e+00
8.0629999868e+02,9.0698424374e-01,-1.0004534334e+00
8.0639999868e+02,8.0694139821e-01,-1.0004034763e+00
8.0649999868e+02,7.0690354865e-01,-1.0003535141e+00
8.0659999868e+02,6.0687069556e-01,-1.0003035470e+00
8.0669999868e+02,5.0684283943e-01,-1.0002535748e+00
8.0679999868e+02,4.0681998076e-01,-1.0002035977e+00
8.0689999868e+02,3.0680212005e-01,-1.0001536156e+00
8.0699999868e+02,2.0678925781e-01,-1.0001036285e+00
8.0709999868e+02,1.0678139452e-01,-1.0000536364e+00
8.0719999868e+02,6.7785307018e-03,-1.0000036392e+00
8.0729999868e+02,-9.3219333159e-02,-9.9995363713e-01
8.0739999868e+02,-1.9321219656e-01,-9.9990363002e-01
8.0749999868e+02,-2.9320005900e-01,-9.9985361790e-01
8.0759999868e+02,-3.9318291997e-01,-9.9980360078e-01
8.0769999868e+02,-4.9316077899e-01,-9.9975357866e-01
8.0779999868e+02,-5.9313363554e-01,-9.9970355152e-01
8.0789999868e+02,-6.9310148912e-01,-9.9965351938e-01
8.0799999868e+02,-7.9306433924e-01,-9.9960348222e-01
8.0809999868e+02,-8.9302218540e-01,-9.9955344005e-01
8.0819999868e+02,-9.9297502709e-01,-9.9950339287e-01
8.0829999868e+02,-1.0929228638e+00,-9.9945334067e-01
8.0839999868e+02,-1.1928656951e+00,-9.9940328345e-01
8.0849999868e+02,-1.2928035203e+00,-9.9935322121e-01
8.0859999867e+02,-1.3927363391e+00,-9.9930315396e-01
8.0869999867e+02,-1.4926641510e+00,-9.9925308168e-01
8.0879999867e+02,-1.5925869553e+00,-9.9920300437e-01
8.0889999867e+02,-1.6925047517e+00,-9.9915292204e-01
8.0899999867e+02,-1.7924175395e+00,-9.9910283468e-01
8.0909999867e+02,-1.8923253184e+00,-9.9905274229e-01
8.0919999867e+02,-1.9922280878e+00,-9.9900264488e-01
8.0929999867e+02,-2.0921258472e+00,-9.9895254242e-01
8.0939999867e+02,-2.1920185961e+00,-9.9890243494e-01
8.0949999867e+02,-2.2919063341e+00,-9.9885232242e-01
8.0959999867e+02,-2.3917890605e+00,-9.9880220486e-01
8.0969999867e+02,-2.4916667749e+00,-9.9875208226e-01
8.0979999867e+02,-2.5915394767e+00,-9.9870195462e-01
8.0989999867e+02,-2.6914071656e+00,-9.9865182194e-01
8.0999999867e+02,-2.7912698410e+00,-9.9860168422e-01
8.1009999867e+02,-2.8911275023e+00,-9.9855154145e-01
8.1019999867e+02,-2.9909801491e+00,-9.9850139363e-01
8.1029999867e+02,-3.0908277808e+00,-9.9845124076e-01
8.1039999867e+02,-3.1906703971e+00,-9.9840108284e-01
8.1049999867e+02,-3.2905079972e+00,-9.9835091987e-01
8.1059999867e+02,-3.3903405809e+00,-9.9830075185e-01
8.1069999867e+02,-3.4901681475e+00,-9.9825057877e-01
8.1079999867e+02,-3.5899906965e+00,-9.9820040063e-01
8.1089999867e+02,-3.6898082274e+00,-9.9815021744e-01
8.1099999867e+02,-3.7896207398e+00,-9.9810002918e-01
8.1109999867e+02,-3.8894282331e+00,-9.9804983586e-01
8.1119999867e+02,-3.9892307068e+00,-9.9799963748e-01
8.1129999867e+02,-4.0890281604e+00,-9.9794943403e-01
8.1139999867e+02,-4.1888205934e+00,-9.9789922551e-01
8.1149999867e+02,-4.2886080053e+00,-9.9784901193e-01
8.1159999867e+02,-4.3883903956e+00,-9.9779879327e-01
8.1169999867e+02,-4.4881677638e+00,-9.9774856955e-01
8.1179999867e+02,-4.5879401094e+00,-9.9769834075e-01
8.1189999867e+02,-4.6877074318e+00,-9.9764810687e-01
8.1199999867e+02,-4.7874697306e+00,-9.9759786791e-01
8.1209999867e+02,-4.8872270052e+00,-9.9754762388e-01
8.1219999867e+02,-4.9869792552e+00,-9.9749737477e-01
8.1229999867e+02,-5.0867264800e+00,-9.9744712057e-01
8.1239999867e+02,-5.1864686791e+00,-9.9739686129e-01
8.1249999867e+02,-5.2862058521e+00,-9.9734659693e-01
8.1259999866e+02,-5.3859379984e+00,-9.9729632747e-01
8.1269999866e+02,-5.4856651174e+00,-9.9724605293e-01
8.1279999866e+02,-5.5853872088e+00,-9.9719577330e-01
8.1289999866e+02,-5.6851042719e+00,-9.9714548858e-01
8.1299999866e+02,-5.7848163063e+00,-9.9709519876e-01
8.1309999866e+02,-5.8845233115e+00,-9.9704490384e-01
8.1319999866e+02,-5.9842252869e+00,-9.9699460383e-01
8.1329999866e+02,-6.0839222321e+00,-9.9694429872e-01
8.1339999866e+02,-6.1836141465e+00,-9.9689398851e-01
8.1349999866e+02,-6.2833010296e+00,-9.9684367320e-01
8.1359999866e+02,-6.3829828810e+00,-9.9679335278e-01
8.1369999866e+02,-6.4826597000e+00,-9.9674302726e-01
8.1379999866e+02,-6.5823314862e+00,-9.9669269663e-01
8.1389999866e+02,-6.6819982392e+00,-9.9664236089e-01
8.1399999866e+02,-6.7816599582e+00,-9.9659202004e-01
8.1409999866e+02,-6.8813166430e+00,-9.9654167407e-01
8.1419999866e+02,-6.9809682929e+00,-9.9649132300e-01
8.1429999866e+02,-7.0806149074e+00,-9.9644096680e-01
8.1439999866e+02,-7.1802564861e+00,-9.9639060549e-01
8.1449999866e+02,-7.2798930284e+00,-9.9634023906e-01
8.1459999866e+02,-7.3795245337e+00,-9.9628986751e-01
8.1469999866e+02,-7.4791510017e+00,-9.9623949084e-01
8.1479999866e+02,-7.5787724317e+00,-9.9618910904e-01
8.1489999866e+02,-7.6783888233e+00,-9.9613872212e-01
8.1499999866e+02,-7.7780001760e+00,-9.9608833007e-01
8.1509999866e+02,-7.8776064892e+00,-9.9603793289e-01
8.1519999866e+02,-7.9772077624e+00,-9.9598753058e-01
8.1529999866e+02,-8.0768039951e+00,-9.9593712313e-01
8.1539999866e+02,-8.1763951868e+00,-9.9588671055e-01
8.1549999866e+02,-8.2759813370e+00,-9.9583629284e-01
8.1559999866e+02,-8.3755624452e+00,-9.9578586999e-01
8.1569999866e+02,-8.4751385109e+00,-9.9573544199e-01
8.1579999866e+02,-8.5747095335e+00,-9.9568500886e-01
8.1589999866e+02,-8.6742755125e+00,-9.9563457058e-01
8.1599999866e+02,-8.7738364474e+00,-9.9558412716e-01
8.1609999866e+02,-8.8733923377e+00,-9.9553367859e-01
8.1619999866e+02,-8.9729431830e+00,-9.9548322488e-01
8.1629999866e+02,-9.0724889825e+00,-9.9543276601e-01
8.1639999866e+02,-9.1720297360e+00,-9.9538230199e-01
8.1649999865e+02,-9.2715654428e+00,-9.9533183282e-01
8.1659999865e+02,-9.3710961024e+00,-9.9528135850e-01
8.1669999865e+02,-9.4706217143e+00,-9.9523087902e-01
8.1679999865e+02,-9.5701422780e+00,-9.9518039438e-01
8.1689999865e+02,-9.6696577930e+00,-9.9512990458e-01
8.1699999865e+02,-9.7691682587e+00,-9.9507940961e-01
8.1709999865e+02,-9.8686736747e+00,-9.9502890949e-01
8.1719999865e+02,-9.9681740405e+00,-9.9497840420e-01
8.1729999865e+02,-1.0067669355e+01,-9.9492789374e-01
8.1739999865e+02,-1.0167159619e+01,-9.9487737811e-01
8.1749999865e+02,-1.0266644831e+01,-9.9482685731e-01
8.1759999865e+02,-1.0366124990e+01,-9.9477633134e-01
8.1769999865e+02,-1.0465600097e+01,-9.9472580020e-01
8.1779999865e+02,-1.0565070150e+01,-9.9467526388e-01
8.1789999865e+02,-1.0664535150e+01,-9.9462472239e-01
8.1799999865e+02,-1.0763995095e+01,-9.9457417571e-01
8.1809999865e+02,-1.0863449985e+01,-9.9452362386e-01
8.1819999865e+02,-1.0962899819e+01,-9.9447306682e-01
8.1829999865e+02,-1.1062344598e+01,-9.9442250460e-01
8.1839999865e+02,-1.1161784320e+01,-9.9437193719e-01
8.1849999865e+02,-1.1261218985e+01,-9.9432136459e-01
8.1859999865e+02,-1.1360648593e+01,-9.9427078681e-01
8.1869999865e+02,-1.1460073142e+01,-9.9422020383e-01
8.1879999865e+02,-1.1559492633e+01,-9.9416961566e-01
8.1889999865e+02,-1.1658907065e+01,-9.9411902230e-01
8.1899999865e+02,-1.1758316437e+01,-9.9406842374e-01
8.1909999865e+02,-1.1857720750e+01,-9.9401781998e-01
8.1919999865e+02,-1.1957120001e+01,-9.9396721102e-01
8.1929999865e+02,-1.2056514192e+01,-9.9391659686e-01
8.1939999865e+02,-1.2155903321e+01,-9.9386597750e-01
8.1949999865e+02,-1.2255287387e+01,-9.9381535293e-01
8.1959999865e+02,-1.2354666391e+01,-9.9376472316e-01
8.1969999865e+02,-1.2454040332e+01,-9.9371408818e-01
8.1979999865e+02,-1.2553409208e+01,-9.9366344798e-01
8.1989999865e+02,-1.2652773021e+01,-9.9361280258e-01
8.1999999865e+02,-1.2752131769e+01,-9.9356215196e-01
8.2009999865e+02,-1.2851485451e+01,-9.9351149613e-01
8.2019999865e+02,-1.2950834068e+01,-9.9346083508e-01
8.2029999865e+02,-1.3050177618e+01,-9.9341016881e-01
8.2039999865e+02,-1.3149516101e+01,-9.9335949732e-01
8.2049999864e+02,-1.3248849517e+01,-9.9330882060e-01
8.2059999864e+02,-1.3348177865e+01,-9.9325813867e-01
8.2069999864e+02,-1.3447501145e+01,-9.9320745150e-01
8.2079999864e+02,-1.3546819355e+01,-9.9315675911e-01
8.2089999864e+02,-1.3646132497e+01,-9.9310606149e-01
8.2099999864e+02,-1.3745440568e+01,-9.9305535864e-01
8.2109999864e+02,-1.3844743568e+01,-9.9300465056e-01
8.2119999864e+02,-1.3944041497e+01,-9.9295393724e-01
8.2129999864e+02,-1.4043334355e+01,-9.9290321868e-01
8.2139999864e+02,-1.4142622141e+01,-9.9285249489e-01
8.2149999864e+02,-1.4241904854e+01,-9.9280176586e-01
8.2159999864e+02,-1.4341182494e+01,-9.9275103158e-01
8.2169999864e+02,-1.4440455060e+01,-9.9270029206e-01
8.2179999864e+02,-1.4539722552e+01,-9.9264954730e-01
8.2189999864e+02,-1.4638984970e+01,-9.9259879729e-01
8.2199999864e+02,-1.4738242312e+01,-9.9254804203e-01
8.2209999864e+02,-1.4837494578e+01,-9.9249728152e-01
8.2219999864e+02,-1.4936741768e+01,-9.9244651575e-01
8.2229999864e+02,-1.5035983881e+01,-9.9239574474e-01
8.2239999864e+02,-1.5135220916e+01,-9.9234496847e-01
8.2249999864e+02,-1.5234452874e+01,-9.9229418694e-01
8.2259999864e+02,-1.5333679754e+01,-9.9224340015e-01
8.2269999864e+02,-1.5432901554e+01,-9.9219260810e-01
8.2279999864e+02,-1.5532118275e+01,-9.9214181078e-01
8.2289999864e+02,-1.5631329916e+01,-9.9209100820e-01
8.2299999864e+02,-1.5730536477e+01,-9.9204020036e-01
8.2309999864e+02,-1.5829737956e+01,-9.9198938725e-01
8.2319999864e+02,-1.5928934354e+01,-9.9193856886e-01
8.2329999864e+02,-1.6028125670e+01,-9.9188774521e-01
8.2339999864e+02,-1.6127311903e+01,-9.9183691628e-01
8.2349999864e+02,-1.6226493053e+01,-9.9178608208e-01
8.2359999864e+02,-1.6325669119e+01,-9.9173524260e-01
8.2369999864e+02,-1.6424840101e+01,-9.9168439784e-01
8.2379999864e+02,-1.6524005998e+01,-9.9163354780e-01
8.2389999864e+02,-1.6623166810e+01,-9.9158269247e-01
8.2399999864e+02,-1.6722322537e+01,-9.9153183187e-01
8.2409999864e+02,-1.6821473177e+01,-9.9148096597e-01
8.2419999864e+02,-1.6920618730e+01,-9.9143009479e-01
8.2429999864e+02,-1.7019759195e+01,-9.9137921832e-01
8.2439999863e+02,-1.7118894573e+01,-9.9132833656e-01
8.2449999863e+02,-1.7218024863e+01,-9.9127744950e-01
8.2459999863e+02,-1.7317150063e+01,-9.9122655715e-01
8.2469999863e+02,-1.7416270174e+01,-9.9117565951e-01
8.2479999863e+02,-1.7515385195e+01,-9.9112475656e-01
8.2489999863e+02,-1.7614495125e+01,-9.9107384832e-01
8.2499999863e+02,-1.7713599964e+01,-9.9102293477e-01
8.2509999863e+02,-1.7812699712e+01,-9.9097201592e-01
8.2519999863e+02,-1.7911794367e+01,-9.9092109176e-01
8.2529999863e+02,-1.8010883930e+01,-9.9087016229e-01
8.2539999863e+02,-1.8109968399e+01,-9.9081922752e-01
8.2549999863e+02,-1.8209047775e+01,-9.9076828743e-01
8.2559999863e+02,-1.8308122057e+01,-9.9071734204e-01
8.2569999863e+02,-1.8407191243e+01,-9.9066639132e-01
8.2579999863e+02,-1.8506255335e+01,-9.9061543529e-01
8.2589999863e+02,-1.8605314330e+01,-9.9056447395e-01
8.2599999863e+02,-1.8704368229e+01,-9.9051350728e-01
8.2609999863e+02,-1.8803417032e+01,-9.9046253529e-01
8.2619999863e+02,-1.8902460736e+01,-9.9041155797e-01
8.2629999863e+02,-1.9001499343e+01,-9.9036057533e-01
8.2639999863e+02,-1.9100532851e+01,-9.9030958737e-01
8.2649999863e+02,-1.9199561260e+01,-9.9025859407e-01
8.2659999863e+02,-1.9298584570e+01,-9.9020759544e-01
8.2669999863e+02,-1.9397602779e+01,-9.9015659148e-01
8.2679999863e+02,-1.9496615888e+01,-9.9010558219e-01
8.2689999863e+02,-1.9595623895e+01,-9.9005456756e-01
8.2699999863e+02,-1.9694626801e+01,-9.9000354759e-01
8.2709999863e+02,-1.9793624605e+01,-9.8995252228e-01
8.2719999863e+02,-1.9892617306e+01,-9.8990149163e-01
8.2729999863e+02,-1.9991604903e+01,-9.8985045563e-01
8.2739999863e+02,-2.0090587397e+01,-9.8979941429e-01
8.2749999863e+02,-2.0189564786e+01,-9.8974836761e-01
8.2759999863e+02,-2.0288537070e+01,-9.8969731557e-01
8.2769999863e+02,-2.0387504249e+01,-9.8964625818e-01
8.2779999863e+02,-2.0486466321e+01,-9.8959519544e-01
8.2789999863e+02,-2.0585423287e+01,-9.8954412735e-01
8.2799999863e+02,-2.0684375147e+01,-9.8949305389e-01
8.2809999863e+02,-2.0783321898e+01,-9.8944197508e-01
8.2819999863e+02,-2.0882263541e+01,-9.8939089091e-01
8.2829999863e+02,-2.0981200076e+01,-9.8933980138e-01
8.2839999862e+02,-2.1080131502e+01,-9.8928870649e-01
8.2849999862e+02,-2.1179057817e+01,-9.8923760623e-01
8.2859999862e+02,-2.1277979023e+01,-9.8918650060e-01
8.2869999862e+02,-2.1376895117e+01,-9.8913538960e-01
8.2879999862e+02,-2.1475806100e+01,-9.8908427323e-01
8.2889999862e+02,-2.1574711972e+01,-9.8903315149e-01
8.2899999862e+02,-2.1673612730e+01,-9.8898202437e-01
8.2909999862e+02,-2.1772508376e+01,-9.8893089188e-01
8.2919999862e+02,-2.1871398909e+01,-9.8887975401e-01
8.2929999862e+02,-2.1970284327e+01,-9.8882861075e-01
8.2939999862e+02,-2.2069164631e+01,-9.8877746212e-01
8.2949999862e+02,-2.2168039819e+01,-9.8872630810e-01
8.2959999862e+02,-2.2266909892e+01,-9.8867514870e-01
8.2969999862e+02,-2.2365774849e+01,-9.8862398391e-01
8.2979999862e+02,-2.2464634689e+01,-9.8857281373e-01
8.2989999862e+02,-2.2563489411e+01,-9.8852163815e-01
8.2999999862e+02,-2.2662339016e+01,-9.8847045719e-01
8.3009999862e+02,-2.2761183503e+01,-9.8841927083e-01
8.3019999862e+02,-2.2860022870e+01,-9.8836807907e-01
8.3029999862e+02,-2.2958857118e+01,-9.8831688191e-01
8.3039999862e+02,-2.3057686246e+01,-9.8826567936e-01
8.3049999862e+02,-2.3156510254e+01,-9.8821447140e-01
8.3059999862e+02,-2.3255329140e+01,-9.8816325803e-01
8.3069999862e+02,-2.3354142905e+01,-9.8811203926e-01
8.3079999862e+02,-2.3452951548e+01,-9.8806081509e-01
8.3089999862e+02,-2.3551755068e+01,-9.8800958550e-01
8.3099999862e+02,-2.3650553465e+01,-9.8795835050e-01
8.3109999862e+02,-2.3749346738e+01,-9.8790711009e-01
8.3119999862e+02,-2.3848134887e+01,-9.8785586426e-01
8.3129999862e+02,-2.3946917911e+01,-9.8780461301e-01
8.3139999862e+02,-2.4045695809e+01,-9.8775335635e-01
8.3149999862e+02,-2.4144468582e+01,-9.8770209426e-01
8.3159999862e+02,-2.4243236228e+01,-9.8765082675e-01
8.3169999862e+02,-2.4341998747e+01,-9.8759955382e-01
8.3179999862e+02,-2.4440756139e+01,-9.8754827546e-01
8.3189999862e+02,-2.4539508402e+01,-9.8749699167e-01
8.3199999862e+02,-2.4638255537e+01,-9.8744570245e-01
8.3209999862e+02,-2.4736997542e+01,-9.8739440780e-01
8.3219999862e+02,-2.4835734418e+01,-9.8734310772e-01
8.3229999862e+02,-2.4934466164e+01,-9.8729180220e-01
8.3239999861e+02,-2.5033192778e+01,-9.8724049124e-01
8.3249999861e+02,-2.5131914262e+01,-9.8718917484e-01
8.3259999861e+02,-2.5230630613e+01,-9.8713785300e-01
8.3269999861e+02,-2.5329341832e+01,-9.8708652572e-01
8.3279999861e+02,-2.5428047918e+01,-9.8703519299e-01
8.3289999861e+02,-2.5526748870e+01,-9.8698385481e-01
8.3299999861e+02,-2.5625444689e+01,-9.8693251119e-01
8.3309999861e+02,-2.5724135373e+01,-9.8688116211e-01
8.3319999861e+02,-2.5822820921e+01,-9.8682980758e-01
8.3329999861e+02,-2.5921501334e+01,-9.8677844760e-01
8.3339999861e+02,-2.6020176610e+01,-9.8672708216e-01
8.3349999861e+02,-2.6118846750e+01,-9.8667571126e-01
8.3359999861e+02,-2.6217511752e+01,-9.8662433490e-01
8.3369999861e+02,-2.6316171617e+01,-9.8657295308e-01
8.3379999861e+02,-2.6414826343e+01,-9.8652156580e-01
8.3389999861e+02,-2.6513475930e+01,-9.8647017305e-01
8.3399999861e+02,-2.6612120377e+01,-9.8641877483e-01
8.3409999861e+02,-2.6710759685e+01,-9.8636737114e-01
8.3419999861e+02,-2.6809393851e+01,-9.8631596198e-01
8.3429999861e+02,-2.6908022877e+01,-9.8626454734e-01
8.3439999861e+02,-2.7006646761e+01,-9.8621312723e-01
8.3449999861e+02,-2.7105265502e+01,-9.8616170165e-01
8.3459999861e+02,-2.7203879101e+01,-9.8611027058e-01
8.3469999861e+02,-2.7302487556e+01,-9.8605883403e-01
8.3479999861e+02,-2.7401090867e+01,-9.8600739200e-01
8.3489999861e+02,-2.7499689034e+01,-9.8595594448e-01
8.3499999861e+02,-2.7598282056e+01,-9.8590449148e-01
8.3509999861e+02,-2.7696869932e+01,-9.8585303299e-01
8.3519999861e+02,-2.7795452663e+01,-9.8580156901e-01
8.3529999861e+02,-2.7894030246e+01,-9.8575009953e-01
8.3539999861e+02,-2.7992602682e+01,-9.8569862456e-01
8.3549999861e+02,-2.8091169971e+01,-9.8564714410e-01
8.3559999861e+02,-2.8189732111e+01,-9.8559565813e-01
8.3569999861e+02,-2.8288289102e+01,-9.8554416667e-01
8.3579999861e+02,-2.8386840944e+01,-9.8549266970e-01
8.3589999861e+02,-2.8485387636e+01,-9.8544116723e-01
8.3599999861e+02,-2.8583929177e+01,-9.8538965926e-01
8.3609999861e+02,-2.8682465568e+01,-9.8533814577e-01
8.3619999861e+02,-2.8780996806e+01,-9.8528662678e-01
8.3629999860e+02,-2.8879522893e+01,-9.8523510227e-01
8.3639999860e+02,-2.8978043827e+01,-9.8518357225e-01
8.3649999860e+02,-2.9076559607e+01,-9.8513203672e-01
8.3659999860e+02,-2.9175070234e+01,-9.8508049567e-01
8.3669999860e+02,-2.9273575706e+01,-9.8502894909e-01
8.3679999860e+02,-2.9372076023e+01,-9.8497739700e-01
8.3689999860e+02,-2.9470571185e+01,-9.8492583939e-01
8.3699999860e+02,-2.9569061191e+01,-9.8487427624e-01
8.3709999860e+02,-2.9667546040e+01,-9.8482270758e-01
8.3719999860e+02,-2.9766025732e+01,-9.8477113338e-01
8.3729999860e+02,-2.9864500267e+01,-9.8471955365e-01
8.3739999860e+02,-2.9962969643e+01,-9.8466796839e-01
8.3749999860e+02,-3.0061433860e+01,-9.8461637759e-01
8.3759999860e+02,-3.0159892918e+01,-9.8456478126e-01
8.3769999860e+02,-3.0258346816e+01,-9.8451317939e-01
8.3779999860e+02,-3.0356795554e+01,-9.8446157198e-01
8.3789999860e+02,-3.0455239131e+01,-9.8440995902e-01
8.3799999860e+02,-3.0553677546e+01,-9.8435834052e-01
8.3809999860e+02,-3.0652110798e+01,-9.8430671648e-01
8.3819999860e+02,-3.0750538889e+01,-9.8425508688e-01
8.3829999860e+02,-3.0848961816e+01,-9.8420345174e-01
8.3839999860e+02,-3.0947379579e+01,-9.8415181104e-01
8.3849999860e+02,-3.1045792178e+01,-9.8410016479e-01
8.3859999860e+02,-3.1144199612e+01,-9.8404851299e-01
8.3869999860e+02,-3.1242601880e+01,-9.8399685562e-01
8.3879999860e+02,-3.1340998983e+01,-9.8394519270e-01
8.3889999860e+02,-3.1439390918e+01,-9.8389352421e-01
8.3899999860e+02,-3.1537777687e+01,-9.8384185016e-01
8.3909999860e+02,-3.1636159288e+01,-9.8379017055e-01
8.3919999860e+02,-3.1734535721e+01,-9.8373848536e-01
8.3929999860e+02,-3.1832906985e+01,-9.8368679461e-01
8.3939999860e+02,-3.1931273080e+01,-9.8363509829e-01
8.3949999860e+02,-3.2029634005e+01,-9.8358339639e-01
8.3959999860e+02,-3.2127989759e+01,-9.8353168891e-01
8.3969999860e+02,-3.2226340342e+01,-9.8347997586e-01
8.3979999860e+02,-3.2324685754e+01,-9.8342825723e-01
8.3989999860e+02,-3.2423025994e+01,-9.8337653302e-01
8.3999999860e+02,-3.2521361060e+01,-9.8332480322e-01
8.4009999860e+02,-3.2619690954e+01,-9.8327306784e-01
8.4019999860e+02,-3.2718015674e+01,-9.8322132687e-01
8.4029999859e+02,-3.2816335219e+01,-9.8316958031e-01
8.4039999859e+02,-3.2914649590e+01,-9.8311782817e-01
8.4049999859e+02,-3.3012958785e+01,-9.8306607042e-01
8.4059999859e+02,-3.3111262804e+01,-9.8301430709e-01
8.4069999859e+02,-3.3209561646e+01,-9.8296253815e-01
8.4079999859e+02,-3.3307855311e+01,-9.8291076362e-01
8.4089999859e+02,-3.3406143798e+01,-9.8285898348e-01
8.4099999859e+02,-3.3504427108e+01,-9.8280719775e-01
8.4109999859e+02,-3.3602705238e+01,-9.8275540640e-01
8.4119999859e+02,-3.3700978189e+01,-9.8270360945e-01
8.4129999859e+02,-3.3799245959e+01,-9.8265180690e-01
8.4139999859e+02,-3.3897508550e+01,-9.8259999873e-01
8.4149999859e+02,-3.3995765959e+01,-9.8254818494e-01
8.4159999859e+02,-3.4094018187e+01,-9.8249636555e-01
8.4169999859e+02,-3.4192265232e+01,-9.8244454053e-01
8.4179999859e+02,-3.4290507095e+01,-9.8239270990e-01
8.4189999859e+02,-3.4388743774e+01,-9.8234087365e-01
8.4199999859e+02,-3.4486975269e+01,-9.8228903177e-01
8.4209999859e+02,-3.4585201580e+01,-9.8223718427e-01
8.4219999859e+02,-3.4683422706e+01,-9.8218533114e-01
8.4229999859e+02,-3.4781638646e+01,-9.8213347238e-01
8.4239999859e+02,-3.4879849400e+01,-9.8208160800e-01
8.4249999859e+02,-3.4978054967e+01,-9.8202973798e-01
8.4259999859e+02,-3.5076255347e+01,-9.8197786232e-01
8.4269999859e+02,-3.5174450540e+01,-9.8192598103e-01
8.4279999859e+02,-3.5272640543e+01,-9.8187409410e-01
8.4289999859e+02,-3.5370825358e+01,-9.8182220153e-01
8.4299999859e+02,-3.5469004984e+01,-9.8177030331e-01
8.4309999859e+02,-3.5567179419e+01,-9.8171839946e-01
8.4319999859e+02,-3.5665348663e+01,-9.8166648995e-01
8.4329999859e+02,-3.5763512717e+01,-9.8161457480e-01
8.4339999859e+02,-3.5861671578e+01,-9.8156265399e-01
8.4349999859e+02,-3.5959825247e+01,-9.8151072754e-01
8.4359999859e+02,-3.6057973723e+01,-9.8145879543e-01
8.4369999859e+02,-3.6156117006e+01,-9.8140685766e-01
8.4379999859e+02,-3.6254255095e+01,-9.8135491423e-01
8.4389999859e+02,-3.6352387989e+01,-9.8130296514e-01
8.4399999859e+02,-3.6450515688e+01,-9.8125101039e-01
8.4409999859e+02,-3.6548638191e+01,-9.8119904998e-01
8.4419999858e+02,-3.6646755497e+01,-9.8114708390e-01
8.4429999858e+02,-3.6744867607e+01,-9.8109511215e-01
8.4439999858e+02,-3.6842974520e+01,-9.8104313473e-01
8.4449999858e+02,-3.6941076234e+01,-9.8099115163e-01
8.4459999858e+02,-3.7039172750e+01,-9.8093916286e-01
8.4469999858e+02,-3.7137264066e+01,-9.8088716842e-01
8.4479999858e+02,-3.7235350183e+01,-9.8083516829e-01
8.4489999858e+02,-3.7333431100e+01,-9.8078316249e-01
8.4499999858e+02,-3.7431506816e+01,-9.8073115100e-01
8.4509999858e+02,-3.7529577330e+01,-9.8067913383e-01
8.4519999858e+02,-3.7627642642e+01,-9.8062711097e-01
8.4529999858e+02,-3.7725702752e+01,-9.8057508242e-01
8.4539999858e+02,-3.7823757658e+01,-9.8052304819e-01
8.4549999858e+02,-3.7921807361e+01,-9.8047100825e-01
8.4559999858e+02,-3.8019851860e+01,-9.8041896263e-01
8.4569999858e+02,-3.8117891154e+01,-9.8036691130e-01
8.4579999858e+02,-3.8215925242e+01,-9.8031485428e-01
8.4589999858e+02,-3.8313954124e+01,-9.8026279156e-01
8.4599999858e+02,-3.8411977800e+01,-9.8021072313e-01
8.4609999858e+02,-3.8509996269e+01,-9.8015864900e-01
8.4619999858e+02,-3.8608009530e+01,-9.8010656916e-01
8.4629999858e+02,-3.8706017582e+01,-9.8005448361e-01
8.4639999858e+02,-3.8804020426e+01,-9.8000239235e-01
8.4649999858e+02,-3.8902018061e+01,-9.7995029538e-01
8.4659999858e+02,-3.9000010485e+01,-9.7989819270e-01
8.4669999858e+02,-3.9097997699e+01,-9.7984608429e-01
8.4679999858e+02,-3.9195979702e+01,-9.7979397017e-01
8.4689999858e+02,-3.9293956493e+01,-9.7974185032e-01
8.4699999858e+02,-3.9391928072e+01,-9.7968972475e-01
8.4709999858e+02,-3.9489894438e+01,-9.7963759346e-01
8.4719999858e+02,-3.9587855590e+01,-9.7958545644e-01
8.4729999858e+02,-3.9685811529e+01,-9.7953331369e-01
8.4739999858e+02,-3.9783762253e+01,-9.7948116520e-01
8.4749999858e+02,-3.9881707762e+01,-9.7942901099e-01
8.4759999858e+02,-3.9979648055e+01,-9.7937685104e-01
8.4769999858e+02,-4.0077583132e+01,-9.7932468535e-01
8.4779999858e+02,-4.0175512992e+01,-9.7927251392e-01
8.4789999858e+02,-4.0273437634e+01,-9.7922033675e-01
8.4799999858e+02,-4.0371357059e+01,-9.7916815383e-01
8.4809999858e+02,-4.0469271265e+01,-9.7911596517e-01
8.4819999857e+02,-4.0567180252e+01,-9.7906377076e-01
8.4829999857e+02,-4.0665084019e+01,-9.7901157060e-01
8.4839999857e+02,-4.0762982565e+01,-9.7895936469e-01
8.4849999857e+02,-4.0860875891e+01,-9.7890715303e-01
8.4859999857e+02,-4.0958763996e+01,-9.7885493561e-01
8.4869999857e+02,-4.1056646878e+01,-9.7880271243e-01
8.4879999857e+02,-4.1154524538e+01,-9.7875048349e-01
8.4889999857e+02,-4.1252396975e+01,-9.7869824878e-01
8.4899999857e+02,-4.1350264188e+01,-9.7864600832e-01
8.4909999857e+02,-4.1448126176e+01,-9.7859376208e-01
8.4919999857e+02,-4.1545982940e+01,-9.7854151008e-01
8.4929999857e+02,-4.1643834478e+01,-9.7848925231e-01
8.4939999857e+02,-4.1741680790e+01,-9.7843698876e-01
8.4949999857e+02,-4.1839521876e+01,-9.7838471944e-01
8.4959999857e+02,-4.1937357734e+01,-9.7833244435e-01
8.4969999857e+02,-4.2035188364e+01,-9.7828016347e-01
8.4979999857e+02,-4.2133013766e+01,-9.7822787681e-01
8.4989999857e+02,-4.2230833940e+01,-9.7817558437e-01
8.4999999857e+02,-4.2328648883e+01,-9.7812328615e-01
8.5009999857e+02,-4.2426458597e+01,-9.7807098213e-01
8.5019999857e+02,-4.2524263079e+01,-9.7801867233e-01
8.5029999857e+02,-4.2622062331e+01,-9.7796635674e-01
8.5039999857e+02,-4.2719856351e+01,-9.7791403535e-01
8.5049999857e+02,-4.2817645138e+01,-9.7786170817e-01
8.5059999857e+02,-4.2915428692e+01,-9.7780937519e-01
8.5069999857e+02,-4.3013207013e+01,-9.7775703640e-01
8.5079999857e+02,-4.3110980099e+01,-9.7770469182e-01
8.5089999857e+02,-4.3208747951e+01,-9.7765234144e-01
8.5099999857e+02,-4.3306510567e+01,-9.7759998524e-01
8.5109999857e+02,-4.3404267948e+01,-9.7754762324e-01
8.5119999857e+02,-4.3502020092e+01,-9.7749525543e-01
8.5129999857e+02,-4.3599766998e+01,-9.7744288181e-01
8.5139999857e+02,-4.3697508668e+01,-9.7739050237e-01
8.5149999857e+02,-4.3795245099e+01,-9.7733811712e-01
8.5159999857e+02,-4.3892976291e+01,-9.7728572604e-01
8.5169999857e+02,-4.3990702244e+01,-9.7723332915e-01
8.5179999857e+02,-4.4088422957e+01,-9.7718092643e-01
8.5189999857e+02,-4.4186138429e+01,-9.7712851789e-01
8.5199999857e+02,-4.4283848660e+01,-9.7707610352e-01
8.5209999857e+02,-4.4381553649e+01,-9.7702368333e-01
8.5219999856e+02,-4.4479253396e+01,-9.7697125730e-01
8.5229999856e+02,-4.4576947901e+01,-9.7691882543e-01
8.5239999856e+02,-4.4674637161e+01,-9.7686638774e-01
8.5249999856e+02,-4.4772321178e+01,-9.7681394420e-01
8.5259999856e+02,-4.4869999950e+01,-9.7676149483e-01
8.5269999856e+02,-4.4967673477e+01,-9.7670903961e-01
8.5279999856e+02,-4.5065341758e+01,-9.7665657855e-01
8.5289999856e+02,-4.5163004792e+01,-9.7660411164e-01
8.5299999856e+02,-4.5260662580e+01,-9.7655163889e-01
8.5309999856e+02,-4.5358315120e+01,-9.7649916028e-01
8.5319999856e+02,-4.5455962412e+01,-9.7644667582e-01
8.5329999856e+02,-4.5553604455e+01,-9.7639418551e-01
8.5339999856e+02,-4.5651241249e+01,-9.7634168934e-01
8.5349999856e+02,-4.5748872793e+01,-9.7628918731e-01
8.5359999856e+02,-4.5846499086e+01,-9.7623667942e-01
8.5369999856e+02,-4.5944120128e+01,-9.7618416567e-01
8.5379999856e+02,-4.6041735919e+01,-9.7613164605e-01
8.5389999856e+02,-4.6139346457e+01,-9.7607912057e-01
8.5399999856e+02,-4.6236951743e+01,-9.7602658922e-01
8.5409999856e+02,-4.6334551775e+01,-9.7597405199e-01
8.5419999856e+02,-4.6432146553e+01,-9.7592150889e-01
8.5429999856e+02,-4.6529736076e+01,-9.7586895992e-01
8.5439999856e+02,-4.6627320345e+01,-9.7581640506e-01
8.5449999856e+02,-4.6724899357e+01,-9.7576384433e-01
8.5459999856e+02,-4.6822473113e+01,-9.7571127771e-01
8.5469999856e+02,-4.6920041613e+01,-9.7565870522e-01
8.5479999856e+02,-4.7017604854e+01,-9.7560612683e-01
8.5489999856e+02,-4.7115162838e+01,-9.7555354255e-01
8.5499999856e+02,-4.7212715563e+01,-9.7550095239e-01
8.5509999856e+02,-4.7310263028e+01,-9.7544835633e-01
8.5519999856e+02,-4.7407805234e+01,-9.7539575438e-01
8.5529999856e+02,-4.7505342179e+01,-9.7534314653e-01
8.5539999856e+02,-4.7602873863e+01,-9.7529053277e-01
8.5549999856e+02,-4.7700400285e+01,-9.7523791312e-01
8.5559999856e+02,-4.7797921445e+01,-9.7518528757e-01
8.5569999856e+02,-4.7895437342e+01,-9.7513265611e-01
8.5579999856e+02,-4.7992947976e+01,-9.7508001874e-01
8.5589999856e+02,-4.8090453346e+01,-9.7502737546e-01
8.5599999856e+02,-4.8187953451e+01,-9.7497472627e-01
8.5609999855e+02,-4.8285448291e+01,-9.7492207116e-01
8.5619999855e+02,-4.8382937865e+01,-9.7486941014e-01
8.5629999855e+02,-4.8480422173e+01,-9.7481674319e-01
8.5639999855e+02,-4.8577901214e+01,-9.7476407033e-01
8.5649999855e+02,-4.8675374987e+01,-9.7471139154e-01
8.5659999855e+02,-4.8772843492e+01,-9.7465870683e-01
8.5669999855e+02,-4.8870306728e+01,-9.7460601620e-01
8.5679999855e+02,-4.8967764695e+01,-9.7455331963e-01
8.5689999855e+02,-4.9065217392e+01,-9.7450061713e-01
8.5699999855e+02,-4.9162664818e+01,-9.7444790869e-01
8.5709999855e+02,-4.9260106973e+01,-9.7439519432e-01
8.5719999855e+02,-4.9357543857e+01,-9.7434247401e-01
8.5729999855e+02,-4.9454975468e+01,-9.7428974777e-01
8.5739999855e+02,-4.9552401806e+01,-9.7423701557e-01
8.5749999855e+02,-4.9649822871e+01,-9.7418427744e-01
8.5759999855e+02,-4.9747238661e+01,-9.7413153335e-01
8.5769999855e+02,-4.9844649177e+01,-9.7407878332e-01
8.5779999855e+02,-4.9942054418e+01,-9.7402602734e-01
8.5789999855e+02,-5.0039454382e+01,-9.7397326540e-01
8.5799999855e+02,-5.0136849071e+01,-9.7392049751e-01
8.5809999855e+02,-5.0234238482e+01,-9.7386772365e-01
8.5819999855e+02,-5.0331622615e+01,-9.7381494384e-01
8.5829999855e+02,-5.0429001470e+01,-9.7376215807e-01
8.5839999855e+02,-5.0526375047e+01,-9.7370936633e-01
8.5849999855e+02,-5.0623743343e+01,-9.7365656863e-01
8.5859999855e+02,-5.0721106360e+01,-9.7360376495e-01
8.5869999855e+02,-5.0818464096e+01,-9.7355095531e-01
8.5879999855e+02,-5.0915816551e+01,-9.7349813969e-01
8.5889999855e+02,-5.1013163724e+01,-9.7344531810e-01
8.5899999855e+02,-5.1110505614e+01,-9.7339249053e-01
8.5909999855e+02,-5.1207842222e+01,-9.7333965697e-01
8.5919999855e+02,-5.1305173546e+01,-9.7328681744e-01
8.5929999855e+02,-5.1402499585e+01,-9.7323397192e-01
8.5939999855e+02,-5.1499820340e+01,-9.7318112042e-01
8.5949999855e+02,-5.1597135809e+01,-9.7312826293e-01
8.5959999855e+02,-5.1694445992e+01,-9.7307539944e-01
8.5969999855e+02,-5.1791750889e+01,-9.7302252997e-01
8.5979999855e+02,-5.1889050498e+01,-9.7296965450e-01
8.5989999855e+02,-5.1986344819e+01,-9.7291677303e-01
8.5999999855e+02,-5.2083633852e+01,-9.7286388556e-01
8.6009999854e+02,-5.2180917596e+01,-9.7281099209e-01
8.6019999854e+02,-5.2278196051e+01,-9.7275809261e-01
8.6029999854e+02,-5.2375469215e+01,-9.7270518713e-01
8.6039999854e+02,-5.2472737088e+01,-9.7265227564e-01
8.6049999854e+02,-5.2569999670e+01,-9.7259935814e-01
8.6059999854e+02,-5.2667256959e+01,-9.7254643463e-01
8.6069999854e+02,-5.2764508956e+01,-9.7249350510e-01
8.6079999854e+02,-5.2861755660e+01,-9.7244056955e-01
8.6089999854e+02,-5.2958997070e+01,-9.7238762799e-01
8.6099999854e+02,-5.3056233185e+01,-9.7233468040e-01
8.6109999854e+02,-5.3153464006e+01,-9.7228172679e-01
8.6119999854e+02,-5.3250689531e+01,-9.7222876715e-01
8.6129999854e+02,-5.3347909759e+01,-9.7217580148e-01
8.6139999854e+02,-5.3445124691e+01,-9.7212282978e-01
8.6149999854e+02,-5.3542334325e+01,-9.7206985205e-01
8.6159999854e+02,-5.3639538661e+01,-9.7201686829e-01
8.6169999854e+02,-5.3736737698e+01,-9.7196387848e-01
8.6179999854e+02,-5.3833931436e+01,-9.7191088264e-01
8.6189999854e+02,-5.3931119875e+01,-9.7185788076e-01
8.6199999854e+02,-5.4028303012e+01,-9.7180487283e-01
8.6209999854e+02,-5.4125480849e+01,-9.7175185885e-01
8.6219999854e+02,-5.4222653384e+01,-9.7169883883e-01
8.6229999854e+02,-5.4319820617e+01,-9.7164581275e-01
8.6239999854e+02,-5.4416982546e+01,-9.7159278062e-01
8.6249999854e+02,-5.4514139172e+01,-9.7153974244e-01
8.6259999854e+02,-5.4611290495e+01,-9.7148669820e-01
8.6269999854e+02,-5.4708436512e+01,-9.7143364789e-01
8.6279999854e+02,-5.4805577224e+01,-9.7138059153e-01
8.6289999854e+02,-5.4902712630e+01,-9.7132752910e-01
8.6299999854e+02,-5.4999842730e+01,-9.7127446061e-01
8.6309999854e+02,-5.5096967522e+01,-9.7122138604e-01
8.6319999854e+02,-5.5194087007e+01,-9.7116830541e-01
8.6329999854e+02,-5.5291201183e+01,-9.7111521870e-01
8.6339999854e+02,-5.5388310050e+01,-9.7106212592e-01
8.6349999854e+02,-5.5485413608e+01,-9.7100902705e-01
8.6359999854e+02,-5.5582511855e+01,-9.7095592211e-01
8.6369999854e+02,-5.5679604792e+01,-9.7090281109e-01
8.6379999854e+02,-5.5776692417e+01,-9.7084969398e-01
8.6389999854e+02,-5.5873774731e+01,-9.7079657078e-01
8.6399999854e+02,-5.5970851731e+01,-9.7074344149e-01
8.6409999853e+02,-5.6067923419e+01,-9.7069030612e-01
8.6419999853e+02,-5.6164989792e+01,-9.7063716464e-01
8.6429999853e+02,-5.6262050851e+01,-9.7058401708e-01
8.6439999853e+02,-5.6359106595e+01,-9.7053086341e-01
8.6449999853e+02,-5.6456157024e+01,-9.7047770364e-01
8.6459999853e+02,-5.6553202136e+01,-9.7042453777e-01
8.6469999853e+02,-5.6650241931e+01,-9.7037136580e-01
8.6479999853e+02,-5.6747276409e+01,-9.7031818772e-01
8.6489999853e+02,-5.6844305569e+01,-9.7026500353e-01
8.6499999853e+02,-5.6941329409e+01,-9.7021181322e-01
8.6509999853e+02,-5.7038347931e+01,-9.7015861680e-01
8.6519999853e+02,-5.7135361133e+01,-9.7010541427e-01
8.6529999853e+02,-5.7232369014e+01,-9.7005220561e-01
8.6539999853e+02,-5.7329371574e+01,-9.6999899084e-01
8.6549999853e+02,-5.7426368812e+01,-9.6994576994e-01
8.6559999853e+02,-5.7523360727e+01,-9.6989254292e-01
8.6569999853e+02,-5.7620347320e+01,-9.6983930976e-01
8.6579999853e+02,-5.7717328589e+01,-9.6978607048e-01
8.6589999853e+02,-5.7814304534e+01,-9.6973282507e-01
8.6599999853e+02,-5.7911275154e+01,-9.6967957352e-01
8.6609999853e+02,-5.8008240448e+01,-9.6962631583e-01
8.6619999853e+02,-5.8105200417e+01,-9.6957305200e-01
8.6629999853e+02,-5.8202155059e+01,-9.6951978203e-01
8.6639999853e+02,-5.8299104373e+01,-9.6946650592e-01
8.6649999853e+02,-5.8396048360e+01,-9.6941322366e-01
8.6659999853e+02,-5.8492987018e+01,-9.6935993525e-01
8.6669999853e+02,-5.8589920346e+01,-9.6930664069e-01
8.6679999853e+02,-5.8686848346e+01,-9.6925333998e-01
8.6689999853e+02,-5.8783771014e+01,-9.6920003311e-01
8.6699999853e+02,-5.8880688352e+01,-9.6914672008e-01
8.6709999853e+02,-5.8977600358e+01,-9.6909340090e-01
8.6719999853e+02,-5.9074507032e+01,-9.6904007555e-01
8.6729999853e+02,-5.9171408373e+01,-9.6898674403e-01
8.6739999853e+02,-5.9268304380e+01,-9.6893340635e-01
8.6749999853e+02,-5.9365195054e+01,-9.6888006250e-01
8.6759999853e+02,-5.9462080393e+01,-9.6882671248e-01
8.6769999853e+02,-5.9558960396e+01,-9.6877335628e-01
8.6779999853e+02,-5.9655835064e+01,-9.6871999391e-01
8.6789999853e+02,-5.9752704395e+01,-9.6866662536e-01
8.6799999852e+02,-5.9849568389e+01,-9.6861325062e-01
8.6809999852e+02,-5.9946427045e+01,-9.6855986971e-01
8.6819999852e+02,-6.0043280362e+01,-9.6850648260e-01
8.6829999852e+02,-6.0140128341e+01,-9.6845308931e-01
8.6839999852e+02,-6.0236970980e+01,-9.6839968983e-01
8.6849999852e+02,-6.0333808279e+01,-9.6834628416e-01
8.6859999852e+02,-6.0430640237e+01,-9.6829287229e-01
8.6869999852e+02,-6.0527466853e+01,-9.6823945422e-01
8.6879999852e+02,-6.0624288127e+01,-9.6818602995e-01
8.6889999852e+02,-6.0721104059e+01,-9.6813259949e-01
8.6899999852e+02,-6.0817914647e+01,-9.6807916281e-01
8.6909999852e+02,-6.0914719891e+01,-9.6802571993e-01
8.6919999852e+02,-6.1011519791e+01,-9.6797227084e-01
8.6929999852e+02,-6.1108314345e+01,-9.6791881554e-01
8.6939999852e+02,-6.1205103554e+01,-9.6786535403e-01
8.6949999852e+02,-6.1301887416e+01,-9.6781188630e-01
8.6959999852e+02,-6.1398665931e+01,-9.6775841235e-01
8.6969999852e+02,-6.1495439098e+01,-9.6770493217e-01
8.6979999852e+02,-6.1592206917e+01,-9.6765144578e-01
8.6989999852e+02,-6.1688969387e+01,-9.6759795316e-01
8.6999999852e+02,-6.1785726507e+01,-9.6754445431e-01
8.7009999852e+02,-6.1882478278e+01,-9.6749094924e-01
8.7019999852e+02,-6.1979224697e+01,-9.6743743793e-01
8.7029999852e+02,-6.2075965765e+01,-9.6738392038e-01
8.7039999852e+02,-6.2172701481e+01,-9.6733039660e-01
8.7049999852e+02,-6.2269431844e+01,-9.6727686657e-01
8.7059999852e+02,-6.2366156854e+01,-9.6722333031e-01
8.7069999852e+02,-6.2462876510e+01,-9.6716978780e-01
8.7079999852e+02,-6.2559590811e+01,-9.6711623904e-01
8.7089999852e+02,-6.2656299758e+01,-9.6706268404e-01
8.7099999852e+02,-6.2753003348e+01,-9.6700912278e-01
8.7109999852e+02,-6.2849701582e+01,-9.6695555527e-01
8.7119999852e+02,-6.2946394459e+01,-9.6690198150e-01
8.7129999852e+02,-6.3043081978e+01,-9.6684840148e-01
8.7139999852e+02,-6.3139764139e+01,-9.6679481519e-01
8.7149999852e+02,-6.3236440941e+01,-9.6674122264e-01
8.7159999852e+02,-6.3333112383e+01,-9.6668762382e-01
8.7169999852e+02,-6.3429778465e+01,-9.6663401873e-01
8.7179999852e+02,-6.3526439187e+01,-9.6658040738e-01
8.7189999852e+02,-6.3623094547e+01,-9.6652678975e-01
8.7199999851e+02,-6.3719744545e+01,-9.6647316585e-01
8.7209999851e+02,-6.3816389180e+01,-9.6641953566e-01
8.7219999851e+02,-6.3913028451e+01,-9.6636589920e-01
8.7229999851e+02,-6.4009662359e+01,-9.6631225646e-01
8.7239999851e+02,-6.4106290903e+01,-9.6625860743e-01
8.7249999851e+02,-6.4202914081e+01,-9.6620495211e-01
8.7259999851e+02,-6.4299531893e+01,-9.6615129050e-01
8.7269999851e+02,-6.4396144338e+01,-9.6609762260e-01
8.7279999851e+02,-6.4492751417e+01,-9.6604394841e-01
8.7289999851e+02,-6.4589353128e+01,-9.6599026792e-01
8.7299999851e+02,-6.4685949470e+01,-9.6593658113e-01
8.7309999851e+02,-6.4782540444e+01,-9.6588288804e-01
8.7319999851e+02,-6.4879126048e+01,-9.6582918864e-01
8.7329999851e+02,-6.4975706281e+01,-9.6577548294e-01
8.7339999851e+02,-6.5072281144e+01,-9.6572177093e-01
8.7349999851e+02,-6.5168850635e+01,-9.6566805261e-01
8.7359999851e+02,-6.5265414755e+01,-9.6561432797e-01
8.7369999851e+02,-6.5361973501e+01,-9.6556059702e-01
8.7379999851e+02,-6.5458526874e+01,-9.6550685975e-01
8.7389999851e+02,-6.5555074873e+01,-9.6545311615e-01
8.7399999851e+02,-6.5651617497e+01,-9.6539936624e-01
8.7409999851e+02,-6.5748154746e+01,-9.6534561000e-01
8.7419999851e+02,-6.5844686619e+01,-9.6529184743e-01
8.7429999851e+02,-6.5941213115e+01,-9.6523807853e-01
8.7439999851e+02,-6.6037734234e+01,-9.6518430329e-01
8.7449999851e+02,-6.6134249975e+01,-9.6513052172e-01
8.7459999851e+02,-6.6230760338e+01,-9.6507673382e-01
8.7469999851e+02,-6.6327265322e+01,-9.6502293957e-01
8.7479999851e+02,-6.6423764926e+01,-9.6496913898e-01
8.7489999851e+02,-6.6520259149e+01,-9.6491533204e-01
8.7499999851e+02,-6.6616747992e+01,-9.6486151876e-01
8.7509999851e+02,-6.6713231453e+01,-9.6480769912e-01
8.7519999851e+02,-6.6809709532e+01,-9.6475387314e-01
8.7529999851e+02,-6.6906182227e+01,-9.6470004080e-01
8.7539999851e+02,-6.7002649540e+01,-9.6464620210e-01
8.7549999851e+02,-6.7099111468e+01,-9.6459235704e-01
8.7559999851e+02,-6.7195568011e+01,-9.6453850562e-01
8.7569999851e+02,-6.7292019169e+01,-9.6448464783e-01
8.7579999851e+02,-6.7388464940e+01,-9.6443078368e-01
8.7589999850e+02,-6.7484905325e+01,-9.6437691316e-01
8.7599999850e+02,-6.7581340323e+01,-9.6432303626e-01
8.7609999850e+02,-6.7677769932e+01,-9.6426915299e-01
8.7619999850e+02,-6.7774194153e+01,-9.6421526335e-01
8.7629999850e+02,-6.7870612985e+01,-9.6416136732e-01
8.7639999850e+02,-6.7967026426e+01,-9.6410746491e-01
8.7649999850e+02,-6.8063434477e+01,-9.6405355612e-01
8.7659999850e+02,-6.8159837137e+01,-9.6399964094e-01
8.7669999850e+02,-6.8256234405e+01,-9.6394571937e-01
8.7679999850e+02,-6.8352626281e+01,-9.6389179141e-01
8.7689999850e+02,-6.8449012763e+01,-9.6383785706e-01
8.7699999850e+02,-6.8545393852e+01,-9.6378391631e-01
8.7709999850e+02,-6.8641769546e+01,-9.6372996916e-01
8.7719999850e+02,-6.8738139846e+01,-9.6367601561e-01
8.7729999850e+02,-6.8834504749e+01,-9.6362205565e-01
8.7739999850e+02,-6.8930864257e+01,-9.6356808929e-01
8.7749999850e+02,-6.9027218367e+01,-9.6351411652e-01
8.7759999850e+02,-6.9123567080e+01,-9.6346013734e-01
8.7769999850e+02,-6.9219910394e+01,-9.6340615174e-01
8.7779999850e+02,-6.9316248310e+01,-9.6335215973e-01
8.7789999850e+02,-6.9412580826e+01,-9.6329816130e-01
8.7799999850e+02,-6.9508907942e+01,-9.6324415644e-01
8.7809999850e+02,-6.9605229657e+01,-9.6319014516e-01
8.7819999850e+02,-6.9701545971e+01,-9.6313612746e-01
8.7829999850e+02,-6.9797856882e+01,-9.6308210333e-01
8.7839999850e+02,-6.9894162391e+01,-9.6302807276e-01
8.7849999850e+02,-6.9990462497e+01,-9.6297403577e-01
8.7859999850e+02,-7.0086757198e+01,-9.6291999233e-01
8.7869999850e+02,-7.0183046495e+01,-9.6286594246e-01
8.7879999850e+02,-7.0279330386e+01,-9.6281188615e-01
8.7889999850e+02,-7.0375608872e+01,-9.6275782339e-01
8.7899999850e+02,-7.0471881951e+01,-9.6270375418e-01
8.7909999850e+02,-7.0568149623e+01,-9.6264967853e-01
8.7919999850e+02,-7.0664411886e+01,-9.6259559643e-01
8.7929999850e+02,-7.0760668742e+01,-9.6254150787e-01
8.7939999850e+02,-7.0856920188e+01,-9.6248741285e-01
8.7949999850e+02,-7.0953166224e+01,-9.6243331138e-01
8.7959999850e+02,-7.1049406850e+01,-9.6237920345e-01
8.7969999850e+02,-7.1145642064e+01,-9.6232508905e-01
8.7979999850e+02,-7.1241871867e+01,-9.6227096818e-01
8.7989999849e+02,-7.1338096258e+01,-9.6221684085e-01
8.7999999849e+02,-7.1434315235e+01,-9.6216270704e-01
8.8009999849e+02,-7.1530528799e+01,-9.6210856676e-01
8.8019999849e+02,-7.1626736948e+01,-9.6205442001e-01
8.8029999849e+02,-7.1722939683e+01,-9.6200026678e-01
8.8039999849e+02,-7.1819137002e+01,-9.6194610706e-01
8.8049999849e+02,-7.1915328904e+01,-9.6189194086e-01
8.8059999849e+02,-7.2011515390e+01,-9.6183776817e-01
8.8069999849e+02,-7.2107696457e+01,-9.6178358900e-01
8.8079999849e+02,-7.2203872107e+01,-9.6172940333e-01
8.8089999849e+02,-7.2300042338e+01,-9.6167521117e-01
8.8099999849e+02,-7.2396207149e+01,-9.6162101252e-01
8.8109999849e+02,-7.2492366540e+01,-9.6156680736e-01
8.8119999849e+02,-7.2588520510e+01,-9.6151259570e-01
8.8129999849e+02,-7.2684669059e+01,-9.6145837754e-01
8.8139999849e+02,-7.2780812186e+01,-9.6140415287e-01
8.8149999849e+02,-7.2876949889e+01,-9.6134992169e-01
8.8159999849e+02,-7.2973082170e+01,-9.6129568400e-01
8.8169999849e+02,-7.3069209026e+01,-9.6124143980e-01
8.8179999849e+02,-7.3165330458e+01,-9.6118718908e-01
8.8189999849e+02,-7.3261446464e+01,-9.6113293184e-01
8.8199999849e+02,-7.3357557044e+01,-9.6107866808e-01
8.8209999849e+02,-7.3453662197e+01,-9.6102439779e-01
8.8219999849e+02,-7.3549761923e+01,-9.6097012098e-01
8.8229999849e+02,-7.3645856221e+01,-9.6091583763e-01
8.8239999849e+02,-7.3741945090e+01,-9.6086154776e-01
8.8249999849e+02,-7.3838028530e+01,-9.6080725135e-01
8.8259999849e+02,-7.3934106540e+01,-9.6075294840e-01
8.8269999849e+02,-7.4030179120e+01,-9.6069863891e-01
8.8279999849e+02,-7.4126246268e+01,-9.6064432288e-01
8.8289999849e+02,-7.4222307984e+01,-9.6059000031e-01
8.8299999849e+02,-7.4318364268e+01,-9.6053567118e-01
8.8309999849e+02,-7.4414415118e+01,-9.6048133551e-01
8.8319999849e+02,-7.4510460535e+01,-9.6042699329e-01
8.8329999849e+02,-7.4606500517e+01,-9.6037264451e-01
8.8339999849e+02,-7.4702535063e+01,-9.6031828917e-01
8.8349999849e+02,-7.4798564174e+01,-9.6026392727e-01
8.8359999849e+02,-7.4894587849e+01,-9.6020955881e-01
8.8369999849e+02,-7.4990606086e+01,-9.6015518378e-01
8.8379999849e+02,-7.5086618885e+01,-9.6010080219e-01
8.8389999848e+02,-7.5182626246e+01,-9.6004641402e-01
8.8399999848e+02,-7.5278628168e+01,-9.5999201928e-01
8.8409999848e+02,-7.5374624650e+01,-9.5993761797e-01
8.8419999848e+02,-7.5470615691e+01,-9.5988321007e-01
8.8429999848e+02,-7.5566601291e+01,-9.5982879560e-01
8.8439999848e+02,-7.5662581450e+01,-9.5977437454e-01
8.8449999848e+02,-7.5758556166e+01,-9.5971994690e-01
8.8459999848e+02,-7.5854525439e+01,-9.5966551267e-01
8.8469999848e+02,-7.5950489268e+01,-9.5961107184e-01
8.8479999848e+02,-7.6046447653e+01,-9.5955662442e-01
8.8489999848e+02,-7.6142400593e+01,-9.5950217041e-01
8.8499999848e+02,-7.6238348087e+01,-9.5944770980e-01
8.8509999848e+02,-7.6334290135e+01,-9.5939324258e-01
8.8519999848e+02,-7.6430226735e+01,-9.5933876876e-01
8.8529999848e+02,-7.6526157888e+01,-9.5928428834e-01
8.8539999848e+02,-7.6622083593e+01,-9.5922980130e-01
8.8549999848e+02,-7.6718003848e+01,-9.5917530765e-01
8.8559999848e+02,-7.6813918654e+01,-9.5912080739e-01
8.8569999848e+02,-7.6909828010e+01,-9.5906630051e-01
8.8579999848e+02,-7.7005731914e+01,-9.5901178701e-01
8.8589999848e+02,-7.7101630367e+01,-9.5895726689e-01
8.8599999848e+02,-7.7197523367e+01,-9.5890274014e-01
8.8609999848e+02,-7.7293410915e+01,-9.5884820676e-01
8.8619999848e+02,-7.7389293008e+01,-9.5879366676e-01
8.8629999848e+02,-7.7485169648e+01,-9.5873912012e-01
8.8639999848e+02,-7.7581040832e+01,-9.5868456684e-01
8.8649999848e+02,-7.7676906561e+01,-9.5863000693e-01
8.8659999848e+02,-7.7772766833e+01,-9.5857544037e-01
8.8669999848e+02,-7.7868621649e+01,-9.5852086718e-01
8.8679999848e+02,-7.7964471007e+01,-9.5846628733e-01
8.8689999848e+02,-7.8060314906e+01,-9.5841170084e-01
8.8699999848e+02,-7.8156153347e+01,-9.5835710769e-01
8.8709999848e+02,-7.8251986327e+01,-9.5830250790e-01
8.8719999848e+02,-7.8347813848e+01,-9.5824790144e-01
8.8729999848e+02,-7.8443635907e+01,-9.5819328833e-01
8.8739999848e+02,-7.8539452505e+01,-9.5813866855e-01
8.8749999848e+02,-7.8635263641e+01,-9.5808404211e-01
8.8759999848e+02,-7.8731069314e+01,-9.5802940900e-01
8.8769999848e+02,-7.8826869522e+01,-9.5797476922e-01
8.8779999847e+02,-7.8922664267e+01,-9.5792012277e-01
8.8789999847e+02,-7.9018453547e+01,-9.5786546965e-01
8.8799999847e+02,-7.9114237361e+01,-9.5781080984e-01
8.8809999847e+02,-7.9210015709e+01,-9.5775614336e-01
8.8819999847e+02,-7.9305788589e+01,-9.5770147019e-01
8.8829999847e+02,-7.9401556002e+01,-9.5764679034e-01
8.8839999847e+02,-7.9497317947e+01,-9.5759210379e-01
8.8849999847e+02,-7.9593074423e+01,-9.5753741056e-01
8.8859999847e+02,-7.9688825429e+01,-9.5748271063e-01
8.8869999847e+02,-7.9784570965e+01,-9.5742800401e-01
8.8879999847e+02,-7.9880311030e+01,-9.5737329069e-01
8.8889999847e+02,-7.9976045623e+01,-9.5731857066e-01
8.8899999847e+02,-8.0071774744e+01,-9.5726384394e-01
8.8909999847e+02,-8.0167498391e+01,-9.5720911050e-01
8.8919999847e+02,-8.0263216565e+01,-9.5715437035e-01
8.8929999847e+02,-8.0358929265e+01,-9.5709962350e-01
8.8939999847e+02,-8.0454636490e+01,-9.5704486992e-01
8.8949999847e+02,-8.0550338239e+01,-9.5699010963e-01
8.8959999847e+02,-8.0646034512e+01,-9.5693534262e-01
8.8969999847e+02,-8.0741725307e+01,-9.5688056889e-01
8.8979999847e+02,-8.0837410625e+01,-9.5682578842e-01
8.8989999847e+02,-8.0933090465e+01,-9.5677100124e-01
8.8999999847e+02,-8.1028764825e+01,-9.5671620732e-01
8.9009999847e+02,-8.1124433706e+01,-9.5666140666e-01
8.9019999847e+02,-8.1220097106e+01,-9.5660659927e-01
8.9029999847e+02,-8.1315755026e+01,-9.5655178514e-01
8.9039999847e+02,-8.1411407463e+01,-9.5649696427e-01
8.9049999847e+02,-8.1507054418e+01,-9.5644213665e-01
8.9059999847e+02,-8.1602695890e+01,-9.5638730229e-01
8.9069999847e+02,-8.1698331878e+01,-9.5633246117e-01
8.9079999847e+02,-8.1793962382e+01,-9.5627761330e-01
8.9089999847e+02,-8.1889587401e+01,-9.5622275868e-01
8.9099999847e+02,-8.1985206934e+01,-9.5616789730e-01
8.9109999847e+02,-8.2080820980e+01,-9.5611302916e-01
8.9119999847e+02,-8.2176429539e+01,-9.5605815425e-01
8.9129999847e+02,-8.2272032611e+01,-9.5600327258e-01
8.9139999847e+02,-8.2367630194e+01,-9.5594838414e-01
8.9149999847e+02,-8.2463222287e+01,-9.5589348893e-01
8.9159999847e+02,-8.2558808891e+01,-9.5583858694e-01
8.9169999847e+02,-8.2654390004e+01,-9.5578367818e-01
8.9179999846e+02,-8.2749965627e+01,-9.5572876263e-01
8.9189999846e+02,-8.2845535757e+01,-9.5567384031e-01
8.9199999846e+02,-8.2941100394e+01,-9.5561891119e-01
8.9209999846e+02,-8.3036659539e+01,-9.5556397529e-01
8.9219999846e+02,-8.3132213189e+01,-9.5550903260e-01
8.9229999846e+02,-8.3227761345e+01,-9.5545408312e-01
8.9239999846e+02,-8.3323304006e+01,-9.5539912684e-01
8.9249999846e+02,-8.3418841170e+01,-9.5534416376e-01
8.9259999846e+02,-8.3514372838e+01,-9.5528919388e-01
8.9269999846e+02,-8.3609899009e+01,-9.5523421719e-01
8.9279999846e+02,-8.3705419681e+01,-9.5517923370e-01
8.9289999846e+02,-8.3800934855e+01,-9.5512424340e-01
8.9299999846e+02,-8.3896444530e+01,-9.5506924628e-01
8.9309999846e+02,-8.3991948704e+01,-9.5501424235e-01
8.9319999846e+02,-8.4087447378e+01,-9.5495923160e-01
8.9329999846e+02,-8.4182940550e+01,-9.5490421403e-01
8.9339999846e+02,-8.4278428221e+01,-9.5484918964e-01
8.9349999846e+02,-8.4373910388e+01,-9.5479415842e-01
8.9359999846e+02,-8.4469387052e+01,-9.5473912037e-01
8.9369999846e+02,-8.4564858212e+01,-9.5468407549e-01
8.9379999846e+02,-8.4660323867e+01,-9.5462902377e-01
8.9389999846e+02,-8.4755784016e+01,-9.5457396522e-01
8.9399999846e+02,-8.4851238660e+01,-9.5451889983e-01
8.9409999846e+02,-8.4946687796e+01,-9.5446382759e-01
8.9419999846e+02,-8.5042131425e+01,-9.5440874851e-01
8.9429999846e+02,-8.5137569546e+01,-9.5435366258e-01
8.9439999846e+02,-8.5233002157e+01,-9.5429856980e-01
8.9449999846e+02,-8.5328429259e+01,-9.5424347016e-01
8.9459999846e+02,-8.5423850851e+01,-9.5418836367e-01
8.9469999846e+02,-8.5519266932e+01,-9.5413325032e-01
8.9479999846e+02,-8.5614677501e+01,-9.5407813010e-01
8.9489999846e+02,-8.5710082558e+01,-9.5402300302e-01
8.9499999846e+02,-8.5805482101e+01,-9.5396786907e-01
8.9509999846e+02,-8.5900876131e+01,-9.5391272826e-01
8.9519999846e+02,-8.5996264647e+01,-9.5385758057e-01
8.9529999846e+02,-8.6091647647e+01,-9.5380242600e-01
8.9539999846e+02,-8.6187025132e+01,-9.5374726455e-01
8.9549999846e+02,-8.6282397100e+01,-9.5369209622e-01
8.9559999846e+02,-8.6377763551e+01,-9.5363692101e-01
8.9569999845e+02,-8.6473124484e+01,-9.5358173891e-01
8.9579999845e+02,-8.6568479898e+01,-9.5352654992e-01
8.9589999845e+02,-8.6663829794e+01,-9.5347135404e-01
8.9599999845e+02,-8.6759174169e+01,-9.5341615126e-01
8.9609999845e+02,-8.6854513024e+01,-9.5336094158e-01
8.9619999845e+02,-8.6949846357e+01,-9.5330572500e-01
8.9629999845e+02,-8.7045174168e+01,-9.5325050152e-01
8.9639999845e+02,-8.7140496457e+01,-9.5319527113e-01
8.9649999845e+02,-8.7235813222e+01,-9.5314003383e-01
8.9659999845e+02,-8.7331124464e+01,-9.5308478961e-01
8.9669999845e+02,-8.7426430180e+01,-9.5302953849e-01
8.9679999845e+02,-8.7521730371e+01,-9.5297428044e-01
8.9689999845e+02,-8.7617025036e+01,-9.5291901547e-01
8.9699999845e+02,-8.7712314174e+01,-9.5286374358e-01
8.9709999845e+02,-8.7807597784e+01,-9.5280846476e-01
8.9719999845e+02,-8.7902875867e+01,-9.5275317902e-01
8.9729999845e+02,-8.7998148420e+01,-9.5269788634e-01
8.9739999845e+02,-8.8093415444e+01,-9.5264258672e-01
8.9749999845e+02,-8.8188676937e+01,-9.5258728017e-01
8.9759999845e+02,-8.8283932899e+01,-9.5253196668e-01
8.9769999845e+02,-8.8379183330e+01,-9.5247664624e-01
8.9779999845e+02,-8.8474428228e+01,-9.5242131886e-01
8.9789999845e+02,-8.8569667594e+01,-9.5236598452e-01
8.9799999845e+02,-8.8664901425e+01,-9.5231064324e-01
8.9809999845e+02,-8.8760129722e+01,-9.5225529500e-01
8.9819999845e+02,-8.8855352484e+01,-9.5219993980e-01
8.9829999845e+02,-8.8950569710e+01,-9.5214457764e-01
8.9839999845e+02,-8.9045781399e+01,-9.5208920852e-01
8.9849999845e+02,-8.9140987551e+01,-9.5203383243e-01
8.9859999845e+02,-8.9236188165e+01,-9.5197844938e-01
8.9869999845e+02,-8.9331383241e+01,-9.5192305935e-01
8.9879999845e+02,-8.9426572777e+01,-9.5186766234e-01
8.9889999845e+02,-8.9521756773e+01,-9.5181225836e-01
8.9899999845e+02,-8.9616935229e+01,-9.5175684740e-01
8.9909999845e+02,-8.9712108142e+01,-9.5170142945e-01
8.9919999845e+02,-8.9807275514e+01,-9.5164600452e-01
8.9929999845e+02,-8.9902437343e+01,-9.5159057260e-01
8.9939999845e+02,-8.9997593628e+01,-9.5153513368e-01
8.9949999845e+02,-9.0092744370e+01,-9.5147968778e-01
8.9959999845e+02,-9.0187889566e+01,-9.5142423487e-01
8.9969999844e+02,-9.0283029216e+01,-9.5136877496e-01
8.9979999844e+02,-9.0378163321e+01,-9.5131330805e-01
8.9989999844e+02,-9.0473291878e+01,-9.5125783414e-01
8.9999999844e+02,-9.0568414887e+01,-9.5120235321e-01
9.0009999844e+02,-9.0663532348e+01,-9.5114686527e-01
9.0019999844e+02,-9.0758644260e+01,-9.5109137032e-01
9.0029999844e+02,-9.0853750622e+01,-9.5103586835e-01
9.0039999844e+02,-9.0948851433e+01,-9.5098035936e-01
9.0049999844e+02,-9.1043946694e+01,-9.5092484334e-01
9.0059999844e+02,-9.1139036402e+01,-9.5086932030e-01
9.0069999844e+02,-9.1234120557e+01,-9.5081379023e-01
9.0079999844e+02,-9.1329199160e+01,-9.5075825312e-01
9.0089999844e+02,-9.1424272208e+01,-9.5070270899e-01
9.0099999844e+02,-9.1519339701e+01,-9.5064715781e-01
9.0109999844e+02,-9.1614401639e+01,-9.5059159959e-01
9.0119999844e+02,-9.1709458021e+01,-9.5053603433e-01
9.0129999844e+02,-9.1804508846e+01,-9.5048046202e-01
9.0139999844e+02,-9.1899554113e+01,-9.5042488266e-01
9.0149999844e+02,-9.1994593822e+01,-9.5036929625e-01
9.0159999844e+02,-9.2089627972e+01,-9.5031370278e-01
9.0169999844e+02,-9.2184656562e+01,-9.5025810226e-01
9.0179999844e+02,-9.2279679592e+01,-9.5020249467e-01
9.0189999844e+02,-9.2374697061e+01,-9.5014688002e-01
9.0199999844e+02,-9.2469708968e+01,-9.5009125830e-01
9.0209999844e+02,-9.2564715313e+01,-9.5003562951e-01
9.0219999844e+02,-9.2659716094e+01,-9.4997999365e-01
9.0229999844e+02,-9.2754711311e+01,-9.4992435071e-01
9.0239999844e+02,-9.2849700964e+01,-9.4986870070e-01
9.0249999844e+02,-9.2944685051e+01,-9.4981304360e-01
9.0259999844e+02,-9.3039663572e+01,-9.4975737942e-01
9.0269999844e+02,-9.3134636527e+01,-9.4970170815e-01
9.0279999844e+02,-9.3229603914e+01,-9.4964602979e-01
9.0289999844e+02,-9.3324565732e+01,-9.4959034433e-01
9.0299999844e+02,-9.3419521982e+01,-9.4953465178e-01
9.0309999844e+02,-9.3514472662e+01,-9.4947895213e-01
9.0319999844e+02,-9.3609417772e+01,-9.4942324538e-01
9.0329999844e+02,-9.3704357311e+01,-9.4936753152e-01
9.0339999844e+02,-9.3799291278e+01,-9.4931181055e-01
9.0349999844e+02,-9.3894219673e+01,-9.4925608248e-01
9.0359999844e+02,-9.3989142495e+01,-9.4920034728e-01
9.0369999843e+02,-9.4084059742e+01,-9.4914460498e-01
9.0379999843e+02,-9.4178971415e+01,-9.4908885555e-01
9.0389999843e+02,-9.4273877513e+01,-9.4903309899e-01
9.0399999843e+02,-9.4368778035e+01,-9.4897733532e-01
9.0409999843e+02,-9.4463672980e+01,-9.4892156451e-01
9.0419999843e+02,-9.4558562348e+01,-9.4886578657e-01
9.0429999843e+02,-9.4653446137e+01,-9.4881000150e-01
9.0439999843e+02,-9.4748324348e+01,-9.4875420929e-01
9.0449999843e+02,-9.4843196979e+01,-9.4869840994e-01
9.0459999843e+02,-9.4938064029e+01,-9.4864260344e-01
9.0469999843e+02,-9.5032925499e+01,-9.4858678980e-01
9.0479999843e+02,-9.5127781387e+01,-9.4853096901e-01
9.0489999843e+02,-9.5222631693e+01,-9.4847514106e-01
9.0499999843e+02,-9.5317476415e+01,-9.4841930596e-01
9.0509999843e+02,-9.5412315554e+01,-9.4836346370e-01
9.0519999843e+02,-9.5507149108e+01,-9.4830761428e-01
9.0529999843e+02,-9.5601977076e+01,-9.4825175770e-01
9.0539999843e+02,-9.5696799459e+01,-9.4819589394e-01
9.0549999843e+02,-9.5791616255e+01,-9.4814002302e-01
9.0559999843e+02,-9.5886427463e+01,-9.4808414492e-01
9.0569999843e+02,-9.5981233084e+01,-9.4802825965e-01
9.0579999843e+02,-9.6076033115e+01,-9.4797236720e-01
9.0589999843e+02,-9.6170827557e+01,-9.4791646756e-01
9.0599999843e+02,-9.6265616408e+01,-9.4786056074e-01
9.0609999843e+02,-9.6360399669e+01,-9.4780464673e-01
9.0619999843e+02,-9.6455177337e+01,-9.4774872553e-01
9.0629999843e+02,-9.6549949414e+01,-9.4769279714e-01
9.0639999843e+02,-9.6644715897e+01,-9.4763686154e-01
9.0649999843e+02,-9.6739476786e+01,-9.4758091875e-01
9.0659999843e+02,-9.6834232080e+01,-9.4752496875e-01
9.0669999843e+02,-9.6928981779e+01,-9.4746901155e-01
9.0679999843e+02,-9.7023725882e+01,-9.4741304714e-01
9.0689999843e+02,-9.7118464388e+01,-9.4735707551e-01
9.0699999843e+02,-9.7213197297e+01,-9.4730109667e-01
9.0709999843e+02,-9.7307924607e+01,-9.4724511061e-01
9.0719999843e+02,-9.7402646319e+01,-9.4718911733e-01
9.0729999843e+02,-9.7497362431e+01,-9.4713311682e-01
9.0739999843e+02,-9.7592072942e+01,-9.4707710908e-01
9.0749999843e+02,-9.7686777852e+01,-9.4702109412e-01
9.0759999842e+02,-9.7781477161e+01,-9.4696507192e-01
9.0769999842e+02,-9.7876170866e+01,-9.4690904248e-01
9.0779999842e+02,-9.7970858969e+01,-9.4685300581e-01
9.0789999842e+02,-9.8065541467e+01,-9.4679696189e-01
9.0799999842e+02,-9.8160218361e+01,-9.4674091073e-01
9.0809999842e+02,-9.8254889649e+01,-9.4668485231e-01
9.0819999842e+02,-9.8349555331e+01,-9.4662878665e-01
9.0829999842e+02,-9.8444215406e+01,-9.4657271373e-01
9.0839999842e+02,-9.8538869874e+01,-9.4651663355e-01
9.0849999842e+02,-9.8633518733e+01,-9.4646054611e-01
9.0859999842e+02,-9.8728161983e+01,-9.4640445140e-01
9.0869999842e+02,-9.8822799623e+01,-9.4634834943e-01
9.0879999842e+02,-9.8917431652e+01,-9.4629224019e-01
9.0889999842e+02,-9.9012058071e+01,-9.4623612367e-01
9.0899999842e+02,-9.9106678877e+01,-9.4617999988e-01
9.0909999842e+02,-9.9201294070e+01,-9.4612386881e-01
9.0919999842e+02,-9.9295903650e+01,-9.4606773046e-01
9.0929999842e+02,-9.9390507616e+01,-9.4601158482e-01
9.0939999842e+02,-9.9485105967e+01,-9.4595543189e-01
9.0949999842e+02,-9.9579698702e+01,-9.4589927167e-01
9.0959999842e+02,-9.9674285821e+01,-9.4584310415e-01
9.0969999842e+02,-9.9768867323e+01,-9.4578692934e-01
9.0979999842e+02,-9.9863443207e+01,-9.4573074722e-01
9.0989999842e+02,-9.9958013472e+01,-9.4567455781e-01
9.0999999842e+02,-1.0005257812e+02,-9.4561836108e-01
9.1009999842e+02,-1.0014713714e+02,-9.4556215704e-01
9.1019999842e+02,-1.0024169055e+02,-9.4550594569e-01
9.1029999842e+02,-1.0033623833e+02,-9.4544972703e-01
9.1039999842e+02,-1.0043078049e+02,-9.4539350104e-01
9.1049999842e+02,-1.0052531703e+02,-9.4533726773e-01
9.1059999842e+02,-1.0061984795e+02,-9.4528102710e-01
9.1069999842e+02,-1.0071437324e+02,-9.4522477914e-01
9.1079999842e+02,-1.0080889290e+02,-9.4516852384e-01
9.1089999842e+02,-1.0090340694e+02,-9.4511226121e-01
9.1099999842e+02,-1.0099791536e+02,-9.4505599124e-01
9.1109999842e+02,-1.0109241814e+02,-9.4499971393e-01
9.1119999842e+02,-1.0118691530e+02,-9.4494342928e-01
9.1129999842e+02,-1.0128140683e+02,-9.4488713727e-01
9.1139999842e+02,-1.0137589273e+02,-9.4483083792e-01
9.1149999842e+02,-1.0147037299e+02,-9.4477453122e-01
9.1159999841e+02,-1.0156484763e+02,-9.4471821715e-01
9.1169999841e+02,-1.0165931664e+02,-9.4466189573e-01
9.1179999841e+02,-1.0175378001e+02,-9.4460556694e-01
9.1189999841e+02,-1.0184823775e+02,-9.4454923079e-01
9.1199999841e+02,-1.0194268986e+02,-9.4449288727e-01
9.1209999841e+02,-1.0203713633e+02,-9.4443653637e-01
9.1219999841e+02,-1.0213157716e+02,-9.4438017810e-01
9.1229999841e+02,-1.0222601236e+02,-9.4432381245e-01
9.1239999841e+02,-1.0232044193e+02,-9.4426743942e-01
9.1249999841e+02,-1.0241486585e+02,-9.4421105901e-01
9.1259999841e+02,-1.0250928414e+02,-9.4415467120e-01
9.1269999841e+02,-1.0260369678e+02,-9.4409827600e-01
9.1279999841e+02,-1.0269810379e+02,-9.4404187341e-01
9.1289999841e+02,-1.0279250516e+02,-9.4398546343e-01
9.1299999841e+02,-1.0288690088e+02,-9.4392904604e-01
9.1309999841e+02,-1.0298129097e+02,-9.4387262124e-01
9.1319999841e+02,-1.0307567541e+02,-9.4381618904e-01
9.1329999841e+02,-1.0317005421e+02,-9.4375974943e-01
9.1339999841e+02,-1.0326442736e+02,-9.4370330241e-01
9.1349999841e+02,-1.0335879487e+02,-9.4364684797e-01
9.1359999841e+02,-1.0345315673e+02,-9.4359038611e-01
9.1369999841e+02,-1.0354751294e+02,-9.4353391682e-01
9.1379999841e+02,-1.0364186351e+02,-9.4347744011e-01
9.1389999841e+02,-1.0373620843e+02,-9.4342095597e-01
9.1399999841e+02,-1.0383054770e+02,-9.4336446440e-01
9.1409999841e+02,-1.0392488132e+02,-9.4330796540e-01
9.1419999841e+02,-1.0401920929e+02,-9.4325145895e-01
9.1429999841e+02,-1.0411353161e+02,-9.4319494506e-01
9.1439999841e+02,-1.0420784828e+02,-9.4313842373e-01
9.1449999841e+02,-1.0430215930e+02,-9.4308189495e-01
9.1459999841e+02,-1.0439646466e+02,-9.4302535871e-01
9.1469999841e+02,-1.0449076437e+02,-9.4296881503e-01
9.1479999841e+02,-1.0458505842e+02,-9.4291226388e-01
9.1489999841e+02,-1.0467934682e+02,-9.4285570527e-01
9.1499999841e+02,-1.0477362957e+02,-9.4279913920e-01
9.1509999841e+02,-1.0486790665e+02,-9.4274256566e-01
9.1519999841e+02,-1.0496217808e+02,-9.4268598465e-01
9.1529999841e+02,-1.0505644385e+02,-9.4262939617e-01
9.1539999841e+02,-1.0515070396e+02,-9.4257280021e-01
9.1549999840e+02,-1.0524495841e+02,-9.4251619677e-01
9.1559999840e+02,-1.0533920720e+02,-9.4245958584e-01
9.1569999840e+02,-1.0543345032e+02,-9.4240296743e-01
9.1579999840e+02,-1.0552768779e+02,-9.4234634153e-01
9.1589999840e+02,-1.0562191959e+02,-9.4228970813e-01
9.1599999840e+02,-1.0571614573e+02,-9.4223306724e-01
9.1609999840e+02,-1.0581036621e+02,-9.4217641885e-01
9.1619999840e+02,-1.0590458101e+02,-9.4211976295e-01
9.1629999840e+02,-1.0599879016e+02,-9.4206309955e-01
9.1639999840e+02,-1.0609299363e+02,-9.4200642864e-01
9.1649999840e+02,-1.0618719144e+02,-9.4194975022e-01
9.1659999840e+02,-1.0628138358e+02,-9.4189306428e-01
9.1669999840e+02,-1.0637557006e+02,-9.4183637082e-01
9.1679999840e+02,-1.0646975086e+02,-9.4177966984e-01
9.1689999840e+02,-1.0656392599e+02,-9.4172296134e-01
9.1699999840e+02,-1.0665809545e+02,-9.4166624530e-01
9.1709999840e+02,-1.0675225924e+02,-9.4160952174e-01
9.1719999840e+02,-1.0684641735e+02,-9.4155279064e-01
9.1729999840e+02,-1.0694056980e+02,-9.4149605200e-01
9.1739999840e+02,-1.0703471656e+02,-9.4143930581e-01
9.1749999840e+02,-1.0712885766e+02,-9.4138255209e-01
9.1759999840e+02,-1.0722299307e+02,-9.4132579081e-01
9.1769999840e+02,-1.0731712281e+02,-9.4126902198e-01
9.1779999840e+02,-1.0741124688e+02,-9.4121224560e-01
9.1789999840e+02,-1.0750536526e+02,-9.4115546166e-01
9.1799999840e+02,-1.0759947797e+02,-9.4109867016e-01
9.1809999840e+02,-1.0769358500e+02,-9.4104187109e-01
9.1819999840e+02,-1.0778768634e+02,-9.4098506446e-01
9.1829999840e+02,-1.0788178201e+02,-9.4092825026e-01
9.1839999840e+02,-1.0797587199e+02,-9.4087142848e-01
9.1849999840e+02,-1.0806995630e+02,-9.4081459912e-01
9.1859999840e+02,-1.0816403491e+02,-9.4075776218e-01
9.1869999840e+02,-1.0825810785e+02,-9.4070091766e-01
9.1879999840e+02,-1.0835217510e+02,-9.4064406554e-01
9.1889999840e+02,-1.0844623666e+02,-9.4058720584e-01
9.1899999840e+02,-1.0854029254e+02,-9.4053033855e-01
9.1909999840e+02,-1.0863434273e+02,-9.4047346365e-01
9.1919999840e+02,-1.0872838723e+02,-9.4041658116e-01
9.1929999840e+02,-1.0882242604e+02,-9.4035969106e-01
9.1939999840e+02,-1.0891645917e+02,-9.4030279336e-01
9.1949999839e+02,-1.0901048660e+02,-9.4024588804e-01
9.1959999839e+02,-1.0910450835e+02,-9.4018897511e-01
9.1969999839e+02,-1.0919852440e+02,-9.4013205456e-01
9.1979999839e+02,-1.0929253476e+02,-9.4007512639e-01
9.1989999839e+02,-1.0938653942e+02,-9.4001819060e-01
9.1999999839e+02,-1.0948053839e+02,-9.3996124718e-01
9.2009999839e+02,-1.0957453167e+02,-9.3990429613e-01
9.2019999839e+02,-1.0966851925e+02,-9.3984733744e-01
9.2029999839e+02,-1.0976250114e+02,-9.3979037112e-01
9.2039999839e+02,-1.0985647733e+02,-9.3973339716e-01
9.2049999839e+02,-1.0995044782e+02,-9.3967641555e-01
9.2059999839e+02,-1.1004441261e+02,-9.3961942630e-01
9.2069999839e+02,-1.1013837170e+02,-9.3956242940e-01
9.2079999839e+02,-1.1023232510e+02,-9.3950542484e-01
9.2089999839e+02,-1.1032627279e+02,-9.3944841262e-01
9.2099999839e+02,-1.1042021478e+02,-9.3939139275e-01
9.2109999839e+02,-1.1051415107e+02,-9.3933436521e-01
9.2119999839e+02,-1.1060808165e+02,-9.3927733000e-01
9.2129999839e+02,-1.1070200653e+02,-9.3922028712e-01
9.2139999839e+02,-1.1079592571e+02,-9.3916323657e-01
9.2149999839e+02,-1.1088983918e+02,-9.3910617834e-01
9.2159999839e+02,-1.1098374694e+02,-9.3904911243e-01
9.2169999839e+02,-1.1107764900e+02,-9.3899203884e-01
9.2179999839e+02,-1.1117154535e+02,-9.3893495756e-01
9.2189999839e+02,-1.1126543599e+02,-9.3887786859e-01
9.2199999839e+02,-1.1135932092e+02,-9.3882077192e-01
9.2209999839e+02,-1.1145320015e+02,-9.3876366756e-01
9.2219999839e+02,-1.1154707366e+02,-9.3870655549e-01
9.2229999839e+02,-1.1164094146e+02,-9.3864943573e-01
9.2239999839e+02,-1.1173480354e+02,-9.3859230825e-01
9.2249999839e+02,-1.1182865992e+02,-9.3853517306e-01
9.2259999839e+02,-1.1192251058e+02,-9.3847803016e-01
9.2269999839e+02,-1.1201635552e+02,-9.3842087954e-01
9.2279999839e+02,-1.1211019475e+02,-9.3836372120e-01
9.2289999839e+02,-1.1220402827e+02,-9.3830655514e-01
9.2299999839e+02,-1.1229785606e+02,-9.3824938134e-01
9.2309999839e+02,-1.1239167814e+02,-9.3819219982e-01
9.2319999839e+02,-1.1248549450e+02,-9.3813501056e-01
9.2329999839e+02,-1.1257930515e+02,-9.3807781356e-01
9.2339999839e+02,-1.1267311007e+02,-9.3802060882e-01
9.2349999838e+02,-1.1276690927e+02,-9.3796339634e-01
9.2359999838e+02,-1.1286070275e+02,-9.3790617611e-01
9.2369999838e+02,-1.1295449050e+02,-9.3784894812e-01
9.2379999838e+02,-1.1304827254e+02,-9.3779171238e-01
9.2389999838e+02,-1.1314204884e+02,-9.3773446889e-01
9.2399999838e+02,-1.1323581943e+02,-9.3767721763e-01
9.2409999838e+02,-1.1332958429e+02,-9.3761995860e-01
9.2419999838e+02,-1.1342334342e+02,-9.3756269181e-01
9.2429999838e+02,-1.1351709683e+02,-9.3750541724e-01
9.2439999838e+02,-1.1361084450e+02,-9.3744813490e-01
9.2449999838e+02,-1.1370458645e+02,-9.3739084478e-01
9.2459999838e+02,-1.1379832267e+02,-9.3733354688e-01
9.2469999838e+02,-1.1389205316e+02,-9.3727624119e-01
9.2479999838e+02,-1.1398577792e+02,-9.3721892771e-01
9.2489999838e+02,-1.1407949695e+02,-9.3716160644e-01
9.2499999838e+02,-1.1417321024e+02,-9.3710427737e-01
9.2509999838e+02,-1.1426691780e+02,-9.3704694050e-01
9.2519999838e+02,-1.1436061963e+02,-9.3698959583e-01
9.2529999838e+02,-1.1445431572e+02,-9.3693224335e-01
9.2539999838e+02,-1.1454800608e+02,-9.3687488306e-01
9.2549999838e+02,-1.1464169070e+02,-9.3681751496e-01
9.2559999838e+02,-1.1473536958e+02,-9.3676013904e-01
9.2569999838e+02,-1.1482904273e+02,-9.3670275531e-01
9.2579999838e+02,-1.1492271013e+02,-9.3664536374e-01
9.2589999838e+02,-1.1501637180e+02,-9.3658796435e-01
9.2599999838e+02,-1.1511002772e+02,-9.3653055713e-01
9.2609999838e+02,-1.1520367791e+02,-9.3647314208e-01
9.2619999838e+02,-1.1529732235e+02,-9.3641571918e-01
9.2629999838e+02,-1.1539096105e+02,-9.3635828845e-01
9.2639999838e+02,-1.1548459401e+02,-9.3630084987e-01
9.2649999838e+02,-1.1557822122e+02,-9.3624340344e-01
9.2659999838e+02,-1.1567184269e+02,-9.3618594916e-01
9.2669999838e+02,-1.1576545841e+02,-9.3612848703e-01
9.2679999838e+02,-1.1585906839e+02,-9.3607101704e-01
9.2689999838e+02,-1.1595267261e+02,-9.3601353918e-01
9.2699999838e+02,-1.1604627109e+02,-9.3595605346e-01
9.2709999838e+02,-1.1613986383e+02,-9.3589855987e-01
9.2719999838e+02,-1.1623345081e+02,-9.3584105841e-01
9.2729999838e+02,-1.1632703204e+02,-9.3578354907e-01
9.2739999837e+02,-1.1642060752e+02,-9.3572603185e-01
9.2749999837e+02,-1.1651417724e+02,-9.3566850675e-01
9.2759999837e+02,-1.1660774122e+02,-9.3561097376e-01
9.2769999837e+02,-1.1670129944e+02,-9.3555343288e-01
9.2779999837e+02,-1.1679485190e+02,-9.3549588411e-01
9.2789999837e+02,-1.1688839861e+02,-9.3543832744e-01
9.2799999837e+02,-1.1698193957e+02,-9.3538076287e-01
9.2809999837e+02,-1.1707547477e+02,-9.3532319040e-01
9.2819999837e+02,-1.1716900421e+02,-9.3526561001e-01
9.2829999837e+02,-1.1726252789e+02,-9.3520802172e-01
9.2839999837e+02,-1.1735604581e+02,-9.3515042551e-01
9.2849999837e+02,-1.1744955797e+02,-9.3509282138e-01
9.2859999837e+02,-1.1754306437e+02,-9.3503520934e-01
9.2869999837e+02,-1.1763656501e+02,-9.3497758936e-01
9.2879999837e+02,-1.1773005989e+02,-9.3491996146e-01
9.2889999837e+02,-1.1782354901e+02,-9.3486232562e-01
9.2899999837e+02,-1.1791703236e+02,-9.3480468185e-01
9.2909999837e+02,-1.1801050994e+02,-9.3474703014e-01
9.2919999837e+02,-1.1810398176e+02,-9.3468937048e-01
9.2929999837e+02,-1.1819744782e+02,-9.3463170288e-01
9.2939999837e+02,-1.1829090810e+02,-9.3457402733e-01
9.2949999837e+02,-1.1838436262e+02,-9.3451634382e-01
9.2959999837e+02,-1.1847781137e+02,-9.3445865236e-01
9.2969999837e+02,-1.1857125435e+02,-9.3440095293e-01
9.2979999837e+02,-1.1866469156e+02,-9.3434324555e-01
9.2989999837e+02,-1.1875812300e+02,-9.3428553019e-01
9.2999999837e+02,-1.1885154867e+02,-9.3422780686e-01
9.3009999837e+02,-1.1894496856e+02,-9.3417007555e-01
9.3019999837e+02,-1.1903838268e+02,-9.3411233627e-01
9.3029999837e+02,-1.1913179103e+02,-9.3405458901e-01
9.3039999837e+02,-1.1922519360e+02,-9.3399683375e-01
9.3049999837e+02,-1.1931859040e+02,-9.3393907051e-01
9.3059999837e+02,-1.1941198141e+02,-9.3388129928e-01
9.3069999837e+02,-1.1950536665e+02,-9.3382352005e-01
9.3079999837e+02,-1.1959874612e+02,-9.3376573281e-01
9.3089999837e+02,-1.1969211980e+02,-9.3370793758e-01
9.3099999837e+02,-1.1978548770e+02,-9.3365013434e-01
9.3109999837e+02,-1.1987884983e+02,-9.3359232308e-01
9.3119999837e+02,-1.1997220617e+02,-9.3353450381e-01
9.3129999837e+02,-1.2006555673e+02,-9.3347667652e-01
9.3139999836e+02,-1.2015890150e+02,-9.3341884121e-01
9.3149999836e+02,-1.2025224050e+02,-9.3336099788e-01
9.3159999836e+02,-1.2034557370e+02,-9.3330314651e-01
9.3169999836e+02,-1.2043890113e+02,-9.3324528711e-01
9.3179999836e+02,-1.2053222276e+02,-9.3318741968e-01
9.3189999836e+02,-1.2062553861e+02,-9.3312954421e-01
9.3199999836e+02,-1.2071884867e+02,-9.3307166069e-01
9.3209999836e+02,-1.2081215294e+02,-9.3301376912e-01
9.3219999836e+02,-1.2090545142e+02,-9.3295586950e-01
9.3229999836e+02,-1.2099874411e+02,-9.3289796183e-01
9.3239999836e+02,-1.2109203101e+02,-9.3284004610e-01
9.3249999836e+02,-1.2118531212e+02,-9.3278212231e-01
9.3259999836e+02,-1.2127858744e+02,-9.3272419045e-01
9.3269999836e+02,-1.2137185696e+02,-9.3266625053e-01
9.3279999836e+02,-1.2146512069e+02,-9.3260830253e-01
9.3289999836e+02,-1.2155837862e+02,-9.3255034645e-01
9.3299999836e+02,-1.2165163076e+02,-9.3249238230e-01
9.3309999836e+02,-1.2174487710e+02,-9.3243441006e-01
9.3319999836e+02,-1.2183811764e+02,-9.3237642973e-01
9.3329999836e+02,-1.2193135238e+02,-9.3231844131e-01
9.3339999836e+02,-1.2202458133e+02,-9.3226044479e-01
9.3349999836e+02,-1.2211780447e+02,-9.3220244018e-01
9.3359999836e+02,-1.2221102182e+02,-9.3214442747e-01
9.3369999836e+02,-1.2230423336e+02,-9.3208640665e-01
9.3379999836e+02,-1.2239743910e+02,-9.3202837772e-01
9.3389999836e+02,-1.2249063903e+02,-9.3197034067e-01
9.3399999836e+02,-1.2258383316e+02,-9.3191229551e-01
9.3409999836e+02,-1.2267702149e+02,-9.3185424223e-01
9.3419999836e+02,-1.2277020401e+02,-9.3179618083e-01
9.3429999836e+02,-1.2286338073e+02,-9.3173811129e-01
9.3439999836e+02,-1.2295655163e+02,-9.3168003363e-01
9.3449999836e+02,-1.2304971673e+02,-9.3162194783e-01
9.3459999836e+02,-1.2314287602e+02,-9.3156385389e-01
9.3469999836e+02,-1.2323602950e+02,-9.3150575181e-01
9.3479999836e+02,-1.2332917717e+02,-9.3144764158e-01
9.3489999836e+02,-1.2342231903e+02,-9.3138952320e-01
9.3499999836e+02,-1.2351545508e+02,-9.3133139667e-01
9.3509999836e+02,-1.2360858531e+02,-9.3127326198e-01
9.3519999836e+02,-1.2370170973e+02,-9.3121511913e-01
9.3529999835e+02,-1.2379482833e+02,-9.3115696811e-01
9.3539999835e+02,-1.2388794112e+02,-9.3109880892e-01
9.3549999835e+02,-1.2398104810e+02,-9.3104064156e-01
9.3559999835e+02,-1.2407414925e+02,-9.3098246603e-01
9.3569999835e+02,-1.2416724459e+02,-9.3092428232e-01
9.3579999835e+02,-1.2426033411e+02,-9.3086609042e-01
9.3589999835e+02,-1.2435341781e+02,-9.3080789033e-01
9.3599999835e+02,-1.2444649569e+02,-9.3074968205e-01
9.3609999835e+02,-1.2453956774e+02,-9.3069146558e-01
9.3619999835e+02,-1.2463263398e+02,-9.3063324091e-01
9.3629999835e+02,-1.2472569439e+02,-9.3057500804e-01
9.3639999835e+02,-1.2481874898e+02,-9.3051676696e-01
9.3649999835e+02,-1.2491179774e+02,-9.3045851767e-01
9.3659999835e+02,-1.2500484068e+02,-9.3040026017e-01
9.3669999835e+02,-1.2509787780e+02,-9.3034199445e-01
9.3679999835e+02,-1.2519090908e+02,-9.3028372050e-01
9.3689999835e+02,-1.2528393454e+02,-9.3022543834e-01
9.3699999835e+02,-1.2537695417e+02,-9.3016714794e-01
9.3709999835e+02,-1.2546996797e+02,-9.3010884931e-01
9.3719999835e+02,-1.2556297594e+02,-9.3005054245e-01
9.3729999835e+02,-1.2565597808e+02,-9.2999222734e-01
9.3739999835e+02,-1.2574897438e+02,-9.2993390400e-01
9.3749999835e+02,-1.2584196486e+02,-9.2987557240e-01
9.3759999835e+02,-1.2593494950e+02,-9.2981723255e-01
9.3769999835e+02,-1.2602792830e+02,-9.2975888445e-01
9.3779999835e+02,-1.2612090127e+02,-9.2970052809e-01
9.3789999835e+02,-1.2621386841e+02,-9.2964216346e-01
9.3799999835e+02,-1.2630682971e+02,-9.2958379057e-01
9.3809999835e+02,-1.2639978517e+02,-9.2952540941e-01
9.3819999835e+02,-1.2649273479e+02,-9.2946701997e-01
9.3829999835e+02,-1.2658567857e+02,-9.2940862226e-01
9.3839999835e+02,-1.2667861651e+02,-9.2935021626e-01
9.3849999835e+02,-1.2677154861e+02,-9.2929180198e-01
9.3859999835e+02,-1.2686447487e+02,-9.2923337941e-01
9.3869999835e+02,-1.2695739529e+02,-9.2917494854e-01
9.3879999835e+02,-1.2705030986e+02,-9.2911650938e-01
9.3889999835e+02,-1.2714321859e+02,-9.2905806192e-01
9.3899999835e+02,-1.2723612147e+02,-9.2899960615e-01
9.3909999835e+02,-1.2732901851e+02,-9.2894114207e-01
9.3919999835e+02,-1.2742190970e+02,-9.2888266968e-01
9.3929999834e+02,-1.2751479505e+02,-9.2882418898e-01
9.3939999834e+02,-1.2760767454e+02,-9.2876569995e-01
9.3949999834e+02,-1.2770054819e+02,-9.2870720260e-01
9.3959999834e+02,-1.2779341598e+02,-9.2864869693e-01
9.3969999834e+02,-1.2788627792e+02,-9.2859018292e-01
9.3979999834e+02,-1.2797913402e+02,-9.2853166057e-01
9.3989999834e+02,-1.2807198426e+02,-9.2847312989e-01
9.3999999834e+02,-1.2816482864e+02,-9.2841459086e-01
9.4009999834e+02,-1.2825766717e+02,-9.2835604349e-01
9.4019999834e+02,-1.2835049985e+02,-9.2829748776e-01
9.4029999834e+02,-1.2844332667e+02,-9.2823892368e-01
9.4039999834e+02,-1.2853614764e+02,-9.2818035124e-01
9.4049999834e+02,-1.2862896274e+02,-9.2812177044e-01
9.4059999834e+02,-1.2872177199e+02,-9.2806318127e-01
9.4069999834e+02,-1.2881457538e+02,-9.2800458373e-01
9.4079999834e+02,-1.2890737291e+02,-9.2794597782e-01
9.4089999834e+02,-1.2900016457e+02,-9.2788736353e-01
9.4099999834e+02,-1.2909295038e+02,-9.2782874086e-01
9.4109999834e+02,-1.2918573032e+02,-9.2777010980e-01
9.4119999834e+02,-1.2927850440e+02,-9.2771147035e-01
9.4129999834e+02,-1.2937127261e+02,-9.2765282251e-01
9.4139999834e+02,-1.2946403496e+02,-9.2759416627e-01
9.4149999834e+02,-1.2955679145e+02,-9.2753550162e-01
9.4159999834e+02,-1.2964954206e+02,-9.2747682858e-01
9.4169999834e+02,-1.2974228681e+02,-9.2741814712e-01
9.4179999834e+02,-1.2983502569e+02,-9.2735945725e-01
9.4189999834e+02,-1.2992775870e+02,-9.2730075896e-01
9.4199999834e+02,-1.3002048584e+02,-9.2724205226e-01
9.4209999834e+02,-1.3011320711e+02,-9.2718333712e-01
9.4219999834e+02,-1.3020592251e+02,-9.2712461356e-01
9.4229999834e+02,-1.3029863204e+02,-9.2706588157e-01
9.4239999834e+02,-1.3039133569e+02,-9.2700714113e-01
9.4249999834e+02,-1.3048403346e+02,-9.2694839226e-01
9.4259999834e+02,-1.3057672537e+02,-9.2688963494e-01
9.4269999834e+02,-1.3066941139e+02,-9.2683086918e-01
9.4279999834e+02,-1.3076209154e+02,-9.2677209496e-01
9.4289999834e+02,-1.3085476581e+02,-9.2671331229e-01
9.4299999834e+02,-1.3094743420e+02,-9.2665452115e-01
9.4309999834e+02,-1.3104009671e+02,-9.2659572155e-01
9.4319999834e+02,-1.3113275335e+02,-9.2653691348e-01
9.4329999833e+02,-1.3122540410e+02,-9.2647809694e-01
9.4339999833e+02,-1.3131804896e+02,-9.2641927192e-01
9.4349999833e+02,-1.3141068795e+02,-9.2636043843e-01
9.4359999833e+02,-1.3150332105e+02,-9.2630159644e-01
9.4369999833e+02,-1.3159594827e+02,-9.2624274598e-01
9.4379999833e+02,-1.3168856960e+02,-9.2618388701e-01
9.4389999833e+02,-1.3178118505e+02,-9.2612501955e-01
9.4399999833e+02,-1.3187379460e+02,-9.2606614360e-01
9.4409999833e+02,-1.3196639827e+02,-9.2600725913e-01
9.4419999833e+02,-1.3205899606e+02,-9.2594836616e-01
9.4429999833e+02,-1.3215158795e+02,-9.2588946468e-01
9.4439999833e+02,-1.3224417395e+02,-9.2583055468e-01
9.4449999833e+02,-1.3233675406e+02,-9.2577163616e-01
9.4459999833e+02,-1.3242932828e+02,-9.2571270912e-01
9.4469999833e+02,-1.3252189660e+02,-9.2565377355e-01
9.4479999833e+02,-1.3261445903e+02,-9.2559482945e-01
9.4489999833e+02,-1.3270701557e+02,-9.2553587681e-01
9.4499999833e+02,-1.3279956621e+02,-9.2547691563e-01
9.4509999833e+02,-1.3289211095e+02,-9.2541794590e-01
9.4519999833e+02,-1.3298464979e+02,-9.2535896763e-01
9.4529999833e+02,-1.3307718274e+02,-9.2529998081e-01
9.4539999833e+02,-1.3316970979e+02,-9.2524098542e-01
9.4549999833e+02,-1.3326223094e+02,-9.2518198148e-01
9.4559999833e+02,-1.3335474619e+02,-9.2512296898e-01
9.4569999833e+02,-1.3344725553e+02,-9.2506394790e-01
9.4579999833e+02,-1.3353975898e+02,-9.2500491826e-01
9.4589999833e+02,-1.3363225652e+02,-9.2494588004e-01
9.4599999833e+02,-1.3372474815e+02,-9.2488683323e-01
9.4609999833e+02,-1.3381723388e+02,-9.2482777785e-01
9.4619999833e+02,-1.3390971371e+02,-9.2476871387e-01
9.4629999833e+02,-1.3400218762e+02,-9.2470964130e-01
9.4639999833e+02,-1.3409465563e+02,-9.2465056014e-01
9.4649999833e+02,-1.3418711774e+02,-9.2459147037e-01
9.4659999833e+02,-1.3427957393e+02,-9.2453237200e-01
9.4669999833e+02,-1.3437202421e+02,-9.2447326502e-01
9.4679999833e+02,-1.3446446858e+02,-9.2441414943e-01
9.4689999833e+02,-1.3455690704e+02,-9.2435502522e-01
9.4699999833e+02,-1.3464933959e+02,-9.2429589238e-01
9.4709999833e+02,-1.3474176622e+02,-9.2423675093e-01
9.4719999832e+02,-1.3483418694e+02,-9.2417760084e-01
9.4729999832e+02,-1.3492660174e+02,-9.2411844212e-01
9.4739999832e+02,-1.3501901062e+02,-9.2405927477e-01
9.4749999832e+02,-1.3511141359e+02,-9.2400009877e-01
9.4759999832e+02,-1.3520381064e+02,-9.2394091413e-01
9.4769999832e+02,-1.3529620178e+02,-9.2388172083e-01
9.4779999832e+02,-1.3538858699e+02,-9.2382251888e-01
9.4789999832e+02,-1.3548096628e+02,-9.2376330828e-01
9.4799999832e+02,-1.3557333965e+02,-9.2370408901e-01
9.4809999832e+02,-1.3566570710e+02,-9.2364486108e-01
9.4819999832e+02,-1.3575806862e+02,-9.2358562447e-01
9.4829999832e+02,-1.3585042422e+02,-9.2352637920e-01
9.4839999832e+02,-1.3594277390e+02,-9.2346712524e-01
9.4849999832e+02,-1.3603511765e+02,-9.2340786260e-01
9.4859999832e+02,-1.3612745547e+02,-9.2334859127e-01
9.4869999832e+02,-1.3621978736e+02,-9.2328931125e-01
9.4879999832e+02,-1.3631211333e+02,-9.2323002254e-01
9.4889999832e+02,-1.3640443337e+02,-9.2317072513e-01
9.4899999832e+02,-1.3649674747e+02,-9.2311141901e-01
9.4909999832e+02,-1.3658905565e+02,-9.2305210419e-01
9.4919999832e+02,-1.3668135790e+02,-9.2299278066e-01
9.4929999832e+02,-1.3677365421e+02,-9.2293344841e-01
9.4939999832e+02,-1.3686594458e+02,-9.2287410744e-01
9.4949999832e+02,-1.3695822903e+02,-9.2281475774e-01
9.4959999832e+02,-1.3705050754e+02,-9.2275539932e-01
9.4969999832e+02,-1.3714278011e+02,-9.2269603216e-01
9.4979999832e+02,-1.3723504674e+02,-9.2263665627e-01
9.4989999832e+02,-1.3732730744e+02,-9.2257727164e-01
9.4999999832e+02,-1.3741956220e+02,-9.2251787826e-01
9.5009999832e+02,-1.3751181101e+02,-9.2245847613e-01
9.5019999832e+02,-1.3760405389e+02,-9.2239906525e-01
9.5029999832e+02,-1.3769629083e+02,-9.2233964561e-01
9.5039999832e+02,-1.3778852182e+02,-9.2228021721e-01
9.5049999832e+02,-1.3788074687e+02,-9.2222078005e-01
9.5059999832e+02,-1.3797296598e+02,-9.2216133411e-01
9.5069999832e+02,-1.3806517914e+02,-9.2210187940e-01
9.5079999832e+02,-1.3815738635e+02,-9.2204241591e-01
9.5089999832e+02,-1.3824958762e+02,-9.2198294364e-01
9.5099999832e+02,-1.3834178294e+02,-9.2192346258e-01
9.5109999832e+02,-1.3843397231e+02,-9.2186397273e-01
9.5119999831e+02,-1.3852615573e+02,-9.2180447408e-01
9.5129999831e+02,-1.3861833321e+02,-9.2174496664e-01
9.5139999831e+02,-1.3871050473e+02,-9.2168545039e-01
9.5149999831e+02,-1.3880267030e+02,-9.2162592533e-01
9.5159999831e+02,-1.3889482991e+02,-9.2156639146e-01
9.5169999831e+02,-1.3898698357e+02,-9.2150684878e-01
9.5179999831e+02,-1.3907913128e+02,-9.2144729727e-01
9.5189999831e+02,-1.3917127303e+02,-9.2138773694e-01
9.5199999831e+02,-1.3926340883e+02,-9.2132816778e-01
9.5209999831e+02,-1.3935553867e+02,-9.2126858978e-01
9.5219999831e+02,-1.3944766255e+02,-9.2120900295e-01
9.5229999831e+02,-1.3953978047e+02,-9.2114940727e-01
9.5239999831e+02,-1.3963189243e+02,-9.2108980275e-01
9.5249999831e+02,-1.3972399843e+02,-9.2103018938e-01
9.5259999831e+02,-1.3981609846e+02,-9.2097056716e-01
9.5269999831e+02,-1.3990819254e+02,-9.2091093607e-01
9.5279999831e+02,-1.4000028065e+02,-9.2085129612e-01
9.5289999831e+02,-1.4009236280e+02,-9.2079164730e-01
9.5299999831e+02,-1.4018443898e+02,-9.2073198962e-01
9.5309999831e+02,-1.4027650920e+02,-9.2067232305e-01
9.5319999831e+02,-1.4036857345e+02,-9.2061264760e-01
9.5329999831e+02,-1.4046063173e+02,-9.2055296327e-01
9.5339999831e+02,-1.4055268404e+02,-9.2049327006e-01
9.5349999831e+02,-1.4064473038e+02,-9.2043356794e-01
9.5359999831e+02,-1.4073677075e+02,-9.2037385693e-01
9.5369999831e+02,-1.4082880515e+02,-9.2031413702e-01
9.5379999831e+02,-1.4092083358e+02,-9.2025440820e-01
9.5389999831e+02,-1.4101285603e+02,-9.2019467047e-01
9.5399999831e+02,-1.4110487251e+02,-9.2013492383e-01
9.5409999831e+02,-1.4119688302e+02,-9.2007516826e-01
9.5419999831e+02,-1.4128888755e+02,-9.2001540377e-01
9.5429999831e+02,-1.4138088610e+02,-9.1995563036e-01
9.5439999831e+02,-1.4147287867e+02,-9.1989584801e-01
9.5449999831e+02,-1.4156486527e+02,-9.1983605673e-01
9.5459999831e+02,-1.4165684588e+02,-9.1977625650e-01
9.5469999831e+02,-1.4174882052e+02,-9.1971644733e-01
9.5479999831e+02,-1.4184078917e+02,-9.1965662921e-01
9.5489999831e+02,-1.4193275184e+02,-9.1959680214e-01
9.5499999831e+02,-1.4202470853e+02,-9.1953696610e-01
9.5509999831e+02,-1.4211665924e+02,-9.1947712111e-01
9.5519999830e+02,-1.4220860396e+02,-9.1941726715e-01
9.5529999830e+02,-1.4230054269e+02,-9.1935740421e-01
9.5539999830e+02,-1.4239247544e+02,-9.1929753230e-01
9.5549999830e+02,-1.4248440219e+02,-9.1923765141e-01
9.5559999830e+02,-1.4257632297e+02,-9.1917776154e-01
9.5569999830e+02,-1.4266823775e+02,-9.1911786268e-01
9.5579999830e+02,-1.4276014654e+02,-9.1905795482e-01
9.5589999830e+02,-1.4285204934e+02,-9.1899803797e-01
9.5599999830e+02,-1.4294394615e+02,-9.1893811211e-01
9.5609999830e+02,-1.4303583696e+02,-9.1887817725e-01
9.5619999830e+02,-1.4312772178e+02,-9.1881823338e-01
9.5629999830e+02,-1.4321960061e+02,-9.1875828049e-01
9.5639999830e+02,-1.4331147344e+02,-9.1869831858e-01
9.5649999830e+02,-1.4340334027e+02,-9.1863834765e-01
9.5659999830e+02,-1.4349520111e+02,-9.1857836769e-01
9.5669999830e+02,-1.4358705594e+02,-9.1851837870e-01
9.5679999830e+02,-1.4367890478e+02,-9.1845838067e-01
9.5689999830e+02,-1.4377074762e+02,-9.1839837359e-01
9.5699999830e+02,-1.4386258446e+02,-9.1833835747e-01
9.5709999830e+02,-1.4395441529e+02,-9.1827833231e-01
9.5719999830e+02,-1.4404624012e+02,-9.1821829808e-01
9.5729999830e+02,-1.4413805895e+02,-9.1815825480e-01
9.5739999830e+02,-1.4422987177e+02,-9.1809820245e-01
9.5749999830e+02,-1.4432167859e+02,-9.1803814104e-01
9.5759999830e+02,-1.4441347940e+02,-9.1797807055e-01
9.5769999830e+02,-1.4450527420e+02,-9.1791799098e-01
9.5779999830e+02,-1.4459706300e+02,-9.1785790234e-01
9.5789999830e+02,-1.4468884578e+02,-9.1779780460e-01
9.5799999830e+02,-1.4478062256e+02,-9.1773769778e-01
9.5809999830e+02,-1.4487239332e+02,-9.1767758186e-01
9.5819999830e+02,-1.4496415807e+02,-9.1761745684e-01
9.5829999830e+02,-1.4505591681e+02,-9.1755732272e-01
9.5839999830e+02,-1.4514766954e+02,-9.1749717949e-01
9.5849999830e+02,-1.4523941625e+02,-9.1743702715e-01
9.5859999830e+02,-1.4533115694e+02,-9.1737686569e-01
9.5869999830e+02,-1.4542289162e+02,-9.1731669510e-01
9.5879999830e+02,-1.4551462028e+02,-9.1725651540e-01
9.5889999830e+02,-1.4560634292e+02,-9.1719632656e-01
9.5899999830e+02,-1.4569805955e+02,-9.1713612858e-01
9.5909999829e+02,-1.4578977015e+02,-9.1707592146e-01
9.5919999829e+02,-1.4588147473e+02,-9.1701570521e-01
9.5929999829e+02,-1.4597317329e+02,-9.1695547980e-01
9.5939999829e+02,-1.4606486583e+02,-9.1689524524e-01
9.5949999829e+02,-1.4615655234e+02,-9.1683500152e-01
9.5959999829e+02,-1.4624823283e+02,-9.1677474863e-01
9.5969999829e+02,-1.4633990729e+02,-9.1671448658e-01
9.5979999829e+02,-1.4643157572e+02,-9.1665421536e-01
9.5989999829e+02,-1.4652323813e+02,-9.1659393497e-01
9.5999999829e+02,-1.4661489451e+02,-9.1653364539e-01
9.6009999829e+02,-1.4670654486e+02,-9.1647334663e-01
9.6019999829e+02,-1.4679818918e+02,-9.1641303868e-01
9.6029999829e+02,-1.4688982747e+02,-9.1635272153e-01
9.6039999829e+02,-1.4698145972e+02,-9.1629239519e-01
9.6049999829e+02,-1.4707308595e+02,-9.1623205964e-01
9.6059999829e+02,-1.4716470614e+02,-9.1617171488e-01
9.6069999829e+02,-1.4725632029e+02,-9.1611136091e-01
9.6079999829e+02,-1.4734792841e+02,-9.1605099773e-01
9.6089999829e+02,-1.4743953049e+02,-9.1599062532e-01
9.6099999829e+02,-1.4753112653e+02,-9.1593024369e-01
9.6109999829e+02,-1.4762271654e+02,-9.1586985283e-01
9.6119999829e+02,-1.4771430050e+02,-9.1580945273e-01
9.6129999829e+02,-1.4780587843e+02,-9.1574904339e-01
9.6139999829e+02,-1.4789745031e+02,-9.1568862481e-01
9.6149999829e+02,-1.4798901615e+02,-9.1562819697e-01
9.6159999829e+02,-1.4808057595e+02,-9.1556775989e-01
9.6169999829e+02,-1.4817212970e+02,-9.1550731354e-01
9.6179999829e+02,-1.4826367741e+02,-9.1544685794e-01
9.6189999829e+02,-1.4835521907e+02,-9.1538639306e-01
9.6199999829e+02,-1.4844675469e+02,-9.1532591892e-01
9.6209999829e+02,-1.4853828426e+02,-9.1526543549e-01
9.6219999829e+02,-1.4862980778e+02,-9.1520494279e-01
9.6229999829e+02,-1.4872132525e+02,-9.1514444080e-01
9.6239999829e+02,-1.4881283667e+02,-9.1508392952e-01
9.6249999829e+02,-1.4890434203e+02,-9.1502340894e-01
9.6259999829e+02,-1.4899584135e+02,-9.1496287907e-01
9.6269999829e+02,-1.4908733461e+02,-9.1490233989e-01
9.6279999829e+02,-1.4917882181e+02,-9.1484179140e-01
9.6289999829e+02,-1.4927030297e+02,-9.1478123360e-01
9.6299999829e+02,-1.4936177806e+02,-9.1472066648e-01
9.6309999828e+02,-1.4945324710e+02,-9.1466009003e-01
9.6319999828e+02,-1.4954471008e+02,-9.1459950426e-01
9.6329999828e+02,-1.4963616700e+02,-9.1453890915e-01
9.6339999828e+02,-1.4972761786e+02,-9.1447830471e-01
9.6349999828e+02,-1.4981906266e+02,-9.1441769093e-01
9.6359999828e+02,-1.4991050140e+02,-9.1435706780e-01
9.6369999828e+02,-1.5000193407e+02,-9.1429643532e-01
9.6379999828e+02,-1.5009336068e+02,-9.1423579348e-01
9.6389999828e+02,-1.5018478123e+02,-9.1417514229e-01
9.6399999828e+02,-1.5027619571e+02,-9.1411448173e-01
9.6409999828e+02,-1.5036760413e+02,-9.1405381179e-01
9.6419999828e+02,-1.5045900647e+02,-9.1399313249e-01
9.6429999828e+02,-1.5055040275e+02,-9.1393244380e-01
9.6439999828e+02,-1.5064179296e+02,-9.1387174573e-01
9.6449999828e+02,-1.5073317710e+02,-9.1381103828e-01
9.6459999828e+02,-1.5082455517e+02,-9.1375032142e-01
9.6469999828e+02,-1.5091592717e+02,-9.1368959518e-01
9.6479999828e+02,-1.5100729309e+02,-9.1362885952e-01
9.6489999828e+02,-1.5109865294e+02,-9.1356811446e-01
9.6499999828e+02,-1.5119000671e+02,-9.1350735999e-01
9.6509999828e+02,-1.5128135441e+02,-9.1344659610e-01
9.6519999828e+02,-1.5137269603e+02,-9.1338582279e-01
9.6529999828e+02,-1.5146403157e+02,-9.1332504006e-01
9.6539999828e+02,-1.5155536104e+02,-9.1326424789e-01
9.6549999828e+02,-1.5164668442e+02,-9.1320344628e-01
9.6559999828e+02,-1.5173800173e+02,-9.1314263524e-01
9.6569999828e+02,-1.5182931295e+02,-9.1308181475e-01
9.6579999828e+02,-1.5192061809e+02,-9.1302098481e-01
9.6589999828e+02,-1.5201191715e+02,-9.1296014541e-01
9.6599999828e+02,-1.5210321012e+02,-9.1289929656e-01
9.6609999828e+02,-1.5219449701e+02,-9.1283843824e-01
9.6619999828e+02,-1.5228577781e+02,-9.1277757045e-01
9.6629999828e+02,-1.5237705252e+02,-9.1271669319e-01
9.6639999828e+02,-1.5246832114e+02,-9.1265580645e-01
9.6649999828e+02,-1.5255958368e+02,-9.1259491022e-01
9.6659999828e+02,-1.5265084013e+02,-9.1253400451e-01
9.6669999828e+02,-1.5274209048e+02,-9.1247308930e-01
9.6679999828e+02,-1.5283333474e+02,-9.1241216459e-01
9.6689999828e+02,-1.5292457291e+02,-9.1235123039e-01
9.6699999827e+02,-1.5301580499e+02,-9.1229028667e-01
9.6709999827e+02,-1.5310703097e+02,-9.1222933344e-01
9.6719999827e+02,-1.5319825086e+02,-9.1216837070e-01
9.6729999827e+02,-1.5328946464e+02,-9.1210739843e-01
9.6739999827e+02,-1.5338067234e+02,-9.1204641663e-01
9.6749999827e+02,-1.5347187393e+02,-9.1198542531e-01
9.6759999827e+02,-1.5356306942e+02,-9.1192442444e-01
9.6769999827e+02,-1.5365425881e+02,-9.1186341404e-01
9.6779999827e+02,-1.5374544210e+02,-9.1180239409e-01
9.6789999827e+02,-1.5383661929e+02,-9.1174136459e-01
9.6799999827e+02,-1.5392779038e+02,-9.1168032553e-01
9.6809999827e+02,-1.5401895536e+02,-9.1161927691e-01
9.6819999827e+02,-1.5411011423e+02,-9.1155821872e-01
9.6829999827e+02,-1.5420126700e+02,-9.1149715097e-01
9.6839999827e+02,-1.5429241366e+02,-9.1143607364e-01
9.6849999827e+02,-1.5438355421e+02,-9.1137498673e-01
9.6859999827e+02,-1.5447468866e+02,-9.1131389023e-01
9.6869999827e+02,-1.5456581699e+02,-9.1125278414e-01
9.6879999827e+02,-1.5465693921e+02,-9.1119166846e-01
9.6889999827e+02,-1.5474805532e+02,-9.1113054318e-01
9.6899999827e+02,-1.5483916532e+02,-9.1106940829e-01
9.6909999827e+02,-1.5493026921e+02,-9.1100826380e-01
9.6919999827e+02,-1.5502136697e+02,-9.1094710969e-01
9.6929999827e+02,-1.5511245863e+02,-9.1088594596e-01
9.6939999827e+02,-1.5520354416e+02,-9.1082477260e-01
9.6949999827e+02,-1.5529462358e+02,-9.1076358962e-01
9.6959999827e+02,-1.5538569688e+02,-9.1070239700e-01
9.6969999827e+02,-1.5547676406e+02,-9.1064119474e-01
9.6979999827e+02,-1.5556782512e+02,-9.1057998284e-01
9.6989999827e+02,-1.5565888006e+02,-9.1051876129e-01
9.6999999827e+02,-1.5574992887e+02,-9.1045753009e-01
9.7009999827e+02,-1.5584097156e+02,-9.1039628923e-01
9.7019999827e+02,-1.5593200813e+02,-9.1033503870e-01
9.7029999827e+02,-1.5602303857e+02,-9.1027377850e-01
9.7039999827e+02,-1.5611406288e+02,-9.1021250863e-01
9.7049999827e+02,-1.5620508107e+02,-9.1015122909e-01
9.7059999827e+02,-1.5629609313e+02,-9.1008993986e-01
9.7069999827e+02,-1.5638709906e+02,-9.1002864093e-01
9.7079999827e+02,-1.5647809886e+02,-9.0996733232e-01
9.7089999827e+02,-1.5656909253e+02,-9.0990601401e-01
9.7099999826e+02,-1.5666008006e+02,-9.0984468599e-01
9.7109999826e+02,-1.5675106146e+02,-9.0978334827e-01
9.7119999826e+02,-1.5684203673e+02,-9.0972200083e-01
9.7129999826e+02,-1.5693300586e+02,-9.0966064367e-01
9.7139999826e+02,-1.5702396886e+02,-9.0959927679e-01
9.7149999826e+02,-1.5711492572e+02,-9.0953790018e-01
9.7159999826e+02,-1.5720587644e+02,-9.0947651384e-01
9.7169999826e+02,-1.5729682102e+02,-9.0941511776e-01
9.7179999826e+02,-1.5738775946e+02,-9.0935371194e-01
9.7189999826e+02,-1.5747869176e+02,-9.0929229636e-01
9.7199999826e+02,-1.5756961792e+02,-9.0923087104e-01
9.7209999826e+02,-1.5766053794e+02,-9.0916943595e-01
9.7219999826e+02,-1.5775145181e+02,-9.0910799110e-01
9.7229999826e+02,-1.5784235953e+02,-9.0904653649e-01
9.7239999826e+02,-1.5793326111e+02,-9.0898507209e-01
9.7249999826e+02,-1.5802415655e+02,-9.0892359792e-01
9.7259999826e+02,-1.5811504583e+02,-9.0886211397e-01
9.7269999826e+02,-1.5820592897e+02,-9.0880062023e-01
9.7279999826e+02,-1.5829680596e+02,-9.0873911669e-01
9.7289999826e+02,-1.5838767679e+02,-9.0867760336e-01
9.7299999826e+02,-1.5847854148e+02,-9.0861608022e-01
9.7309999826e+02,-1.5856940001e+02,-9.0855454727e-01
9.7319999826e+02,-1.5866025239e+02,-9.0849300450e-01
9.7329999826e+02,-1.5875109861e+02,-9.0843145192e-01
9.7339999826e+02,-1.5884193868e+02,-9.0836988952e-01
9.7349999826e+02,-1.5893277259e+02,-9.0830831728e-01
9.7359999826e+02,-1.5902360034e+02,-9.0824673521e-01
9.7369999826e+02,-1.5911442193e+02,-9.0818514330e-01
9.7379999826e+02,-1.5920523737e+02,-9.0812354154e-01
9.7389999826e+02,-1.5929604664e+02,-9.0806192994e-01
9.7399999826e+02,-1.5938684975e+02,-9.0800030848e-01
9.7409999826e+02,-1.5947764670e+02,-9.0793867716e-01
9.7419999826e+02,-1.5956843749e+02,-9.0787703597e-01
9.7429999826e+02,-1.5965922211e+02,-9.0781538492e-01
9.7439999826e+02,-1.5975000056e+02,-9.0775372399e-01
9.7449999826e+02,-1.5984077285e+02,-9.0769205318e-01
9.7459999826e+02,-1.5993153898e+02,-9.0763037248e-01
9.7469999826e+02,-1.6002229893e+02,-9.0756868189e-01
9.7479999826e+02,-1.6011305271e+02,-9.0750698141e-01
9.7489999826e+02,-1.6020380032e+02,-9.0744527102e-01
9.7499999825e+02,-1.6029454177e+02,-9.0738355073e-01
9.7509999825e+02,-1.6038527703e+02,-9.0732182053e-01
9.7519999825e+02,-1.6047600613e+02,-9.0726008041e-01
9.7529999825e+02,-1.6056672905e+02,-9.0719833036e-01
9.7539999825e+02,-1.6065744579e+02,-9.0713657039e-01
9.7549999825e+02,-1.6074815636e+02,-9.0707480049e-01
9.7559999825e+02,-1.6083886075e+02,-9.0701302066e-01
9.7569999825e+02,-1.6092955897e+02,-9.0695123087e-01
9.7579999825e+02,-1.6102025100e+02,-9.0688943115e-01
9.7589999825e+02,-1.6111093685e+02,-9.0682762146e-01
9.7599999825e+02,-1.6120161652e+02,-9.0676580182e-01
9.7609999825e+02,-1.6129229001e+02,-9.0670397222e-01
9.7619999825e+02,-1.6138295732e+02,-9.0664213265e-01
9.7629999825e+02,-1.6147361844e+02,-9.0658028310e-01
9.7639999825e+02,-1.6156427337e+02,-9.0651842358e-01
9.7649999825e+02,-1.6165492212e+02,-9.0645655407e-01
9.7659999825e+02,-1.6174556469e+02,-9.0639467457e-01
9.7669999825e+02,-1.6183620106e+02,-9.0633278508e-01
9.7679999825e+02,-1.6192683124e+02,-9.0627088559e-01
9.7689999825e+02,-1.6201745524e+02,-9.0620897609e-01
9.7699999825e+02,-1.6210807304e+02,-9.0614705658e-01
9.7709999825e+02,-1.6219868465e+02,-9.0608512706e-01
9.7719999825e+02,-1.6228929006e+02,-9.0602318751e-01
9.7729999825e+02,-1.6237988928e+02,-9.0596123794e-01
9.7739999825e+02,-1.6247048231e+02,-9.0589927834e-01
9.7749999825e+02,-1.6256106914e+02,-9.0583730870e-01
9.7759999825e+02,-1.6265164977e+02,-9.0577532902e-01
9.7769999825e+02,-1.6274222420e+02,-9.0571333929e-01
9.7779999825e+02,-1.6283279244e+02,-9.0565133951e-01
9.7789999825e+02,-1.6292335447e+02,-9.0558932967e-01
9.7799999825e+02,-1.6301391030e+02,-9.0552730977e-01
9.7809999825e+02,-1.6310445993e+02,-9.0546527980e-01
9.7819999825e+02,-1.6319500336e+02,-9.0540323975e-01
9.7829999825e+02,-1.6328554058e+02,-9.0534118963e-01
9.7839999825e+02,-1.6337607160e+02,-9.0527912942e-01
9.7849999825e+02,-1.6346659641e+02,-9.0521705912e-01
9.7859999825e+02,-1.6355711501e+02,-9.0515497873e-01
9.7869999825e+02,-1.6364762740e+02,-9.0509288824e-01
9.7879999825e+02,-1.6373813359e+02,-9.0503078764e-01
9.7889999824e+02,-1.6382863356e+02,-9.0496867693e-01
9.7899999824e+02,-1.6391912732e+02,-9.0490655610e-01
9.7909999824e+02,-1.6400961487e+02,-9.0484442515e-01
9.7919999824e+02,-1.6410009621e+02,-9.0478228408e-01
9.7929999824e+02,-1.6419057133e+02,-9.0472013287e-01
9.7939999824e+02,-1.6428104023e+02,-9.0465797153e-01
9.7949999824e+02,-1.6437150292e+02,-9.0459580004e-01
9.7959999824e+02,-1.6446195939e+02,-9.0453361840e-01
9.7969999824e+02,-1.6455240964e+02,-9.0447142661e-01
9.7979999824e+02,-1.6464285368e+02,-9.0440922466e-01
9.7989999824e+02,-1.6473329149e+02,-9.0434701255e-01
9.7999999824e+02,-1.6482372308e+02,-9.0428479026e-01
9.8009999824e+02,-1.6491414845e+02,-9.0422255780e-01
9.8019999824e+02,-1.6500456759e+02,-9.0416031516e-01
9.8029999824e+02,-1.6509498051e+02,-9.0409806233e-01
9.8039999824e+02,-1.6518538720e+02,-9.0403579931e-01
9.8049999824e+02,-1.6527578767e+02,-9.0397352610e-01
9.8059999824e+02,-1.6536618191e+02,-9.0391124268e-01
9.8069999824e+02,-1.6545656992e+02,-9.0384894905e-01
9.8079999824e+02,-1.6554695170e+02,-9.0378664521e-01
9.8089999824e+02,-1.6563732725e+02,-9.0372433116e-01
9.8099999824e+02,-1.6572769656e+02,-9.0366200687e-01
9.8109999824e+02,-1.6581805965e+02,-9.0359967236e-01
9.8119999824e+02,-1.6590841650e+02,-9.0353732761e-01
9.8129999824e+02,-1.6599876711e+02,-9.0347497263e-01
9.8139999824e+02,-1.6608911149e+02,-9.0341260739e-01
9.8149999824e+02,-1.6617944963e+02,-9.0335023191e-01
9.8159999824e+02,-1.6626978154e+02,-9.0328784616e-01
9.8169999824e+02,-1.6636010720e+02,-9.0322545016e-01
9.8179999824e+02,-1.6645042663e+02,-9.0316304389e-01
9.8189999824e+02,-1.6654073981e+02,-9.0310062734e-01
9.8199999824e+02,-1.6663104675e+02,-9.0303820051e-01
9.8209999824e+02,-1.6672134745e+02,-9.0297576340e-01
9.8219999824e+02,-1.6681164190e+02,-9.0291331601e-01
9.8229999824e+02,-1.6690193011e+02,-9.0285085831e-01
9.8239999824e+02,-1.6699221207e+02,-9.0278839032e-01
9.8249999824e+02,-1.6708248779e+02,-9.0272591201e-01
9.8259999824e+02,-1.6717275726e+02,-9.0266342340e-01
9.8269999824e+02,-1.6726302047e+02,-9.0260092447e-01
9.8279999824e+02,-1.6735327744e+02,-9.0253841521e-01
9.8289999823e+02,-1.6744352816e+02,-9.0247589563e-01
9.8299999823e+02,-1.6753377262e+02,-9.0241336571e-01
9.8309999823e+02,-1.6762401083e+02,-9.0235082546e-01
9.8319999823e+02,-1.6771424278e+02,-9.0228827486e-01
9.8329999823e+02,-1.6780446848e+02,-9.0222571391e-01
9.8339999823e+02,-1.6789468793e+02,-9.0216314260e-01
9.8349999823e+02,-1.6798490111e+02,-9.0210056093e-01
9.8359999823e+02,-1.6807510804e+02,-9.0203796889e-01
9.8369999823e+02,-1.6816530871e+02,-9.0197536648e-01
9.8379999823e+02,-1.6825550311e+02,-9.0191275369e-01
9.8389999823e+02,-1.6834569126e+02,-9.0185013052e-01
9.8399999823e+02,-1.6843587314e+02,-9.0178749696e-01
9.8409999823e+02,-1.6852604876e+02,-9.0172485300e-01
9.8419999823e+02,-1.6861621811e+02,-9.0166219864e-01
9.8429999823e+02,-1.6870638119e+02,-9.0159953387e-01
9.8439999823e+02,-1.6879653801e+02,-9.0153685870e-01
9.8449999823e+02,-1.6888668857e+02,-9.0147417310e-01
9.8459999823e+02,-1.6897683285e+02,-9.0141147708e-01
9.8469999823e+02,-1.6906697086e+02,-9.0134877064e-01
9.8479999823e+02,-1.6915710260e+02,-9.0128605375e-01
9.8489999823e+02,-1.6924722807e+02,-9.0122332643e-01
9.8499999823e+02,-1.6933734727e+02,-9.0116058866e-01
9.8509999823e+02,-1.6942746019e+02,-9.0109784045e-01
9.8519999823e+02,-1.6951756684e+02,-9.0103508177e-01
9.8529999823e+02,-1.6960766721e+02,-9.0097231263e-01
9.8539999823e+02,-1.6969776130e+02,-9.0090953302e-01
9.8549999823e+02,-1.6978784911e+02,-9.0084674294e-01
9.8559999823e+02,-1.6987793065e+02,-9.0078394238e-01
9.8569999823e+02,-1.6996800590e+02,-9.0072113133e-01
9.8579999823e+02,-1.7005807487e+02,-9.0065830980e-01
9.8589999823e+02,-1.7014813756e+02,-9.0059547776e-01
9.8599999823e+02,-1.7023819397e+02,-9.0053263522e-01
9.8609999823e+02,-1.7032824409e+02,-9.0046978218e-01
9.8619999823e+02,-1.7041828792e+02,-9.0040691862e-01
9.8629999823e+02,-1.7050832547e+02,-9.0034404454e-01
9.8639999823e+02,-1.7059835673e+02,-9.0028115994e-01
9.8649999823e+02,-1.7068838170e+02,-9.0021826480e-01
9.8659999823e+02,-1.7077840038e+02,-9.0015535913e-01
9.8669999823e+02,-1.7086841277e+02,-9.0009244291e-01
9.8679999822e+02,-1.7095841887e+02,-9.0002951615e-01
9.8689999822e+02,-1.7104841868e+02,-8.9996657883e-01
9.8699999822e+02,-1.7113841219e+02,-8.9990363096e-01
9.8709999822e+02,-1.7122839940e+02,-8.9984067252e-01
9.8719999822e+02,-1.7131838032e+02,-8.9977770350e-01
9.8729999822e+02,-1.7140835494e+02,-8.9971472391e-01
9.8739999822e+02,-1.7149832327e+02,-8.9965173374e-01
9.8749999822e+02,-1.7158828529e+02,-8.9958873298e-01
9.8759999822e+02,-1.7167824101e+02,-8.9952572162e-01
9.8769999822e+02,-1.7176819043e+02,-8.9946269967e-01
9.8779999822e+02,-1.7185813355e+02,-8.9939966711e-01
9.8789999822e+02,-1.7194807037e+02,-8.9933662393e-01
9.8799999822e+02,-1.7203800088e+02,-8.9927357014e-01
9.8809999822e+02,-1.7212792508e+02,-8.9921050573e-01
9.8819999822e+02,-1.7221784298e+02,-8.9914743069e-01
9.8829999822e+02,-1.7230775457e+02,-8.9908434501e-01
9.8839999822e+02,-1.7239765985e+02,-8.9902124869e-01
9.8849999822e+02,-1.7248755882e+02,-8.9895814173e-01
9.8859999822e+02,-1.7257745147e+02,-8.9889502411e-01
9.8869999822e+02,-1.7266733782e+02,-8.9883189584e-01
9.8879999822e+02,-1.7275721785e+02,-8.9876875690e-01
9.8889999822e+02,-1.7284709157e+02,-8.9870560729e-01
9.8899999822e+02,-1.7293695897e+02,-8.9864244701e-01
9.8909999822e+02,-1.7302682006e+02,-8.9857927604e-01
9.8919999822e+02,-1.7311667483e+02,-8.9851609439e-01
9.8929999822e+02,-1.7320652328e+02,-8.9845290204e-01
9.8939999822e+02,-1.7329636541e+02,-8.9838969900e-01
9.8949999822e+02,-1.7338620122e+02,-8.9832648525e-01
9.8959999822e+02,-1.7347603071e+02,-8.9826326078e-01
9.8969999822e+02,-1.7356585387e+02,-8.9820002561e-01
9.8979999822e+02,-1.7365567071e+02,-8.9813677970e-01
9.8989999822e+02,-1.7374548123e+02,-8.9807352308e-01
9.8999999822e+02,-1.7383528541e+02,-8.9801025571e-01
9.9009999822e+02,-1.7392508328e+02,-8.9794697761e-01
9.9019999822e+02,-1.7401487481e+02,-8.9788368876e-01
9.9029999822e+02,-1.7410466001e+02,-8.9782038915e-01
9.9039999822e+02,-1.7419443889e+02,-8.9775707879e-01
9.9049999822e+02,-1.7428421143e+02,-8.9769375767e-01
9.9059999822e+02,-1.7437397764e+02,-8.9763042577e-01
9.9069999822e+02,-1.7446373751e+02,-8.9756708310e-01
9.9079999821e+02,-1.7455349105e+02,-8.9750372965e-01
9.9089999821e+02,-1.7464323826e+02,-8.9744036541e-01
9.9099999821e+02,-1.7473297913e+02,-8.9737699038e-01
9.9109999821e+02,-1.7482271366e+02,-8.9731360454e-01
9.9119999821e+02,-1.7491244185e+02,-8.9725020790e-01
9.9129999821e+02,-1.7500216370e+02,-8.9718680045e-01
9.9139999821e+02,-1.7509187921e+02,-8.9712338218e-01
9.9149999821e+02,-1.7518158837e+02,-8.9705995309e-01
9.9159999821e+02,-1.7527129120e+02,-8.9699651317e-01
9.9169999821e+02,-1.7536098768e+02,-8.9693306241e-01
9.9179999821e+02,-1.7545067781e+02,-8.9686960081e-01
9.9189999821e+02,-1.7554036160e+02,-8.9680612836e-01
9.9199999821e+02,-1.7563003904e+02,-8.9674264506e-01
9.9209999821e+02,-1.7571971013e+02,-8.9667915090e-01
9.9219999821e+02,-1.7580937487e+02,-8.9661564587e-01
9.9229999821e+02,-1.7589903325e+02,-8.9655212998e-01
9.9239999821e+02,-1.7598868529e+02,-8.9648860320e-01
9.9249999821e+02,-1.7607833097e+02,-8.9642506554e-01
9.9259999821e+02,-1.7616797030e+02,-8.9636151699e-01
9.9269999821e+02,-1.7625760328e+02,-8.9629795754e-01
9.9279999821e+02,-1.7634722989e+02,-8.9623438720e-01
9.9289999821e+02,-1.7643685015e+02,-8.9617080594e-01
9.9299999821e+02,-1.7652646406e+02,-8.9610721377e-01
9.9309999821e+02,-1.7661607160e+02,-8.9604361068e-01
9.9319999821e+02,-1.7670567278e+02,-8.9597999666e-01
9.9329999821e+02,-1.7679526760e+02,-8.9591637172e-01
9.9339999821e+02,-1.7688485605e+02,-8.9585273583e-01
9.9349999821e+02,-1.7697443814e+02,-8.9578908900e-01
9.9359999821e+02,-1.7706401387e+02,-8.9572543121e-01
9.9369999821e+02,-1.7715358323e+02,-8.9566176247e-01
9.9379999821e+02,-1.7724314622e+02,-8.9559808277e-01
9.9389999821e+02,-1.7733270284e+02,-8.9553439210e-01
9.9399999821e+02,-1.7742225310e+02,-8.9547069045e-01
9.9409999821e+02,-1.7751179698e+02,-8.9540697783e-01
9.9419999821e+02,-1.7760133449e+02,-8.9534325421e-01
9.9429999821e+02,-1.7769086563e+02,-8.9527951960e-01
9.9439999821e+02,-1.7778039040e+02,-8.9521577399e-01
9.9449999821e+02,-1.7786990879e+02,-8.9515201738e-01
9.9459999821e+02,-1.7795942080e+02,-8.9508824975e-01
9.9469999821e+02,-1.7804892644e+02,-8.9502447111e-01
9.9479999820e+02,-1.7813842569e+02,-8.9496068144e-01
9.9489999820e+02,-1.7822791857e+02,-8.9489688074e-01
9.9499999820e+02,-1.7831740507e+02,-8.9483306900e-01
9.9509999820e+02,-1.7840688519e+02,-8.9476924622e-01
9.9519999820e+02,-1.7849635892e+02,-8.9470541239e-01
9.9529999820e+02,-1.7858582627e+02,-8.9464156751e-01
9.9539999820e+02,-1.7867528723e+02,-8.9457771156e-01
9.9549999820e+02,-1.7876474181e+02,-8.9451384455e-01
9.9559999820e+02,-1.7885419000e+02,-8.9444996646e-01
9.9569999820e+02,-1.7894363180e+02,-8.9438607729e-01
9.9579999820e+02,-1.7903306722e+02,-8.9432217704e-01
9.9589999820e+02,-1.7912249624e+02,-8.9425826569e-01
9.9599999820e+02,-1.7921191887e+02,-8.9419434324e-01
9.9609999820e+02,-1.7930133511e+02,-8.9413040969e-01
9.9619999820e+02,-1.7939074495e+02,-8.9406646503e-01
9.9629999820e+02,-1.7948014840e+02,-8.9400250925e-01
9.9639999820e+02,-1.7956954545e+02,-8.9393854234e-01
9.9649999820e+02,-1.7965893611e+02,-8.9387456431e-01
9.9659999820e+02,-1.7974832036e+02,-8.9381057514e-01
9.9669999820e+02,-1.7983769822e+02,-8.9374657482e-01
9.9679999820e+02,-1.7992706968e+02,-8.9368256336e-01
9.9689999820e+02,-1.8001643473e+02,-8.9361854074e-01
9.9699999820e+02,-1.8010579339e+02,-8.9355450696e-01
9.9709999820e+02,-1.8019514564e+02,-8.9349046201e-01
9.9719999820e+02,-1.8028449148e+02,-8.9342640589e-01
9.9729999820e+02,-1.8037383092e+02,-8.9336233858e-01
9.9739999820e+02,-1.8046316395e+02,-8.9329826009e-01
9.9749999820e+02,-1.8055249057e+02,-8.9323417041e-01
9.9759999820e+02,-1.8064181078e+02,-8.9317006953e-01
9.9769999820e+02,-1.8073112458e+02,-8.9310595744e-01
9.9779999820e+02,-1.8082043197e+02,-8.9304183413e-01
9.9789999820e+02,-1.8090973295e+02,-8.9297769961e-01
9.9799999820e+02,-1.8099902751e+02,-8.9291355387e-01
9.9809999820e+02,-1.8108831566e+02,-8.9284939689e-01
9.9819999820e+02,-1.8117759739e+02,-8.9278522867e-01
9.9829999820e+02,-1.8126687270e+02,-8.9272104921e-01
9.9839999820e+02,-1.8135614160e+02,-8.9265685850e-01
9.9849999820e+02,-1.8144540407e+02,-8.9259265653e-01
9.9859999820e+02,-1.8153466013e+02,-8.9252844330e-01
9.9869999819e+02,-1.8162390976e+02,-8.9246421880e-01
9.9879999819e+02,-1.8171315297e+02,-8.9239998302e-01
9.9889999819e+02,-1.8180238976e+02,-8.9233573596e-01
9.9899999819e+02,-1.8189162012e+02,-8.9227147761e-01
9.9909999819e+02,-1.8198084405e+02,-8.9220720797e-01
9.9919999819e+02,-1.8207006156e+02,-8.9214292702e-01
9.9929999819e+02,-1.8215927264e+02,-8.9207863477e-01
9.9939999819e+02,-1.8224847729e+02,-8.9201433120e-01
9.9949999819e+02,-1.8233767551e+02,-8.9195001630e-01
9.9959999819e+02,-1.8242686729e+02,-8.9188569009e-01
9.9969999819e+02,-1.8251605264e+02,-8.9182135253e-01
9.9979999819e+02,-1.8260523156e+02,-8.9175700364e-01
9.9989999819e+02,-1.8269440404e+02,-8.9169264340e-01
9.9999999819e+02,-1.8278357009e+02,-8.9162827180e-01
1.0000000000e+03,-1.8278357170e+02,-8.9162827064e-01
