x,rho,u,P,e,t
-10,13,0,10,1.15385,0
-9.96,13,0,10,1.15385,0
-9.92,13,0,10,1.15385,0
-9.88,13,0,10,1.15385,0
-9.84,13,0,10,1.15385,0
-9.8,13,0,10,1.15385,0
-9.76,13,0,10,1.15385,0
-9.72,13,0,10,1.15385,0
-9.68,13,0,10,1.15385,0
-9.64,13,0,10,1.15385,0
-9.6,13,0,10,1.15385,0
-9.56,13,0,10,1.15385,0
-9.52,13,0,10,1.15385,0
-9.48,13,0,10,1.15385,0
-9.44,13,0,10,1.15385,0
-9.4,13,0,10,1.15385,0
-9.36,13,0,10,1.15385,0
-9.32,13,0,10,1.15385,0
-9.28,13,0,10,1.15385,0
-9.24,13,0,10,1.15385,0
-9.2,13,0,10,1.15385,0
-9.16,13,0,10,1.15385,0
-9.12,13,0,10,1.15385,0
-9.08,13,0,10,1.15385,0
-9.04,13,0,10,1.15385,0
-9,13,0,10,1.15385,0
-8.96,13,0,10,1.15385,0
-8.92,13,0,10,1.15385,0
-8.88,13,0,10,1.15385,0
-8.84,13,0,10,1.15385,0
-8.8,13,0,10,1.15385,0
-8.76,13,0,10,1.15385,0
-8.72,13,0,10,1.15385,0
-8.68,13,0,10,1.15385,0
-8.64,13,0,10,1.15385,0
-8.6,13,0,10,1.15385,0
-8.56,13,0,10,1.15385,0
-8.52,13,0,10,1.15385,0
-8.48,13,0,10,1.15385,0
-8.44,13,0,10,1.15385,0
-8.4,13,0,10,1.15385,0
-8.36,13,0,10,1.15385,0
-8.32,13,0,10,1.15385,0
-8.28,13,0,10,1.15385,0
-8.24,13,0,10,1.15385,0
-8.2,13,0,10,1.15385,0
-8.16,13,0,10,1.15385,0
-8.12,13,0,10,1.15385,0
-8.08,13,0,10,1.15385,0
-8.04,13,0,10,1.15385,0
-8,13,0,10,1.15385,0
-7.96,13,0,10,1.15385,0
-7.92,13,0,10,1.15385,0
-7.88,13,0,10,1.15385,0
-7.84,13,0,10,1.15385,0
-7.8,13,0,10,1.15385,0
-7.76,13,0,10,1.15385,0
-7.72,13,0,10,1.15385,0
-7.68,13,0,10,1.15385,0
-7.64,13,0,10,1.15385,0
-7.6,13,0,10,1.15385,0
-7.56,13,0,10,1.15385,0
-7.52,13,0,10,1.15385,0
-7.48,13,0,10,1.15385,0
-7.44,13,0,10,1.15385,0
-7.4,13,0,10,1.15385,0
-7.36,13,0,10,1.15385,0
-7.32,13,0,10,1.15385,0
-7.28,13,0,10,1.15385,0
-7.24,13,0,10,1.15385,0
-7.2,13,0,10,1.15385,0
-7.16,13,0,10,1.15385,0
-7.12,13,0,10,1.15385,0
-7.08,13,0,10,1.15385,0
-7.04,13,0,10,1.15385,0
-7,13,0,10,1.15385,0
-6.96,13,0,10,1.15385,0
-6.92,13,0,10,1.15385,0
-6.88,13,0,10,1.15385,0
-6.84,13,0,10,1.15385,0
-6.8,13,0,10,1.15385,0
-6.76,13,0,10,1.15385,0
-6.72,13,0,10,1.15385,0
-6.68,13,0,10,1.15385,0
-6.64,13,0,10,1.15385,0
-6.6,13,0,10,1.15385,0
-6.56,13,0,10,1.15385,0
-6.52,13,0,10,1.15385,0
-6.48,13,0,10,1.15385,0
-6.44,13,0,10,1.15385,0
-6.4,13,0,10,1.15385,0
-6.36,13,0,10,1.15385,0
-6.32,13,0,10,1.15385,0
-6.28,13,0,10,1.15385,0
-6.24,13,0,10,1.15385,0
-6.2,13,0,10,1.15385,0
-6.16,13,0,10,1.15385,0
-6.12,13,0,10,1.15385,0
-6.08,13,0,10,1.15385,0
-6.04,13,0,10,1.15385,0
-6,13,0,10,1.15385,0
-5.96,13,0,10,1.15385,0
-5.92,13,0,10,1.15385,0
-5.88,13,0,10,1.15385,0
-5.84,13,0,10,1.15385,0
-5.8,13,0,10,1.15385,0
-5.76,13,0,10,1.15385,0
-5.72,13,0,10,1.15385,0
-5.68,13,0,10,1.15385,0
-5.64,13,0,10,1.15385,0
-5.6,13,0,10,1.15385,0
-5.56,13,0,10,1.15385,0
-5.52,13,0,10,1.15385,0
-5.48,13,0,10,1.15385,0
-5.44,13,0,10,1.15385,0
-5.4,13,0,10,1.15385,0
-5.36,13,0,10,1.15385,0
-5.32,13,0,10,1.15385,0
-5.28,13,0,10,1.15385,0
-5.24,13,0,10,1.15385,0
-5.2,13,0,10,1.15385,0
-5.16,13,0,10,1.15385,0
-5.12,13,0,10,1.15385,0
-5.08,13,0,10,1.15385,0
-5.04,13,0,10,1.15385,0
-5,13,0,10,1.15385,0
-4.96,13,0,10,1.15385,0
-4.92,13,0,10,1.15385,0
-4.88,13,0,10,1.15385,0
-4.84,13,0,10,1.15385,0
-4.8,13,0,10,1.15385,0
-4.76,13,0,10,1.15385,0
-4.72,13,0,10,1.15385,0
-4.68,13,0,10,1.15385,0
-4.64,13,0,10,1.15385,0
-4.6,13,0,10,1.15385,0
-4.56,13,0,10,1.15385,0
-4.52,13,0,10,1.15385,0
-4.48,13,0,10,1.15385,0
-4.44,13,0,10,1.15385,0
-4.4,13,0,10,1.15385,0
-4.36,13,0,10,1.15385,0
-4.32,13,0,10,1.15385,0
-4.28,13,0,10,1.15385,0
-4.24,13,0,10,1.15385,0
-4.2,13,0,10,1.15385,0
-4.16,13,0,10,1.15385,0
-4.12,13,0,10,1.15385,0
-4.08,13,0,10,1.15385,0
-4.04,13,0,10,1.15385,0
-4,13,0,10,1.15385,0
-3.96,13,0,10,1.15385,0
-3.92,13,0,10,1.15385,0
-3.88,13,0,10,1.15385,0
-3.84,13,0,10,1.15385,0
-3.8,13,0,10,1.15385,0
-3.76,13,0,10,1.15385,0
-3.72,13,0,10,1.15385,0
-3.68,13,0,10,1.15385,0
-3.64,13,0,10,1.15385,0
-3.6,13,0,10,1.15385,0
-3.56,13,0,10,1.15385,0
-3.52,13,0,10,1.15385,0
-3.48,13,0,10,1.15385,0
-3.44,13,0,10,1.15385,0
-3.4,13,0,10,1.15385,0
-3.36,13,0,10,1.15385,0
-3.32,13,0,10,1.15385,0
-3.28,13,0,10,1.15385,0
-3.24,13,0,10,1.15385,0
-3.2,13,0,10,1.15385,0
-3.16,13,0,10,1.15385,0
-3.12,13,0,10,1.15385,0
-3.08,13,0,10,1.15385,0
-3.04,13,0,10,1.15385,0
-3,13,0,10,1.15385,0
-2.96,13,0,10,1.15385,0
-2.92,13,0,10,1.15385,0
-2.88,13,0,10,1.15385,0
-2.84,13,0,10,1.15385,0
-2.8,13,0,10,1.15385,0
-2.76,13,0,10,1.15385,0
-2.72,13,0,10,1.15385,0
-2.68,13,0,10,1.15385,0
-2.64,13,0,10,1.15385,0
-2.6,13,0,10,1.15385,0
-2.56,13,0,10,1.15385,0
-2.52,13,0,10,1.15385,0
-2.48,13,0,10,1.15385,0
-2.44,13,0,10,1.15385,0
-2.4,13,0,10,1.15385,0
-2.36,13,0,10,1.15385,0
-2.32,13,0,10,1.15385,0
-2.28,13,0,10,1.15385,0
-2.24,13,0,10,1.15385,0
-2.2,13,0,10,1.15385,0
-2.16,13,0,10,1.15385,0
-2.12,13,0,10,1.15385,0
-2.08,13,0,10,1.15385,0
-2.04,13,0,10,1.15385,0
-2,13,0,10,1.15385,0
-1.96,13,0,10,1.15385,0
-1.92,13,0,10,1.15385,0
-1.88,13,0,10,1.15385,0
-1.84,13,0,10,1.15385,0
-1.8,13,0,10,1.15385,0
-1.76,13,0,10,1.15385,0
-1.72,13,0,10,1.15385,0
-1.68,13,0,10,1.15385,0
-1.64,13,0,10,1.15385,0
-1.6,13,0,10,1.15385,0
-1.56,13,0,10,1.15385,0
-1.52,13,0,10,1.15385,0
-1.48,13,0,10,1.15385,0
-1.44,13,0,10,1.15385,0
-1.4,13,0,10,1.15385,0
-1.36,13,0,10,1.15385,0
-1.32,13,0,10,1.15385,0
-1.28,13,0,10,1.15385,0
-1.24,13,0,10,1.15385,0
-1.2,13,0,10,1.15385,0
-1.16,13,0,10,1.15385,0
-1.12,13,0,10,1.15385,0
-1.08,13,0,10,1.15385,0
-1.04,13,0,10,1.15385,0
-1,13,0,10,1.15385,0
-0.96,13,0,10,1.15385,0
-0.92,13,0,10,1.15385,0
-0.88,13,0,10,1.15385,0
-0.84,13,0,10,1.15385,0
-0.8,13,0,10,1.15385,0
-0.76,13,0,10,1.15385,0
-0.72,13,0,10,1.15385,0
-0.68,13,0,10,1.15385,0
-0.64,13,0,10,1.15385,0
-0.6,13,0,10,1.15385,0
-0.56,13,0,10,1.15385,0
-0.52,13,0,10,1.15385,0
-0.48,13,0,10,1.15385,0
-0.44,13,0,10,1.15385,0
-0.4,13,0,10,1.15385,0
-0.36,13,0,10,1.15385,0
-0.32,13,0,10,1.15385,0
-0.28,13,0,10,1.15385,0
-0.24,13,0,10,1.15385,0
-0.2,13,0,10,1.15385,0
-0.16,13,0,10,1.15385,0
-0.12,13,0,10,1.15385,0
-0.08,13,0,10,1.15385,0
-0.04,13,0,10,1.15385,0
0,1.3,0,1,1.15385,0
0.04,1.3,0,1,1.15385,0
0.08,1.3,0,1,1.15385,0
0.12,1.3,0,1,1.15385,0
0.16,1.3,0,1,1.15385,0
0.2,1.3,0,1,1.15385,0
0.24,1.3,0,1,1.15385,0
0.28,1.3,0,1,1.15385,0
0.32,1.3,0,1,1.15385,0
0.36,1.3,0,1,1.15385,0
0.4,1.3,0,1,1.15385,0
0.44,1.3,0,1,1.15385,0
0.48,1.3,0,1,1.15385,0
0.52,1.3,0,1,1.15385,0
0.56,1.3,0,1,1.15385,0
0.6,1.3,0,1,1.15385,0
0.64,1.3,0,1,1.15385,0
0.68,1.3,0,1,1.15385,0
0.72,1.3,0,1,1.15385,0
0.76,1.3,0,1,1.15385,0
0.8,1.3,0,1,1.15385,0
0.84,1.3,0,1,1.15385,0
0.88,1.3,0,1,1.15385,0
0.92,1.3,0,1,1.15385,0
0.96,1.3,0,1,1.15385,0
1,1.3,0,1,1.15385,0
1.04,1.3,0,1,1.15385,0
1.08,1.3,0,1,1.15385,0
1.12,1.3,0,1,1.15385,0
1.16,1.3,0,1,1.15385,0
1.2,1.3,0,1,1.15385,0
1.24,1.3,0,1,1.15385,0
1.28,1.3,0,1,1.15385,0
1.32,1.3,0,1,1.15385,0
1.36,1.3,0,1,1.15385,0
1.4,1.3,0,1,1.15385,0
1.44,1.3,0,1,1.15385,0
1.48,1.3,0,1,1.15385,0
1.52,1.3,0,1,1.15385,0
1.56,1.3,0,1,1.15385,0
1.6,1.3,0,1,1.15385,0
1.64,1.3,0,1,1.15385,0
1.68,1.3,0,1,1.15385,0
1.72,1.3,0,1,1.15385,0
1.76,1.3,0,1,1.15385,0
1.8,1.3,0,1,1.15385,0
1.84,1.3,0,1,1.15385,0
1.88,1.3,0,1,1.15385,0
1.92,1.3,0,1,1.15385,0
1.96,1.3,0,1,1.15385,0
2,1.3,0,1,1.15385,0
2.04,1.3,0,1,1.15385,0
2.08,1.3,0,1,1.15385,0
2.12,1.3,0,1,1.15385,0
2.16,1.3,0,1,1.15385,0
2.2,1.3,0,1,1.15385,0
2.24,1.3,0,1,1.15385,0
2.28,1.3,0,1,1.15385,0
2.32,1.3,0,1,1.15385,0
2.36,1.3,0,1,1.15385,0
2.4,1.3,0,1,1.15385,0
2.44,1.3,0,1,1.15385,0
2.48,1.3,0,1,1.15385,0
2.52,1.3,0,1,1.15385,0
2.56,1.3,0,1,1.15385,0
2.6,1.3,0,1,1.15385,0
2.64,1.3,0,1,1.15385,0
2.68,1.3,0,1,1.15385,0
2.72,1.3,0,1,1.15385,0
2.76,1.3,0,1,1.15385,0
2.8,1.3,0,1,1.15385,0
2.84,1.3,0,1,1.15385,0
2.88,1.3,0,1,1.15385,0
2.92,1.3,0,1,1.15385,0
2.96,1.3,0,1,1.15385,0
3,1.3,0,1,1.15385,0
3.04,1.3,0,1,1.15385,0
3.08,1.3,0,1,1.15385,0
3.12,1.3,0,1,1.15385,0
3.16,1.3,0,1,1.15385,0
3.2,1.3,0,1,1.15385,0
3.24,1.3,0,1,1.15385,0
3.28,1.3,0,1,1.15385,0
3.32,1.3,0,1,1.15385,0
3.36,1.3,0,1,1.15385,0
3.4,1.3,0,1,1.15385,0
3.44,1.3,0,1,1.15385,0
3.48,1.3,0,1,1.15385,0
3.52,1.3,0,1,1.15385,0
3.56,1.3,0,1,1.15385,0
3.6,1.3,0,1,1.15385,0
3.64,1.3,0,1,1.15385,0
3.68,1.3,0,1,1.15385,0
3.72,1.3,0,1,1.15385,0
3.76,1.3,0,1,1.15385,0
3.8,1.3,0,1,1.15385,0
3.84,1.3,0,1,1.15385,0
3.88,1.3,0,1,1.15385,0
3.92,1.3,0,1,1.15385,0
3.96,1.3,0,1,1.15385,0
4,1.3,0,1,1.15385,0
4.04,1.3,0,1,1.15385,0
4.08,1.3,0,1,1.15385,0
4.12,1.3,0,1,1.15385,0
4.16,1.3,0,1,1.15385,0
4.2,1.3,0,1,1.15385,0
4.24,1.3,0,1,1.15385,0
4.28,1.3,0,1,1.15385,0
4.32,1.3,0,1,1.15385,0
4.36,1.3,0,1,1.15385,0
4.4,1.3,0,1,1.15385,0
4.44,1.3,0,1,1.15385,0
4.48,1.3,0,1,1.15385,0
4.52,1.3,0,1,1.15385,0
4.56,1.3,0,1,1.15385,0
4.6,1.3,0,1,1.15385,0
4.64,1.3,0,1,1.15385,0
4.68,1.3,0,1,1.15385,0
4.72,1.3,0,1,1.15385,0
4.76,1.3,0,1,1.15385,0
4.8,1.3,0,1,1.15385,0
4.84,1.3,0,1,1.15385,0
4.88,1.3,0,1,1.15385,0
4.92,1.3,0,1,1.15385,0
4.96,1.3,0,1,1.15385,0
5,1.3,0,1,1.15385,0
5.04,1.3,0,1,1.15385,0
5.08,1.3,0,1,1.15385,0
5.12,1.3,0,1,1.15385,0
5.16,1.3,0,1,1.15385,0
5.2,1.3,0,1,1.15385,0
5.24,1.3,0,1,1.15385,0
5.28,1.3,0,1,1.15385,0
5.32,1.3,0,1,1.15385,0
5.36,1.3,0,1,1.15385,0
5.4,1.3,0,1,1.15385,0
5.44,1.3,0,1,1.15385,0
5.48,1.3,0,1,1.15385,0
5.52,1.3,0,1,1.15385,0
5.56,1.3,0,1,1.15385,0
5.6,1.3,0,1,1.15385,0
5.64,1.3,0,1,1.15385,0
5.68,1.3,0,1,1.15385,0
5.72,1.3,0,1,1.15385,0
5.76,1.3,0,1,1.15385,0
5.8,1.3,0,1,1.15385,0
5.84,1.3,0,1,1.15385,0
5.88,1.3,0,1,1.15385,0
5.92,1.3,0,1,1.15385,0
5.96,1.3,0,1,1.15385,0
6,1.3,0,1,1.15385,0
6.04,1.3,0,1,1.15385,0
6.08,1.3,0,1,1.15385,0
6.12,1.3,0,1,1.15385,0
6.16,1.3,0,1,1.15385,0
6.2,1.3,0,1,1.15385,0
6.24,1.3,0,1,1.15385,0
6.28,1.3,0,1,1.15385,0
6.32,1.3,0,1,1.15385,0
6.36,1.3,0,1,1.15385,0
6.4,1.3,0,1,1.15385,0
6.44,1.3,0,1,1.15385,0
6.48,1.3,0,1,1.15385,0
6.52,1.3,0,1,1.15385,0
6.56,1.3,0,1,1.15385,0
6.6,1.3,0,1,1.15385,0
6.64,1.3,0,1,1.15385,0
6.68,1.3,0,1,1.15385,0
6.72,1.3,0,1,1.15385,0
6.76,1.3,0,1,1.15385,0
6.8,1.3,0,1,1.15385,0
6.84,1.3,0,1,1.15385,0
6.88,1.3,0,1,1.15385,0
6.92,1.3,0,1,1.15385,0
6.96,1.3,0,1,1.15385,0
7,1.3,0,1,1.15385,0
7.04,1.3,0,1,1.15385,0
7.08,1.3,0,1,1.15385,0
7.12,1.3,0,1,1.15385,0
7.16,1.3,0,1,1.15385,0
7.2,1.3,0,1,1.15385,0
7.24,1.3,0,1,1.15385,0
7.28,1.3,0,1,1.15385,0
7.32,1.3,0,1,1.15385,0
7.36,1.3,0,1,1.15385,0
7.4,1.3,0,1,1.15385,0
7.44,1.3,0,1,1.15385,0
7.48,1.3,0,1,1.15385,0
7.52,1.3,0,1,1.15385,0
7.56,1.3,0,1,1.15385,0
7.6,1.3,0,1,1.15385,0
7.64,1.3,0,1,1.15385,0
7.68,1.3,0,1,1.15385,0
7.72,1.3,0,1,1.15385,0
7.76,1.3,0,1,1.15385,0
7.8,1.3,0,1,1.15385,0
7.84,1.3,0,1,1.15385,0
7.88,1.3,0,1,1.15385,0
7.92,1.3,0,1,1.15385,0
7.96,1.3,0,1,1.15385,0
8,1.3,0,1,1.15385,0
8.04,1.3,0,1,1.15385,0
8.08,1.3,0,1,1.15385,0
8.12,1.3,0,1,1.15385,0
8.16,1.3,0,1,1.15385,0
8.2,1.3,0,1,1.15385,0
8.24,1.3,0,1,1.15385,0
8.28,1.3,0,1,1.15385,0
8.32,1.3,0,1,1.15385,0
8.36,1.3,0,1,1.15385,0
8.4,1.3,0,1,1.15385,0
8.44,1.3,0,1,1.15385,0
8.48,1.3,0,1,1.15385,0
8.52,1.3,0,1,1.15385,0
8.56,1.3,0,1,1.15385,0
8.6,1.3,0,1,1.15385,0
8.64,1.3,0,1,1.15385,0
8.68,1.3,0,1,1.15385,0
8.72,1.3,0,1,1.15385,0
8.76,1.3,0,1,1.15385,0
8.8,1.3,0,1,1.15385,0
8.84,1.3,0,1,1.15385,0
8.88,1.3,0,1,1.15385,0
8.92,1.3,0,1,1.15385,0
8.96,1.3,0,1,1.15385,0
9,1.3,0,1,1.15385,0
9.04,1.3,0,1,1.15385,0
9.08,1.3,0,1,1.15385,0
9.12,1.3,0,1,1.15385,0
9.16,1.3,0,1,1.15385,0
9.2,1.3,0,1,1.15385,0
9.24,1.3,0,1,1.15385,0
9.28,1.3,0,1,1.15385,0
9.32,1.3,0,1,1.15385,0
9.36,1.3,0,1,1.15385,0
9.4,1.3,0,1,1.15385,0
9.44,1.3,0,1,1.15385,0
9.48,1.3,0,1,1.15385,0
9.52,1.3,0,1,1.15385,0
9.56,1.3,0,1,1.15385,0
9.6,1.3,0,1,1.15385,0
9.64,1.3,0,1,1.15385,0
9.68,1.3,0,1,1.15385,0
9.72,1.3,0,1,1.15385,0
9.76,1.3,0,1,1.15385,0
9.8,1.3,0,1,1.15385,0
9.84,1.3,0,1,1.15385,0
9.88,1.3,0,1,1.15385,0
9.92,1.3,0,1,1.15385,0
9.96,1.3,0,1,1.15385,0
10,1.3,0,1,1.15385,0
-10,13,0,10,1.15385,0.115373
-9.96,13,0,10,1.15385,0.115373
-9.92,13,0,10,1.15385,0.115373
-9.88,13,0,10,1.15385,0.115373
-9.84,13,0,10,1.15385,0.115373
-9.8,13,0,10,1.15385,0.115373
-9.76,13,0,10,1.15385,0.115373
-9.72,13,0,10,1.15385,0.115373
-9.68,13,0,10,1.15385,0.115373
-9.64,13,0,10,1.15385,0.115373
-9.6,13,0,10,1.15385,0.115373
-9.56,13,0,10,1.15385,0.115373
-9.52,13,0,10,1.15385,0.115373
-9.48,13,0,10,1.15385,0.115373
-9.44,13,0,10,1.15385,0.115373
-9.4,13,0,10,1.15385,0.115373
-9.36,13,0,10,1.15385,0.115373
-9.32,13,0,10,1.15385,0.115373
-9.28,13,0,10,1.15385,0.115373
-9.24,13,0,10,1.15385,0.115373
-9.2,13,0,10,1.15385,0.115373
-9.16,13,0,10,1.15385,0.115373
-9.12,13,0,10,1.15385,0.115373
-9.08,13,0,10,1.15385,0.115373
-9.04,13,0,10,1.15385,0.115373
-9,13,0,10,1.15385,0.115373
-8.96,13,0,10,1.15385,0.115373
-8.92,13,0,10,1.15385,0.115373
-8.88,13,0,10,1.15385,0.115373
-8.84,13,0,10,1.15385,0.115373
-8.8,13,0,10,1.15385,0.115373
-8.76,13,0,10,1.15385,0.115373
-8.72,13,0,10,1.15385,0.115373
-8.68,13,0,10,1.15385,0.115373
-8.64,13,0,10,1.15385,0.115373
-8.6,13,0,10,1.15385,0.115373
-8.56,13,0,10,1.15385,0.115373
-8.52,13,0,10,1.15385,0.115373
-8.48,13,0,10,1.15385,0.115373
-8.44,13,0,10,1.15385,0.115373
-8.4,13,0,10,1.15385,0.115373
-8.36,13,0,10,1.15385,0.115373
-8.32,13,0,10,1.15385,0.115373
-8.28,13,0,10,1.15385,0.115373
-8.24,13,0,10,1.15385,0.115373
-8.2,13,0,10,1.15385,0.115373
-8.16,13,0,10,1.15385,0.115373
-8.12,13,0,10,1.15385,0.115373
-8.08,13,0,10,1.15385,0.115373
-8.04,13,0,10,1.15385,0.115373
-8,13,0,10,1.15385,0.115373
-7.96,13,0,10,1.15385,0.115373
-7.92,13,0,10,1.15385,0.115373
-7.88,13,0,10,1.15385,0.115373
-7.84,13,0,10,1.15385,0.115373
-7.8,13,0,10,1.15385,0.115373
-7.76,13,0,10,1.15385,0.115373
-7.72,13,0,10,1.15385,0.115373
-7.68,13,0,10,1.15385,0.115373
-7.64,13,0,10,1.15385,0.115373
-7.6,13,0,10,1.15385,0.115373
-7.56,13,0,10,1.15385,0.115373
-7.52,13,0,10,1.15385,0.115373
-7.48,13,0,10,1.15385,0.115373
-7.44,13,0,10,1.15385,0.115373
-7.4,13,0,10,1.15385,0.115373
-7.36,13,0,10,1.15385,0.115373
-7.32,13,0,10,1.15385,0.115373
-7.28,13,0,10,1.15385,0.115373
-7.24,13,0,10,1.15385,0.115373
-7.2,13,0,10,1.15385,0.115373
-7.16,13,0,10,1.15385,0.115373
-7.12,13,0,10,1.15385,0.115373
-7.08,13,0,10,1.15385,0.115373
-7.04,13,0,10,1.15385,0.115373
-7,13,0,10,1.15385,0.115373
-6.96,13,0,10,1.15385,0.115373
-6.92,13,0,10,1.15385,0.115373
-6.88,13,0,10,1.15385,0.115373
-6.84,13,0,10,1.15385,0.115373
-6.8,13,0,10,1.15385,0.115373
-6.76,13,0,10,1.15385,0.115373
-6.72,13,0,10,1.15385,0.115373
-6.68,13,0,10,1.15385,0.115373
-6.64,13,0,10,1.15385,0.115373
-6.6,13,0,10,1.15385,0.115373
-6.56,13,0,10,1.15385,0.115373
-6.52,13,0,10,1.15385,0.115373
-6.48,13,0,10,1.15385,0.115373
-6.44,13,0,10,1.15385,0.115373
-6.4,13,0,10,1.15385,0.115373
-6.36,13,0,10,1.15385,0.115373
-6.32,13,0,10,1.15385,0.115373
-6.28,13,0,10,1.15385,0.115373
-6.24,13,0,10,1.15385,0.115373
-6.2,13,0,10,1.15385,0.115373
-6.16,13,0,10,1.15385,0.115373
-6.12,13,0,10,1.15385,0.115373
-6.08,13,0,10,1.15385,0.115373
-6.04,13,0,10,1.15385,0.115373
-6,13,0,10,1.15385,0.115373
-5.96,13,0,10,1.15385,0.115373
-5.92,13,0,10,1.15385,0.115373
-5.88,13,0,10,1.15385,0.115373
-5.84,13,0,10,1.15385,0.115373
-5.8,13,0,10,1.15385,0.115373
-5.76,13,0,10,1.15385,0.115373
-5.72,13,0,10,1.15385,0.115373
-5.68,13,0,10,1.15385,0.115373
-5.64,13,0,10,1.15385,0.115373
-5.6,13,0,10,1.15385,0.115373
-5.56,13,0,10,1.15385,0.115373
-5.52,13,0,10,1.15385,0.115373
-5.48,13,0,10,1.15385,0.115373
-5.44,13,0,10,1.15385,0.115373
-5.4,13,0,10,1.15385,0.115373
-5.36,13,0,10,1.15385,0.115373
-5.32,13,0,10,1.15385,0.115373
-5.28,13,0,10,1.15385,0.115373
-5.24,13,0,10,1.15385,0.115373
-5.2,13,0,10,1.15385,0.115373
-5.16,13,0,10,1.15385,0.115373
-5.12,13,0,10,1.15385,0.115373
-5.08,13,0,10,1.15385,0.115373
-5.04,13,0,10,1.15385,0.115373
-5,13,0,10,1.15385,0.115373
-4.96,13,0,10,1.15385,0.115373
-4.92,13,0,10,1.15385,0.115373
-4.88,13,0,10,1.15385,0.115373
-4.84,13,0,10,1.15385,0.115373
-4.8,13,0,10,1.15385,0.115373
-4.76,13,0,10,1.15385,0.115373
-4.72,13,0,10,1.15385,0.115373
-4.68,13,0,10,1.15385,0.115373
-4.64,13,0,10,1.15385,0.115373
-4.6,13,0,10,1.15385,0.115373
-4.56,13,0,10,1.15385,0.115373
-4.52,13,0,10,1.15385,0.115373
-4.48,13,0,10,1.15385,0.115373
-4.44,13,0,10,1.15385,0.115373
-4.4,13,0,10,1.15385,0.115373
-4.36,13,0,10,1.15385,0.115373
-4.32,13,0,10,1.15385,0.115373
-4.28,13,0,10,1.15385,0.115373
-4.24,13,0,10,1.15385,0.115373
-4.2,13,0,10,1.15385,0.115373
-4.16,13,0,10,1.15385,0.115373
-4.12,13,0,10,1.15385,0.115373
-4.08,13,0,10,1.15385,0.115373
-4.04,13,0,10,1.15385,0.115373
-4,13,0,10,1.15385,0.115373
-3.96,13,0,10,1.15385,0.115373
-3.92,13,0,10,1.15385,0.115373
-3.88,13,0,10,1.15385,0.115373
-3.84,13,0,10,1.15385,0.115373
-3.8,13,0,10,1.15385,0.115373
-3.76,13,0,10,1.15385,0.115373
-3.72,13,0,10,1.15385,0.115373
-3.68,13,0,10,1.15385,0.115373
-3.64,13,0,10,1.15385,0.115373
-3.6,13,0,10,1.15385,0.115373
-3.56,13,0,10,1.15385,0.115373
-3.52,13,0,10,1.15385,0.115373
-3.48,13,0,10,1.15385,0.115373
-3.44,13,0,10,1.15385,0.115373
-3.4,13,0,10,1.15385,0.115373
-3.36,13,0,10,1.15385,0.115373
-3.32,13,0,10,1.15385,0.115373
-3.28,13,0,10,1.15385,0.115373
-3.24,13,0,10,1.15385,0.115373
-3.2,13,0,10,1.15385,0.115373
-3.16,13,0,10,1.15385,0.115373
-3.12,13,0,10,1.15385,0.115373
-3.08,13,0,10,1.15385,0.115373
-3.04,13,0,10,1.15385,0.115373
-3,13,0,10,1.15385,0.115373
-2.96,13,0,10,1.15385,0.115373
-2.92,13,0,10,1.15385,0.115373
-2.88,13,0,10,1.15385,0.115373
-2.84,13,0,10,1.15385,0.115373
-2.8,13,0,10,1.15385,0.115373
-2.76,13,0,10,1.15385,0.115373
-2.72,13,0,10,1.15385,0.115373
-2.68,13,0,10,1.15385,0.115373
-2.64,13,0,10,1.15385,0.115373
-2.6,13,0,10,1.15385,0.115373
-2.56,13,0,10,1.15385,0.115373
-2.52,13,0,10,1.15385,0.115373
-2.48,13,0,10,1.15385,0.115373
-2.44,13,0,10,1.15385,0.115373
-2.4,13,0,10,1.15385,0.115373
-2.36,13,0,10,1.15385,0.115373
-2.32,13,0,10,1.15385,0.115373
-2.28,13,0,10,1.15385,0.115373
-2.24,13,0,10,1.15385,0.115373
-2.2,13,0,10,1.15385,0.115373
-2.16,13,0,10,1.15385,0.115373
-2.12,13,0,10,1.15385,0.115373
-2.08,13,0,10,1.15385,0.115373
-2.04,13,0,10,1.15385,0.115373
-2,13,2.16896e-71,10,1.15385,0.115373
-1.96,13,3.75686e-68,10,1.15385,0.115373
-1.92,13,3.31873e-65,10,1.15385,0.115373
-1.88,13,1.87841e-62,10,1.15385,0.115373
-1.84,13,7.72154e-60,10,1.15385,0.115373
-1.8,13,2.55769e-57,10,1.15385,0.115373
-1.76,13,7.18231e-55,10,1.15385,0.115373
-1.72,13,1.73008e-52,10,1.15385,0.115373
-1.68,13,3.56876e-50,10,1.15385,0.115373
-1.64,13,6.29455e-48,10,1.15385,0.115373
-1.6,13,9.53637e-46,10,1.15385,0.115373
-1.56,13,1.25498e-43,10,1.15385,0.115373
-1.52,13,1.45526e-41,10,1.15385,0.115373
-1.48,13,1.50775e-39,10,1.15385,0.115373
-1.44,13,1.41297e-37,10,1.15385,0.115373
-1.4,13,1.20936e-35,10,1.15385,0.115373
-1.36,13,9.52828e-34,10,1.15385,0.115373
-1.32,13,6.97107e-32,10,1.15385,0.115373
-1.28,13,4.77274e-30,10,1.15385,0.115373
-1.24,13,3.08716e-28,10,1.15385,0.115373
-1.2,13,1.90407e-26,10,1.15385,0.115373
-1.16,13,1.10905e-24,10,1.15385,0.115373
-1.12,13,6.29227e-23,10,1.15385,0.115373
-1.08,13,3.51409e-21,10,1.15385,0.115373
-1.04,13,1.7619e-19,10,1.15385,0.115373
-1,13,7.19126e-18,10,1.15385,0.115373
-0.96,13,2.31119e-16,10,1.15385,0.115373
-0.92,13,3.05361e-15,10,1.15385,0.115373
-0.88,13,3.65093e-14,10,1.15385,0.115373
-0.84,13,4.00722e-13,10,1.15385,0.115373
-0.8,13,4.05693e-12,10,1.15385,0.115373
-0.76,13,3.78716e-11,10,1.15385,0.115373
-0.72,13,3.25566e-10,10,1.15385,0.115373
-0.68,13,2.57308e-09,10,1.15385,0.115373
-0.64,13,1.86586e-08,10,1.15385,0.115373
-0.6,13,1.23843e-07,10,1.15385,0.115373
-0.56,13,7.50224e-07,9.99999,1.15385,0.115373
-0.52,13,4.13399e-06,9.99994,1.15384,0.115373
-0.48,12.9998,2.06385e-05,9.9997,1.15383,0.115373
-0.44,12.9989,9.29142e-05,9.99863,1.15378,0.115373
-0.4,12.9957,0.00037516,9.99448,1.15359,0.115373
-0.36,12.9845,0.00135026,9.98014,1.15293,0.115373
-0.32,12.9506,0.00430455,9.9368,1.15092,0.115373
-0.28,12.8617,0.0120889,9.82328,1.14564,0.115373
-0.24,12.6604,0.0298311,9.56824,1.13364,0.115373
-0.2,12.2688,0.0648359,9.07974,1.1101,0.115373
-0.16,11.6103,0.125175,8.28175,1.06997,0.115373
-0.12,10.6387,0.217673,7.16071,1.00962,0.115373
-0.08,9.35143,0.346787,5.78628,0.928139,0.115373
-0.04,7.77697,0.514655,4.2933,0.828079,0.115373
0,5.61101,0.712928,2.79977,0.748468,0.115373
0.04,4.45321,0.713019,2.66491,0.897636,0.115373
0.08,3.24891,0.692972,2.54865,1.1767,0.115373
0.12,2.44966,0.635227,2.35093,1.43954,0.115373
0.16,2.00505,0.505246,1.99138,1.48978,0.115373
0.2,1.69756,0.316419,1.55757,1.3763,0.115373
0.24,1.47793,0.148655,1.23828,1.25677,0.115373
0.28,1.36306,0.0540521,1.08209,1.1908,0.115373
0.32,1.31885,0.0163361,1.02428,1.16496,0.115373
0.36,1.30497,0.00432352,1.00638,1.15678,0.115373
0.4,1.30118,0.00102617,1.00151,1.15454,0.115373
0.44,1.30025,0.000220471,1.00032,1.154,0.115373
0.48,1.30005,4.30647e-05,1.00006,1.15388,0.115373
0.52,1.30001,7.66961e-06,1.00001,1.15385,0.115373
0.56,1.3,1.24841e-06,1,1.15385,0.115373
0.6,1.3,1.86136e-07,1,1.15385,0.115373
0.64,1.3,2.54713e-08,1,1.15385,0.115373
0.68,1.3,3.20467e-09,1,1.15385,0.115373
0.72,1.3,3.71276e-10,1,1.15385,0.115373
0.76,1.3,3.96604e-11,1,1.15385,0.115373
0.8,1.3,3.91054e-12,1,1.15385,0.115373
0.84,1.3,3.56222e-13,1,1.15385,0.115373
0.88,1.3,2.99667e-14,1,1.15385,0.115373
0.92,1.3,2.30724e-15,1,1.15385,0.115373
0.96,1.3,1.60521e-16,1,1.15385,0.115373
1,1.3,4.32561e-18,1,1.15385,0.115373
1.04,1.3,9.02628e-20,1,1.15385,0.115373
1.08,1.3,1.59485e-21,1,1.15385,0.115373
1.12,1.3,2.75726e-23,1,1.15385,0.115373
1.16,1.3,4.73494e-25,1,1.15385,0.115373
1.2,1.3,7.5486e-27,1,1.15385,0.115373
1.24,1.3,1.13685e-28,1,1.15385,0.115373
1.28,1.3,1.60137e-30,1,1.15385,0.115373
1.32,1.3,2.08381e-32,1,1.15385,0.115373
1.36,1.3,2.48289e-34,1,1.15385,0.115373
1.4,1.3,2.68075e-36,1,1.15385,0.115373
1.44,1.3,2.61412e-38,1,1.15385,0.115373
1.48,1.3,2.30877e-40,1,1.15385,0.115373
1.52,1.3,1.86007e-42,1,1.15385,0.115373
1.56,1.3,1.37716e-44,1,1.15385,0.115373
1.6,1.3,9.34216e-47,1,1.15385,0.115373
1.64,1.3,5.71899e-49,1,1.15385,0.115373
1.68,1.3,3.09719e-51,1,1.15385,0.115373
1.72,1.3,1.44861e-53,1,1.15385,0.115373
1.76,1.3,5.66556e-56,1,1.15385,0.115373
1.8,1.3,1.77743e-58,1,1.15385,0.115373
1.84,1.3,4.2221e-61,1,1.15385,0.115373
1.88,1.3,7.00518e-64,1,1.15385,0.115373
1.92,1.3,7.23735e-67,1,1.15385,0.115373
1.96,1.3,4.16382e-70,1,1.15385,0.115373
2,1.3,0,1,1.15385,0.115373
2.04,1.3,0,1,1.15385,0.115373
2.08,1.3,0,1,1.15385,0.115373
2.12,1.3,0,1,1.15385,0.115373
2.16,1.3,0,1,1.15385,0.115373
2.2,1.3,0,1,1.15385,0.115373
2.24,1.3,0,1,1.15385,0.115373
2.28,1.3,0,1,1.15385,0.115373
2.32,1.3,0,1,1.15385,0.115373
2.36,1.3,0,1,1.15385,0.115373
2.4,1.3,0,1,1.15385,0.115373
2.44,1.3,0,1,1.15385,0.115373
2.48,1.3,0,1,1.15385,0.115373
2.52,1.3,0,1,1.15385,0.115373
2.56,1.3,0,1,1.15385,0.115373
2.6,1.3,0,1,1.15385,0.115373
2.64,1.3,0,1,1.15385,0.115373
2.68,1.3,0,1,1.15385,0.115373
2.72,1.3,0,1,1.15385,0.115373
2.76,1.3,0,1,1.15385,0.115373
2.8,1.3,0,1,1.15385,0.115373
2.84,1.3,0,1,1.15385,0.115373
2.88,1.3,0,1,1.15385,0.115373
2.92,1.3,0,1,1.15385,0.115373
2.96,1.3,0,1,1.15385,0.115373
3,1.3,0,1,1.15385,0.115373
3.04,1.3,0,1,1.15385,0.115373
3.08,1.3,0,1,1.15385,0.115373
3.12,1.3,0,1,1.15385,0.115373
3.16,1.3,0,1,1.15385,0.115373
3.2,1.3,0,1,1.15385,0.115373
3.24,1.3,0,1,1.15385,0.115373
3.28,1.3,0,1,1.15385,0.115373
3.32,1.3,0,1,1.15385,0.115373
3.36,1.3,0,1,1.15385,0.115373
3.4,1.3,0,1,1.15385,0.115373
3.44,1.3,0,1,1.15385,0.115373
3.48,1.3,0,1,1.15385,0.115373
3.52,1.3,0,1,1.15385,0.115373
3.56,1.3,0,1,1.15385,0.115373
3.6,1.3,0,1,1.15385,0.115373
3.64,1.3,0,1,1.15385,0.115373
3.68,1.3,0,1,1.15385,0.115373
3.72,1.3,0,1,1.15385,0.115373
3.76,1.3,0,1,1.15385,0.115373
3.8,1.3,0,1,1.15385,0.115373
3.84,1.3,0,1,1.15385,0.115373
3.88,1.3,0,1,1.15385,0.115373
3.92,1.3,0,1,1.15385,0.115373
3.96,1.3,0,1,1.15385,0.115373
4,1.3,0,1,1.15385,0.115373
4.04,1.3,0,1,1.15385,0.115373
4.08,1.3,0,1,1.15385,0.115373
4.12,1.3,0,1,1.15385,0.115373
4.16,1.3,0,1,1.15385,0.115373
4.2,1.3,0,1,1.15385,0.115373
4.24,1.3,0,1,1.15385,0.115373
4.28,1.3,0,1,1.15385,0.115373
4.32,1.3,0,1,1.15385,0.115373
4.36,1.3,0,1,1.15385,0.115373
4.4,1.3,0,1,1.15385,0.115373
4.44,1.3,0,1,1.15385,0.115373
4.48,1.3,0,1,1.15385,0.115373
4.52,1.3,0,1,1.15385,0.115373
4.56,1.3,0,1,1.15385,0.115373
4.6,1.3,0,1,1.15385,0.115373
4.64,1.3,0,1,1.15385,0.115373
4.68,1.3,0,1,1.15385,0.115373
4.72,1.3,0,1,1.15385,0.115373
4.76,1.3,0,1,1.15385,0.115373
4.8,1.3,0,1,1.15385,0.115373
4.84,1.3,0,1,1.15385,0.115373
4.88,1.3,0,1,1.15385,0.115373
4.92,1.3,0,1,1.15385,0.115373
4.96,1.3,0,1,1.15385,0.115373
5,1.3,0,1,1.15385,0.115373
5.04,1.3,0,1,1.15385,0.115373
5.08,1.3,0,1,1.15385,0.115373
5.12,1.3,0,1,1.15385,0.115373
5.16,1.3,0,1,1.15385,0.115373
5.2,1.3,0,1,1.15385,0.115373
5.24,1.3,0,1,1.15385,0.115373
5.28,1.3,0,1,1.15385,0.115373
5.32,1.3,0,1,1.15385,0.115373
5.36,1.3,0,1,1.15385,0.115373
5.4,1.3,0,1,1.15385,0.115373
5.44,1.3,0,1,1.15385,0.115373
5.48,1.3,0,1,1.15385,0.115373
5.52,1.3,0,1,1.15385,0.115373
5.56,1.3,0,1,1.15385,0.115373
5.6,1.3,0,1,1.15385,0.115373
5.64,1.3,0,1,1.15385,0.115373
5.68,1.3,0,1,1.15385,0.115373
5.72,1.3,0,1,1.15385,0.115373
5.76,1.3,0,1,1.15385,0.115373
5.8,1.3,0,1,1.15385,0.115373
5.84,1.3,0,1,1.15385,0.115373
5.88,1.3,0,1,1.15385,0.115373
5.92,1.3,0,1,1.15385,0.115373
5.96,1.3,0,1,1.15385,0.115373
6,1.3,0,1,1.15385,0.115373
6.04,1.3,0,1,1.15385,0.115373
6.08,1.3,0,1,1.15385,0.115373
6.12,1.3,0,1,1.15385,0.115373
6.16,1.3,0,1,1.15385,0.115373
6.2,1.3,0,1,1.15385,0.115373
6.24,1.3,0,1,1.15385,0.115373
6.28,1.3,0,1,1.15385,0.115373
6.32,1.3,0,1,1.15385,0.115373
6.36,1.3,0,1,1.15385,0.115373
6.4,1.3,0,1,1.15385,0.115373
6.44,1.3,0,1,1.15385,0.115373
6.48,1.3,0,1,1.15385,0.115373
6.52,1.3,0,1,1.15385,0.115373
6.56,1.3,0,1,1.15385,0.115373
6.6,1.3,0,1,1.15385,0.115373
6.64,1.3,0,1,1.15385,0.115373
6.68,1.3,0,1,1.15385,0.115373
6.72,1.3,0,1,1.15385,0.115373
6.76,1.3,0,1,1.15385,0.115373
6.8,1.3,0,1,1.15385,0.115373
6.84,1.3,0,1,1.15385,0.115373
6.88,1.3,0,1,1.15385,0.115373
6.92,1.3,0,1,1.15385,0.115373
6.96,1.3,0,1,1.15385,0.115373
7,1.3,0,1,1.15385,0.115373
7.04,1.3,0,1,1.15385,0.115373
7.08,1.3,0,1,1.15385,0.115373
7.12,1.3,0,1,1.15385,0.115373
7.16,1.3,0,1,1.15385,0.115373
7.2,1.3,0,1,1.15385,0.115373
7.24,1.3,0,1,1.15385,0.115373
7.28,1.3,0,1,1.15385,0.115373
7.32,1.3,0,1,1.15385,0.115373
7.36,1.3,0,1,1.15385,0.115373
7.4,1.3,0,1,1.15385,0.115373
7.44,1.3,0,1,1.15385,0.115373
7.48,1.3,0,1,1.15385,0.115373
7.52,1.3,0,1,1.15385,0.115373
7.56,1.3,0,1,1.15385,0.115373
7.6,1.3,0,1,1.15385,0.115373
7.64,1.3,0,1,1.15385,0.115373
7.68,1.3,0,1,1.15385,0.115373
7.72,1.3,0,1,1.15385,0.115373
7.76,1.3,0,1,1.15385,0.115373
7.8,1.3,0,1,1.15385,0.115373
7.84,1.3,0,1,1.15385,0.115373
7.88,1.3,0,1,1.15385,0.115373
7.92,1.3,0,1,1.15385,0.115373
7.96,1.3,0,1,1.15385,0.115373
8,1.3,0,1,1.15385,0.115373
8.04,1.3,0,1,1.15385,0.115373
8.08,1.3,0,1,1.15385,0.115373
8.12,1.3,0,1,1.15385,0.115373
8.16,1.3,0,1,1.15385,0.115373
8.2,1.3,0,1,1.15385,0.115373
8.24,1.3,0,1,1.15385,0.115373
8.28,1.3,0,1,1.15385,0.115373
8.32,1.3,0,1,1.15385,0.115373
8.36,1.3,0,1,1.15385,0.115373
8.4,1.3,0,1,1.15385,0.115373
8.44,1.3,0,1,1.15385,0.115373
8.48,1.3,0,1,1.15385,0.115373
8.52,1.3,0,1,1.15385,0.115373
8.56,1.3,0,1,1.15385,0.115373
8.6,1.3,0,1,1.15385,0.115373
8.64,1.3,0,1,1.15385,0.115373
8.68,1.3,0,1,1.15385,0.115373
8.72,1.3,0,1,1.15385,0.115373
8.76,1.3,0,1,1.15385,0.115373
8.8,1.3,0,1,1.15385,0.115373
8.84,1.3,0,1,1.15385,0.115373
8.88,1.3,0,1,1.15385,0.115373
8.92,1.3,0,1,1.15385,0.115373
8.96,1.3,0,1,1.15385,0.115373
9,1.3,0,1,1.15385,0.115373
9.04,1.3,0,1,1.15385,0.115373
9.08,1.3,0,1,1.15385,0.115373
9.12,1.3,0,1,1.15385,0.115373
9.16,1.3,0,1,1.15385,0.115373
9.2,1.3,0,1,1.15385,0.115373
9.24,1.3,0,1,1.15385,0.115373
9.28,1.3,0,1,1.15385,0.115373
9.32,1.3,0,1,1.15385,0.115373
9.36,1.3,0,1,1.15385,0.115373
9.4,1.3,0,1,1.15385,0.115373
9.44,1.3,0,1,1.15385,0.115373
9.48,1.3,0,1,1.15385,0.115373
9.52,1.3,0,1,1.15385,0.115373
9.56,1.3,0,1,1.15385,0.115373
9.6,1.3,0,1,1.15385,0.115373
9.64,1.3,0,1,1.15385,0.115373
9.68,1.3,0,1,1.15385,0.115373
9.72,1.3,0,1,1.15385,0.115373
9.76,1.3,0,1,1.15385,0.115373
9.8,1.3,0,1,1.15385,0.115373
9.84,1.3,0,1,1.15385,0.115373
9.88,1.3,0,1,1.15385,0.115373
9.92,1.3,0,1,1.15385,0.115373
9.96,1.3,0,1,1.15385,0.115373
10,1.3,0,1,1.15385,0.115373
-10,13,0,10,1.15385,0.217704
-9.96,13,0,10,1.15385,0.217704
-9.92,13,0,10,1.15385,0.217704
-9.88,13,0,10,1.15385,0.217704
-9.84,13,0,10,1.15385,0.217704
-9.8,13,0,10,1.15385,0.217704
-9.76,13,0,10,1.15385,0.217704
-9.72,13,0,10,1.15385,0.217704
-9.68,13,0,10,1.15385,0.217704
-9.64,13,0,10,1.15385,0.217704
-9.6,13,0,10,1.15385,0.217704
-9.56,13,0,10,1.15385,0.217704
-9.52,13,0,10,1.15385,0.217704
-9.48,13,0,10,1.15385,0.217704
-9.44,13,0,10,1.15385,0.217704
-9.4,13,0,10,1.15385,0.217704
-9.36,13,0,10,1.15385,0.217704
-9.32,13,0,10,1.15385,0.217704
-9.28,13,0,10,1.15385,0.217704
-9.24,13,0,10,1.15385,0.217704
-9.2,13,0,10,1.15385,0.217704
-9.16,13,0,10,1.15385,0.217704
-9.12,13,0,10,1.15385,0.217704
-9.08,13,0,10,1.15385,0.217704
-9.04,13,0,10,1.15385,0.217704
-9,13,0,10,1.15385,0.217704
-8.96,13,0,10,1.15385,0.217704
-8.92,13,0,10,1.15385,0.217704
-8.88,13,0,10,1.15385,0.217704
-8.84,13,0,10,1.15385,0.217704
-8.8,13,0,10,1.15385,0.217704
-8.76,13,0,10,1.15385,0.217704
-8.72,13,0,10,1.15385,0.217704
-8.68,13,0,10,1.15385,0.217704
-8.64,13,0,10,1.15385,0.217704
-8.6,13,0,10,1.15385,0.217704
-8.56,13,0,10,1.15385,0.217704
-8.52,13,0,10,1.15385,0.217704
-8.48,13,0,10,1.15385,0.217704
-8.44,13,0,10,1.15385,0.217704
-8.4,13,0,10,1.15385,0.217704
-8.36,13,0,10,1.15385,0.217704
-8.32,13,0,10,1.15385,0.217704
-8.28,13,0,10,1.15385,0.217704
-8.24,13,0,10,1.15385,0.217704
-8.2,13,0,10,1.15385,0.217704
-8.16,13,0,10,1.15385,0.217704
-8.12,13,0,10,1.15385,0.217704
-8.08,13,0,10,1.15385,0.217704
-8.04,13,0,10,1.15385,0.217704
-8,13,0,10,1.15385,0.217704
-7.96,13,0,10,1.15385,0.217704
-7.92,13,0,10,1.15385,0.217704
-7.88,13,0,10,1.15385,0.217704
-7.84,13,0,10,1.15385,0.217704
-7.8,13,0,10,1.15385,0.217704
-7.76,13,0,10,1.15385,0.217704
-7.72,13,0,10,1.15385,0.217704
-7.68,13,0,10,1.15385,0.217704
-7.64,13,0,10,1.15385,0.217704
-7.6,13,0,10,1.15385,0.217704
-7.56,13,0,10,1.15385,0.217704
-7.52,13,0,10,1.15385,0.217704
-7.48,13,0,10,1.15385,0.217704
-7.44,13,0,10,1.15385,0.217704
-7.4,13,0,10,1.15385,0.217704
-7.36,13,0,10,1.15385,0.217704
-7.32,13,0,10,1.15385,0.217704
-7.28,13,0,10,1.15385,0.217704
-7.24,13,0,10,1.15385,0.217704
-7.2,13,0,10,1.15385,0.217704
-7.16,13,0,10,1.15385,0.217704
-7.12,13,0,10,1.15385,0.217704
-7.08,13,0,10,1.15385,0.217704
-7.04,13,0,10,1.15385,0.217704
-7,13,0,10,1.15385,0.217704
-6.96,13,0,10,1.15385,0.217704
-6.92,13,0,10,1.15385,0.217704
-6.88,13,0,10,1.15385,0.217704
-6.84,13,0,10,1.15385,0.217704
-6.8,13,0,10,1.15385,0.217704
-6.76,13,0,10,1.15385,0.217704
-6.72,13,0,10,1.15385,0.217704
-6.68,13,0,10,1.15385,0.217704
-6.64,13,0,10,1.15385,0.217704
-6.6,13,0,10,1.15385,0.217704
-6.56,13,0,10,1.15385,0.217704
-6.52,13,0,10,1.15385,0.217704
-6.48,13,0,10,1.15385,0.217704
-6.44,13,0,10,1.15385,0.217704
-6.4,13,0,10,1.15385,0.217704
-6.36,13,0,10,1.15385,0.217704
-6.32,13,0,10,1.15385,0.217704
-6.28,13,0,10,1.15385,0.217704
-6.24,13,0,10,1.15385,0.217704
-6.2,13,0,10,1.15385,0.217704
-6.16,13,0,10,1.15385,0.217704
-6.12,13,0,10,1.15385,0.217704
-6.08,13,0,10,1.15385,0.217704
-6.04,13,0,10,1.15385,0.217704
-6,13,0,10,1.15385,0.217704
-5.96,13,0,10,1.15385,0.217704
-5.92,13,0,10,1.15385,0.217704
-5.88,13,0,10,1.15385,0.217704
-5.84,13,0,10,1.15385,0.217704
-5.8,13,0,10,1.15385,0.217704
-5.76,13,0,10,1.15385,0.217704
-5.72,13,0,10,1.15385,0.217704
-5.68,13,0,10,1.15385,0.217704
-5.64,13,0,10,1.15385,0.217704
-5.6,13,0,10,1.15385,0.217704
-5.56,13,0,10,1.15385,0.217704
-5.52,13,0,10,1.15385,0.217704
-5.48,13,0,10,1.15385,0.217704
-5.44,13,0,10,1.15385,0.217704
-5.4,13,0,10,1.15385,0.217704
-5.36,13,0,10,1.15385,0.217704
-5.32,13,0,10,1.15385,0.217704
-5.28,13,0,10,1.15385,0.217704
-5.24,13,0,10,1.15385,0.217704
-5.2,13,0,10,1.15385,0.217704
-5.16,13,0,10,1.15385,0.217704
-5.12,13,0,10,1.15385,0.217704
-5.08,13,0,10,1.15385,0.217704
-5.04,13,0,10,1.15385,0.217704
-5,13,0,10,1.15385,0.217704
-4.96,13,0,10,1.15385,0.217704
-4.92,13,0,10,1.15385,0.217704
-4.88,13,0,10,1.15385,0.217704
-4.84,13,0,10,1.15385,0.217704
-4.8,13,0,10,1.15385,0.217704
-4.76,13,0,10,1.15385,0.217704
-4.72,13,0,10,1.15385,0.217704
-4.68,13,0,10,1.15385,0.217704
-4.64,13,0,10,1.15385,0.217704
-4.6,13,0,10,1.15385,0.217704
-4.56,13,0,10,1.15385,0.217704
-4.52,13,0,10,1.15385,0.217704
-4.48,13,0,10,1.15385,0.217704
-4.44,13,0,10,1.15385,0.217704
-4.4,13,0,10,1.15385,0.217704
-4.36,13,0,10,1.15385,0.217704
-4.32,13,0,10,1.15385,0.217704
-4.28,13,0,10,1.15385,0.217704
-4.24,13,0,10,1.15385,0.217704
-4.2,13,0,10,1.15385,0.217704
-4.16,13,0,10,1.15385,0.217704
-4.12,13,0,10,1.15385,0.217704
-4.08,13,0,10,1.15385,0.217704
-4.04,13,0,10,1.15385,0.217704
-4,13,2.68161e-148,10,1.15385,0.217704
-3.96,13,9.00667e-145,10,1.15385,0.217704
-3.92,13,1.51349e-141,10,1.15385,0.217704
-3.88,13,1.6828e-138,10,1.15385,0.217704
-3.84,13,1.38781e-135,10,1.15385,0.217704
-3.8,13,9.05433e-133,10,1.15385,0.217704
-3.76,13,4.87588e-130,10,1.15385,0.217704
-3.72,13,2.23392e-127,10,1.15385,0.217704
-3.68,13,8.90399e-125,10,1.15385,0.217704
-3.64,13,3.13902e-122,10,1.15385,0.217704
-3.6,13,9.90883e-120,10,1.15385,0.217704
-3.56,13,2.8262e-117,10,1.15385,0.217704
-3.52,13,7.33286e-115,10,1.15385,0.217704
-3.48,13,1.73979e-112,10,1.15385,0.217704
-3.44,13,3.79052e-110,10,1.15385,0.217704
-3.4,13,7.61119e-108,10,1.15385,0.217704
-3.36,13,1.41311e-105,10,1.15385,0.217704
-3.32,13,2.43333e-103,10,1.15385,0.217704
-3.28,13,3.8977e-101,10,1.15385,0.217704
-3.24,13,5.82418e-99,10,1.15385,0.217704
-3.2,13,8.14104e-97,10,1.15385,0.217704
-3.16,13,1.06734e-94,10,1.15385,0.217704
-3.12,13,1.3159e-92,10,1.15385,0.217704
-3.08,13,1.52935e-90,10,1.15385,0.217704
-3.04,13,1.6795e-88,10,1.15385,0.217704
-3,13,1.74671e-86,10,1.15385,0.217704
-2.96,13,1.72408e-84,10,1.15385,0.217704
-2.92,13,1.61841e-82,10,1.15385,0.217704
-2.88,13,1.44767e-80,10,1.15385,0.217704
-2.84,13,1.23631e-78,10,1.15385,0.217704
-2.8,13,1.00986e-76,10,1.15385,0.217704
-2.76,13,7.90407e-75,10,1.15385,0.217704
-2.72,13,5.938e-73,10,1.15385,0.217704
-2.68,13,4.2888e-71,10,1.15385,0.217704
-2.64,13,2.98255e-69,10,1.15385,0.217704
-2.6,13,1.9997e-67,10,1.15385,0.217704
-2.56,13,1.29398e-65,10,1.15385,0.217704
-2.52,13,8.08735e-64,10,1.15385,0.217704
-2.48,13,4.88408e-62,10,1.15385,0.217704
-2.44,13,2.85038e-60,10,1.15385,0.217704
-2.4,13,1.60728e-58,10,1.15385,0.217704
-2.36,13,8.75403e-57,10,1.15385,0.217704
-2.32,13,4.60342e-55,10,1.15385,0.217704
-2.28,13,2.33654e-53,10,1.15385,0.217704
-2.24,13,1.14452e-51,10,1.15385,0.217704
-2.2,13,5.41075e-50,10,1.15385,0.217704
-2.16,13,2.46952e-48,10,1.15385,0.217704
-2.12,13,1.08868e-46,10,1.15385,0.217704
-2.08,13,4.63858e-45,10,1.15385,0.217704
-2.04,13,1.91137e-43,10,1.15385,0.217704
-2,13,7.62166e-42,10,1.15385,0.217704
-1.96,13,2.94267e-40,10,1.15385,0.217704
-1.92,13,1.10063e-38,10,1.15385,0.217704
-1.88,13,3.98957e-37,10,1.15385,0.217704
-1.84,13,1.40197e-35,10,1.15385,0.217704
-1.8,13,4.77704e-34,10,1.15385,0.217704
-1.76,13,1.57851e-32,10,1.15385,0.217704
-1.72,13,5.05975e-31,10,1.15385,0.217704
-1.68,13,1.57438e-29,10,1.15385,0.217704
-1.64,13,4.76144e-28,10,1.15385,0.217704
-1.6,13,1.40283e-26,10,1.15385,0.217704
-1.56,13,4.04142e-25,10,1.15385,0.217704
-1.52,13,1.14073e-23,10,1.15385,0.217704
-1.48,13,3.12486e-22,10,1.15385,0.217704
-1.44,13,8.18728e-21,10,1.15385,0.217704
-1.4,13,2.08098e-19,10,1.15385,0.217704
-1.36,13,5.19172e-18,10,1.15385,0.217704
-1.32,13,1.18011e-16,10,1.15385,0.217704
-1.28,13,1.17104e-15,10,1.15385,0.217704
-1.24,13,8.44431e-15,10,1.15385,0.217704
-1.2,13,5.76732e-14,10,1.15385,0.217704
-1.16,13,3.74673e-13,10,1.15385,0.217704
-1.12,13,2.31886e-12,10,1.15385,0.217704
-1.08,13,1.3673e-11,10,1.15385,0.217704
-1.04,13,7.67271e-11,10,1.15385,0.217704
-1,13,4.09288e-10,10,1.15385,0.217704
-0.96,13,2.07284e-09,10,1.15385,0.217704
-0.92,13,9.95343e-09,10,1.15385,0.217704
-0.88,13,4.52488e-08,10,1.15385,0.217704
-0.84,13,1.9443e-07,10,1.15385,0.217704
-0.8,13,7.88247e-07,9.99999,1.15385,0.217704
-0.76,13,3.00921e-06,9.99996,1.15384,0.217704
-0.72,12.9999,1.07941e-05,9.99984,1.15384,0.217704
-0.68,12.9996,3.62931e-05,9.99947,1.15382,0.217704
-0.64,12.9987,0.000114081,9.99832,1.15377,0.217704
-0.6,12.9962,0.000334274,9.99508,1.15362,0.217704
-0.56,12.9896,0.000910265,9.98661,1.15323,0.217704
-0.52,12.9736,0.00229659,9.96624,1.15229,0.217704
-0.48,12.9386,0.0053539,9.92143,1.15021,0.217704
-0.44,12.8683,0.0115115,9.83165,1.14604,0.217704
-0.4,12.7396,0.0228209,9.66838,1.13838,0.217704
-0.36,12.5257,0.0417859,9.39922,1.12559,0.217704
-0.32,12.2009,0.0709578,8.99637,1.10603,0.217704
-0.28,11.7477,0.112439,8.44627,1.07846,0.217704
-0.24,11.1611,0.167527,7.75567,1.04233,0.217704
-0.2,10.4493,0.236623,6.95101,0.997821,0.217704
-0.16,9.63051,0.319372,6.07238,0.945804,0.217704
-0.12,8.72954,0.414811,5.16606,0.887686,0.217704
-0.08,7.77756,0.521104,4.28048,0.825543,0.217704
-0.04,6.82561,0.633452,3.47288,0.763202,0.217704
0,5.98249,0.733407,2.85072,0.714766,0.217704
0.04,5.64472,0.742542,2.78007,0.738763,0.217704
0.08,5.04456,0.744262,2.74086,0.814996,0.217704
0.12,4.23526,0.742603,2.70856,0.95929,0.217704
0.16,3.43715,0.737351,2.67428,1.16708,0.217704
0.2,2.83149,0.725109,2.62389,1.39002,0.217704
0.24,2.45108,0.696623,2.52801,1.54707,0.217704
0.28,2.2106,0.635609,2.34293,1.58979,0.217704
0.32,2.00094,0.526548,2.04449,1.53264,0.217704
0.36,1.77458,0.374352,1.68121,1.42107,0.217704
0.4,1.56564,0.218222,1.36361,1.30644,0.217704
0.44,1.42302,0.104094,1.16259,1.22549,0.217704
0.48,1.34926,0.0423888,1.06393,1.18279,0.217704
0.52,1.31785,0.0154753,1.02298,1.16438,0.217704
0.56,1.30601,0.00522371,1.00771,1.1574,0.217704
0.6,1.3019,0.00165346,1.00244,1.15497,0.217704
0.64,1.30057,0.000493476,1.00073,1.15418,0.217704
0.68,1.30016,0.000139158,1.0002,1.15394,0.217704
0.72,1.30004,3.71166e-05,1.00005,1.15387,0.217704
0.76,1.30001,9.37121e-06,1.00001,1.15385,0.217704
0.8,1.3,2.24151e-06,1,1.15385,0.217704
0.84,1.3,5.08369e-07,1,1.15385,0.217704
0.88,1.3,1.09421e-07,1,1.15385,0.217704
0.92,1.3,2.23722e-08,1,1.15385,0.217704
0.96,1.3,4.34906e-09,1,1.15385,0.217704
1,1.3,8.04548e-10,1,1.15385,0.217704
1.04,1.3,1.4176e-10,1,1.15385,0.217704
1.08,1.3,2.38101e-11,1,1.15385,0.217704
1.12,1.3,3.81519e-12,1,1.15385,0.217704
1.16,1.3,5.83586e-13,1,1.15385,0.217704
1.2,1.3,8.52458e-14,1,1.15385,0.217704
1.24,1.3,1.18708e-14,1,1.15385,0.217704
1.28,1.3,1.54726e-15,1,1.15385,0.217704
1.32,1.3,1.49223e-16,1,1.15385,0.217704
1.36,1.3,6.4657e-18,1,1.15385,0.217704
1.4,1.3,2.5382e-19,1,1.15385,0.217704
1.44,1.3,9.69585e-21,1,1.15385,0.217704
1.48,1.3,3.55783e-22,1,1.15385,0.217704
1.52,1.3,1.23435e-23,1,1.15385,0.217704
1.56,1.3,4.11901e-25,1,1.15385,0.217704
1.6,1.3,1.34282e-26,1,1.15385,0.217704
1.64,1.3,4.29085e-28,1,1.15385,0.217704
1.68,1.3,1.34281e-29,1,1.15385,0.217704
1.72,1.3,4.10881e-31,1,1.15385,0.217704
1.76,1.3,1.22622e-32,1,1.15385,0.217704
1.8,1.3,3.55952e-34,1,1.15385,0.217704
1.84,1.3,1.00308e-35,1,1.15385,0.217704
1.88,1.3,2.74168e-37,1,1.15385,0.217704
1.92,1.3,7.26801e-39,1,1.15385,0.217704
1.96,1.3,1.86926e-40,1,1.15385,0.217704
2,1.3,4.66518e-42,1,1.15385,0.217704
2.04,1.3,1.12955e-43,1,1.15385,0.217704
2.08,1.3,2.65118e-45,1,1.15385,0.217704
2.12,1.3,6.02473e-47,1,1.15385,0.217704
2.16,1.3,1.32376e-48,1,1.15385,0.217704
2.2,1.3,2.80869e-50,1,1.15385,0.217704
2.24,1.3,5.74896e-52,1,1.15385,0.217704
2.28,1.3,1.13444e-53,1,1.15385,0.217704
2.32,1.3,2.15744e-55,1,1.15385,0.217704
2.36,1.3,3.9539e-57,1,1.15385,0.217704
2.4,1.3,6.9835e-59,1,1.15385,0.217704
2.44,1.3,1.18883e-60,1,1.15385,0.217704
2.48,1.3,1.95054e-62,1,1.15385,0.217704
2.52,1.3,3.08376e-64,1,1.15385,0.217704
2.56,1.3,4.69551e-66,1,1.15385,0.217704
2.6,1.3,6.88047e-68,1,1.15385,0.217704
2.64,1.3,9.69243e-70,1,1.15385,0.217704
2.68,1.3,1.31094e-71,1,1.15385,0.217704
2.72,1.3,1.70008e-73,1,1.15385,0.217704
2.76,1.3,2.11093e-75,1,1.15385,0.217704
2.8,1.3,2.50598e-77,1,1.15385,0.217704
2.84,1.3,2.84047e-79,1,1.15385,0.217704
2.88,1.3,3.0702e-81,1,1.15385,0.217704
2.92,1.3,3.16088e-83,1,1.15385,0.217704
2.96,1.3,3.09645e-85,1,1.15385,0.217704
3,1.3,2.88357e-87,1,1.15385,0.217704
3.04,1.3,2.55055e-89,1,1.15385,0.217704
3.08,1.3,2.14092e-91,1,1.15385,0.217704
3.12,1.3,1.70382e-93,1,1.15385,0.217704
3.16,1.3,1.28414e-95,1,1.15385,0.217704
3.2,1.3,9.15229e-98,1,1.15385,0.217704
3.24,1.3,6.15675e-100,1,1.15385,0.217704
3.28,1.3,3.89941e-102,1,1.15385,0.217704
3.32,1.3,2.31796e-104,1,1.15385,0.217704
3.36,1.3,1.28824e-106,1,1.15385,0.217704
3.4,1.3,6.66294e-109,1,1.15385,0.217704
3.44,1.3,3.18978e-111,1,1.15385,0.217704
3.48,1.3,1.40463e-113,1,1.15385,0.217704
3.52,1.3,5.64857e-116,1,1.15385,0.217704
3.56,1.3,2.05714e-118,1,1.15385,0.217704
3.6,1.3,6.71893e-121,1,1.15385,0.217704
3.64,1.3,1.94548e-123,1,1.15385,0.217704
3.68,1.3,4.92474e-126,1,1.15385,0.217704
3.72,1.3,1.07126e-128,1,1.15385,0.217704
3.76,1.3,1.95933e-131,1,1.15385,0.217704
3.8,1.3,2.92835e-134,1,1.15385,0.217704
3.84,1.3,3.43824e-137,1,1.15385,0.217704
3.88,1.3,2.98896e-140,1,1.15385,0.217704
3.92,1.3,1.73216e-143,1,1.15385,0.217704
3.96,1.3,5.14799e-147,1,1.15385,0.217704
4,1.3,0,1,1.15385,0.217704
4.04,1.3,0,1,1.15385,0.217704
4.08,1.3,0,1,1.15385,0.217704
4.12,1.3,0,1,1.15385,0.217704
4.16,1.3,0,1,1.15385,0.217704
4.2,1.3,0,1,1.15385,0.217704
4.24,1.3,0,1,1.15385,0.217704
4.28,1.3,0,1,1.15385,0.217704
4.32,1.3,0,1,1.15385,0.217704
4.36,1.3,0,1,1.15385,0.217704
4.4,1.3,0,1,1.15385,0.217704
4.44,1.3,0,1,1.15385,0.217704
4.48,1.3,0,1,1.15385,0.217704
4.52,1.3,0,1,1.15385,0.217704
4.56,1.3,0,1,1.15385,0.217704
4.6,1.3,0,1,1.15385,0.217704
4.64,1.3,0,1,1.15385,0.217704
4.68,1.3,0,1,1.15385,0.217704
4.72,1.3,0,1,1.15385,0.217704
4.76,1.3,0,1,1.15385,0.217704
4.8,1.3,0,1,1.15385,0.217704
4.84,1.3,0,1,1.15385,0.217704
4.88,1.3,0,1,1.15385,0.217704
4.92,1.3,0,1,1.15385,0.217704
4.96,1.3,0,1,1.15385,0.217704
5,1.3,0,1,1.15385,0.217704
5.04,1.3,0,1,1.15385,0.217704
5.08,1.3,0,1,1.15385,0.217704
5.12,1.3,0,1,1.15385,0.217704
5.16,1.3,0,1,1.15385,0.217704
5.2,1.3,0,1,1.15385,0.217704
5.24,1.3,0,1,1.15385,0.217704
5.28,1.3,0,1,1.15385,0.217704
5.32,1.3,0,1,1.15385,0.217704
5.36,1.3,0,1,1.15385,0.217704
5.4,1.3,0,1,1.15385,0.217704
5.44,1.3,0,1,1.15385,0.217704
5.48,1.3,0,1,1.15385,0.217704
5.52,1.3,0,1,1.15385,0.217704
5.56,1.3,0,1,1.15385,0.217704
5.6,1.3,0,1,1.15385,0.217704
5.64,1.3,0,1,1.15385,0.217704
5.68,1.3,0,1,1.15385,0.217704
5.72,1.3,0,1,1.15385,0.217704
5.76,1.3,0,1,1.15385,0.217704
5.8,1.3,0,1,1.15385,0.217704
5.84,1.3,0,1,1.15385,0.217704
5.88,1.3,0,1,1.15385,0.217704
5.92,1.3,0,1,1.15385,0.217704
5.96,1.3,0,1,1.15385,0.217704
6,1.3,0,1,1.15385,0.217704
6.04,1.3,0,1,1.15385,0.217704
6.08,1.3,0,1,1.15385,0.217704
6.12,1.3,0,1,1.15385,0.217704
6.16,1.3,0,1,1.15385,0.217704
6.2,1.3,0,1,1.15385,0.217704
6.24,1.3,0,1,1.15385,0.217704
6.28,1.3,0,1,1.15385,0.217704
6.32,1.3,0,1,1.15385,0.217704
6.36,1.3,0,1,1.15385,0.217704
6.4,1.3,0,1,1.15385,0.217704
6.44,1.3,0,1,1.15385,0.217704
6.48,1.3,0,1,1.15385,0.217704
6.52,1.3,0,1,1.15385,0.217704
6.56,1.3,0,1,1.15385,0.217704
6.6,1.3,0,1,1.15385,0.217704
6.64,1.3,0,1,1.15385,0.217704
6.68,1.3,0,1,1.15385,0.217704
6.72,1.3,0,1,1.15385,0.217704
6.76,1.3,0,1,1.15385,0.217704
6.8,1.3,0,1,1.15385,0.217704
6.84,1.3,0,1,1.15385,0.217704
6.88,1.3,0,1,1.15385,0.217704
6.92,1.3,0,1,1.15385,0.217704
6.96,1.3,0,1,1.15385,0.217704
7,1.3,0,1,1.15385,0.217704
7.04,1.3,0,1,1.15385,0.217704
7.08,1.3,0,1,1.15385,0.217704
7.12,1.3,0,1,1.15385,0.217704
7.16,1.3,0,1,1.15385,0.217704
7.2,1.3,0,1,1.15385,0.217704
7.24,1.3,0,1,1.15385,0.217704
7.28,1.3,0,1,1.15385,0.217704
7.32,1.3,0,1,1.15385,0.217704
7.36,1.3,0,1,1.15385,0.217704
7.4,1.3,0,1,1.15385,0.217704
7.44,1.3,0,1,1.15385,0.217704
7.48,1.3,0,1,1.15385,0.217704
7.52,1.3,0,1,1.15385,0.217704
7.56,1.3,0,1,1.15385,0.217704
7.6,1.3,0,1,1.15385,0.217704
7.64,1.3,0,1,1.15385,0.217704
7.68,1.3,0,1,1.15385,0.217704
7.72,1.3,0,1,1.15385,0.217704
7.76,1.3,0,1,1.15385,0.217704
7.8,1.3,0,1,1.15385,0.217704
7.84,1.3,0,1,1.15385,0.217704
7.88,1.3,0,1,1.15385,0.217704
7.92,1.3,0,1,1.15385,0.217704
7.96,1.3,0,1,1.15385,0.217704
8,1.3,0,1,1.15385,0.217704
8.04,1.3,0,1,1.15385,0.217704
8.08,1.3,0,1,1.15385,0.217704
8.12,1.3,0,1,1.15385,0.217704
8.16,1.3,0,1,1.15385,0.217704
8.2,1.3,0,1,1.15385,0.217704
8.24,1.3,0,1,1.15385,0.217704
8.28,1.3,0,1,1.15385,0.217704
8.32,1.3,0,1,1.15385,0.217704
8.36,1.3,0,1,1.15385,0.217704
8.4,1.3,0,1,1.15385,0.217704
8.44,1.3,0,1,1.15385,0.217704
8.48,1.3,0,1,1.15385,0.217704
8.52,1.3,0,1,1.15385,0.217704
8.56,1.3,0,1,1.15385,0.217704
8.6,1.3,0,1,1.15385,0.217704
8.64,1.3,0,1,1.15385,0.217704
8.68,1.3,0,1,1.15385,0.217704
8.72,1.3,0,1,1.15385,0.217704
8.76,1.3,0,1,1.15385,0.217704
8.8,1.3,0,1,1.15385,0.217704
8.84,1.3,0,1,1.15385,0.217704
8.88,1.3,0,1,1.15385,0.217704
8.92,1.3,0,1,1.15385,0.217704
8.96,1.3,0,1,1.15385,0.217704
9,1.3,0,1,1.15385,0.217704
9.04,1.3,0,1,1.15385,0.217704
9.08,1.3,0,1,1.15385,0.217704
9.12,1.3,0,1,1.15385,0.217704
9.16,1.3,0,1,1.15385,0.217704
9.2,1.3,0,1,1.15385,0.217704
9.24,1.3,0,1,1.15385,0.217704
9.28,1.3,0,1,1.15385,0.217704
9.32,1.3,0,1,1.15385,0.217704
9.36,1.3,0,1,1.15385,0.217704
9.4,1.3,0,1,1.15385,0.217704
9.44,1.3,0,1,1.15385,0.217704
9.48,1.3,0,1,1.15385,0.217704
9.52,1.3,0,1,1.15385,0.217704
9.56,1.3,0,1,1.15385,0.217704
9.6,1.3,0,1,1.15385,0.217704
9.64,1.3,0,1,1.15385,0.217704
9.68,1.3,0,1,1.15385,0.217704
9.72,1.3,0,1,1.15385,0.217704
9.76,1.3,0,1,1.15385,0.217704
9.8,1.3,0,1,1.15385,0.217704
9.84,1.3,0,1,1.15385,0.217704
9.88,1.3,0,1,1.15385,0.217704
9.92,1.3,0,1,1.15385,0.217704
9.96,1.3,0,1,1.15385,0.217704
10,1.3,0,1,1.15385,0.217704
-10,13,0,10,1.15385,0.316012
-9.96,13,0,10,1.15385,0.316012
-9.92,13,0,10,1.15385,0.316012
-9.88,13,0,10,1.15385,0.316012
-9.84,13,0,10,1.15385,0.316012
-9.8,13,0,10,1.15385,0.316012
-9.76,13,0,10,1.15385,0.316012
-9.72,13,0,10,1.15385,0.316012
-9.68,13,0,10,1.15385,0.316012
-9.64,13,0,10,1.15385,0.316012
-9.6,13,0,10,1.15385,0.316012
-9.56,13,0,10,1.15385,0.316012
-9.52,13,0,10,1.15385,0.316012
-9.48,13,0,10,1.15385,0.316012
-9.44,13,0,10,1.15385,0.316012
-9.4,13,0,10,1.15385,0.316012
-9.36,13,0,10,1.15385,0.316012
-9.32,13,0,10,1.15385,0.316012
-9.28,13,0,10,1.15385,0.316012
-9.24,13,0,10,1.15385,0.316012
-9.2,13,0,10,1.15385,0.316012
-9.16,13,0,10,1.15385,0.316012
-9.12,13,0,10,1.15385,0.316012
-9.08,13,0,10,1.15385,0.316012
-9.04,13,0,10,1.15385,0.316012
-9,13,0,10,1.15385,0.316012
-8.96,13,0,10,1.15385,0.316012
-8.92,13,0,10,1.15385,0.316012
-8.88,13,0,10,1.15385,0.316012
-8.84,13,0,10,1.15385,0.316012
-8.8,13,0,10,1.15385,0.316012
-8.76,13,0,10,1.15385,0.316012
-8.72,13,0,10,1.15385,0.316012
-8.68,13,0,10,1.15385,0.316012
-8.64,13,0,10,1.15385,0.316012
-8.6,13,0,10,1.15385,0.316012
-8.56,13,0,10,1.15385,0.316012
-8.52,13,0,10,1.15385,0.316012
-8.48,13,0,10,1.15385,0.316012
-8.44,13,0,10,1.15385,0.316012
-8.4,13,0,10,1.15385,0.316012
-8.36,13,0,10,1.15385,0.316012
-8.32,13,0,10,1.15385,0.316012
-8.28,13,0,10,1.15385,0.316012
-8.24,13,0,10,1.15385,0.316012
-8.2,13,0,10,1.15385,0.316012
-8.16,13,0,10,1.15385,0.316012
-8.12,13,0,10,1.15385,0.316012
-8.08,13,0,10,1.15385,0.316012
-8.04,13,0,10,1.15385,0.316012
-8,13,0,10,1.15385,0.316012
-7.96,13,0,10,1.15385,0.316012
-7.92,13,0,10,1.15385,0.316012
-7.88,13,0,10,1.15385,0.316012
-7.84,13,0,10,1.15385,0.316012
-7.8,13,0,10,1.15385,0.316012
-7.76,13,0,10,1.15385,0.316012
-7.72,13,0,10,1.15385,0.316012
-7.68,13,0,10,1.15385,0.316012
-7.64,13,0,10,1.15385,0.316012
-7.6,13,0,10,1.15385,0.316012
-7.56,13,0,10,1.15385,0.316012
-7.52,13,0,10,1.15385,0.316012
-7.48,13,0,10,1.15385,0.316012
-7.44,13,0,10,1.15385,0.316012
-7.4,13,0,10,1.15385,0.316012
-7.36,13,0,10,1.15385,0.316012
-7.32,13,0,10,1.15385,0.316012
-7.28,13,0,10,1.15385,0.316012
-7.24,13,0,10,1.15385,0.316012
-7.2,13,0,10,1.15385,0.316012
-7.16,13,0,10,1.15385,0.316012
-7.12,13,0,10,1.15385,0.316012
-7.08,13,0,10,1.15385,0.316012
-7.04,13,0,10,1.15385,0.316012
-7,13,0,10,1.15385,0.316012
-6.96,13,0,10,1.15385,0.316012
-6.92,13,0,10,1.15385,0.316012
-6.88,13,0,10,1.15385,0.316012
-6.84,13,0,10,1.15385,0.316012
-6.8,13,0,10,1.15385,0.316012
-6.76,13,0,10,1.15385,0.316012
-6.72,13,0,10,1.15385,0.316012
-6.68,13,0,10,1.15385,0.316012
-6.64,13,0,10,1.15385,0.316012
-6.6,13,0,10,1.15385,0.316012
-6.56,13,0,10,1.15385,0.316012
-6.52,13,0,10,1.15385,0.316012
-6.48,13,0,10,1.15385,0.316012
-6.44,13,0,10,1.15385,0.316012
-6.4,13,0,10,1.15385,0.316012
-6.36,13,0,10,1.15385,0.316012
-6.32,13,0,10,1.15385,0.316012
-6.28,13,0,10,1.15385,0.316012
-6.24,13,0,10,1.15385,0.316012
-6.2,13,0,10,1.15385,0.316012
-6.16,13,0,10,1.15385,0.316012
-6.12,13,0,10,1.15385,0.316012
-6.08,13,0,10,1.15385,0.316012
-6.04,13,0,10,1.15385,0.316012
-6,13,4.4849e-226,10,1.15385,0.316012
-5.96,13,2.26736e-222,10,1.15385,0.316012
-5.92,13,5.72011e-219,10,1.15385,0.316012
-5.88,13,9.57861e-216,10,1.15385,0.316012
-5.84,13,1.19594e-212,10,1.15385,0.316012
-5.8,13,1.18663e-209,10,1.15385,0.316012
-5.76,13,9.74442e-207,10,1.15385,0.316012
-5.72,13,6.81278e-204,10,1.15385,0.316012
-5.68,13,4.14123e-201,10,1.15385,0.316012
-5.64,13,2.22432e-198,10,1.15385,0.316012
-5.6,13,1.0693e-195,10,1.15385,0.316012
-5.56,13,4.64883e-193,10,1.15385,0.316012
-5.52,13,1.84339e-190,10,1.15385,0.316012
-5.48,13,6.71379e-188,10,1.15385,0.316012
-5.44,13,2.25908e-185,10,1.15385,0.316012
-5.4,13,7.05724e-183,10,1.15385,0.316012
-5.36,13,2.05526e-180,10,1.15385,0.316012
-5.32,13,5.5996e-178,10,1.15385,0.316012
-5.28,13,1.43158e-175,10,1.15385,0.316012
-5.24,13,3.44344e-173,10,1.15385,0.316012
-5.2,13,7.81083e-171,10,1.15385,0.316012
-5.16,13,1.67432e-168,10,1.15385,0.316012
-5.12,13,3.39815e-166,10,1.15385,0.316012
-5.08,13,6.54132e-164,10,1.15385,0.316012
-5.04,13,1.19623e-161,10,1.15385,0.316012
-5,13,2.08136e-159,10,1.15385,0.316012
-4.96,13,3.45057e-157,10,1.15385,0.316012
-4.92,13,5.458e-155,10,1.15385,0.316012
-4.88,13,8.24783e-153,10,1.15385,0.316012
-4.84,13,1.19219e-150,10,1.15385,0.316012
-4.8,13,1.6503e-148,10,1.15385,0.316012
-4.76,13,2.19021e-146,10,1.15385,0.316012
-4.72,13,2.78987e-144,10,1.15385,0.316012
-4.68,13,3.41437e-142,10,1.15385,0.316012
-4.64,13,4.01884e-140,10,1.15385,0.316012
-4.6,13,4.55376e-138,10,1.15385,0.316012
-4.56,13,4.97191e-136,10,1.15385,0.316012
-4.52,13,5.23535e-134,10,1.15385,0.316012
-4.48,13,5.32124e-132,10,1.15385,0.316012
-4.44,13,5.22499e-130,10,1.15385,0.316012
-4.4,13,4.96036e-128,10,1.15385,0.316012
-4.36,13,4.55653e-126,10,1.15385,0.316012
-4.32,13,4.05302e-124,10,1.15385,0.316012
-4.28,13,3.49353e-122,10,1.15385,0.316012
-4.24,13,2.92012e-120,10,1.15385,0.316012
-4.2,13,2.36857e-118,10,1.15385,0.316012
-4.16,13,1.86555e-116,10,1.15385,0.316012
-4.12,13,1.42771e-114,10,1.15385,0.316012
-4.08,13,1.0623e-112,10,1.15385,0.316012
-4.04,13,7.68899e-111,10,1.15385,0.316012
-4,13,5.41673e-109,10,1.15385,0.316012
-3.96,13,3.71583e-107,10,1.15385,0.316012
-3.92,13,2.48318e-105,10,1.15385,0.316012
-3.88,13,1.61716e-103,10,1.15385,0.316012
-3.84,13,1.02666e-101,10,1.15385,0.316012
-3.8,13,6.35522e-100,10,1.15385,0.316012
-3.76,13,3.83668e-98,10,1.15385,0.316012
-3.72,13,2.25923e-96,10,1.15385,0.316012
-3.68,13,1.29775e-94,10,1.15385,0.316012
-3.64,13,7.27243e-93,10,1.15385,0.316012
-3.6,13,3.97595e-91,10,1.15385,0.316012
-3.56,13,2.12076e-89,10,1.15385,0.316012
-3.52,13,1.10369e-87,10,1.15385,0.316012
-3.48,13,5.60426e-86,10,1.15385,0.316012
-3.44,13,2.77671e-84,10,1.15385,0.316012
-3.4,13,1.3425e-82,10,1.15385,0.316012
-3.36,13,6.3344e-81,10,1.15385,0.316012
-3.32,13,2.91713e-79,10,1.15385,0.316012
-3.28,13,1.31137e-77,10,1.15385,0.316012
-3.24,13,5.75538e-76,10,1.15385,0.316012
-3.2,13,2.46649e-74,10,1.15385,0.316012
-3.16,13,1.03232e-72,10,1.15385,0.316012
-3.12,13,4.2205e-71,10,1.15385,0.316012
-3.08,13,1.68578e-69,10,1.15385,0.316012
-3.04,13,6.57976e-68,10,1.15385,0.316012
-3,13,2.50995e-66,10,1.15385,0.316012
-2.96,13,9.35931e-65,10,1.15385,0.316012
-2.92,13,3.4121e-63,10,1.15385,0.316012
-2.88,13,1.2164e-61,10,1.15385,0.316012
-2.84,13,4.24119e-60,10,1.15385,0.316012
-2.8,13,1.44658e-58,10,1.15385,0.316012
-2.76,13,4.82765e-57,10,1.15385,0.316012
-2.72,13,1.57675e-55,10,1.15385,0.316012
-2.68,13,5.04111e-54,10,1.15385,0.316012
-2.64,13,1.57807e-52,10,1.15385,0.316012
-2.6,13,4.83785e-51,10,1.15385,0.316012
-2.56,13,1.45274e-49,10,1.15385,0.316012
-2.52,13,4.27374e-48,10,1.15385,0.316012
-2.48,13,1.23191e-46,10,1.15385,0.316012
-2.44,13,3.48e-45,10,1.15385,0.316012
-2.4,13,9.63619e-44,10,1.15385,0.316012
-2.36,13,2.6162e-42,10,1.15385,0.316012
-2.32,13,6.96637e-41,10,1.15385,0.316012
-2.28,13,1.81983e-39,10,1.15385,0.316012
-2.24,13,4.66482e-38,10,1.15385,0.316012
-2.2,13,1.17344e-36,10,1.15385,0.316012
-2.16,13,2.89674e-35,10,1.15385,0.316012
-2.12,13,7.01735e-34,10,1.15385,0.316012
-2.08,13,1.66828e-32,10,1.15385,0.316012
-2.04,13,3.89279e-31,10,1.15385,0.316012
-2,13,8.9173e-30,10,1.15385,0.316012
-1.96,13,2.00541e-28,10,1.15385,0.316012
-1.92,13,4.42568e-27,10,1.15385,0.316012
-1.88,13,9.57542e-26,10,1.15385,0.316012
-1.84,13,2.0298e-24,10,1.15385,0.316012
-1.8,13,4.21741e-23,10,1.15385,0.316012
-1.76,13,8.58913e-22,10,1.15385,0.316012
-1.72,13,1.71824e-20,10,1.15385,0.316012
-1.68,13,3.43752e-19,10,1.15385,0.316012
-1.64,13,6.93462e-18,10,1.15385,0.316012
-1.6,13,1.29281e-16,10,1.15385,0.316012
-1.56,13,1.00501e-15,10,1.15385,0.316012
-1.52,13,5.82645e-15,10,1.15385,0.316012
-1.48,13,3.13917e-14,10,1.15385,0.316012
-1.44,13,1.62102e-13,10,1.15385,0.316012
-1.4,13,8.06958e-13,10,1.15385,0.316012
-1.36,13,3.87205e-12,10,1.15385,0.316012
-1.32,13,1.78995e-11,10,1.15385,0.316012
-1.28,13,7.96591e-11,10,1.15385,0.316012
-1.24,13,3.41011e-10,10,1.15385,0.316012
-1.2,13,1.40303e-09,10,1.15385,0.316012
-1.16,13,5.54275e-09,10,1.15385,0.316012
-1.12,13,2.10047e-08,10,1.15385,0.316012
-1.08,13,7.62737e-08,10,1.15385,0.316012
-1.04,13,2.65098e-07,10,1.15385,0.316012
-1,13,8.80795e-07,9.99999,1.15385,0.316012
-0.96,13,2.79386e-06,9.99996,1.15384,0.316012
-0.92,12.9999,8.44836e-06,9.99988,1.15384,0.316012
-0.88,12.9997,2.43168e-05,9.99964,1.15383,0.316012
-0.84,12.9992,6.65095e-05,9.99902,1.1538,0.316012
-0.8,12.998,0.000172555,9.99746,1.15373,0.316012
-0.76,12.9951,0.000423864,9.99376,1.15356,0.316012
-0.72,12.9887,0.0009839,9.98553,1.15318,0.316012
-0.68,12.9753,0.00215432,9.96833,1.15238,0.316012
-0.64,12.9491,0.00444253,9.93477,1.15083,0.316012
-0.6,12.9013,0.00861942,9.87374,1.148,0.316012
-0.56,12.8202,0.015732,9.77048,1.14318,0.316012
-0.52,12.6919,0.0270372,9.60805,1.13553,0.316012
-0.48,12.5025,0.0438513,9.3703,1.12421,0.316012
-0.44,12.2408,0.067351,9.0456,1.10845,0.316012
-0.4,11.9002,0.0983965,8.62997,1.08779,0.316012
-0.36,11.48,0.137433,8.12835,1.06206,0.316012
-0.32,10.9854,0.184495,7.55376,1.03143,0.316012
-0.28,10.4257,0.239279,6.92482,0.996314,0.316012
-0.24,9.81285,0.301249,6.26283,0.95734,0.316012
-0.2,9.16033,0.369713,5.58926,0.915239,0.316012
-0.16,8.48223,0.443816,4.92448,0.870847,0.316012
-0.12,7.79455,0.522356,4.288,0.825193,0.316012
-0.08,7.11965,0.603121,3.70138,0.779825,0.316012
-0.04,6.50062,0.680792,3.1976,0.737837,0.316012
0,6.03945,0.740412,2.84848,0.707469,0.316012
0.04,5.91273,0.748874,2.79629,0.70939,0.316012
0.08,5.70411,0.752228,2.76975,0.728356,0.316012
0.12,5.3229,0.753629,2.7513,0.77532,0.316012
0.16,4.76203,0.753826,2.73657,0.861997,0.316012
0.2,4.10503,0.753054,2.72341,0.995149,0.316012
0.24,3.47773,0.751176,2.70985,1.1688,0.316012
0.28,2.97819,0.747455,2.69255,1.35613,0.316012
0.32,2.6381,0.739854,2.66439,1.51495,0.316012
0.36,2.42894,0.723812,2.61086,1.61235,0.316012
0.4,2.29091,0.69098,2.50749,1.64181,0.316012
0.44,2.16142,0.629433,2.32481,1.61339,0.316012
0.48,1.99778,0.528434,2.04965,1.53895,0.316012
0.52,1.79715,0.390843,1.71797,1.43391,0.316012
0.56,1.59991,0.244755,1.41395,1.32565,0.316012
0.6,1.45314,0.128773,1.20395,1.24277,0.316012
0.64,1.36854,0.0587239,1.08938,1.19402,0.316012
0.68,1.32804,0.0242563,1.0362,1.17037,0.316012
0.72,1.31079,0.00937199,1.01387,1.16022,0.316012
0.76,1.30396,0.00344403,1.00508,1.15619,0.316012
0.8,1.30139,0.00121211,1.00179,1.15467,0.316012
0.84,1.30047,0.00040956,1.0006,1.15412,0.316012
0.88,1.30015,0.000132955,1.0002,1.15394,0.316012
0.92,1.30005,4.14745e-05,1.00006,1.15387,0.316012
0.96,1.30001,1.24335e-05,1.00002,1.15385,0.316012
1,1.3,3.58279e-06,1.00001,1.15385,0.316012
1.04,1.3,9.92606e-07,1,1.15385,0.316012
1.08,1.3,2.64494e-07,1,1.15385,0.316012
1.12,1.3,6.78139e-08,1,1.15385,0.316012
1.16,1.3,1.67373e-08,1,1.15385,0.316012
1.2,1.3,3.97861e-09,1,1.15385,0.316012
1.24,1.3,9.1133e-10,1,1.15385,0.316012
1.28,1.3,2.01252e-10,1,1.15385,0.316012
1.32,1.3,4.28697e-11,1,1.15385,0.316012
1.36,1.3,8.81302e-12,1,1.15385,0.316012
1.4,1.3,1.7495e-12,1,1.15385,0.316012
1.44,1.3,3.35535e-13,1,1.15385,0.316012
1.48,1.3,6.2158e-14,1,1.15385,0.316012
1.52,1.3,1.11375e-14,1,1.15385,0.316012
1.56,1.3,1.87884e-15,1,1.15385,0.316012
1.6,1.3,2.60268e-16,1,1.15385,0.316012
1.64,1.3,1.50213e-17,1,1.15385,0.316012
1.68,1.3,7.61884e-19,1,1.15385,0.316012
1.72,1.3,3.71178e-20,1,1.15385,0.316012
1.76,1.3,1.79406e-21,1,1.15385,0.316012
1.8,1.3,8.5003e-23,1,1.15385,0.316012
1.84,1.3,3.91245e-24,1,1.15385,0.316012
1.88,1.3,1.75293e-25,1,1.15385,0.316012
1.92,1.3,7.67095e-27,1,1.15385,0.316012
1.96,1.3,3.28696e-28,1,1.15385,0.316012
2,1.3,1.3827e-29,1,1.15385,0.316012
2.04,1.3,5.72443e-31,1,1.15385,0.316012
2.08,1.3,2.33672e-32,1,1.15385,0.316012
2.12,1.3,9.41372e-34,1,1.15385,0.316012
2.16,1.3,3.74262e-35,1,1.15385,0.316012
2.2,1.3,1.46703e-36,1,1.15385,0.316012
2.24,1.3,5.66079e-38,1,1.15385,0.316012
2.28,1.3,2.14652e-39,1,1.15385,0.316012
2.32,1.3,7.98562e-41,1,1.15385,0.316012
2.36,1.3,2.91105e-42,1,1.15385,0.316012
2.4,1.3,1.03894e-43,1,1.15385,0.316012
2.44,1.3,3.62863e-45,1,1.15385,0.316012
2.48,1.3,1.24015e-46,1,1.15385,0.316012
2.52,1.3,4.14821e-48,1,1.15385,0.316012
2.56,1.3,1.35848e-49,1,1.15385,0.316012
2.6,1.3,4.35737e-51,1,1.15385,0.316012
2.64,1.3,1.36939e-52,1,1.15385,0.316012
2.68,1.3,4.21763e-54,1,1.15385,0.316012
2.72,1.3,1.27318e-55,1,1.15385,0.316012
2.76,1.3,3.76674e-57,1,1.15385,0.316012
2.8,1.3,1.092e-58,1,1.15385,0.316012
2.84,1.3,3.10135e-60,1,1.15385,0.316012
2.88,1.3,8.62615e-62,1,1.15385,0.316012
2.92,1.3,2.34904e-63,1,1.15385,0.316012
2.96,1.3,6.26104e-65,1,1.15385,0.316012
3,1.3,1.63293e-66,1,1.15385,0.316012
3.04,1.3,4.16622e-68,1,1.15385,0.316012
3.08,1.3,1.03961e-69,1,1.15385,0.316012
3.12,1.3,2.53658e-71,1,1.15385,0.316012
3.16,1.3,6.0501e-73,1,1.15385,0.316012
3.2,1.3,1.41026e-74,1,1.15385,0.316012
3.24,1.3,3.2117e-76,1,1.15385,0.316012
3.28,1.3,7.14398e-78,1,1.15385,0.316012
3.32,1.3,1.55162e-79,1,1.15385,0.316012
3.36,1.3,3.2896e-81,1,1.15385,0.316012
3.4,1.3,6.80596e-83,1,1.15385,0.316012
3.44,1.3,1.37376e-84,1,1.15385,0.316012
3.48,1.3,2.70463e-86,1,1.15385,0.316012
3.52,1.3,5.19263e-88,1,1.15385,0.316012
3.56,1.3,9.72009e-90,1,1.15385,0.316012
3.6,1.3,1.77373e-91,1,1.15385,0.316012
3.64,1.3,3.1548e-93,1,1.15385,0.316012
3.68,1.3,5.46841e-95,1,1.15385,0.316012
3.72,1.3,9.2361e-97,1,1.15385,0.316012
3.76,1.3,1.51978e-98,1,1.15385,0.316012
3.8,1.3,2.43587e-100,1,1.15385,0.316012
3.84,1.3,3.80199e-102,1,1.15385,0.316012
3.88,1.3,5.7774e-104,1,1.15385,0.316012
3.92,1.3,8.54453e-106,1,1.15385,0.316012
3.96,1.3,1.22949e-107,1,1.15385,0.316012
4,1.3,1.72058e-109,1,1.15385,0.316012
4.04,1.3,2.34073e-111,1,1.15385,0.316012
4.08,1.3,3.09424e-113,1,1.15385,0.316012
4.12,1.3,3.9726e-115,1,1.15385,0.316012
4.16,1.3,4.95101e-117,1,1.15385,0.316012
4.2,1.3,5.98667e-119,1,1.15385,0.316012
4.24,1.3,7.01975e-121,1,1.15385,0.316012
4.28,1.3,7.9776e-123,1,1.15385,0.316012
4.32,1.3,8.78229e-125,1,1.15385,0.316012
4.36,1.3,9.36051e-127,1,1.15385,0.316012
4.4,1.3,9.65428e-129,1,1.15385,0.316012
4.44,1.3,9.63039e-131,1,1.15385,0.316012
4.48,1.3,9.28635e-133,1,1.15385,0.316012
4.52,1.3,8.65159e-135,1,1.15385,0.316012
4.56,1.3,7.78333e-137,1,1.15385,0.316012
4.6,1.3,6.75794e-139,1,1.15385,0.316012
4.64,1.3,5.65967e-141,1,1.15385,0.316012
4.68,1.3,4.56907e-143,1,1.15385,0.316012
4.72,1.3,3.55331e-145,1,1.15385,0.316012
4.76,1.3,2.66003e-147,1,1.15385,0.316012
4.8,1.3,1.91526e-149,1,1.15385,0.316012
4.84,1.3,1.32513e-151,1,1.15385,0.316012
4.88,1.3,8.80076e-154,1,1.15385,0.316012
4.92,1.3,5.60407e-156,1,1.15385,0.316012
4.96,1.3,3.41687e-158,1,1.15385,0.316012
5,1.3,1.9918e-160,1,1.15385,0.316012
5.04,1.3,1.10823e-162,1,1.15385,0.316012
5.08,1.3,5.87438e-165,1,1.15385,0.316012
5.12,1.3,2.96037e-167,1,1.15385,0.316012
5.16,1.3,1.41508e-169,1,1.15385,0.316012
5.2,1.3,6.39978e-172,1,1.15385,0.316012
5.24,1.3,2.73072e-174,1,1.15385,0.316012
5.28,1.3,1.0959e-176,1,1.15385,0.316012
5.32,1.3,4.12238e-179,1,1.15385,0.316012
5.36,1.3,1.44792e-181,1,1.15385,0.316012
5.4,1.3,4.72817e-184,1,1.15385,0.316012
5.44,1.3,1.42854e-186,1,1.15385,0.316012
5.48,1.3,3.97148e-189,1,1.15385,0.316012
5.52,1.3,1.00955e-191,1,1.15385,0.316012
5.56,1.3,2.32934e-194,1,1.15385,0.316012
5.6,1.3,4.83645e-197,1,1.15385,0.316012
5.64,1.3,8.94412e-200,1,1.15385,0.316012
5.68,1.3,1.45488e-202,1,1.15385,0.316012
5.72,1.3,2.0493e-205,1,1.15385,0.316012
5.76,1.3,2.44983e-208,1,1.15385,0.316012
5.8,1.3,2.4191e-211,1,1.15385,0.316012
5.84,1.3,1.898e-214,1,1.15385,0.316012
5.88,1.3,1.11295e-217,1,1.15385,0.316012
5.92,1.3,4.35795e-221,1,1.15385,0.316012
5.96,1.3,8.60983e-225,1,1.15385,0.316012
6,1.3,0,1,1.15385,0.316012
6.04,1.3,0,1,1.15385,0.316012
6.08,1.3,0,1,1.15385,0.316012
6.12,1.3,0,1,1.15385,0.316012
6.16,1.3,0,1,1.15385,0.316012
6.2,1.3,0,1,1.15385,0.316012
6.24,1.3,0,1,1.15385,0.316012
6.28,1.3,0,1,1.15385,0.316012
6.32,1.3,0,1,1.15385,0.316012
6.36,1.3,0,1,1.15385,0.316012
6.4,1.3,0,1,1.15385,0.316012
6.44,1.3,0,1,1.15385,0.316012
6.48,1.3,0,1,1.15385,0.316012
6.52,1.3,0,1,1.15385,0.316012
6.56,1.3,0,1,1.15385,0.316012
6.6,1.3,0,1,1.15385,0.316012
6.64,1.3,0,1,1.15385,0.316012
6.68,1.3,0,1,1.15385,0.316012
6.72,1.3,0,1,1.15385,0.316012
6.76,1.3,0,1,1.15385,0.316012
6.8,1.3,0,1,1.15385,0.316012
6.84,1.3,0,1,1.15385,0.316012
6.88,1.3,0,1,1.15385,0.316012
6.92,1.3,0,1,1.15385,0.316012
6.96,1.3,0,1,1.15385,0.316012
7,1.3,0,1,1.15385,0.316012
7.04,1.3,0,1,1.15385,0.316012
7.08,1.3,0,1,1.15385,0.316012
7.12,1.3,0,1,1.15385,0.316012
7.16,1.3,0,1,1.15385,0.316012
7.2,1.3,0,1,1.15385,0.316012
7.24,1.3,0,1,1.15385,0.316012
7.28,1.3,0,1,1.15385,0.316012
7.32,1.3,0,1,1.15385,0.316012
7.36,1.3,0,1,1.15385,0.316012
7.4,1.3,0,1,1.15385,0.316012
7.44,1.3,0,1,1.15385,0.316012
7.48,1.3,0,1,1.15385,0.316012
7.52,1.3,0,1,1.15385,0.316012
7.56,1.3,0,1,1.15385,0.316012
7.6,1.3,0,1,1.15385,0.316012
7.64,1.3,0,1,1.15385,0.316012
7.68,1.3,0,1,1.15385,0.316012
7.72,1.3,0,1,1.15385,0.316012
7.76,1.3,0,1,1.15385,0.316012
7.8,1.3,0,1,1.15385,0.316012
7.84,1.3,0,1,1.15385,0.316012
7.88,1.3,0,1,1.15385,0.316012
7.92,1.3,0,1,1.15385,0.316012
7.96,1.3,0,1,1.15385,0.316012
8,1.3,0,1,1.15385,0.316012
8.04,1.3,0,1,1.15385,0.316012
8.08,1.3,0,1,1.15385,0.316012
8.12,1.3,0,1,1.15385,0.316012
8.16,1.3,0,1,1.15385,0.316012
8.2,1.3,0,1,1.15385,0.316012
8.24,1.3,0,1,1.15385,0.316012
8.28,1.3,0,1,1.15385,0.316012
8.32,1.3,0,1,1.15385,0.316012
8.36,1.3,0,1,1.15385,0.316012
8.4,1.3,0,1,1.15385,0.316012
8.44,1.3,0,1,1.15385,0.316012
8.48,1.3,0,1,1.15385,0.316012
8.52,1.3,0,1,1.15385,0.316012
8.56,1.3,0,1,1.15385,0.316012
8.6,1.3,0,1,1.15385,0.316012
8.64,1.3,0,1,1.15385,0.316012
8.68,1.3,0,1,1.15385,0.316012
8.72,1.3,0,1,1.15385,0.316012
8.76,1.3,0,1,1.15385,0.316012
8.8,1.3,0,1,1.15385,0.316012
8.84,1.3,0,1,1.15385,0.316012
8.88,1.3,0,1,1.15385,0.316012
8.92,1.3,0,1,1.15385,0.316012
8.96,1.3,0,1,1.15385,0.316012
9,1.3,0,1,1.15385,0.316012
9.04,1.3,0,1,1.15385,0.316012
9.08,1.3,0,1,1.15385,0.316012
9.12,1.3,0,1,1.15385,0.316012
9.16,1.3,0,1,1.15385,0.316012
9.2,1.3,0,1,1.15385,0.316012
9.24,1.3,0,1,1.15385,0.316012
9.28,1.3,0,1,1.15385,0.316012
9.32,1.3,0,1,1.15385,0.316012
9.36,1.3,0,1,1.15385,0.316012
9.4,1.3,0,1,1.15385,0.316012
9.44,1.3,0,1,1.15385,0.316012
9.48,1.3,0,1,1.15385,0.316012
9.52,1.3,0,1,1.15385,0.316012
9.56,1.3,0,1,1.15385,0.316012
9.6,1.3,0,1,1.15385,0.316012
9.64,1.3,0,1,1.15385,0.316012
9.68,1.3,0,1,1.15385,0.316012
9.72,1.3,0,1,1.15385,0.316012
9.76,1.3,0,1,1.15385,0.316012
9.8,1.3,0,1,1.15385,0.316012
9.84,1.3,0,1,1.15385,0.316012
9.88,1.3,0,1,1.15385,0.316012
9.92,1.3,0,1,1.15385,0.316012
9.96,1.3,0,1,1.15385,0.316012
10,1.3,0,1,1.15385,0.316012
-10,13,0,10,1.15385,0.412269
-9.96,13,0,10,1.15385,0.412269
-9.92,13,0,10,1.15385,0.412269
-9.88,13,0,10,1.15385,0.412269
-9.84,13,0,10,1.15385,0.412269
-9.8,13,0,10,1.15385,0.412269
-9.76,13,0,10,1.15385,0.412269
-9.72,13,0,10,1.15385,0.412269
-9.68,13,0,10,1.15385,0.412269
-9.64,13,0,10,1.15385,0.412269
-9.6,13,0,10,1.15385,0.412269
-9.56,13,0,10,1.15385,0.412269
-9.52,13,0,10,1.15385,0.412269
-9.48,13,0,10,1.15385,0.412269
-9.44,13,0,10,1.15385,0.412269
-9.4,13,0,10,1.15385,0.412269
-9.36,13,0,10,1.15385,0.412269
-9.32,13,0,10,1.15385,0.412269
-9.28,13,0,10,1.15385,0.412269
-9.24,13,0,10,1.15385,0.412269
-9.2,13,0,10,1.15385,0.412269
-9.16,13,0,10,1.15385,0.412269
-9.12,13,0,10,1.15385,0.412269
-9.08,13,0,10,1.15385,0.412269
-9.04,13,0,10,1.15385,0.412269
-9,13,0,10,1.15385,0.412269
-8.96,13,0,10,1.15385,0.412269
-8.92,13,0,10,1.15385,0.412269
-8.88,13,0,10,1.15385,0.412269
-8.84,13,0,10,1.15385,0.412269
-8.8,13,0,10,1.15385,0.412269
-8.76,13,0,10,1.15385,0.412269
-8.72,13,0,10,1.15385,0.412269
-8.68,13,0,10,1.15385,0.412269
-8.64,13,0,10,1.15385,0.412269
-8.6,13,0,10,1.15385,0.412269
-8.56,13,0,10,1.15385,0.412269
-8.52,13,0,10,1.15385,0.412269
-8.48,13,0,10,1.15385,0.412269
-8.44,13,0,10,1.15385,0.412269
-8.4,13,0,10,1.15385,0.412269
-8.36,13,0,10,1.15385,0.412269
-8.32,13,0,10,1.15385,0.412269
-8.28,13,0,10,1.15385,0.412269
-8.24,13,0,10,1.15385,0.412269
-8.2,13,0,10,1.15385,0.412269
-8.16,13,0,10,1.15385,0.412269
-8.12,13,0,10,1.15385,0.412269
-8.08,13,0,10,1.15385,0.412269
-8.04,13,0,10,1.15385,0.412269
-8,13,2.61692e-304,10,1.15385,0.412269
-7.96,13,1.77705e-300,10,1.15385,0.412269
-7.92,13,6.01921e-297,10,1.15385,0.412269
-7.88,13,1.35462e-293,10,1.15385,0.412269
-7.84,13,2.27705e-290,10,1.15385,0.412269
-7.8,13,3.04805e-287,10,1.15385,0.412269
-7.76,13,3.3835e-284,10,1.15385,0.412269
-7.72,13,3.20319e-281,10,1.15385,0.412269
-7.68,13,2.64009e-278,10,1.15385,0.412269
-7.64,13,1.9246e-275,10,1.15385,0.412269
-7.6,13,1.2566e-272,10,1.15385,0.412269
-7.56,13,7.42346e-270,10,1.15385,0.412269
-7.52,13,4.00166e-267,10,1.15385,0.412269
-7.48,13,1.98234e-264,10,1.15385,0.412269
-7.44,13,9.07911e-262,10,1.15385,0.412269
-7.4,13,3.86445e-259,10,1.15385,0.412269
-7.36,13,1.53553e-256,10,1.15385,0.412269
-7.32,13,5.71812e-254,10,1.15385,0.412269
-7.28,13,2.00242e-251,10,1.15385,0.412269
-7.24,13,6.61409e-249,10,1.15385,0.412269
-7.2,13,2.06611e-246,10,1.15385,0.412269
-7.16,13,6.11832e-244,10,1.15385,0.412269
-7.12,13,1.72116e-241,10,1.15385,0.412269
-7.08,13,4.60833e-239,10,1.15385,0.412269
-7.04,13,1.17637e-236,10,1.15385,0.412269
-7,13,2.86747e-234,10,1.15385,0.412269
-6.96,13,6.68384e-232,10,1.15385,0.412269
-6.92,13,1.49174e-229,10,1.15385,0.412269
-6.88,13,3.19173e-227,10,1.15385,0.412269
-6.84,13,6.55412e-225,10,1.15385,0.412269
-6.8,13,1.29305e-222,10,1.15385,0.412269
-6.76,13,2.45336e-220,10,1.15385,0.412269
-6.72,13,4.48081e-218,10,1.15385,0.412269
-6.68,13,7.88468e-216,10,1.15385,0.412269
-6.64,13,1.33786e-213,10,1.15385,0.412269
-6.6,13,2.19069e-211,10,1.15385,0.412269
-6.56,13,3.4644e-209,10,1.15385,0.412269
-6.52,13,5.29506e-207,10,1.15385,0.412269
-6.48,13,7.82731e-205,10,1.15385,0.412269
-6.44,13,1.11981e-202,10,1.15385,0.412269
-6.4,13,1.55149e-200,10,1.15385,0.412269
-6.36,13,2.08303e-198,10,1.15385,0.412269
-6.32,13,2.71171e-196,10,1.15385,0.412269
-6.28,13,3.42486e-194,10,1.15385,0.412269
-6.24,13,4.19892e-192,10,1.15385,0.412269
-6.2,13,4.99989e-190,10,1.15385,0.412269
-6.16,13,5.78545e-188,10,1.15385,0.412269
-6.12,13,6.50859e-186,10,1.15385,0.412269
-6.08,13,7.12231e-184,10,1.15385,0.412269
-6.04,13,7.5848e-182,10,1.15385,0.412269
-6,13,7.86423e-180,10,1.15385,0.412269
-5.96,13,7.94237e-178,10,1.15385,0.412269
-5.92,13,7.81652e-176,10,1.15385,0.412269
-5.88,13,7.49944e-174,10,1.15385,0.412269
-5.84,13,7.01736e-172,10,1.15385,0.412269
-5.8,13,6.4065e-170,10,1.15385,0.412269
-5.76,13,5.70871e-168,10,1.15385,0.412269
-5.72,13,4.96695e-166,10,1.15385,0.412269
-5.68,13,4.22118e-164,10,1.15385,0.412269
-5.64,13,3.5053e-162,10,1.15385,0.412269
-5.6,13,2.8452e-160,10,1.15385,0.412269
-5.56,13,2.25809e-158,10,1.15385,0.412269
-5.52,13,1.75288e-156,10,1.15385,0.412269
-5.48,13,1.3313e-154,10,1.15385,0.412269
-5.44,13,9.89564e-153,10,1.15385,0.412269
-5.4,13,7.2007e-151,10,1.15385,0.412269
-5.36,13,5.13078e-149,10,1.15385,0.412269
-5.32,13,3.58079e-147,10,1.15385,0.412269
-5.28,13,2.44827e-145,10,1.15385,0.412269
-5.24,13,1.64027e-143,10,1.15385,0.412269
-5.2,13,1.07705e-141,10,1.15385,0.412269
-5.16,13,6.93249e-140,10,1.15385,0.412269
-5.12,13,4.37471e-138,10,1.15385,0.412269
-5.08,13,2.7069e-136,10,1.15385,0.412269
-5.04,13,1.64253e-134,10,1.15385,0.412269
-5,13,9.77497e-133,10,1.15385,0.412269
-4.96,13,5.70585e-131,10,1.15385,0.412269
-4.92,13,3.26709e-129,10,1.15385,0.412269
-4.88,13,1.83513e-127,10,1.15385,0.412269
-4.84,13,1.01126e-125,10,1.15385,0.412269
-4.8,13,5.46736e-124,10,1.15385,0.412269
-4.76,13,2.9002e-122,10,1.15385,0.412269
-4.72,13,1.50951e-120,10,1.15385,0.412269
-4.68,13,7.70939e-119,10,1.15385,0.412269
-4.64,13,3.86371e-117,10,1.15385,0.412269
-4.6,13,1.90025e-115,10,1.15385,0.412269
-4.56,13,9.17197e-114,10,1.15385,0.412269
-4.52,13,4.34494e-112,10,1.15385,0.412269
-4.48,13,2.02024e-110,10,1.15385,0.412269
-4.44,13,9.22038e-109,10,1.15385,0.412269
-4.4,13,4.13097e-107,10,1.15385,0.412269
-4.36,13,1.81696e-105,10,1.15385,0.412269
-4.32,13,7.84625e-104,10,1.15385,0.412269
-4.28,13,3.32689e-102,10,1.15385,0.412269
-4.24,13,1.3852e-100,10,1.15385,0.412269
-4.2,13,5.6639e-99,10,1.15385,0.412269
-4.16,13,2.27453e-97,10,1.15385,0.412269
-4.12,13,8.97168e-96,10,1.15385,0.412269
-4.08,13,3.47619e-94,10,1.15385,0.412269
-4.04,13,1.32317e-92,10,1.15385,0.412269
-4,13,4.94828e-91,10,1.15385,0.412269
-3.96,13,1.81825e-89,10,1.15385,0.412269
-3.92,13,6.56532e-88,10,1.15385,0.412269
-3.88,13,2.3297e-86,10,1.15385,0.412269
-3.84,13,8.12507e-85,10,1.15385,0.412269
-3.8,13,2.78535e-83,10,1.15385,0.412269
-3.76,13,9.3864e-82,10,1.15385,0.412269
-3.72,13,3.10977e-80,10,1.15385,0.412269
-3.68,13,1.013e-78,10,1.15385,0.412269
-3.64,13,3.2448e-77,10,1.15385,0.412269
-3.6,13,1.02213e-75,10,1.15385,0.412269
-3.56,13,3.16669e-74,10,1.15385,0.412269
-3.52,13,9.65002e-73,10,1.15385,0.412269
-3.48,13,2.8928e-71,10,1.15385,0.412269
-3.44,13,8.53137e-70,10,1.15385,0.412269
-3.4,13,2.47555e-68,10,1.15385,0.412269
-3.36,13,7.06837e-67,10,1.15385,0.412269
-3.32,13,1.98613e-65,10,1.15385,0.412269
-3.28,13,5.49261e-64,10,1.15385,0.412269
-3.24,13,1.49512e-62,10,1.15385,0.412269
-3.2,13,4.00628e-61,10,1.15385,0.412269
-3.16,13,1.05685e-59,10,1.15385,0.412269
-3.12,13,2.74491e-58,10,1.15385,0.412269
-3.08,13,7.01964e-57,10,1.15385,0.412269
-3.04,13,1.76767e-55,10,1.15385,0.412269
-3,13,4.38334e-54,10,1.15385,0.412269
-2.96,13,1.07039e-52,10,1.15385,0.412269
-2.92,13,2.57405e-51,10,1.15385,0.412269
-2.88,13,6.09586e-50,10,1.15385,0.412269
-2.84,13,1.42165e-48,10,1.15385,0.412269
-2.8,13,3.26504e-47,10,1.15385,0.412269
-2.76,13,7.38456e-46,10,1.15385,0.412269
-2.72,13,1.64482e-44,10,1.15385,0.412269
-2.68,13,3.60838e-43,10,1.15385,0.412269
-2.64,13,7.79792e-42,10,1.15385,0.412269
-2.6,13,1.66049e-40,10,1.15385,0.412269
-2.56,13,3.48529e-39,10,1.15385,0.412269
-2.52,13,7.21396e-38,10,1.15385,0.412269
-2.48,13,1.4731e-36,10,1.15385,0.412269
-2.44,13,2.96877e-35,10,1.15385,0.412269
-2.4,13,5.90632e-34,10,1.15385,0.412269
-2.36,13,1.16006e-32,10,1.15385,0.412269
-2.32,13,2.24922e-31,10,1.15385,0.412269
-2.28,13,4.30437e-30,10,1.15385,0.412269
-2.24,13,8.12964e-29,10,1.15385,0.412269
-2.2,13,1.51539e-27,10,1.15385,0.412269
-2.16,13,2.7879e-26,10,1.15385,0.412269
-2.12,13,5.06155e-25,10,1.15385,0.412269
-2.08,13,9.06454e-24,10,1.15385,0.412269
-2.04,13,1.59841e-22,10,1.15385,0.412269
-2,13,2.76575e-21,10,1.15385,0.412269
-1.96,13,4.70464e-20,10,1.15385,0.412269
-1.92,13,7.97549e-19,10,1.15385,0.412269
-1.88,13,1.33414e-17,10,1.15385,0.412269
-1.84,13,2.01434e-16,10,1.15385,0.412269
-1.8,13,1.26525e-15,10,1.15385,0.412269
-1.76,13,6.18698e-15,10,1.15385,0.412269
-1.72,13,2.83705e-14,10,1.15385,0.412269
-1.68,13,1.25448e-13,10,1.15385,0.412269
-1.64,13,5.3867e-13,10,1.15385,0.412269
-1.6,13,2.24498e-12,10,1.15385,0.412269
-1.56,13,9.07329e-12,10,1.15385,0.412269
-1.52,13,3.55436e-11,10,1.15385,0.412269
-1.48,13,1.34878e-10,10,1.15385,0.412269
-1.44,13,4.95476e-10,10,1.15385,0.412269
-1.4,13,1.76085e-09,10,1.15385,0.412269
-1.36,13,6.04971e-09,10,1.15385,0.412269
-1.32,13,2.00787e-08,10,1.15385,0.412269
-1.28,13,6.43252e-08,10,1.15385,0.412269
-1.24,13,1.98751e-07,10,1.15385,0.412269
-1.2,13,5.91742e-07,9.99999,1.15385,0.412269
-1.16,13,1.69605e-06,9.99998,1.15385,0.412269
-1.12,12.9999,4.67507e-06,9.99993,1.15384,0.412269
-1.08,12.9999,1.23798e-05,9.99982,1.15384,0.412269
-1.04,12.9996,3.14569e-05,9.99954,1.15382,0.412269
-1,12.9991,7.6607e-05,9.99887,1.15379,0.412269
-0.96,12.9979,0.000178572,9.99737,1.15372,0.412269
-0.92,12.9954,0.000397904,9.99414,1.15358,0.412269
-0.88,12.9903,0.000846426,9.98755,1.15327,0.412269
-0.84,12.9803,0.00171673,9.97475,1.15268,0.412269
-0.8,12.962,0.00331631,9.95128,1.15159,0.412269
-0.76,12.9301,0.00609719,9.91056,1.14971,0.412269
-0.72,12.8779,0.0106667,9.84393,1.14661,0.412269
-0.68,12.797,0.0177643,9.74113,1.1418,0.412269
-0.64,12.6787,0.0281987,9.59149,1.13475,0.412269
-0.6,12.5149,0.0427529,9.38574,1.12495,0.412269
-0.56,12.2993,0.0620836,9.11773,1.11199,0.412269
-0.52,12.0286,0.0866426,8.78581,1.09561,0.412269
-0.48,11.7031,0.116641,8.39313,1.07576,0.412269
-0.44,11.3256,0.15206,7.94716,1.05255,0.412269
-0.4,10.9019,0.19269,7.45843,1.02621,0.412269
-0.36,10.4388,0.238191,6.93915,0.997117,0.412269
-0.32,9.94424,0.288146,6.40185,0.965663,0.412269
-0.28,9.42606,0.342092,5.85852,0.932286,0.412269
-0.24,8.89213,0.399536,5.32007,0.897434,0.412269
-0.2,8.35029,0.459923,4.79631,0.861584,0.412269
-0.16,7.80912,0.522534,4.2965,0.825285,0.412269
-0.12,7.27971,0.58623,3.83056,0.789295,0.412269
-0.08,6.78003,0.64881,3.41213,0.754892,0.412269
-0.04,6.34572,0.705367,3.06572,0.724674,0.412269
0,6.05122,0.744766,2.84142,0.704343,0.412269
0.04,5.97919,0.751985,2.79928,0.702256,0.412269
0.08,5.89995,0.755301,2.77759,0.706172,0.412269
0.12,5.75425,0.75711,2.76319,0.720299,0.412269
0.16,5.49109,0.758056,2.75254,0.751909,0.412269
0.2,5.08756,0.758426,2.74404,0.809044,0.412269
0.24,4.56933,0.758362,2.73683,0.898436,0.412269
0.28,4.00496,0.757919,2.73031,1.0226,0.412269
0.32,3.4761,0.757057,2.72382,1.17538,0.412269
0.36,3.04427,0.755585,2.71639,1.33844,0.412269
0.4,2.73345,0.753001,2.7061,1.48499,0.412269
0.44,2.53278,0.748142,2.689,1.59252,0.412269
0.48,2.41057,0.738572,2.65726,1.6535,0.412269
0.52,2.3283,0.719736,2.59687,1.67303,0.412269
0.56,2.24907,0.684152,2.48668,1.65847,0.412269
0.6,2.1421,0.621702,2.3031,1.61274,0.412269
0.64,1.98962,0.523591,2.03745,1.53606,0.412269
0.68,1.79969,0.392648,1.72213,1.43536,0.412269
0.72,1.61076,0.253075,1.43004,1.33171,0.412269
0.76,1.46586,0.1391,1.22159,1.25004,0.412269
0.8,1.37836,0.066987,1.10243,1.19972,0.412269
0.84,1.33409,0.0294432,1.04407,1.17392,0.412269
0.88,1.31405,0.0121944,1.01807,1.16214,0.412269
0.92,1.30557,0.0048434,1.00715,1.15714,0.412269
0.96,1.30214,0.00185925,1.00274,1.15511,0.412269
1,1.30079,0.000691747,1.00102,1.15432,0.412269
1.04,1.30029,0.000249628,1.00037,1.15402,0.412269
1.08,1.3001,8.73697e-05,1.00013,1.15391,0.412269
1.12,1.30003,2.96518e-05,1.00004,1.15387,0.412269
1.16,1.30001,9.75616e-06,1.00001,1.15385,0.412269
1.2,1.3,3.11168e-06,1,1.15385,0.412269
1.24,1.3,9.62046e-07,1,1.15385,0.412269
1.28,1.3,2.88346e-07,1,1.15385,0.412269
1.32,1.3,8.37947e-08,1,1.15385,0.412269
1.36,1.3,2.36152e-08,1,1.15385,0.412269
1.4,1.3,6.45574e-09,1,1.15385,0.412269
1.44,1.3,1.7124e-09,1,1.15385,0.412269
1.48,1.3,4.40857e-10,1,1.15385,0.412269
1.52,1.3,1.10196e-10,1,1.15385,0.412269
1.56,1.3,2.67516e-11,1,1.15385,0.412269
1.6,1.3,6.30948e-12,1,1.15385,0.412269
1.64,1.3,1.44622e-12,1,1.15385,0.412269
1.68,1.3,3.22337e-13,1,1.15385,0.412269
1.72,1.3,6.99079e-14,1,1.15385,0.412269
1.76,1.3,1.46949e-14,1,1.15385,0.412269
1.8,1.3,2.93775e-15,1,1.15385,0.412269
1.84,1.3,5.07168e-16,1,1.15385,0.412269
1.88,1.3,4.06661e-17,1,1.15385,0.412269
1.92,1.3,2.42697e-18,1,1.15385,0.412269
1.96,1.3,1.40386e-19,1,1.15385,0.412269
2,1.3,7.82462e-21,1,1.15385,0.412269
2.04,1.3,4.33135e-22,1,1.15385,0.412269
2.08,1.3,2.38509e-23,1,1.15385,0.412269
2.12,1.3,1.30041e-24,1,1.15385,0.412269
2.16,1.3,7.00564e-26,1,1.15385,0.412269
2.2,1.3,3.72615e-27,1,1.15385,0.412269
2.24,1.3,1.95541e-28,1,1.15385,0.412269
2.28,1.3,1.01214e-29,1,1.15385,0.412269
2.32,1.3,5.1673e-31,1,1.15385,0.412269
2.36,1.3,2.60223e-32,1,1.15385,0.412269
2.4,1.3,1.29259e-33,1,1.15385,0.412269
2.44,1.3,6.33138e-35,1,1.15385,0.412269
2.48,1.3,3.05667e-36,1,1.15385,0.412269
2.52,1.3,1.45363e-37,1,1.15385,0.412269
2.56,1.3,6.80543e-39,1,1.15385,0.412269
2.6,1.3,3.13514e-40,1,1.15385,0.412269
2.64,1.3,1.42083e-41,1,1.15385,0.412269
2.68,1.3,6.33446e-43,1,1.15385,0.412269
2.72,1.3,2.77874e-44,1,1.15385,0.412269
2.76,1.3,1.19987e-45,1,1.15385,0.412269
2.8,1.3,5.10253e-47,1,1.15385,0.412269
2.84,1.3,2.13817e-48,1,1.15385,0.412269
2.88,1.3,8.8332e-50,1,1.15385,0.412269
2.92,1.3,3.59902e-51,1,1.15385,0.412269
2.96,1.3,1.44658e-52,1,1.15385,0.412269
3,1.3,5.73614e-54,1,1.15385,0.412269
3.04,1.3,2.24373e-55,1,1.15385,0.412269
3.08,1.3,8.65543e-57,1,1.15385,0.412269
3.12,1.3,3.29171e-58,1,1.15385,0.412269
3.16,1.3,1.23365e-59,1,1.15385,0.412269
3.2,1.3,4.55429e-61,1,1.15385,0.412269
3.24,1.3,1.65551e-62,1,1.15385,0.412269
3.28,1.3,5.92351e-64,1,1.15385,0.412269
3.32,1.3,2.08565e-65,1,1.15385,0.412269
3.36,1.3,7.22486e-67,1,1.15385,0.412269
3.4,1.3,2.462e-68,1,1.15385,0.412269
3.44,1.3,8.25257e-70,1,1.15385,0.412269
3.48,1.3,2.72097e-71,1,1.15385,0.412269
3.52,1.3,8.82469e-73,1,1.15385,0.412269
3.56,1.3,2.81536e-74,1,1.15385,0.412269
3.6,1.3,8.83582e-76,1,1.15385,0.412269
3.64,1.3,2.72805e-77,1,1.15385,0.412269
3.68,1.3,8.28634e-79,1,1.15385,0.412269
3.72,1.3,2.47615e-80,1,1.15385,0.412269
3.76,1.3,7.27919e-82,1,1.15385,0.412269
3.8,1.3,2.10505e-83,1,1.15385,0.412269
3.84,1.3,5.98805e-85,1,1.15385,0.412269
3.88,1.3,1.67538e-86,1,1.15385,0.412269
3.92,1.3,4.60997e-88,1,1.15385,0.412269
3.96,1.3,1.24737e-89,1,1.15385,0.412269
4,1.3,3.31854e-91,1,1.15385,0.412269
4.04,1.3,8.67967e-93,1,1.15385,0.412269
4.08,1.3,2.23155e-94,1,1.15385,0.412269
4.12,1.3,5.63899e-96,1,1.15385,0.412269
4.16,1.3,1.40033e-97,1,1.15385,0.412269
4.2,1.3,3.41695e-99,1,1.15385,0.412269
4.24,1.3,8.19159e-101,1,1.15385,0.412269
4.28,1.3,1.92913e-102,1,1.15385,0.412269
4.32,1.3,4.4623e-104,1,1.15385,0.412269
4.36,1.3,1.01369e-105,1,1.15385,0.412269
4.4,1.3,2.26118e-107,1,1.15385,0.412269
4.44,1.3,4.95219e-109,1,1.15385,0.412269
4.48,1.3,1.06471e-110,1,1.15385,0.412269
4.52,1.3,2.24685e-112,1,1.15385,0.412269
4.56,1.3,4.65346e-114,1,1.15385,0.412269
4.6,1.3,9.45757e-116,1,1.15385,0.412269
4.64,1.3,1.88596e-117,1,1.15385,0.412269
4.68,1.3,3.68963e-119,1,1.15385,0.412269
4.72,1.3,7.0808e-121,1,1.15385,0.412269
4.76,1.3,1.33286e-122,1,1.15385,0.412269
4.8,1.3,2.4606e-124,1,1.15385,0.412269
4.84,1.3,4.45459e-126,1,1.15385,0.412269
4.88,1.3,7.90754e-128,1,1.15385,0.412269
4.92,1.3,1.37624e-129,1,1.15385,0.412269
4.96,1.3,2.34813e-131,1,1.15385,0.412269
5,1.3,3.92713e-133,1,1.15385,0.412269
5.04,1.3,6.43727e-135,1,1.15385,0.412269
5.08,1.3,1.03406e-136,1,1.15385,0.412269
5.12,1.3,1.62762e-138,1,1.15385,0.412269
5.16,1.3,2.50989e-140,1,1.15385,0.412269
5.2,1.3,3.79125e-142,1,1.15385,0.412269
5.24,1.3,5.60872e-144,1,1.15385,0.412269
5.28,1.3,8.12489e-146,1,1.15385,0.412269
5.32,1.3,1.15228e-147,1,1.15385,0.412269
5.36,1.3,1.59954e-149,1,1.15385,0.412269
5.4,1.3,2.17287e-151,1,1.15385,0.412269
5.44,1.3,2.88782e-153,1,1.15385,0.412269
5.48,1.3,3.75406e-155,1,1.15385,0.412269
5.52,1.3,4.77218e-157,1,1.15385,0.412269
5.56,1.3,5.93068e-159,1,1.15385,0.412269
5.6,1.3,7.20358e-161,1,1.15385,0.412269
5.64,1.3,8.54927e-163,1,1.15385,0.412269
5.68,1.3,9.9112e-165,1,1.15385,0.412269
5.72,1.3,1.12206e-166,1,1.15385,0.412269
5.76,1.3,1.24016e-168,1,1.15385,0.412269
5.8,1.3,1.33777e-170,1,1.15385,0.412269
5.84,1.3,1.40799e-172,1,1.15385,0.412269
5.88,1.3,1.44545e-174,1,1.15385,0.412269
5.92,1.3,1.44698e-176,1,1.15385,0.412269
5.96,1.3,1.41203e-178,1,1.15385,0.412269
6,1.3,1.34279e-180,1,1.15385,0.412269
6.04,1.3,1.244e-182,1,1.15385,0.412269
6.08,1.3,1.12237e-184,1,1.15385,0.412269
6.12,1.3,9.8584e-187,1,1.15385,0.412269
6.16,1.3,8.4271e-189,1,1.15385,0.412269
6.2,1.3,7.00794e-191,1,1.15385,0.412269
6.24,1.3,5.66726e-193,1,1.15385,0.412269
6.28,1.3,4.45499e-195,1,1.15385,0.412269
6.32,1.3,3.40268e-197,1,1.15385,0.412269
6.36,1.3,2.52402e-199,1,1.15385,0.412269
6.4,1.3,1.81735e-201,1,1.15385,0.412269
6.44,1.3,1.26949e-203,1,1.15385,0.412269
6.48,1.3,8.59808e-206,1,1.15385,0.412269
6.52,1.3,5.64268e-208,1,1.15385,0.412269
6.56,1.3,3.58575e-210,1,1.15385,0.412269
6.6,1.3,2.20477e-212,1,1.15385,0.412269
6.64,1.3,1.31064e-214,1,1.15385,0.412269
6.68,1.3,7.52602e-217,1,1.15385,0.412269
6.72,1.3,4.1706e-219,1,1.15385,0.412269
6.76,1.3,2.22813e-221,1,1.15385,0.412269
6.8,1.3,1.14635e-223,1,1.15385,0.412269
6.84,1.3,5.67305e-226,1,1.15385,0.412269
6.88,1.3,2.69702e-228,1,1.15385,0.412269
6.92,1.3,1.23005e-230,1,1.15385,0.412269
6.96,1.3,5.37393e-233,1,1.15385,0.412269
7,1.3,2.24542e-235,1,1.15385,0.412269
7.04,1.3,8.95759e-238,1,1.15385,0.412269
7.08,1.3,3.40534e-240,1,1.15385,0.412269
7.12,1.3,1.23119e-242,1,1.15385,0.412269
7.16,1.3,4.22401e-245,1,1.15385,0.412269
7.2,1.3,1.37187e-247,1,1.15385,0.412269
7.24,1.3,4.20665e-250,1,1.15385,0.412269
7.28,1.3,1.21431e-252,1,1.15385,0.412269
7.32,1.3,3.28917e-255,1,1.15385,0.412269
7.36,1.3,8.32989e-258,1,1.15385,0.412269
7.4,1.3,1.96441e-260,1,1.15385,0.412269
7.44,1.3,4.29414e-263,1,1.15385,0.412269
7.48,1.3,8.65577e-266,1,1.15385,0.412269
7.52,1.3,1.59923e-268,1,1.15385,0.412269
7.56,1.3,2.68935e-271,1,1.15385,0.412269
7.6,1.3,4.08249e-274,1,1.15385,0.412269
7.64,1.3,5.53892e-277,1,1.15385,0.412269
7.68,1.3,6.63515e-280,1,1.15385,0.412269
7.72,1.3,6.91086e-283,1,1.15385,0.412269
7.76,1.3,6.13456e-286,1,1.15385,0.412269
7.8,1.3,4.51615e-289,1,1.15385,0.412269
7.84,1.3,2.65051e-292,1,1.15385,0.412269
7.88,1.3,1.16472e-295,1,1.15385,0.412269
7.92,1.3,3.41451e-299,1,1.15385,0.412269
7.96,1.3,5.0238e-303,1,1.15385,0.412269
8,1.3,0,1,1.15385,0.412269
8.04,1.3,0,1,1.15385,0.412269
8.08,1.3,0,1,1.15385,0.412269
8.12,1.3,0,1,1.15385,0.412269
8.16,1.3,0,1,1.15385,0.412269
8.2,1.3,0,1,1.15385,0.412269
8.24,1.3,0,1,1.15385,0.412269
8.28,1.3,0,1,1.15385,0.412269
8.32,1.3,0,1,1.15385,0.412269
8.36,1.3,0,1,1.15385,0.412269
8.4,1.3,0,1,1.15385,0.412269
8.44,1.3,0,1,1.15385,0.412269
8.48,1.3,0,1,1.15385,0.412269
8.52,1.3,0,1,1.15385,0.412269
8.56,1.3,0,1,1.15385,0.412269
8.6,1.3,0,1,1.15385,0.412269
8.64,1.3,0,1,1.15385,0.412269
8.68,1.3,0,1,1.15385,0.412269
8.72,1.3,0,1,1.15385,0.412269
8.76,1.3,0,1,1.15385,0.412269
8.8,1.3,0,1,1.15385,0.412269
8.84,1.3,0,1,1.15385,0.412269
8.88,1.3,0,1,1.15385,0.412269
8.92,1.3,0,1,1.15385,0.412269
8.96,1.3,0,1,1.15385,0.412269
9,1.3,0,1,1.15385,0.412269
9.04,1.3,0,1,1.15385,0.412269
9.08,1.3,0,1,1.15385,0.412269
9.12,1.3,0,1,1.15385,0.412269
9.16,1.3,0,1,1.15385,0.412269
9.2,1.3,0,1,1.15385,0.412269
9.24,1.3,0,1,1.15385,0.412269
9.28,1.3,0,1,1.15385,0.412269
9.32,1.3,0,1,1.15385,0.412269
9.36,1.3,0,1,1.15385,0.412269
9.4,1.3,0,1,1.15385,0.412269
9.44,1.3,0,1,1.15385,0.412269
9.48,1.3,0,1,1.15385,0.412269
9.52,1.3,0,1,1.15385,0.412269
9.56,1.3,0,1,1.15385,0.412269
9.6,1.3,0,1,1.15385,0.412269
9.64,1.3,0,1,1.15385,0.412269
9.68,1.3,0,1,1.15385,0.412269
9.72,1.3,0,1,1.15385,0.412269
9.76,1.3,0,1,1.15385,0.412269
9.8,1.3,0,1,1.15385,0.412269
9.84,1.3,0,1,1.15385,0.412269
9.88,1.3,0,1,1.15385,0.412269
9.92,1.3,0,1,1.15385,0.412269
9.96,1.3,0,1,1.15385,0.412269
10,1.3,0,1,1.15385,0.412269
-10,13,0,10,1.15385,0.507343
-9.96,13,0,10,1.15385,0.507343
-9.92,13,0,10,1.15385,0.507343
-9.88,13,0,10,1.15385,0.507343
-9.84,13,0,10,1.15385,0.507343
-9.8,13,0,10,1.15385,0.507343
-9.76,13,0,10,1.15385,0.507343
-9.72,13,0,10,1.15385,0.507343
-9.68,13,0,10,1.15385,0.507343
-9.64,13,0,10,1.15385,0.507343
-9.6,13,0,10,1.15385,0.507343
-9.56,13,0,10,1.15385,0.507343
-9.52,13,0,10,1.15385,0.507343
-9.48,13,0,10,1.15385,0.507343
-9.44,13,0,10,1.15385,0.507343
-9.4,13,0,10,1.15385,0.507343
-9.36,13,0,10,1.15385,0.507343
-9.32,13,0,10,1.15385,0.507343
-9.28,13,0,10,1.15385,0.507343
-9.24,13,0,10,1.15385,0.507343
-9.2,13,6.91692e-323,10,1.15385,0.507343
-9.16,13,2.83594e-320,10,1.15385,0.507343
-9.12,13,1.02068e-317,10,1.15385,0.507343
-9.08,13,3.50096e-315,10,1.15385,0.507343
-9.04,13,1.1465e-312,10,1.15385,0.507343
-9,13,3.59064e-310,10,1.15385,0.507343
-8.96,13,1.07708e-307,10,1.15385,0.507343
-8.92,13,3.09892e-305,10,1.15385,0.507343
-8.88,13,8.56282e-303,10,1.15385,0.507343
-8.84,13,2.27501e-300,10,1.15385,0.507343
-8.8,13,5.81815e-298,10,1.15385,0.507343
-8.76,13,1.43373e-295,10,1.15385,0.507343
-8.72,13,3.40755e-293,10,1.15385,0.507343
-8.68,13,7.818e-291,10,1.15385,0.507343
-8.64,13,1.73297e-288,10,1.15385,0.507343
-8.6,13,3.7142e-286,10,1.15385,0.507343
-8.56,13,7.70271e-284,10,1.15385,0.507343
-8.52,13,1.54678e-281,10,1.15385,0.507343
-8.48,13,3.00959e-279,10,1.15385,0.507343
-8.44,13,5.67749e-277,10,1.15385,0.507343
-8.4,13,1.03905e-274,10,1.15385,0.507343
-8.36,13,1.84585e-272,10,1.15385,0.507343
-8.32,13,3.18476e-270,10,1.15385,0.507343
-8.28,13,5.33954e-268,10,1.15385,0.507343
-8.24,13,8.70363e-266,10,1.15385,0.507343
-8.2,13,1.37999e-263,10,1.15385,0.507343
-8.16,13,2.12929e-261,10,1.15385,0.507343
-8.12,13,3.19869e-259,10,1.15385,0.507343
-8.08,13,4.68034e-257,10,1.15385,0.507343
-8.04,13,6.67316e-255,10,1.15385,0.507343
-8,13,9.27498e-253,10,1.15385,0.507343
-7.96,13,1.25716e-250,10,1.15385,0.507343
-7.92,13,1.66238e-248,10,1.15385,0.507343
-7.88,13,2.14531e-246,10,1.15385,0.507343
-7.84,13,2.70288e-244,10,1.15385,0.507343
-7.8,13,3.32576e-242,10,1.15385,0.507343
-7.76,13,3.99784e-240,10,1.15385,0.507343
-7.72,13,4.69648e-238,10,1.15385,0.507343
-7.68,13,5.3935e-236,10,1.15385,0.507343
-7.64,13,6.05694e-234,10,1.15385,0.507343
-7.6,13,6.65349e-232,10,1.15385,0.507343
-7.56,13,7.15132e-230,10,1.15385,0.507343
-7.52,13,7.52291e-228,10,1.15385,0.507343
-7.48,13,7.74764e-226,10,1.15385,0.507343
-7.44,13,7.81364e-224,10,1.15385,0.507343
-7.4,13,7.71882e-222,10,1.15385,0.507343
-7.36,13,7.47093e-220,10,1.15385,0.507343
-7.32,13,7.0865e-218,10,1.15385,0.507343
-7.28,13,6.58915e-216,10,1.15385,0.507343
-7.24,13,6.00717e-214,10,1.15385,0.507343
-7.2,13,5.371e-212,10,1.15385,0.507343
-7.16,13,4.71067e-210,10,1.15385,0.507343
-7.12,13,4.05368e-208,10,1.15385,0.507343
-7.08,13,3.42333e-206,10,1.15385,0.507343
-7.04,13,2.83773e-204,10,1.15385,0.507343
-7,13,2.30944e-202,10,1.15385,0.507343
-6.96,13,1.84562e-200,10,1.15385,0.507343
-6.92,13,1.44863e-198,10,1.15385,0.507343
-6.88,13,1.11696e-196,10,1.15385,0.507343
-6.84,13,8.46173e-195,10,1.15385,0.507343
-6.8,13,6.29937e-193,10,1.15385,0.507343
-6.76,13,4.60918e-191,10,1.15385,0.507343
-6.72,13,3.31518e-189,10,1.15385,0.507343
-6.68,13,2.34431e-187,10,1.15385,0.507343
-6.64,13,1.63008e-185,10,1.15385,0.507343
-6.6,13,1.11467e-183,10,1.15385,0.507343
-6.56,13,7.49695e-182,10,1.15385,0.507343
-6.52,13,4.95993e-180,10,1.15385,0.507343
-6.48,13,3.22826e-178,10,1.15385,0.507343
-6.44,13,2.06732e-176,10,1.15385,0.507343
-6.4,13,1.30267e-174,10,1.15385,0.507343
-6.36,13,8.07772e-173,10,1.15385,0.507343
-6.32,13,4.92952e-171,10,1.15385,0.507343
-6.28,13,2.96084e-169,10,1.15385,0.507343
-6.24,13,1.75045e-167,10,1.15385,0.507343
-6.2,13,1.01867e-165,10,1.15385,0.507343
-6.16,13,5.83574e-164,10,1.15385,0.507343
-6.12,13,3.29122e-162,10,1.15385,0.507343
-6.08,13,1.82742e-160,10,1.15385,0.507343
-6.04,13,9.98982e-159,10,1.15385,0.507343
-6,13,5.37695e-157,10,1.15385,0.507343
-5.96,13,2.84964e-155,10,1.15385,0.507343
-5.92,13,1.48709e-153,10,1.15385,0.507343
-5.88,13,7.64177e-152,10,1.15385,0.507343
-5.84,13,3.86702e-150,10,1.15385,0.507343
-5.8,13,1.92708e-148,10,1.15385,0.507343
-5.76,13,9.45766e-147,10,1.15385,0.507343
-5.72,13,4.57132e-145,10,1.15385,0.507343
-5.68,13,2.17617e-143,10,1.15385,0.507343
-5.64,13,1.02036e-141,10,1.15385,0.507343
-5.6,13,4.71239e-140,10,1.15385,0.507343
-5.56,13,2.14376e-138,10,1.15385,0.507343
-5.52,13,9.60672e-137,10,1.15385,0.507343
-5.48,13,4.24091e-135,10,1.15385,0.507343
-5.44,13,1.84437e-133,10,1.15385,0.507343
-5.4,13,7.90245e-132,10,1.15385,0.507343
-5.36,13,3.33596e-130,10,1.15385,0.507343
-5.32,13,1.38754e-128,10,1.15385,0.507343
-5.28,13,5.68667e-127,10,1.15385,0.507343
-5.24,13,2.29657e-125,10,1.15385,0.507343
-5.2,13,9.13967e-124,10,1.15385,0.507343
-5.16,13,3.58454e-122,10,1.15385,0.507343
-5.12,13,1.38551e-120,10,1.15385,0.507343
-5.08,13,5.27815e-119,10,1.15385,0.507343
-5.04,13,1.98185e-117,10,1.15385,0.507343
-5,13,7.33499e-116,10,1.15385,0.507343
-4.96,13,2.67602e-114,10,1.15385,0.507343
-4.92,13,9.62419e-113,10,1.15385,0.507343
-4.88,13,3.41229e-111,10,1.15385,0.507343
-4.84,13,1.19277e-109,10,1.15385,0.507343
-4.8,13,4.11073e-108,10,1.15385,0.507343
-4.76,13,1.39687e-106,10,1.15385,0.507343
-4.72,13,4.68052e-105,10,1.15385,0.507343
-4.68,13,1.54651e-103,10,1.15385,0.507343
-4.64,13,5.03913e-102,10,1.15385,0.507343
-4.6,13,1.6193e-100,10,1.15385,0.507343
-4.56,13,5.13204e-99,10,1.15385,0.507343
-4.52,13,1.60423e-97,10,1.15385,0.507343
-4.48,13,4.94635e-96,10,1.15385,0.507343
-4.44,13,1.5044e-94,10,1.15385,0.507343
-4.4,13,4.51364e-93,10,1.15385,0.507343
-4.36,13,1.33598e-91,10,1.15385,0.507343
-4.32,13,3.90125e-90,10,1.15385,0.507343
-4.28,13,1.12399e-88,10,1.15385,0.507343
-4.24,13,3.19523e-87,10,1.15385,0.507343
-4.2,13,8.96275e-86,10,1.15385,0.507343
-4.16,13,2.48087e-84,10,1.15385,0.507343
-4.12,13,6.77657e-83,10,1.15385,0.507343
-4.08,13,1.82676e-81,10,1.15385,0.507343
-4.04,13,4.86003e-80,10,1.15385,0.507343
-4,13,1.27614e-78,10,1.15385,0.507343
-3.96,13,3.30731e-77,10,1.15385,0.507343
-3.92,13,8.46032e-76,10,1.15385,0.507343
-3.88,13,2.13621e-74,10,1.15385,0.507343
-3.84,13,5.32424e-73,10,1.15385,0.507343
-3.8,13,1.3099e-71,10,1.15385,0.507343
-3.76,13,3.18119e-70,10,1.15385,0.507343
-3.72,13,7.62644e-69,10,1.15385,0.507343
-3.68,13,1.80485e-67,10,1.15385,0.507343
-3.64,13,4.21655e-66,10,1.15385,0.507343
-3.6,13,9.72479e-65,10,1.15385,0.507343
-3.56,13,2.21425e-63,10,1.15385,0.507343
-3.52,13,4.9776e-62,10,1.15385,0.507343
-3.48,13,1.10481e-60,10,1.15385,0.507343
-3.44,13,2.42144e-59,10,1.15385,0.507343
-3.4,13,5.24107e-58,10,1.15385,0.507343
-3.36,13,1.12043e-56,10,1.15385,0.507343
-3.32,13,2.36609e-55,10,1.15385,0.507343
-3.28,13,4.93656e-54,10,1.15385,0.507343
-3.24,13,1.01772e-52,10,1.15385,0.507343
-3.2,13,2.07353e-51,10,1.15385,0.507343
-3.16,13,4.17561e-50,10,1.15385,0.507343
-3.12,13,8.31194e-49,10,1.15385,0.507343
-3.08,13,1.63564e-47,10,1.15385,0.507343
-3.04,13,3.1819e-46,10,1.15385,0.507343
-3,13,6.11923e-45,10,1.15385,0.507343
-2.96,13,1.16331e-43,10,1.15385,0.507343
-2.92,13,2.18597e-42,10,1.15385,0.507343
-2.88,13,4.05963e-41,10,1.15385,0.507343
-2.84,13,7.45006e-40,10,1.15385,0.507343
-2.8,13,1.35082e-38,10,1.15385,0.507343
-2.76,13,2.41959e-37,10,1.15385,0.507343
-2.72,13,4.28121e-36,10,1.15385,0.507343
-2.68,13,7.4832e-35,10,1.15385,0.507343
-2.64,13,1.29233e-33,10,1.15385,0.507343
-2.6,13,2.20573e-32,10,1.15385,0.507343
-2.56,13,3.72201e-31,10,1.15385,0.507343
-2.52,13,6.21155e-30,10,1.15385,0.507343
-2.48,13,1.02545e-28,10,1.15385,0.507343
-2.44,13,1.67465e-27,10,1.15385,0.507343
-2.4,13,2.70485e-26,10,1.15385,0.507343
-2.36,13,4.3193e-25,10,1.15385,0.507343
-2.32,13,6.81694e-24,10,1.15385,0.507343
-2.28,13,1.06372e-22,10,1.15385,0.507343
-2.24,13,1.64342e-21,10,1.15385,0.507343
-2.2,13,2.51119e-20,10,1.15385,0.507343
-2.16,13,3.77201e-19,10,1.15385,0.507343
-2.12,13,5.69005e-18,10,1.15385,0.507343
-2.08,13,9.06003e-17,10,1.15385,0.507343
-2.04,13,7.06593e-16,10,1.15385,0.507343
-2,13,3.2951e-15,10,1.15385,0.507343
-1.96,13,1.3802e-14,10,1.15385,0.507343
-1.92,13,5.53636e-14,10,1.15385,0.507343
-1.88,13,2.16108e-13,10,1.15385,0.507343
-1.84,13,8.22784e-13,10,1.15385,0.507343
-1.8,13,3.05173e-12,10,1.15385,0.507343
-1.76,13,1.10212e-11,10,1.15385,0.507343
-1.72,13,3.87387e-11,10,1.15385,0.507343
-1.68,13,1.32463e-10,10,1.15385,0.507343
-1.64,13,4.40416e-10,10,1.15385,0.507343
-1.6,13,1.42307e-09,10,1.15385,0.507343
-1.56,13,4.46624e-09,10,1.15385,0.507343
-1.52,13,1.3607e-08,10,1.15385,0.507343
-1.48,13,4.02183e-08,10,1.15385,0.507343
-1.44,13,1.15252e-07,10,1.15385,0.507343
-1.4,13,3.19995e-07,10,1.15385,0.507343
-1.36,13,8.60201e-07,9.99999,1.15385,0.507343
-1.32,13,2.23714e-06,9.99997,1.15384,0.507343
-1.28,12.9999,5.62441e-06,9.99992,1.15384,0.507343
-1.24,12.9998,1.36581e-05,9.9998,1.15384,0.507343
-1.2,12.9996,3.2007e-05,9.99953,1.15382,0.507343
-1.16,12.9992,7.23173e-05,9.99894,1.1538,0.507343
-1.12,12.9982,0.000157384,9.99768,1.15374,0.507343
-1.08,12.9962,0.000329588,9.99515,1.15362,0.507343
-1.04,12.9924,0.000663508,9.99024,1.1534,0.507343
-1,12.9853,0.00128286,9.98113,1.15297,0.507343
-0.96,12.9727,0.0023802,9.96501,1.15223,0.507343
-0.92,12.9514,0.00423532,9.93781,1.15097,0.507343
-0.88,12.9172,0.00722557,9.89408,1.14894,0.507343
-0.84,12.8647,0.0118204,9.82717,1.14583,0.507343
-0.8,12.7881,0.0185548,9.72974,1.14127,0.507343
-0.76,12.6812,0.027982,9.5946,1.1349,0.507343
-0.72,12.5389,0.0406153,9.41578,1.12639,0.507343
-0.68,12.3572,0.0568704,9.1895,1.11548,0.507343
-0.64,12.1343,0.0770256,8.91481,1.10202,0.507343
-0.6,11.8701,0.101205,8.59373,1.08597,0.507343
-0.56,11.5667,0.129386,8.23094,1.06741,0.507343
-0.52,11.2277,0.161426,7.83309,1.04649,0.507343
-0.48,10.8575,0.197094,7.408,1.02344,0.507343
-0.44,10.4614,0.236106,6.96391,0.998517,0.507343
-0.4,10.0444,0.278151,6.50885,0.972011,0.507343
-0.36,9.61181,0.32291,6.0503,0.944198,0.507343
-0.32,9.16845,0.370065,5.59493,0.915356,0.507343
-0.28,8.719,0.419289,5.14863,0.885759,0.507343
-0.24,8.26809,0.470223,4.71662,0.855692,0.507343
-0.2,7.82066,0.522422,4.30384,0.825475,0.507343
-0.16,7.38283,0.575241,3.91549,0.795527,0.507343
-0.12,6.96359,0.627579,3.55833,0.766486,0.507343
-0.08,6.5785,0.677328,3.24314,0.739488,0.507343
-0.04,6.25732,0.720165,2.98995,0.716747,0.507343
0,6.05303,0.747951,2.83428,0.702362,0.507343
0.04,6.00022,0.754105,2.79915,0.699763,0.507343
0.08,5.95929,0.757159,2.78047,0.699864,0.507343
0.12,5.90134,0.758958,2.76815,0.703607,0.507343
0.16,5.79485,0.760042,2.75926,0.714235,0.507343
0.2,5.60488,0.760664,2.75242,0.736613,0.507343
0.24,5.30677,0.760963,2.74689,0.77643,0.507343
0.28,4.90165,0.761022,2.74224,0.839179,0.507343
0.32,4.42193,0.760888,2.73819,0.928844,0.507343
0.36,3.922,0.76058,2.73449,1.04583,0.507343
0.4,3.45917,0.760088,2.73091,1.18421,0.507343
0.44,3.07545,0.759355,2.72709,1.33009,0.507343
0.48,2.78861,0.758243,2.72244,1.4644,0.507343
0.52,2.59383,0.756439,2.71582,1.57055,0.507343
0.56,2.47184,0.753268,2.70499,1.64148,0.507343
0.6,2.39789,0.747367,2.6855,1.67991,0.507343
0.64,2.3476,0.736162,2.64923,1.69273,0.507343
0.68,2.29888,0.715145,2.5826,1.68512,0.507343
0.72,2.23146,0.677228,2.46608,1.65771,0.507343
0.76,2.12742,0.61315,2.27919,1.60701,0.507343
0.8,1.97727,0.515355,2.01655,1.5298,0.507343
0.84,1.79242,0.387418,1.71048,1.43142,0.507343
0.88,1.60971,0.252265,1.42848,1.33112,0.507343
0.92,1.46871,0.141407,1.22556,1.25167,0.507343
0.96,1.38199,0.0700364,1.10728,1.20183,0.507343
1,1.33692,0.0318689,1.04777,1.17558,0.507343
1.04,1.31584,0.0137433,1.02039,1.1632,0.507343
1.08,1.30657,0.00571706,1.00844,1.15773,0.507343
1.12,1.30266,0.00231278,1.00341,1.15542,0.507343
1.16,1.30105,0.000912646,1.00134,1.15447,0.507343
1.2,1.3004,0.000351577,1.00052,1.15409,0.507343
1.24,1.30015,0.000132204,1.00019,1.15394,0.507343
1.28,1.30006,4.85078e-05,1.00007,1.15388,0.507343
1.32,1.30002,1.73597e-05,1.00003,1.15386,0.507343
1.36,1.30001,6.05755e-06,1.00001,1.15385,0.507343
1.4,1.3,2.06048e-06,1,1.15385,0.507343
1.44,1.3,6.8311e-07,1,1.15385,0.507343
1.48,1.3,2.20718e-07,1,1.15385,0.507343
1.52,1.3,6.95043e-08,1,1.15385,0.507343
1.56,1.3,2.13322e-08,1,1.15385,0.507343
1.6,1.3,6.38198e-09,1,1.15385,0.507343
1.64,1.3,1.86138e-09,1,1.15385,0.507343
1.68,1.3,5.29351e-10,1,1.15385,0.507343
1.72,1.3,1.46814e-10,1,1.15385,0.507343
1.76,1.3,3.97191e-11,1,1.15385,0.507343
1.8,1.3,1.04841e-11,1,1.15385,0.507343
1.84,1.3,2.70056e-12,1,1.15385,0.507343
1.88,1.3,6.79015e-13,1,1.15385,0.507343
1.92,1.3,1.66686e-13,1,1.15385,0.507343
1.96,1.3,3.98762e-14,1,1.15385,0.507343
2,1.3,9.23663e-15,1,1.15385,0.507343
2.04,1.3,2.0264e-15,1,1.15385,0.507343
2.08,1.3,3.62629e-16,1,1.15385,0.507343
2.12,1.3,2.7404e-17,1,1.15385,0.507343
2.16,1.3,1.81542e-18,1,1.15385,0.507343
2.2,1.3,1.1408e-19,1,1.15385,0.507343
2.24,1.3,7.09268e-21,1,1.15385,0.507343
2.28,1.3,4.38558e-22,1,1.15385,0.507343
2.32,1.3,2.68682e-23,1,1.15385,0.507343
2.36,1.3,1.62927e-24,1,1.15385,0.507343
2.4,1.3,9.78149e-26,1,1.15385,0.507343
2.44,1.3,5.8156e-27,1,1.15385,0.507343
2.48,1.3,3.42553e-28,1,1.15385,0.507343
2.52,1.3,1.99965e-29,1,1.15385,0.507343
2.56,1.3,1.15684e-30,1,1.15385,0.507343
2.6,1.3,6.63025e-32,1,1.15385,0.507343
2.64,1.3,3.76278e-33,1,1.15385,0.507343
2.68,1.3,2.11366e-34,1,1.15385,0.507343
2.72,1.3,1.1749e-35,1,1.15385,0.507343
2.76,1.3,6.46201e-37,1,1.15385,0.507343
2.8,1.3,3.51648e-38,1,1.15385,0.507343
2.84,1.3,1.89318e-39,1,1.15385,0.507343
2.88,1.3,1.00824e-40,1,1.15385,0.507343
2.92,1.3,5.31062e-42,1,1.15385,0.507343
2.96,1.3,2.76597e-43,1,1.15385,0.507343
3,1.3,1.42421e-44,1,1.15385,0.507343
3.04,1.3,7.24818e-46,1,1.15385,0.507343
3.08,1.3,3.64523e-47,1,1.15385,0.507343
3.12,1.3,1.81124e-48,1,1.15385,0.507343
3.16,1.3,8.88982e-50,1,1.15385,0.507343
3.2,1.3,4.3092e-51,1,1.15385,0.507343
3.24,1.3,2.06255e-52,1,1.15385,0.507343
3.28,1.3,9.7464e-54,1,1.15385,0.507343
3.32,1.3,4.54624e-55,1,1.15385,0.507343
3.36,1.3,2.09306e-56,1,1.15385,0.507343
3.4,1.3,9.51059e-58,1,1.15385,0.507343
3.44,1.3,4.26504e-59,1,1.15385,0.507343
3.48,1.3,1.88776e-60,1,1.15385,0.507343
3.52,1.3,8.24742e-62,1,1.15385,0.507343
3.56,1.3,3.55706e-63,1,1.15385,0.507343
3.6,1.3,1.51472e-64,1,1.15385,0.507343
3.64,1.3,6.36959e-66,1,1.15385,0.507343
3.68,1.3,2.64544e-67,1,1.15385,0.507343
3.72,1.3,1.0853e-68,1,1.15385,0.507343
3.76,1.3,4.39861e-70,1,1.15385,0.507343
3.8,1.3,1.76125e-71,1,1.15385,0.507343
3.84,1.3,6.96745e-73,1,1.15385,0.507343
3.88,1.3,2.7231e-74,1,1.15385,0.507343
3.92,1.3,1.05138e-75,1,1.15385,0.507343
3.96,1.3,4.00974e-77,1,1.15385,0.507343
4,1.3,1.51034e-78,1,1.15385,0.507343
4.04,1.3,5.61784e-80,1,1.15385,0.507343
4.08,1.3,2.06316e-81,1,1.15385,0.507343
4.12,1.3,7.47987e-83,1,1.15385,0.507343
4.16,1.3,2.67665e-84,1,1.15385,0.507343
4.2,1.3,9.45291e-86,1,1.15385,0.507343
4.24,1.3,3.29432e-87,1,1.15385,0.507343
4.28,1.3,1.1328e-88,1,1.15385,0.507343
4.32,1.3,3.84318e-90,1,1.15385,0.507343
4.36,1.3,1.28635e-91,1,1.15385,0.507343
4.4,1.3,4.24755e-93,1,1.15385,0.507343
4.44,1.3,1.38363e-94,1,1.15385,0.507343
4.48,1.3,4.4463e-96,1,1.15385,0.507343
4.52,1.3,1.40952e-97,1,1.15385,0.507343
4.56,1.3,4.40792e-99,1,1.15385,0.507343
4.6,1.3,1.35985e-100,1,1.15385,0.507343
4.64,1.3,4.13843e-102,1,1.15385,0.507343
4.68,1.3,1.24242e-103,1,1.15385,0.507343
4.72,1.3,3.67942e-105,1,1.15385,0.507343
4.76,1.3,1.07489e-106,1,1.15385,0.507343
4.8,1.3,3.09745e-108,1,1.15385,0.507343
4.84,1.3,8.80422e-110,1,1.15385,0.507343
4.88,1.3,2.46832e-111,1,1.15385,0.507343
4.92,1.3,6.82524e-113,1,1.15385,0.507343
4.96,1.3,1.86129e-114,1,1.15385,0.507343
5,1.3,5.0057e-116,1,1.15385,0.507343
5.04,1.3,1.32753e-117,1,1.15385,0.507343
5.08,1.3,3.47153e-119,1,1.15385,0.507343
5.12,1.3,8.95093e-121,1,1.15385,0.507343
5.16,1.3,2.27537e-122,1,1.15385,0.507343
5.2,1.3,5.70223e-124,1,1.15385,0.507343
5.24,1.3,1.40868e-125,1,1.15385,0.507343
5.28,1.3,3.43022e-127,1,1.15385,0.507343
5.32,1.3,8.23269e-129,1,1.15385,0.507343
5.36,1.3,1.94733e-130,1,1.15385,0.507343
5.4,1.3,4.53923e-132,1,1.15385,0.507343
5.44,1.3,1.04264e-133,1,1.15385,0.507343
5.48,1.3,2.35976e-135,1,1.15385,0.507343
5.52,1.3,5.26192e-137,1,1.15385,0.507343
5.56,1.3,1.15593e-138,1,1.15385,0.507343
5.6,1.3,2.50149e-140,1,1.15385,0.507343
5.64,1.3,5.33226e-142,1,1.15385,0.507343
5.68,1.3,1.11953e-143,1,1.15385,0.507343
5.72,1.3,2.31495e-145,1,1.15385,0.507343
5.76,1.3,4.71408e-147,1,1.15385,0.507343
5.8,1.3,9.45297e-149,1,1.15385,0.507343
5.84,1.3,1.86649e-150,1,1.15385,0.507343
5.88,1.3,3.62859e-152,1,1.15385,0.507343
5.92,1.3,6.94506e-154,1,1.15385,0.507343
5.96,1.3,1.30861e-155,1,1.15385,0.507343
6,1.3,2.42721e-157,1,1.15385,0.507343
6.04,1.3,4.43139e-159,1,1.15385,0.507343
6.08,1.3,7.96304e-161,1,1.15385,0.507343
6.12,1.3,1.40829e-162,1,1.15385,0.507343
6.16,1.3,2.45104e-164,1,1.15385,0.507343
6.2,1.3,4.19779e-166,1,1.15385,0.507343
6.24,1.3,7.07409e-168,1,1.15385,0.507343
6.28,1.3,1.17292e-169,1,1.15385,0.507343
6.32,1.3,1.91326e-171,1,1.15385,0.507343
6.36,1.3,3.07012e-173,1,1.15385,0.507343
6.4,1.3,4.84586e-175,1,1.15385,0.507343
6.44,1.3,7.52284e-177,1,1.15385,0.507343
6.48,1.3,1.14854e-178,1,1.15385,0.507343
6.52,1.3,1.7243e-180,1,1.15385,0.507343
6.56,1.3,2.54532e-182,1,1.15385,0.507343
6.6,1.3,3.69386e-184,1,1.15385,0.507343
6.64,1.3,5.26959e-186,1,1.15385,0.507343
6.68,1.3,7.38882e-188,1,1.15385,0.507343
6.72,1.3,1.01817e-189,1,1.15385,0.507343
6.76,1.3,1.37864e-191,1,1.15385,0.507343
6.8,1.3,1.83404e-193,1,1.15385,0.507343
6.84,1.3,2.39677e-195,1,1.15385,0.507343
6.88,1.3,3.07639e-197,1,1.15385,0.507343
6.92,1.3,3.8778e-199,1,1.15385,0.507343
6.96,1.3,4.79943e-201,1,1.15385,0.507343
7,1.3,5.83153e-203,1,1.15385,0.507343
7.04,1.3,6.95491e-205,1,1.15385,0.507343
7.08,1.3,8.14034e-207,1,1.15385,0.507343
7.12,1.3,9.3489e-209,1,1.15385,0.507343
7.16,1.3,1.05334e-210,1,1.15385,0.507343
7.2,1.3,1.1641e-212,1,1.15385,0.507343
7.24,1.3,1.26166e-214,1,1.15385,0.507343
7.28,1.3,1.34074e-216,1,1.15385,0.507343
7.32,1.3,1.39675e-218,1,1.15385,0.507343
7.36,1.3,1.42619e-220,1,1.15385,0.507343
7.4,1.3,1.42704e-222,1,1.15385,0.507343
7.44,1.3,1.39898e-224,1,1.15385,0.507343
7.48,1.3,1.34341e-226,1,1.15385,0.507343
7.52,1.3,1.2634e-228,1,1.15385,0.507343
7.56,1.3,1.16337e-230,1,1.15385,0.507343
7.6,1.3,1.04866e-232,1,1.15385,0.507343
7.64,1.3,9.25126e-235,1,1.15385,0.507343
7.68,1.3,7.98566e-237,1,1.15385,0.507343
7.72,1.3,6.7431e-239,1,1.15385,0.507343
7.76,1.3,5.56849e-241,1,1.15385,0.507343
7.8,1.3,4.49603e-243,1,1.15385,0.507343
7.84,1.3,3.54826e-245,1,1.15385,0.507343
7.88,1.3,2.73635e-247,1,1.15385,0.507343
7.92,1.3,2.06141e-249,1,1.15385,0.507343
7.96,1.3,1.51654e-251,1,1.15385,0.507343
8,1.3,1.08917e-253,1,1.15385,0.507343
8.04,1.3,7.63375e-256,1,1.15385,0.507343
8.08,1.3,5.2193e-258,1,1.15385,0.507343
8.12,1.3,3.47974e-260,1,1.15385,0.507343
8.16,1.3,2.2613e-262,1,1.15385,0.507343
8.2,1.3,1.4317e-264,1,1.15385,0.507343
8.24,1.3,8.82722e-267,1,1.15385,0.507343
8.28,1.3,5.29726e-269,1,1.15385,0.507343
8.32,1.3,3.09245e-271,1,1.15385,0.507343
8.36,1.3,1.75522e-273,1,1.15385,0.507343
8.4,1.3,9.68004e-276,1,1.15385,0.507343
8.44,1.3,5.18395e-278,1,1.15385,0.507343
8.48,1.3,2.69395e-280,1,1.15385,0.507343
8.52,1.3,1.35753e-282,1,1.15385,0.507343
8.56,1.3,6.62845e-285,1,1.15385,0.507343
8.6,1.3,3.13346e-287,1,1.15385,0.507343
8.64,1.3,1.43289e-289,1,1.15385,0.507343
8.68,1.3,6.33262e-292,1,1.15385,0.507343
8.72,1.3,2.70218e-294,1,1.15385,0.507343
8.76,1.3,1.11214e-296,1,1.15385,0.507343
8.8,1.3,4.40999e-299,1,1.15385,0.507343
8.84,1.3,1.68285e-301,1,1.15385,0.507343
8.88,1.3,6.17215e-304,1,1.15385,0.507343
8.92,1.3,2.17285e-306,1,1.15385,0.507343
8.96,1.3,7.33161e-309,1,1.15385,0.507343
9,1.3,2.36742e-311,1,1.15385,0.507343
9.04,1.3,7.30353e-314,1,1.15385,0.507343
9.08,1.3,2.14876e-316,1,1.15385,0.507343
9.12,1.3,6.01762e-319,1,1.15385,0.507343
9.16,1.3,1.61065e-321,1,1.15385,0.507343
9.2,1.3,0,1,1.15385,0.507343
9.24,1.3,0,1,1.15385,0.507343
9.28,1.3,0,1,1.15385,0.507343
9.32,1.3,0,1,1.15385,0.507343
9.36,1.3,0,1,1.15385,0.507343
9.4,1.3,0,1,1.15385,0.507343
9.44,1.3,0,1,1.15385,0.507343
9.48,1.3,0,1,1.15385,0.507343
9.52,1.3,0,1,1.15385,0.507343
9.56,1.3,0,1,1.15385,0.507343
9.6,1.3,0,1,1.15385,0.507343
9.64,1.3,0,1,1.15385,0.507343
9.68,1.3,0,1,1.15385,0.507343
9.72,1.3,0,1,1.15385,0.507343
9.76,1.3,0,1,1.15385,0.507343
9.8,1.3,0,1,1.15385,0.507343
9.84,1.3,0,1,1.15385,0.507343
9.88,1.3,0,1,1.15385,0.507343
9.92,1.3,0,1,1.15385,0.507343
9.96,1.3,0,1,1.15385,0.507343
10,1.3,0,1,1.15385,0.507343
-10,13,0,10,1.15385,0.601694
-9.96,13,0,10,1.15385,0.601694
-9.92,13,1.58101e-322,10,1.15385,0.601694
-9.88,13,2.59137e-320,10,1.15385,0.601694
-9.84,13,4.12205e-318,10,1.15385,0.601694
-9.8,13,6.40923e-316,10,1.15385,0.601694
-9.76,13,9.74538e-314,10,1.15385,0.601694
-9.72,13,1.44952e-311,10,1.15385,0.601694
-9.68,13,2.10967e-309,10,1.15385,0.601694
-9.64,13,3.00531e-307,10,1.15385,0.601694
-9.6,13,4.19153e-305,10,1.15385,0.601694
-9.56,13,5.72506e-303,10,1.15385,0.601694
-9.52,13,7.65995e-301,10,1.15385,0.601694
-9.48,13,1.0042e-298,10,1.15385,0.601694
-9.44,13,1.29025e-296,10,1.15385,0.601694
-9.4,13,1.62513e-294,10,1.15385,0.601694
-9.36,13,2.00708e-292,10,1.15385,0.601694
-9.32,13,2.43112e-290,10,1.15385,0.601694
-9.28,13,2.88874e-288,10,1.15385,0.601694
-9.24,13,3.36793e-286,10,1.15385,0.601694
-9.2,13,3.85359e-284,10,1.15385,0.601694
-9.16,13,4.32816e-282,10,1.15385,0.601694
-9.12,13,4.77271e-280,10,1.15385,0.601694
-9.08,13,5.16817e-278,10,1.15385,0.601694
-9.04,13,5.49668e-276,10,1.15385,0.601694
-9,13,5.74301e-274,10,1.15385,0.601694
-8.96,13,5.89566e-272,10,1.15385,0.601694
-8.92,13,5.94782e-270,10,1.15385,0.601694
-8.88,13,5.89782e-268,10,1.15385,0.601694
-8.84,13,5.74922e-266,10,1.15385,0.601694
-8.8,13,5.5104e-264,10,1.15385,0.601694
-8.76,13,5.19379e-262,10,1.15385,0.601694
-8.72,13,4.81486e-260,10,1.15385,0.601694
-8.68,13,4.39086e-258,10,1.15385,0.601694
-8.64,13,3.93957e-256,10,1.15385,0.601694
-8.6,13,3.47813e-254,10,1.15385,0.601694
-8.56,13,3.02209e-252,10,1.15385,0.601694
-8.52,13,2.5846e-250,10,1.15385,0.601694
-8.48,13,2.17604e-248,10,1.15385,0.601694
-8.44,13,1.8038e-246,10,1.15385,0.601694
-8.4,13,1.47236e-244,10,1.15385,0.601694
-8.36,13,1.18359e-242,10,1.15385,0.601694
-8.32,13,9.3715e-241,10,1.15385,0.601694
-8.28,13,7.3095e-239,10,1.15385,0.601694
-8.24,13,5.61682e-237,10,1.15385,0.601694
-8.2,13,4.25274e-235,10,1.15385,0.601694
-8.16,13,3.17302e-233,10,1.15385,0.601694
-8.12,13,2.33318e-231,10,1.15385,0.601694
-8.08,13,1.691e-229,10,1.15385,0.601694
-8.04,13,1.20809e-227,10,1.15385,0.601694
-8,13,8.5087e-226,10,1.15385,0.601694
-7.96,13,5.90844e-224,10,1.15385,0.601694
-7.92,13,4.04546e-222,10,1.15385,0.601694
-7.88,13,2.73141e-220,10,1.15385,0.601694
-7.84,13,1.81871e-218,10,1.15385,0.601694
-7.8,13,1.19435e-216,10,1.15385,0.601694
-7.76,13,7.73615e-215,10,1.15385,0.601694
-7.72,13,4.94278e-213,10,1.15385,0.601694
-7.68,13,3.11531e-211,10,1.15385,0.601694
-7.64,13,1.93705e-209,10,1.15385,0.601694
-7.6,13,1.18827e-207,10,1.15385,0.601694
-7.56,13,7.19198e-206,10,1.15385,0.601694
-7.52,13,4.29499e-204,10,1.15385,0.601694
-7.48,13,2.53091e-202,10,1.15385,0.601694
-7.44,13,1.47168e-200,10,1.15385,0.601694
-7.4,13,8.44482e-199,10,1.15385,0.601694
-7.36,13,4.78215e-197,10,1.15385,0.601694
-7.32,13,2.67258e-195,10,1.15385,0.601694
-7.28,13,1.4741e-193,10,1.15385,0.601694
-7.24,13,8.02465e-192,10,1.15385,0.601694
-7.2,13,4.31165e-190,10,1.15385,0.601694
-7.16,13,2.28661e-188,10,1.15385,0.601694
-7.12,13,1.19698e-186,10,1.15385,0.601694
-7.08,13,6.18498e-185,10,1.15385,0.601694
-7.04,13,3.15471e-183,10,1.15385,0.601694
-7,13,1.58841e-181,10,1.15385,0.601694
-6.96,13,7.89519e-180,10,1.15385,0.601694
-6.92,13,3.87408e-178,10,1.15385,0.601694
-6.88,13,1.87669e-176,10,1.15385,0.601694
-6.84,13,8.97529e-175,10,1.15385,0.601694
-6.8,13,4.23787e-173,10,1.15385,0.601694
-6.76,13,1.97562e-171,10,1.15385,0.601694
-6.72,13,9.09342e-170,10,1.15385,0.601694
-6.68,13,4.13268e-168,10,1.15385,0.601694
-6.64,13,1.85451e-166,10,1.15385,0.601694
-6.6,13,8.21741e-165,10,1.15385,0.601694
-6.56,13,3.5955e-163,10,1.15385,0.601694
-6.52,13,1.55352e-161,10,1.15385,0.601694
-6.48,13,6.62856e-160,10,1.15385,0.601694
-6.44,13,2.79306e-158,10,1.15385,0.601694
-6.4,13,1.16229e-156,10,1.15385,0.601694
-6.36,13,4.77678e-155,10,1.15385,0.601694
-6.32,13,1.9389e-153,10,1.15385,0.601694
-6.28,13,7.77298e-152,10,1.15385,0.601694
-6.24,13,3.07785e-150,10,1.15385,0.601694
-6.2,13,1.20378e-148,10,1.15385,0.601694
-6.16,13,4.6505e-147,10,1.15385,0.601694
-6.12,13,1.77468e-145,10,1.15385,0.601694
-6.08,13,6.68995e-144,10,1.15385,0.601694
-6.04,13,2.49126e-142,10,1.15385,0.601694
-6,13,9.16485e-141,10,1.15385,0.601694
-5.96,13,3.33084e-139,10,1.15385,0.601694
-5.92,13,1.19596e-137,10,1.15385,0.601694
-5.88,13,4.24261e-136,10,1.15385,0.601694
-5.84,13,1.487e-134,10,1.15385,0.601694
-5.8,13,5.14954e-133,10,1.15385,0.601694
-5.76,13,1.76204e-131,10,1.15385,0.601694
-5.72,13,5.95759e-130,10,1.15385,0.601694
-5.68,13,1.99042e-128,10,1.15385,0.601694
-5.64,13,6.57131e-127,10,1.15385,0.601694
-5.6,13,2.14391e-125,10,1.15385,0.601694
-5.56,13,6.91231e-124,10,1.15385,0.601694
-5.52,13,2.2025e-122,10,1.15385,0.601694
-5.48,13,6.93581e-121,10,1.15385,0.601694
-5.44,13,2.15865e-119,10,1.15385,0.601694
-5.4,13,6.64026e-118,10,1.15385,0.601694
-5.36,13,2.01892e-116,10,1.15385,0.601694
-5.32,13,6.06733e-115,10,1.15385,0.601694
-5.28,13,1.80234e-113,10,1.15385,0.601694
-5.24,13,5.29232e-112,10,1.15385,0.601694
-5.2,13,1.53618e-110,10,1.15385,0.601694
-5.16,13,4.40797e-109,10,1.15385,0.601694
-5.12,13,1.2504e-107,10,1.15385,0.601694
-5.08,13,3.50656e-106,10,1.15385,0.601694
-5.04,13,9.72195e-105,10,1.15385,0.601694
-5,13,2.66486e-103,10,1.15385,0.601694
-4.96,13,7.22201e-102,10,1.15385,0.601694
-4.92,13,1.93514e-100,10,1.15385,0.601694
-4.88,13,5.12686e-99,10,1.15385,0.601694
-4.84,13,1.34302e-97,10,1.15385,0.601694
-4.8,13,3.47866e-96,10,1.15385,0.601694
-4.76,13,8.90948e-95,10,1.15385,0.601694
-4.72,13,2.25636e-93,10,1.15385,0.601694
-4.68,13,5.65052e-92,10,1.15385,0.601694
-4.64,13,1.39926e-90,10,1.15385,0.601694
-4.6,13,3.42643e-89,10,1.15385,0.601694
-4.56,13,8.29712e-88,10,1.15385,0.601694
-4.52,13,1.98683e-86,10,1.15385,0.601694
-4.48,13,4.70487e-85,10,1.15385,0.601694
-4.44,13,1.10179e-83,10,1.15385,0.601694
-4.4,13,2.55165e-82,10,1.15385,0.601694
-4.36,13,5.84425e-81,10,1.15385,0.601694
-4.32,13,1.32384e-79,10,1.15385,0.601694
-4.28,13,2.96593e-78,10,1.15385,0.601694
-4.24,13,6.57239e-77,10,1.15385,0.601694
-4.2,13,1.44061e-75,10,1.15385,0.601694
-4.16,13,3.12363e-74,10,1.15385,0.601694
-4.12,13,6.70025e-73,10,1.15385,0.601694
-4.08,13,1.42191e-71,10,1.15385,0.601694
-4.04,13,2.98562e-70,10,1.15385,0.601694
-4,13,6.20316e-69,10,1.15385,0.601694
-3.96,13,1.27537e-67,10,1.15385,0.601694
-3.92,13,2.59499e-66,10,1.15385,0.601694
-3.88,13,5.22556e-65,10,1.15385,0.601694
-3.84,13,1.04148e-63,10,1.15385,0.601694
-3.8,13,2.05447e-62,10,1.15385,0.601694
-3.76,13,4.01133e-61,10,1.15385,0.601694
-3.72,13,7.75205e-60,10,1.15385,0.601694
-3.68,13,1.48278e-58,10,1.15385,0.601694
-3.64,13,2.8071e-57,10,1.15385,0.601694
-3.6,13,5.25944e-56,10,1.15385,0.601694
-3.56,13,9.75223e-55,10,1.15385,0.601694
-3.52,13,1.7895e-53,10,1.15385,0.601694
-3.48,13,3.24943e-52,10,1.15385,0.601694
-3.44,13,5.83874e-51,10,1.15385,0.601694
-3.4,13,1.03817e-49,10,1.15385,0.601694
-3.36,13,1.82668e-48,10,1.15385,0.601694
-3.32,13,3.1807e-47,10,1.15385,0.601694
-3.28,13,5.48122e-46,10,1.15385,0.601694
-3.24,13,9.34891e-45,10,1.15385,0.601694
-3.2,13,1.57839e-43,10,1.15385,0.601694
-3.16,13,2.63798e-42,10,1.15385,0.601694
-3.12,13,4.36487e-41,10,1.15385,0.601694
-3.08,13,7.15071e-40,10,1.15385,0.601694
-3.04,13,1.15996e-38,10,1.15385,0.601694
-3,13,1.86339e-37,10,1.15385,0.601694
-2.96,13,2.96489e-36,10,1.15385,0.601694
-2.92,13,4.67376e-35,10,1.15385,0.601694
-2.88,13,7.30191e-34,10,1.15385,0.601694
-2.84,13,1.13115e-32,10,1.15385,0.601694
-2.8,13,1.73836e-31,10,1.15385,0.601694
-2.76,13,2.65153e-30,10,1.15385,0.601694
-2.72,13,4.01496e-29,10,1.15385,0.601694
-2.68,13,6.03384e-28,10,1.15385,0.601694
-2.64,13,8.99293e-27,10,1.15385,0.601694
-2.6,13,1.32781e-25,10,1.15385,0.601694
-2.56,13,1.9407e-24,10,1.15385,0.601694
-2.52,13,2.80845e-23,10,1.15385,0.601694
-2.48,13,4.02645e-22,10,1.15385,0.601694
-2.44,13,5.71119e-21,10,1.15385,0.601694
-2.4,13,8.0023e-20,10,1.15385,0.601694
-2.36,13,1.11837e-18,10,1.15385,0.601694
-2.32,13,1.57368e-17,10,1.15385,0.601694
-2.28,13,2.102e-16,10,1.15385,0.601694
-2.24,13,1.17151e-15,10,1.15385,0.601694
-2.2,13,4.78192e-15,10,1.15385,0.601694
-2.16,13,1.81249e-14,10,1.15385,0.601694
-2.12,13,6.63926e-14,10,1.15385,0.601694
-2.08,13,2.37354e-13,10,1.15385,0.601694
-2.04,13,8.29332e-13,10,1.15385,0.601694
-2,13,2.83055e-12,10,1.15385,0.601694
-1.96,13,9.43453e-12,10,1.15385,0.601694
-1.92,13,3.07008e-11,10,1.15385,0.601694
-1.88,13,9.74994e-11,10,1.15385,0.601694
-1.84,13,3.02066e-10,10,1.15385,0.601694
-1.8,13,9.1257e-10,10,1.15385,0.601694
-1.76,13,2.68723e-09,10,1.15385,0.601694
-1.72,13,7.70934e-09,10,1.15385,0.601694
-1.68,13,2.15375e-08,10,1.15385,0.601694
-1.64,13,5.85625e-08,10,1.15385,0.601694
-1.6,13,1.54904e-07,10,1.15385,0.601694
-1.56,13,3.9837e-07,9.99999,1.15385,0.601694
-1.52,13,9.95488e-07,9.99999,1.15385,0.601694
-1.48,13,2.41573e-06,9.99996,1.15384,0.601694
-1.44,12.9999,5.68916e-06,9.99992,1.15384,0.601694
-1.4,12.9999,1.2994e-05,9.99981,1.15384,0.601694
-1.36,12.9997,2.87625e-05,9.99958,1.15383,0.601694
-1.32,12.9993,6.16571e-05,9.99909,1.1538,0.601694
-1.28,12.9985,0.000127904,9.99812,1.15376,0.601694
-1.24,12.9971,0.000256561,9.99622,1.15367,0.601694
-1.2,12.9943,0.000497246,9.99268,1.15351,0.601694
-1.16,12.9893,0.000930469,9.98631,1.15321,0.601694
-1.12,12.9807,0.00167995,9.9753,1.15271,0.601694
-1.08,12.9664,0.00292496,9.95702,1.15186,0.601694
-1.04,12.9437,0.00490944,9.92794,1.15051,0.601694
-1,12.909,0.00794355,9.8836,1.14845,0.601694
-0.96,12.8582,0.0123937,9.81885,1.14544,0.601694
-0.92,12.7869,0.0186598,9.72823,1.1412,0.601694
-0.88,12.6907,0.0271413,9.6066,1.13547,0.601694
-0.84,12.566,0.0381994,9.4498,1.12802,0.601694
-0.8,12.4102,0.0521217,9.25521,1.11867,0.601694
-0.76,12.2217,0.0690993,9.02216,1.10731,0.601694
-0.72,12.0007,0.0892167,8.75195,1.09393,0.601694
-0.68,11.7486,0.112458,8.44768,1.07856,0.601694
-0.64,11.4676,0.138724,8.11383,1.06131,0.601694
-0.6,11.161,0.167849,7.7558,1.04235,0.601694
-0.56,10.8323,0.199631,7.37935,1.02185,0.601694
-0.52,10.4853,0.233842,6.99027,1.00001,0.601694
-0.48,10.1236,0.270252,6.59406,0.97703,0.601694
-0.44,9.75084,0.308631,6.19571,0.953105,0.601694
-0.4,9.37024,0.348757,5.79968,0.92842,0.601694
-0.36,8.98491,0.390413,5.40985,0.903156,0.601694
-0.32,8.59777,0.433381,5.02961,0.877485,0.601694
-0.28,8.21167,0.477421,4.66198,0.851588,0.601694
-0.24,7.82968,0.522247,4.3098,0.825665,0.601694
-0.2,7.45546,0.567464,3.97608,0.799968,0.601694
-0.16,7.09405,0.612453,3.66457,0.774855,0.601694
-0.12,6.7534,0.656146,3.38079,0.750909,0.601694
-0.08,6.44744,0.696554,3.13415,0.729162,0.601694
-0.04,6.20114,0.72994,2.94145,0.71151,0.601694
0,6.05182,0.750439,2.82778,0.700892,0.601694
0.04,6.00898,0.755731,2.79795,0.698443,0.601694
0.08,5.98062,0.758506,2.78153,0.697635,0.601694
0.12,5.95162,0.760208,2.77065,0.698294,0.601694
0.16,5.9075,0.76129,2.76287,0.701532,0.601694
0.2,5.82759,0.761974,2.75697,0.709634,0.601694
0.24,5.6866,0.762383,2.7523,0.725995,0.601694
0.28,5.46226,0.762595,2.74845,0.754756,0.601694
0.32,5.1456,0.762658,2.74519,0.800254,0.601694
0.36,4.74828,0.762605,2.74236,0.866321,0.601694
0.4,4.30217,0.762454,2.73983,0.955272,0.601694
0.44,3.85072,0.762214,2.73751,1.06637,0.601694
0.48,3.43625,0.761883,2.73529,1.19402,0.601694
0.52,3.08912,0.761442,2.73302,1.32709,0.601694
0.56,2.82266,0.760848,2.73049,1.45102,0.601694
0.6,2.63437,0.76001,2.72734,1.55294,0.601694
0.64,2.51116,0.758734,2.72289,1.62647,0.601694
0.68,2.43543,0.756626,2.71581,1.67269,0.601694
0.72,2.38961,0.752901,2.70355,1.69706,0.601694
0.76,2.35829,0.74607,2.68132,1.70547,0.601694
0.8,2.32809,0.733447,2.64075,1.70145,0.601694
0.84,2.28617,0.71049,2.56833,1.68513,0.601694
0.88,2.21889,0.670247,2.4454,1.65313,0.601694
0.92,2.11287,0.603952,2.25358,1.59989,0.601694
0.96,1.96202,0.505061,1.99053,1.5218,0.601694
1,1.77972,0.378276,1.69017,1.42452,0.601694
1.04,1.6021,0.246424,1.41718,1.32687,0.601694
1.08,1.46587,0.139114,1.22161,1.25005,0.601694
1.12,1.3818,0.069882,1.10703,1.20173,0.601694
1.16,1.33759,0.0324446,1.04865,1.17597,0.601694
1.2,1.31654,0.0143469,1.02129,1.16361,0.601694
1.24,1.30707,0.00614782,1.00908,1.15803,0.601694
1.28,1.30296,0.00257367,1.00379,1.1556,0.601694
1.32,1.30121,0.0010559,1.00156,1.15456,0.601694
1.36,1.30049,0.000424906,1.00063,1.15413,0.601694
1.4,1.30019,0.000167694,1.00025,1.15396,0.601694
1.44,1.30007,6.48791e-05,1.0001,1.15389,0.601694
1.48,1.30003,2.45941e-05,1.00004,1.15386,0.601694
1.52,1.30001,9.13053e-06,1.00001,1.15385,0.601694
1.56,1.3,3.31842e-06,1,1.15385,0.601694
1.6,1.3,1.18034e-06,1,1.15385,0.601694
1.64,1.3,4.10804e-07,1,1.15385,0.601694
1.68,1.3,1.39877e-07,1,1.15385,0.601694
1.72,1.3,4.65916e-08,1,1.15385,0.601694
1.76,1.3,1.51813e-08,1,1.15385,0.601694
1.8,1.3,4.83897e-09,1,1.15385,0.601694
1.84,1.3,1.50892e-09,1,1.15385,0.601694
1.88,1.3,4.60344e-10,1,1.15385,0.601694
1.92,1.3,1.3742e-10,1,1.15385,0.601694
1.96,1.3,4.01439e-11,1,1.15385,0.601694
2,1.3,1.14776e-11,1,1.15385,0.601694
2.04,1.3,3.21217e-12,1,1.15385,0.601694
2.08,1.3,8.80005e-13,1,1.15385,0.601694
2.12,1.3,2.36035e-13,1,1.15385,0.601694
2.16,1.3,6.20036e-14,1,1.15385,0.601694
2.2,1.3,1.59191e-14,1,1.15385,0.601694
2.24,1.3,3.98506e-15,1,1.15385,0.601694
2.28,1.3,8.92538e-16,1,1.15385,0.601694
2.32,1.3,1.17016e-16,1,1.15385,0.601694
2.36,1.3,7.67066e-18,1,1.15385,0.601694
2.4,1.3,5.26847e-19,1,1.15385,0.601694
2.44,1.3,3.59421e-20,1,1.15385,0.601694
2.48,1.3,2.40468e-21,1,1.15385,0.601694
2.52,1.3,1.5966e-22,1,1.15385,0.601694
2.56,1.3,1.056e-23,1,1.15385,0.601694
2.6,1.3,6.95207e-25,1,1.15385,0.601694
2.64,1.3,4.55158e-26,1,1.15385,0.601694
2.68,1.3,2.96114e-27,1,1.15385,0.601694
2.72,1.3,1.91242e-28,1,1.15385,0.601694
2.76,1.3,1.22499e-29,1,1.15385,0.601694
2.8,1.3,7.77671e-31,1,1.15385,0.601694
2.84,1.3,4.89106e-32,1,1.15385,0.601694
2.88,1.3,3.04706e-33,1,1.15385,0.601694
2.92,1.3,1.88036e-34,1,1.15385,0.601694
2.96,1.3,1.14958e-35,1,1.15385,0.601694
3,1.3,6.96383e-37,1,1.15385,0.601694
3.04,1.3,4.18067e-38,1,1.15385,0.601694
3.08,1.3,2.48768e-39,1,1.15385,0.601694
3.12,1.3,1.46735e-40,1,1.15385,0.601694
3.16,1.3,8.57991e-42,1,1.15385,0.601694
3.2,1.3,4.97322e-43,1,1.15385,0.601694
3.24,1.3,2.85743e-44,1,1.15385,0.601694
3.28,1.3,1.62726e-45,1,1.15385,0.601694
3.32,1.3,9.18411e-47,1,1.15385,0.601694
3.36,1.3,5.1364e-48,1,1.15385,0.601694
3.4,1.3,2.84623e-49,1,1.15385,0.601694
3.44,1.3,1.56248e-50,1,1.15385,0.601694
3.48,1.3,8.49651e-52,1,1.15385,0.601694
3.52,1.3,4.57613e-53,1,1.15385,0.601694
3.56,1.3,2.44082e-54,1,1.15385,0.601694
3.6,1.3,1.28915e-55,1,1.15385,0.601694
3.64,1.3,6.74141e-57,1,1.15385,0.601694
3.68,1.3,3.48997e-58,1,1.15385,0.601694
3.72,1.3,1.78839e-59,1,1.15385,0.601694
3.76,1.3,9.07022e-61,1,1.15385,0.601694
3.8,1.3,4.55234e-62,1,1.15385,0.601694
3.84,1.3,2.26078e-63,1,1.15385,0.601694
3.88,1.3,1.1108e-64,1,1.15385,0.601694
3.92,1.3,5.39912e-66,1,1.15385,0.601694
3.96,1.3,2.59581e-67,1,1.15385,0.601694
4,1.3,1.23437e-68,1,1.15385,0.601694
4.04,1.3,5.80509e-70,1,1.15385,0.601694
4.08,1.3,2.69983e-71,1,1.15385,0.601694
4.12,1.3,1.24168e-72,1,1.15385,0.601694
4.16,1.3,5.64703e-74,1,1.15385,0.601694
4.2,1.3,2.5396e-75,1,1.15385,0.601694
4.24,1.3,1.1294e-76,1,1.15385,0.601694
4.28,1.3,4.96694e-78,1,1.15385,0.601694
4.32,1.3,2.16024e-79,1,1.15385,0.601694
4.36,1.3,9.29215e-81,1,1.15385,0.601694
4.4,1.3,3.95328e-82,1,1.15385,0.601694
4.44,1.3,1.66363e-83,1,1.15385,0.601694
4.48,1.3,6.92533e-85,1,1.15385,0.601694
4.52,1.3,2.85191e-86,1,1.15385,0.601694
4.56,1.3,1.16189e-87,1,1.15385,0.601694
4.6,1.3,4.68318e-89,1,1.15385,0.601694
4.64,1.3,1.86756e-90,1,1.15385,0.601694
4.68,1.3,7.36831e-92,1,1.15385,0.601694
4.72,1.3,2.87616e-93,1,1.15385,0.601694
4.76,1.3,1.11071e-94,1,1.15385,0.601694
4.8,1.3,4.24333e-96,1,1.15385,0.601694
4.84,1.3,1.60365e-97,1,1.15385,0.601694
4.88,1.3,5.9949e-99,1,1.15385,0.601694
4.92,1.3,2.21662e-100,1,1.15385,0.601694
4.96,1.3,8.10593e-102,1,1.15385,0.601694
5,1.3,2.93147e-103,1,1.15385,0.601694
5.04,1.3,1.04835e-104,1,1.15385,0.601694
5.08,1.3,3.70713e-106,1,1.15385,0.601694
5.12,1.3,1.29613e-107,1,1.15385,0.601694
5.16,1.3,4.48036e-109,1,1.15385,0.601694
5.2,1.3,1.53113e-110,1,1.15385,0.601694
5.24,1.3,5.17277e-112,1,1.15385,0.601694
5.28,1.3,1.72756e-113,1,1.15385,0.601694
5.32,1.3,5.70337e-115,1,1.15385,0.601694
5.36,1.3,1.86125e-116,1,1.15385,0.601694
5.4,1.3,6.0041e-118,1,1.15385,0.601694
5.44,1.3,1.91449e-119,1,1.15385,0.601694
5.48,1.3,6.03418e-121,1,1.15385,0.601694
5.52,1.3,1.87991e-122,1,1.15385,0.601694
5.56,1.3,5.78905e-124,1,1.15385,0.601694
5.6,1.3,1.76208e-125,1,1.15385,0.601694
5.64,1.3,5.30133e-127,1,1.15385,0.601694
5.68,1.3,1.57646e-128,1,1.15385,0.601694
5.72,1.3,4.63356e-130,1,1.15385,0.601694
5.76,1.3,1.34608e-131,1,1.15385,0.601694
5.8,1.3,3.86495e-133,1,1.15385,0.601694
5.84,1.3,1.09679e-134,1,1.15385,0.601694
5.88,1.3,3.0761e-136,1,1.15385,0.601694
5.92,1.3,8.5263e-138,1,1.15385,0.601694
5.96,1.3,2.33556e-139,1,1.15385,0.601694
6,1.3,6.32234e-141,1,1.15385,0.601694
6.04,1.3,1.69124e-142,1,1.15385,0.601694
6.08,1.3,4.4705e-144,1,1.15385,0.601694
6.12,1.3,1.16765e-145,1,1.15385,0.601694
6.16,1.3,3.01343e-147,1,1.15385,0.601694
6.2,1.3,7.68383e-149,1,1.15385,0.601694
6.24,1.3,1.93573e-150,1,1.15385,0.601694
6.28,1.3,4.81776e-152,1,1.15385,0.601694
6.32,1.3,1.18456e-153,1,1.15385,0.601694
6.36,1.3,2.87714e-155,1,1.15385,0.601694
6.4,1.3,6.90298e-157,1,1.15385,0.601694
6.44,1.3,1.63593e-158,1,1.15385,0.601694
6.48,1.3,3.82931e-160,1,1.15385,0.601694
6.52,1.3,8.85295e-162,1,1.15385,0.601694
6.56,1.3,2.02136e-163,1,1.15385,0.601694
6.6,1.3,4.55793e-165,1,1.15385,0.601694
6.64,1.3,1.01494e-166,1,1.15385,0.601694
6.68,1.3,2.2317e-168,1,1.15385,0.601694
6.72,1.3,4.84548e-170,1,1.15385,0.601694
6.76,1.3,1.03878e-171,1,1.15385,0.601694
6.8,1.3,2.19872e-173,1,1.15385,0.601694
6.84,1.3,4.59473e-175,1,1.15385,0.601694
6.88,1.3,9.47919e-177,1,1.15385,0.601694
6.92,1.3,1.93056e-178,1,1.15385,0.601694
6.96,1.3,3.88127e-180,1,1.15385,0.601694
7,1.3,7.70235e-182,1,1.15385,0.601694
7.04,1.3,1.50873e-183,1,1.15385,0.601694
7.08,1.3,2.91687e-185,1,1.15385,0.601694
7.12,1.3,5.56572e-187,1,1.15385,0.601694
7.16,1.3,1.0481e-188,1,1.15385,0.601694
7.2,1.3,1.94777e-190,1,1.15385,0.601694
7.24,1.3,3.572e-192,1,1.15385,0.601694
7.28,1.3,6.46395e-194,1,1.15385,0.601694
7.32,1.3,1.15419e-195,1,1.15385,0.601694
7.36,1.3,2.03344e-197,1,1.15385,0.601694
7.4,1.3,3.53456e-199,1,1.15385,0.601694
7.44,1.3,6.0613e-201,1,1.15385,0.601694
7.48,1.3,1.02542e-202,1,1.15385,0.601694
7.52,1.3,1.71127e-204,1,1.15385,0.601694
7.56,1.3,2.81704e-206,1,1.15385,0.601694
7.6,1.3,4.57402e-208,1,1.15385,0.601694
7.64,1.3,7.32503e-210,1,1.15385,0.601694
7.68,1.3,1.15691e-211,1,1.15385,0.601694
7.72,1.3,1.80193e-213,1,1.15385,0.601694
7.76,1.3,2.76758e-215,1,1.15385,0.601694
7.8,1.3,4.19133e-217,1,1.15385,0.601694
7.84,1.3,6.25839e-219,1,1.15385,0.601694
7.88,1.3,9.21299e-221,1,1.15385,0.601694
7.92,1.3,1.337e-222,1,1.15385,0.601694
7.96,1.3,1.91258e-224,1,1.15385,0.601694
8,1.3,2.69667e-226,1,1.15385,0.601694
8.04,1.3,3.74731e-228,1,1.15385,0.601694
8.08,1.3,5.13163e-230,1,1.15385,0.601694
8.12,1.3,6.92462e-232,1,1.15385,0.601694
8.16,1.3,9.20659e-234,1,1.15385,0.601694
8.2,1.3,1.20593e-235,1,1.15385,0.601694
8.24,1.3,1.55604e-237,1,1.15385,0.601694
8.28,1.3,1.97766e-239,1,1.15385,0.601694
8.32,1.3,2.47554e-241,1,1.15385,0.601694
8.36,1.3,3.05158e-243,1,1.15385,0.601694
8.4,1.3,3.704e-245,1,1.15385,0.601694
8.44,1.3,4.42649e-247,1,1.15385,0.601694
8.48,1.3,5.20762e-249,1,1.15385,0.601694
8.52,1.3,6.0306e-251,1,1.15385,0.601694
8.56,1.3,6.87339e-253,1,1.15385,0.601694
8.6,1.3,7.70935e-255,1,1.15385,0.601694
8.64,1.3,8.5084e-257,1,1.15385,0.601694
8.68,1.3,9.2386e-259,1,1.15385,0.601694
8.72,1.3,9.86818e-261,1,1.15385,0.601694
8.76,1.3,1.03677e-262,1,1.15385,0.601694
8.8,1.3,1.07125e-264,1,1.15385,0.601694
8.84,1.3,1.08842e-266,1,1.15385,0.601694
8.88,1.3,1.08728e-268,1,1.15385,0.601694
8.92,1.3,1.06775e-270,1,1.15385,0.601694
8.96,1.3,1.03065e-272,1,1.15385,0.601694
9,1.3,9.77711e-275,1,1.15385,0.601694
9.04,1.3,9.11375e-277,1,1.15385,0.601694
9.08,1.3,8.34654e-279,1,1.15385,0.601694
9.12,1.3,7.50879e-281,1,1.15385,0.601694
9.16,1.3,6.63464e-283,1,1.15385,0.601694
9.2,1.3,5.75675e-285,1,1.15385,0.601694
9.24,1.3,4.90427e-287,1,1.15385,0.601694
9.28,1.3,4.1014e-289,1,1.15385,0.601694
9.32,1.3,3.36645e-291,1,1.15385,0.601694
9.36,1.3,2.71151e-293,1,1.15385,0.601694
9.4,1.3,2.14271e-295,1,1.15385,0.601694
9.44,1.3,1.6609e-297,1,1.15385,0.601694
9.48,1.3,1.26257e-299,1,1.15385,0.601694
9.52,1.3,9.41039e-302,1,1.15385,0.601694
9.56,1.3,6.87539e-304,1,1.15385,0.601694
9.6,1.3,4.9229e-306,1,1.15385,0.601694
9.64,1.3,3.45359e-308,1,1.15385,0.601694
9.68,1.3,2.37318e-310,1,1.15385,0.601694
9.72,1.3,1.59692e-312,1,1.15385,0.601694
9.76,1.3,1.05198e-314,1,1.15385,0.601694
9.8,1.3,6.78211e-317,1,1.15385,0.601694
9.84,1.3,4.27787e-319,1,1.15385,0.601694
9.88,1.3,2.60867e-321,1,1.15385,0.601694
9.92,1.3,0,1,1.15385,0.601694
9.96,1.3,0,1,1.15385,0.601694
10,1.3,0,1,1.15385,0.601694
-10,13,1.67495e-294,10,1.15385,0.695585
-9.96,13,1.67495e-294,10,1.15385,0.695585
-9.92,13,1.41078e-292,10,1.15385,0.695585
-9.88,13,1.18595e-290,10,1.15385,0.695585
-9.84,13,9.83726e-289,10,1.15385,0.695585
-9.8,13,8.05226e-287,10,1.15385,0.695585
-9.76,13,6.50488e-285,10,1.15385,0.695585
-9.72,13,5.18655e-283,10,1.15385,0.695585
-9.68,13,4.08201e-281,10,1.15385,0.695585
-9.64,13,3.17149e-279,10,1.15385,0.695585
-9.6,13,2.43267e-277,10,1.15385,0.695585
-9.56,13,1.84234e-275,10,1.15385,0.695585
-9.52,13,1.37771e-273,10,1.15385,0.695585
-9.48,13,1.01738e-271,10,1.15385,0.695585
-9.44,13,7.41947e-270,10,1.15385,0.695585
-9.4,13,5.34397e-268,10,1.15385,0.695585
-9.36,13,3.80177e-266,10,1.15385,0.695585
-9.32,13,2.67158e-264,10,1.15385,0.695585
-9.28,13,1.85456e-262,10,1.15385,0.695585
-9.24,13,1.27183e-260,10,1.15385,0.695585
-9.2,13,8.61716e-259,10,1.15385,0.695585
-9.16,13,5.76856e-257,10,1.15385,0.695585
-9.12,13,3.81562e-255,10,1.15385,0.695585
-9.08,13,2.49391e-253,10,1.15385,0.695585
-9.04,13,1.61079e-251,10,1.15385,0.695585
-9,13,1.02815e-249,10,1.15385,0.695585
-8.96,13,6.48575e-248,10,1.15385,0.695585
-8.92,13,4.04358e-246,10,1.15385,0.695585
-8.88,13,2.49168e-244,10,1.15385,0.695585
-8.84,13,1.51761e-242,10,1.15385,0.695585
-8.8,13,9.13658e-241,10,1.15385,0.695585
-8.76,13,5.43727e-239,10,1.15385,0.695585
-8.72,13,3.19864e-237,10,1.15385,0.695585
-8.68,13,1.86018e-235,10,1.15385,0.695585
-8.64,13,1.06945e-233,10,1.15385,0.695585
-8.6,13,6.07851e-232,10,1.15385,0.695585
-8.56,13,3.41568e-230,10,1.15385,0.695585
-8.52,13,1.89764e-228,10,1.15385,0.695585
-8.48,13,1.04236e-226,10,1.15385,0.695585
-8.44,13,5.66109e-225,10,1.15385,0.695585
-8.4,13,3.04e-223,10,1.15385,0.695585
-8.36,13,1.61416e-221,10,1.15385,0.695585
-8.32,13,8.47484e-220,10,1.15385,0.695585
-8.28,13,4.39984e-218,10,1.15385,0.695585
-8.24,13,2.25877e-216,10,1.15385,0.695585
-8.2,13,1.1467e-214,10,1.15385,0.695585
-8.16,13,5.75673e-213,10,1.15385,0.695585
-8.12,13,2.85799e-211,10,1.15385,0.695585
-8.08,13,1.40319e-209,10,1.15385,0.695585
-8.04,13,6.81313e-208,10,1.15385,0.695585
-8,13,3.27164e-206,10,1.15385,0.695585
-7.96,13,1.55374e-204,10,1.15385,0.695585
-7.92,13,7.29791e-203,10,1.15385,0.695585
-7.88,13,3.39025e-201,10,1.15385,0.695585
-7.84,13,1.55771e-199,10,1.15385,0.695585
-7.8,13,7.07905e-198,10,1.15385,0.695585
-7.76,13,3.18203e-196,10,1.15385,0.695585
-7.72,13,1.41476e-194,10,1.15385,0.695585
-7.68,13,6.2219e-193,10,1.15385,0.695585
-7.64,13,2.70664e-191,10,1.15385,0.695585
-7.6,13,1.1647e-189,10,1.15385,0.695585
-7.56,13,4.95779e-188,10,1.15385,0.695585
-7.52,13,2.08764e-186,10,1.15385,0.695585
-7.48,13,8.69622e-185,10,1.15385,0.695585
-7.44,13,3.58359e-183,10,1.15385,0.695585
-7.4,13,1.46094e-181,10,1.15385,0.695585
-7.36,13,5.89219e-180,10,1.15385,0.695585
-7.32,13,2.35106e-178,10,1.15385,0.695585
-7.28,13,9.28118e-177,10,1.15385,0.695585
-7.24,13,3.62496e-175,10,1.15385,0.695585
-7.2,13,1.40079e-173,10,1.15385,0.695585
-7.16,13,5.35576e-172,10,1.15385,0.695585
-7.12,13,2.02608e-170,10,1.15385,0.695585
-7.08,13,7.58388e-169,10,1.15385,0.695585
-7.04,13,2.80887e-167,10,1.15385,0.695585
-7,13,1.02941e-165,10,1.15385,0.695585
-6.96,13,3.73309e-164,10,1.15385,0.695585
-6.92,13,1.33962e-162,10,1.15385,0.695585
-6.88,13,4.75707e-161,10,1.15385,0.695585
-6.84,13,1.67166e-159,10,1.15385,0.695585
-6.8,13,5.81324e-158,10,1.15385,0.695585
-6.76,13,2.00059e-156,10,1.15385,0.695585
-6.72,13,6.81361e-155,10,1.15385,0.695585
-6.68,13,2.29659e-153,10,1.15385,0.695585
-6.64,13,7.66104e-152,10,1.15385,0.695585
-6.6,13,2.52929e-150,10,1.15385,0.695585
-6.56,13,8.26462e-149,10,1.15385,0.695585
-6.52,13,2.67283e-147,10,1.15385,0.695585
-6.48,13,8.55566e-146,10,1.15385,0.695585
-6.44,13,2.71067e-144,10,1.15385,0.695585
-6.4,13,8.50063e-143,10,1.15385,0.695585
-6.36,13,2.63867e-141,10,1.15385,0.695585
-6.32,13,8.10749e-140,10,1.15385,0.695585
-6.28,13,2.46584e-138,10,1.15385,0.695585
-6.24,13,7.42386e-137,10,1.15385,0.695585
-6.2,13,2.21253e-135,10,1.15385,0.695585
-6.16,13,6.52756e-134,10,1.15385,0.695585
-6.12,13,1.90644e-132,10,1.15385,0.695585
-6.08,13,5.51209e-131,10,1.15385,0.695585
-6.04,13,1.57774e-129,10,1.15385,0.695585
-6,13,4.47087e-128,10,1.15385,0.695585
-5.96,13,1.25427e-126,10,1.15385,0.695585
-5.92,13,3.4837e-125,10,1.15385,0.695585
-5.88,13,9.57962e-124,10,1.15385,0.695585
-5.84,13,2.60808e-122,10,1.15385,0.695585
-5.8,13,7.03016e-121,10,1.15385,0.695585
-5.76,13,1.87624e-119,10,1.15385,0.695585
-5.72,13,4.95786e-118,10,1.15385,0.695585
-5.68,13,1.29715e-116,10,1.15385,0.695585
-5.64,13,3.36031e-115,10,1.15385,0.695585
-5.6,13,8.61926e-114,10,1.15385,0.695585
-5.56,13,2.18909e-112,10,1.15385,0.695585
-5.52,13,5.50511e-111,10,1.15385,0.695585
-5.48,13,1.37082e-109,10,1.15385,0.695585
-5.44,13,3.37998e-108,10,1.15385,0.695585
-5.4,13,8.25214e-107,10,1.15385,0.695585
-5.36,13,1.99501e-105,10,1.15385,0.695585
-5.32,13,4.77588e-104,10,1.15385,0.695585
-5.28,13,1.13213e-102,10,1.15385,0.695585
-5.24,13,2.65756e-101,10,1.15385,0.695585
-5.2,13,6.17757e-100,10,1.15385,0.695585
-5.16,13,1.42203e-98,10,1.15385,0.695585
-5.12,13,3.24164e-97,10,1.15385,0.695585
-5.08,13,7.31809e-96,10,1.15385,0.695585
-5.04,13,1.63613e-94,10,1.15385,0.695585
-5,13,3.62278e-93,10,1.15385,0.695585
-4.96,13,7.94477e-92,10,1.15385,0.695585
-4.92,13,1.72565e-90,10,1.15385,0.695585
-4.88,13,3.71257e-89,10,1.15385,0.695585
-4.84,13,7.91159e-88,10,1.15385,0.695585
-4.8,13,1.67008e-86,10,1.15385,0.695585
-4.76,13,3.49234e-85,10,1.15385,0.695585
-4.72,13,7.23462e-84,10,1.15385,0.695585
-4.68,13,1.48475e-82,10,1.15385,0.695585
-4.64,13,3.01885e-81,10,1.15385,0.695585
-4.6,13,6.08129e-80,10,1.15385,0.695585
-4.56,13,1.21374e-78,10,1.15385,0.695585
-4.52,13,2.40015e-77,10,1.15385,0.695585
-4.48,13,4.70261e-76,10,1.15385,0.695585
-4.44,13,9.12911e-75,10,1.15385,0.695585
-4.4,13,1.75592e-73,10,1.15385,0.695585
-4.36,13,3.34631e-72,10,1.15385,0.695585
-4.32,13,6.31837e-71,10,1.15385,0.695585
-4.28,13,1.18199e-69,10,1.15385,0.695585
-4.24,13,2.19072e-68,10,1.15385,0.695585
-4.2,13,4.0227e-67,10,1.15385,0.695585
-4.16,13,7.3181e-66,10,1.15385,0.695585
-4.12,13,1.31895e-64,10,1.15385,0.695585
-4.08,13,2.35508e-63,10,1.15385,0.695585
-4.04,13,4.16614e-62,10,1.15385,0.695585
-4,13,7.30168e-61,10,1.15385,0.695585
-3.96,13,1.26789e-59,10,1.15385,0.695585
-3.92,13,2.18137e-58,10,1.15385,0.695585
-3.88,13,3.71862e-57,10,1.15385,0.695585
-3.84,13,6.2815e-56,10,1.15385,0.695585
-3.8,13,1.05148e-54,10,1.15385,0.695585
-3.76,13,1.74432e-53,10,1.15385,0.695585
-3.72,13,2.868e-52,10,1.15385,0.695585
-3.68,13,4.67413e-51,10,1.15385,0.695585
-3.64,13,7.5517e-50,10,1.15385,0.695585
-3.6,13,1.20968e-48,10,1.15385,0.695585
-3.56,13,1.92155e-47,10,1.15385,0.695585
-3.52,13,3.02732e-46,10,1.15385,0.695585
-3.48,13,4.73115e-45,10,1.15385,0.695585
-3.44,13,7.33577e-44,10,1.15385,0.695585
-3.4,13,1.12862e-42,10,1.15385,0.695585
-3.36,13,1.72309e-41,10,1.15385,0.695585
-3.32,13,2.61052e-40,10,1.15385,0.695585
-3.28,13,3.92449e-39,10,1.15385,0.695585
-3.24,13,5.85372e-38,10,1.15385,0.695585
-3.2,13,8.66212e-37,10,1.15385,0.695585
-3.16,13,1.27153e-35,10,1.15385,0.695585
-3.12,13,1.85161e-34,10,1.15385,0.695585
-3.08,13,2.6752e-33,10,1.15385,0.695585
-3.04,13,3.83606e-32,10,1.15385,0.695585
-3,13,5.46188e-31,10,1.15385,0.695585
-2.96,13,7.72636e-30,10,1.15385,0.695585
-2.92,13,1.08652e-28,10,1.15385,0.695585
-2.88,13,1.51965e-27,10,1.15385,0.695585
-2.84,13,2.11447e-26,10,1.15385,0.695585
-2.8,13,2.92651e-25,10,1.15385,0.695585
-2.76,13,4.02654e-24,10,1.15385,0.695585
-2.72,13,5.50143e-23,10,1.15385,0.695585
-2.68,13,7.45271e-22,10,1.15385,0.695585
-2.64,13,1.00045e-20,10,1.15385,0.695585
-2.6,13,1.3359e-19,10,1.15385,0.695585
-2.56,13,1.78091e-18,10,1.15385,0.695585
-2.52,13,2.31641e-17,10,1.15385,0.695585
-2.48,13,2.73311e-16,10,1.15385,0.695585
-2.44,13,1.34092e-15,10,1.15385,0.695585
-2.4,13,4.9696e-15,10,1.15385,0.695585
-2.36,13,1.74294e-14,10,1.15385,0.695585
-2.32,13,5.95521e-14,10,1.15385,0.695585
-2.28,13,1.99137e-13,10,1.15385,0.695585
-2.24,13,6.51969e-13,10,1.15385,0.695585
-2.2,13,2.08985e-12,10,1.15385,0.695585
-2.16,13,6.55797e-12,10,1.15385,0.695585
-2.12,13,2.01402e-11,10,1.15385,0.695585
-2.08,13,6.0514e-11,10,1.15385,0.695585
-2.04,13,1.77832e-10,10,1.15385,0.695585
-2,13,5.10947e-10,10,1.15385,0.695585
-1.96,13,1.43482e-09,10,1.15385,0.695585
-1.92,13,3.9365e-09,10,1.15385,0.695585
-1.88,13,1.05475e-08,10,1.15385,0.695585
-1.84,13,2.75888e-08,10,1.15385,0.695585
-1.8,13,7.04176e-08,10,1.15385,0.695585
-1.76,13,1.75308e-07,10,1.15385,0.695585
-1.72,13,4.25496e-07,9.99999,1.15385,0.695585
-1.68,13,1.00636e-06,9.99999,1.15385,0.695585
-1.64,13,2.31822e-06,9.99997,1.15384,0.695585
-1.6,12.9999,5.19845e-06,9.99992,1.15384,0.695585
-1.56,12.9999,1.13416e-05,9.99983,1.15384,0.695585
-1.52,12.9997,2.40604e-05,9.99965,1.15383,0.695585
-1.48,12.9994,4.96028e-05,9.99927,1.15381,0.695585
-1.44,12.9989,9.93158e-05,9.99854,1.15378,0.695585
-1.4,12.9978,0.000193004,9.99716,1.15372,0.695585
-1.36,12.9958,0.000363815,9.99465,1.1536,0.695585
-1.32,12.9924,0.000664808,9.99022,1.15339,0.695585
-1.28,12.9865,0.00117699,9.98269,1.15305,0.695585
-1.24,12.9768,0.0020179,9.97033,1.15248,0.695585
-1.2,12.9616,0.00334914,9.9508,1.15157,0.695585
-1.16,12.9383,0.00538029,9.92105,1.15019,0.695585
-1.12,12.9042,0.00836675,9.87743,1.14817,0.695585
-1.08,12.8558,0.0125996,9.81586,1.1453,0.695585
-1.04,12.79,0.018387,9.73216,1.14138,0.695585
-1,12.7033,0.0260303,9.62248,1.13622,0.695585
-0.96,12.5931,0.0357977,9.4837,1.12963,0.695585
-0.92,12.4573,0.0479014,9.3139,1.1215,0.695585
-0.88,12.295,0.0624827,9.1125,1.11173,0.695585
-0.84,12.1061,0.079606,8.88035,1.10032,0.695585
-0.8,11.8915,0.0992627,8.61957,1.08728,0.695585
-0.76,11.6529,0.121381,8.33335,1.0727,0.695585
-0.72,11.3926,0.145842,8.02554,1.05668,0.695585
-0.68,11.1131,0.172493,7.7004,1.03937,0.695585
-0.64,10.8173,0.201163,7.36228,1.0209,0.695585
-0.6,10.508,0.231674,7.01537,1.00143,0.695585
-0.56,10.1879,0.263849,6.6636,0.981102,0.695585
-0.52,9.85955,0.297517,6.31051,0.96006,0.695585
-0.48,9.52527,0.332516,5.95924,0.938436,0.695585
-0.44,9.18724,0.368692,5.61252,0.916355,0.695585
-0.4,8.84748,0.405896,5.27272,0.893936,0.695585
-0.36,8.50788,0.443976,4.9419,0.871293,0.695585
-0.32,8.1703,0.48277,4.62192,0.848546,0.695585
-0.28,7.83674,0.522083,4.31453,0.825828,0.695585
-0.24,7.50953,0.561659,4.02159,0.803298,0.695585
-0.2,7.19173,0.601122,3.74534,0.781177,0.695585
-0.16,6.88789,0.639869,3.48892,0.759795,0.695585
-0.12,6.60533,0.676859,3.25731,0.739699,0.695585
-0.08,6.35666,0.710239,3.059,0.72184,0.695585
-0.04,6.1628,0.736819,2.90813,0.707825,0.695585
0,6.04954,0.752456,2.82202,0.699727,0.695585
0.04,6.01339,0.75705,2.79634,0.697529,0.695585
0.08,5.99047,0.759567,2.78174,0.69654,0.695585
0.12,5.97132,0.761153,2.77199,0.696325,0.695585
0.16,5.94937,0.762192,2.76502,0.697138,0.695585
0.2,5.9151,0.762879,2.75979,0.69985,0.695585
0.24,5.85405,0.763323,2.75569,0.706099,0.695585
0.28,5.74744,0.763595,2.75236,0.718328,0.695585
0.32,5.57631,0.763738,2.74957,0.73962,0.695585
0.36,5.32819,0.763783,2.74717,0.773388,0.695585
0.4,5.00341,0.763751,2.74506,0.822958,0.695585
0.44,4.61803,0.763656,2.74318,0.891024,0.695585
0.48,4.20121,0.763509,2.74148,0.978817,0.695585
0.52,3.7881,0.763311,2.7399,1.08494,0.695585
0.56,3.41114,0.763064,2.73839,1.20417,0.695585
0.6,3.09313,0.76276,2.73688,1.32724,0.695585
0.64,2.84424,0.762383,2.73529,1.44254,0.695585
0.68,2.66297,0.761906,2.73348,1.53972,0.695585
0.72,2.5397,0.761267,2.73122,1.61312,0.695585
0.76,2.46104,0.760351,2.72812,1.66278,0.695585
0.8,2.41326,0.758921,2.72337,1.69276,0.695585
0.84,2.38436,0.756518,2.71549,1.70831,0.695585
0.88,2.36456,0.75227,2.70163,1.71383,0.695585
0.92,2.34566,0.74458,2.67671,1.7117,0.695585
0.96,2.31968,0.730639,2.63203,1.70198,0.695585
1,2.27733,0.705802,2.55398,1.68222,0.695585
1.04,2.20719,0.663124,2.42437,1.6476,0.695585
1.08,2.09768,0.594179,2.22653,1.59214,0.695585
1.12,1.94477,0.493365,1.96124,1.5127,0.695585
1.16,1.76378,0.366766,1.66484,1.41586,0.695585
1.2,1.59073,0.237676,1.40039,1.32052,0.695585
1.24,1.45975,0.13416,1.21312,1.24656,0.695585
1.28,1.37933,0.0678091,1.10373,1.20029,0.695585
1.32,1.3369,0.0318525,1.04774,1.17557,0.695585
1.36,1.3165,0.014314,1.02124,1.16359,0.695585
1.4,1.3072,0.0062571,1.00924,1.1581,0.695585
1.44,1.30308,0.00268171,1.00395,1.15567,0.695585
1.48,1.3013,0.00113041,1.00166,1.15461,0.695585
1.52,1.30054,0.000469057,1.00069,1.15416,0.695585
1.56,1.30022,0.000191575,1.00028,1.15398,0.695585
1.6,1.30009,7.69791e-05,1.00011,1.1539,0.695585
1.64,1.30003,3.04149e-05,1.00004,1.15387,0.695585
1.68,1.30001,1.18099e-05,1.00002,1.15385,0.695585
1.72,1.30001,4.50451e-06,1.00001,1.15385,0.695585
1.76,1.3,1.687e-06,1,1.15385,0.695585
1.8,1.3,6.20174e-07,1,1.15385,0.695585
1.84,1.3,2.23734e-07,1,1.15385,0.695585
1.88,1.3,7.91942e-08,1,1.15385,0.695585
1.92,1.3,2.75004e-08,1,1.15385,0.695585
1.96,1.3,9.36775e-09,1,1.15385,0.695585
2,1.3,3.13013e-09,1,1.15385,0.695585
2.04,1.3,1.02593e-09,1,1.15385,0.695585
2.08,1.3,3.29849e-10,1,1.15385,0.695585
2.12,1.3,1.04033e-10,1,1.15385,0.695585
2.16,1.3,3.21897e-11,1,1.15385,0.695585
2.2,1.3,9.77215e-12,1,1.15385,0.695585
2.24,1.3,2.91091e-12,1,1.15385,0.695585
2.28,1.3,8.50907e-13,1,1.15385,0.695585
2.32,1.3,2.44063e-13,1,1.15385,0.695585
2.36,1.3,6.86532e-14,1,1.15385,0.695585
2.4,1.3,1.89595e-14,1,1.15385,0.695585
2.44,1.3,5.11832e-15,1,1.15385,0.695585
2.48,1.3,1.27389e-15,1,1.15385,0.695585
2.52,1.3,2.19752e-16,1,1.15385,0.695585
2.56,1.3,1.63705e-17,1,1.15385,0.695585
2.6,1.3,1.16775e-18,1,1.15385,0.695585
2.64,1.3,8.40909e-20,1,1.15385,0.695585
2.68,1.3,6.06806e-21,1,1.15385,0.695585
2.72,1.3,4.34794e-22,1,1.15385,0.695585
2.76,1.3,3.09366e-23,1,1.15385,0.695585
2.8,1.3,2.18728e-24,1,1.15385,0.695585
2.84,1.3,1.53616e-25,1,1.15385,0.695585
2.88,1.3,1.07114e-26,1,1.15385,0.695585
2.92,1.3,7.41166e-28,1,1.15385,0.695585
2.96,1.3,5.08759e-29,1,1.15385,0.695585
3,1.3,3.46453e-30,1,1.15385,0.695585
3.04,1.3,2.3412e-31,1,1.15385,0.695585
3.08,1.3,1.57059e-32,1,1.15385,0.695585
3.12,1.3,1.04636e-33,1,1.15385,0.695585
3.16,1.3,6.92462e-35,1,1.15385,0.695585
3.2,1.3,4.55261e-36,1,1.15385,0.695585
3.24,1.3,2.97348e-37,1,1.15385,0.695585
3.28,1.3,1.92906e-38,1,1.15385,0.695585
3.32,1.3,1.24281e-39,1,1.15385,0.695585
3.36,1.3,7.94909e-41,1,1.15385,0.695585
3.4,1.3,5.04619e-42,1,1.15385,0.695585
3.44,1.3,3.17858e-43,1,1.15385,0.695585
3.48,1.3,1.98627e-44,1,1.15385,0.695585
3.52,1.3,1.23117e-45,1,1.15385,0.695585
3.56,1.3,7.56894e-47,1,1.15385,0.695585
3.6,1.3,4.61509e-48,1,1.15385,0.695585
3.64,1.3,2.79095e-49,1,1.15385,0.695585
3.68,1.3,1.67404e-50,1,1.15385,0.695585
3.72,1.3,9.95936e-52,1,1.15385,0.695585
3.76,1.3,5.87712e-53,1,1.15385,0.695585
3.8,1.3,3.44011e-54,1,1.15385,0.695585
3.84,1.3,1.99736e-55,1,1.15385,0.695585
3.88,1.3,1.15029e-56,1,1.15385,0.695585
3.92,1.3,6.57077e-58,1,1.15385,0.695585
3.96,1.3,3.72271e-59,1,1.15385,0.695585
4,1.3,2.09175e-60,1,1.15385,0.695585
4.04,1.3,1.16558e-61,1,1.15385,0.695585
4.08,1.3,6.4405e-63,1,1.15385,0.695585
4.12,1.3,3.52865e-64,1,1.15385,0.695585
4.16,1.3,1.91679e-65,1,1.15385,0.695585
4.2,1.3,1.03223e-66,1,1.15385,0.695585
4.24,1.3,5.51043e-68,1,1.15385,0.695585
4.28,1.3,2.91581e-69,1,1.15385,0.695585
4.32,1.3,1.52919e-70,1,1.15385,0.695585
4.36,1.3,7.94794e-72,1,1.15385,0.695585
4.4,1.3,4.09358e-73,1,1.15385,0.695585
4.44,1.3,2.08916e-74,1,1.15385,0.695585
4.48,1.3,1.05639e-75,1,1.15385,0.695585
4.52,1.3,5.29204e-77,1,1.15385,0.695585
4.56,1.3,2.62626e-78,1,1.15385,0.695585
4.6,1.3,1.29103e-79,1,1.15385,0.695585
4.64,1.3,6.2862e-81,1,1.15385,0.695585
4.68,1.3,3.03157e-82,1,1.15385,0.695585
4.72,1.3,1.44793e-83,1,1.15385,0.695585
4.76,1.3,6.84874e-85,1,1.15385,0.695585
4.8,1.3,3.20803e-86,1,1.15385,0.695585
4.84,1.3,1.48805e-87,1,1.15385,0.695585
4.88,1.3,6.835e-89,1,1.15385,0.695585
4.92,1.3,3.10883e-90,1,1.15385,0.695585
4.96,1.3,1.40021e-91,1,1.15385,0.695585
5,1.3,6.24491e-93,1,1.15385,0.695585
5.04,1.3,2.75807e-94,1,1.15385,0.695585
5.08,1.3,1.20626e-95,1,1.15385,0.695585
5.12,1.3,5.22444e-97,1,1.15385,0.695585
5.16,1.3,2.24089e-98,1,1.15385,0.695585
5.2,1.3,9.5191e-100,1,1.15385,0.695585
5.24,1.3,4.0048e-101,1,1.15385,0.695585
5.28,1.3,1.66874e-102,1,1.15385,0.695585
5.32,1.3,6.88708e-104,1,1.15385,0.695585
5.36,1.3,2.81534e-105,1,1.15385,0.695585
5.4,1.3,1.13994e-106,1,1.15385,0.695585
5.44,1.3,4.57195e-108,1,1.15385,0.695585
5.48,1.3,1.8163e-109,1,1.15385,0.695585
5.52,1.3,7.14725e-111,1,1.15385,0.695585
5.56,1.3,2.78584e-112,1,1.15385,0.695585
5.6,1.3,1.07555e-113,1,1.15385,0.695585
5.64,1.3,4.11293e-115,1,1.15385,0.695585
5.68,1.3,1.55779e-116,1,1.15385,0.695585
5.72,1.3,5.8437e-118,1,1.15385,0.695585
5.76,1.3,2.17106e-119,1,1.15385,0.695585
5.8,1.3,7.98811e-121,1,1.15385,0.695585
5.84,1.3,2.91062e-122,1,1.15385,0.695585
5.88,1.3,1.05022e-123,1,1.15385,0.695585
5.92,1.3,3.75238e-125,1,1.15385,0.695585
5.96,1.3,1.32755e-126,1,1.15385,0.695585
6,1.3,4.65042e-128,1,1.15385,0.695585
6.04,1.3,1.61294e-129,1,1.15385,0.695585
6.08,1.3,5.53879e-131,1,1.15385,0.695585
6.12,1.3,1.88308e-132,1,1.15385,0.695585
6.16,1.3,6.33821e-134,1,1.15385,0.695585
6.2,1.3,2.11203e-135,1,1.15385,0.695585
6.24,1.3,6.96727e-137,1,1.15385,0.695585
6.28,1.3,2.27533e-138,1,1.15385,0.695585
6.32,1.3,7.35596e-140,1,1.15385,0.695585
6.36,1.3,2.3542e-141,1,1.15385,0.695585
6.4,1.3,7.45848e-143,1,1.15385,0.695585
6.44,1.3,2.33915e-144,1,1.15385,0.695585
6.48,1.3,7.26208e-146,1,1.15385,0.695585
6.52,1.3,2.23181e-147,1,1.15385,0.695585
6.56,1.3,6.78958e-149,1,1.15385,0.695585
6.6,1.3,2.04463e-150,1,1.15385,0.695585
6.64,1.3,6.09492e-152,1,1.15385,0.695585
6.68,1.3,1.79845e-153,1,1.15385,0.695585
6.72,1.3,5.25294e-155,1,1.15385,0.695585
6.76,1.3,1.5187e-156,1,1.15385,0.695585
6.8,1.3,4.34616e-158,1,1.15385,0.695585
6.84,1.3,1.2311e-159,1,1.15385,0.695585
6.88,1.3,3.45166e-161,1,1.15385,0.695585
6.92,1.3,9.5786e-163,1,1.15385,0.695585
6.96,1.3,2.63092e-164,1,1.15385,0.695585
7,1.3,7.15212e-166,1,1.15385,0.695585
7.04,1.3,1.92431e-167,1,1.15385,0.695585
7.08,1.3,5.12407e-169,1,1.15385,0.695585
7.12,1.3,1.35035e-170,1,1.15385,0.695585
7.16,1.3,3.52175e-172,1,1.15385,0.695585
7.2,1.3,9.08946e-174,1,1.15385,0.695585
7.24,1.3,2.32152e-175,1,1.15385,0.695585
7.28,1.3,5.86748e-177,1,1.15385,0.695585
7.32,1.3,1.46744e-178,1,1.15385,0.695585
7.36,1.3,3.63151e-180,1,1.15385,0.695585
7.4,1.3,8.89238e-182,1,1.15385,0.695585
7.44,1.3,2.15447e-183,1,1.15385,0.695585
7.48,1.3,5.16463e-185,1,1.15385,0.695585
7.52,1.3,1.22491e-186,1,1.15385,0.695585
7.56,1.3,2.87419e-188,1,1.15385,0.695585
7.6,1.3,6.67213e-190,1,1.15385,0.695585
7.64,1.3,1.53227e-191,1,1.15385,0.695585
7.68,1.3,3.48107e-193,1,1.15385,0.695585
7.72,1.3,7.82319e-195,1,1.15385,0.695585
7.76,1.3,1.73914e-196,1,1.15385,0.695585
7.8,1.3,3.82428e-198,1,1.15385,0.695585
7.84,1.3,8.31791e-200,1,1.15385,0.695585
7.88,1.3,1.78943e-201,1,1.15385,0.695585
7.92,1.3,3.80748e-203,1,1.15385,0.695585
7.96,1.3,8.01247e-205,1,1.15385,0.695585
8,1.3,1.66759e-206,1,1.15385,0.695585
8.04,1.3,3.43232e-208,1,1.15385,0.695585
8.08,1.3,6.98635e-210,1,1.15385,0.695585
8.12,1.3,1.40625e-211,1,1.15385,0.695585
8.16,1.3,2.79903e-213,1,1.15385,0.695585
8.2,1.3,5.509e-215,1,1.15385,0.695585
8.24,1.3,1.07212e-216,1,1.15385,0.695585
8.28,1.3,2.06303e-218,1,1.15385,0.695585
8.32,1.3,3.92502e-220,1,1.15385,0.695585
8.36,1.3,7.38311e-222,1,1.15385,0.695585
8.4,1.3,1.37304e-223,1,1.15385,0.695585
8.44,1.3,2.5244e-225,1,1.15385,0.695585
8.48,1.3,4.58826e-227,1,1.15385,0.695585
8.52,1.3,8.244e-229,1,1.15385,0.695585
8.56,1.3,1.46424e-230,1,1.15385,0.695585
8.6,1.3,2.57073e-232,1,1.15385,0.695585
8.64,1.3,4.46121e-234,1,1.15385,0.695585
8.68,1.3,7.65218e-236,1,1.15385,0.695585
8.72,1.3,1.29729e-237,1,1.15385,0.695585
8.76,1.3,2.17365e-239,1,1.15385,0.695585
8.8,1.3,3.59936e-241,1,1.15385,0.695585
8.84,1.3,5.89017e-243,1,1.15385,0.695585
8.88,1.3,9.52526e-245,1,1.15385,0.695585
8.92,1.3,1.52213e-246,1,1.15385,0.695585
8.96,1.3,2.40346e-248,1,1.15385,0.695585
9,1.3,3.7498e-250,1,1.15385,0.695585
9.04,1.3,5.78023e-252,1,1.15385,0.695585
9.08,1.3,8.80291e-254,1,1.15385,0.695585
9.12,1.3,1.32443e-255,1,1.15385,0.695585
9.16,1.3,1.96848e-257,1,1.15385,0.695585
9.2,1.3,2.89005e-259,1,1.15385,0.695585
9.24,1.3,4.19112e-261,1,1.15385,0.695585
9.28,1.3,6.00316e-263,1,1.15385,0.695585
9.32,1.3,8.49235e-265,1,1.15385,0.695585
9.36,1.3,1.18644e-266,1,1.15385,0.695585
9.4,1.3,1.63685e-268,1,1.15385,0.695585
9.44,1.3,2.22991e-270,1,1.15385,0.695585
9.48,1.3,2.99953e-272,1,1.15385,0.695585
9.52,1.3,3.98358e-274,1,1.15385,0.695585
9.56,1.3,5.22301e-276,1,1.15385,0.695585
9.6,1.3,6.76025e-278,1,1.15385,0.695585
9.64,1.3,8.63709e-280,1,1.15385,0.695585
9.68,1.3,1.08919e-281,1,1.15385,0.695585
9.72,1.3,1.35561e-283,1,1.15385,0.695585
9.76,1.3,1.66506e-285,1,1.15385,0.695585
9.8,1.3,2.01814e-287,1,1.15385,0.695585
9.84,1.3,2.41361e-289,1,1.15385,0.695585
9.88,1.3,2.848e-291,1,1.15385,0.695585
9.92,1.3,3.31539e-293,1,1.15385,0.695585
9.96,1.3,3.85036e-295,1,1.15385,0.695585
10,1.3,3.85036e-295,1,1.15385,0.695585
-10,13,3.76977e-272,10,1.15385,0.789177
-9.96,13,3.76977e-272,10,1.15385,0.789177
-9.92,13,2.15672e-270,10,1.15385,0.789177
-9.88,13,1.24224e-268,10,1.15385,0.789177
-9.84,13,7.08341e-267,10,1.15385,0.789177
-9.8,13,3.99861e-265,10,1.15385,0.789177
-9.76,13,2.23469e-263,10,1.15385,0.789177
-9.72,13,1.23645e-261,10,1.15385,0.789177
-9.68,13,6.77319e-260,10,1.15385,0.789177
-9.64,13,3.6735e-258,10,1.15385,0.789177
-9.6,13,1.97263e-256,10,1.15385,0.789177
-9.56,13,1.04881e-254,10,1.15385,0.789177
-9.52,13,5.52128e-253,10,1.15385,0.789177
-9.48,13,2.87797e-251,10,1.15385,0.789177
-9.44,13,1.48539e-249,10,1.15385,0.789177
-9.4,13,7.59129e-248,10,1.15385,0.789177
-9.36,13,3.84162e-246,10,1.15385,0.789177
-9.32,13,1.92507e-244,10,1.15385,0.789177
-9.28,13,9.55249e-243,10,1.15385,0.789177
-9.24,13,4.69391e-241,10,1.15385,0.789177
-9.2,13,2.28406e-239,10,1.15385,0.789177
-9.16,13,1.10063e-237,10,1.15385,0.789177
-9.12,13,5.25221e-236,10,1.15385,0.789177
-9.08,13,2.4821e-234,10,1.15385,0.789177
-9.04,13,1.16166e-232,10,1.15385,0.789177
-9,13,5.38425e-231,10,1.15385,0.789177
-8.96,13,2.47154e-229,10,1.15385,0.789177
-8.92,13,1.12361e-227,10,1.15385,0.789177
-8.88,13,5.05907e-226,10,1.15385,0.789177
-8.84,13,2.25602e-224,10,1.15385,0.789177
-8.8,13,9.96408e-223,10,1.15385,0.789177
-8.76,13,4.35875e-221,10,1.15385,0.789177
-8.72,13,1.88853e-219,10,1.15385,0.789177
-8.68,13,8.10454e-218,10,1.15385,0.789177
-8.64,13,3.44495e-216,10,1.15385,0.789177
-8.6,13,1.45042e-214,10,1.15385,0.789177
-8.56,13,6.0488e-213,10,1.15385,0.789177
-8.52,13,2.4987e-211,10,1.15385,0.789177
-8.48,13,1.02243e-209,10,1.15385,0.789177
-8.44,13,4.14419e-208,10,1.15385,0.789177
-8.4,13,1.66393e-206,10,1.15385,0.789177
-8.36,13,6.61799e-205,10,1.15385,0.789177
-8.32,13,2.60747e-203,10,1.15385,0.789177
-8.28,13,1.01771e-201,10,1.15385,0.789177
-8.24,13,3.93499e-200,10,1.15385,0.789177
-8.2,13,1.50725e-198,10,1.15385,0.789177
-8.16,13,5.71949e-197,10,1.15385,0.789177
-8.12,13,2.15013e-195,10,1.15385,0.789177
-8.08,13,8.0078e-194,10,1.15385,0.789177
-8.04,13,2.95468e-192,10,1.15385,0.789177
-8,13,1.08009e-190,10,1.15385,0.789177
-7.96,13,3.91177e-189,10,1.15385,0.789177
-7.92,13,1.40363e-187,10,1.15385,0.789177
-7.88,13,4.99007e-186,10,1.15385,0.789177
-7.84,13,1.75768e-184,10,1.15385,0.789177
-7.8,13,6.13419e-183,10,1.15385,0.789177
-7.76,13,2.12114e-181,10,1.15385,0.789177
-7.72,13,7.26737e-180,10,1.15385,0.789177
-7.68,13,2.46712e-178,10,1.15385,0.789177
-7.64,13,8.2988e-177,10,1.15385,0.789177
-7.6,13,2.76603e-175,10,1.15385,0.789177
-7.56,13,9.13524e-174,10,1.15385,0.789177
-7.52,13,2.9896e-172,10,1.15385,0.789177
-7.48,13,9.69483e-171,10,1.15385,0.789177
-7.44,13,3.11536e-169,10,1.15385,0.789177
-7.4,13,9.92028e-168,10,1.15385,0.789177
-7.36,13,3.13035e-166,10,1.15385,0.789177
-7.32,13,9.78857e-165,10,1.15385,0.789177
-7.28,13,3.03327e-163,10,1.15385,0.789177
-7.24,13,9.31478e-162,10,1.15385,0.789177
-7.2,13,2.83472e-160,10,1.15385,0.789177
-7.16,13,8.54929e-159,10,1.15385,0.789177
-7.12,13,2.55527e-157,10,1.15385,0.789177
-7.08,13,7.56899e-156,10,1.15385,0.789177
-7.04,13,2.22196e-154,10,1.15385,0.789177
-7,13,6.46456e-153,10,1.15385,0.789177
-6.96,13,1.86402e-151,10,1.15385,0.789177
-6.92,13,5.32694e-150,10,1.15385,0.789177
-6.88,13,1.50877e-148,10,1.15385,0.789177
-6.84,13,4.23539e-147,10,1.15385,0.789177
-6.8,13,1.1784e-145,10,1.15385,0.789177
-6.76,13,3.24956e-144,10,1.15385,0.789177
-6.72,13,8.8817e-143,10,1.15385,0.789177
-6.68,13,2.40607e-141,10,1.15385,0.789177
-6.64,13,6.46053e-140,10,1.15385,0.789177
-6.6,13,1.7194e-138,10,1.15385,0.789177
-6.56,13,4.53566e-137,10,1.15385,0.789177
-6.52,13,1.18593e-135,10,1.15385,0.789177
-6.48,13,3.07356e-134,10,1.15385,0.789177
-6.44,13,7.8956e-133,10,1.15385,0.789177
-6.4,13,2.01046e-131,10,1.15385,0.789177
-6.36,13,5.07429e-130,10,1.15385,0.789177
-6.32,13,1.26948e-128,10,1.15385,0.789177
-6.28,13,3.14813e-127,10,1.15385,0.789177
-6.24,13,7.73849e-126,10,1.15385,0.789177
-6.2,13,1.88556e-124,10,1.15385,0.789177
-6.16,13,4.55416e-123,10,1.15385,0.789177
-6.12,13,1.09034e-121,10,1.15385,0.789177
-6.08,13,2.58766e-120,10,1.15385,0.789177
-6.04,13,6.08761e-119,10,1.15385,0.789177
-6,13,1.41967e-117,10,1.15385,0.789177
-5.96,13,3.28193e-116,10,1.15385,0.789177
-5.92,13,7.52115e-115,10,1.15385,0.789177
-5.88,13,1.70866e-113,10,1.15385,0.789177
-5.84,13,3.84814e-112,10,1.15385,0.789177
-5.8,13,8.59171e-111,10,1.15385,0.789177
-5.76,13,1.90173e-109,10,1.15385,0.789177
-5.72,13,4.17319e-108,10,1.15385,0.789177
-5.68,13,9.07923e-107,10,1.15385,0.789177
-5.64,13,1.95839e-105,10,1.15385,0.789177
-5.6,13,4.18825e-104,10,1.15385,0.789177
-5.56,13,8.88092e-103,10,1.15385,0.789177
-5.52,13,1.86718e-101,10,1.15385,0.789177
-5.48,13,3.8925e-100,10,1.15385,0.789177
-5.44,13,8.04627e-99,10,1.15385,0.789177
-5.4,13,1.64928e-97,10,1.15385,0.789177
-5.36,13,3.35224e-96,10,1.15385,0.789177
-5.32,13,6.75655e-95,10,1.15385,0.789177
-5.28,13,1.35042e-93,10,1.15385,0.789177
-5.24,13,2.67654e-92,10,1.15385,0.789177
-5.2,13,5.26066e-91,10,1.15385,0.789177
-5.16,13,1.02535e-89,10,1.15385,0.789177
-5.12,13,1.98182e-88,10,1.15385,0.789177
-5.08,13,3.79859e-87,10,1.15385,0.789177
-5.04,13,7.22006e-86,10,1.15385,0.789177
-5,13,1.36087e-84,10,1.15385,0.789177
-4.96,13,2.5436e-83,10,1.15385,0.789177
-4.92,13,4.71446e-82,10,1.15385,0.789177
-4.88,13,8.66488e-81,10,1.15385,0.789177
-4.84,13,1.57921e-79,10,1.15385,0.789177
-4.8,13,2.85404e-78,10,1.15385,0.789177
-4.76,13,5.11478e-77,10,1.15385,0.789177
-4.72,13,9.08951e-76,10,1.15385,0.789177
-4.68,13,1.60179e-74,10,1.15385,0.789177
-4.64,13,2.79916e-73,10,1.15385,0.789177
-4.6,13,4.85085e-72,10,1.15385,0.789177
-4.56,13,8.33655e-71,10,1.15385,0.789177
-4.52,13,1.42085e-69,10,1.15385,0.789177
-4.48,13,2.40171e-68,10,1.15385,0.789177
-4.44,13,4.02649e-67,10,1.15385,0.789177
-4.4,13,6.69558e-66,10,1.15385,0.789177
-4.36,13,1.10442e-64,10,1.15385,0.789177
-4.32,13,1.80717e-63,10,1.15385,0.789177
-4.28,13,2.93371e-62,10,1.15385,0.789177
-4.24,13,4.72527e-61,10,1.15385,0.789177
-4.2,13,7.5521e-60,10,1.15385,0.789177
-4.16,13,1.1978e-58,10,1.15385,0.789177
-4.12,13,1.88544e-57,10,1.15385,0.789177
-4.08,13,2.94574e-56,10,1.15385,0.789177
-4.04,13,4.5684e-55,10,1.15385,0.789177
-4,13,7.03311e-54,10,1.15385,0.789177
-3.96,13,1.07489e-52,10,1.15385,0.789177
-3.92,13,1.63092e-51,10,1.15385,0.789177
-3.88,13,2.45673e-50,10,1.15385,0.789177
-3.84,13,3.67409e-49,10,1.15385,0.789177
-3.8,13,5.4553e-48,10,1.15385,0.789177
-3.76,13,8.04239e-47,10,1.15385,0.789177
-3.72,13,1.17728e-45,10,1.15385,0.789177
-3.68,13,1.7114e-44,10,1.15385,0.789177
-3.64,13,2.47096e-43,10,1.15385,0.789177
-3.6,13,3.54407e-42,10,1.15385,0.789177
-3.56,13,5.05069e-41,10,1.15385,0.789177
-3.52,13,7.1531e-40,10,1.15385,0.789177
-3.48,13,1.00694e-38,10,1.15385,0.789177
-3.44,13,1.40904e-37,10,1.15385,0.789177
-3.4,13,1.96e-36,10,1.15385,0.789177
-3.36,13,2.70992e-35,10,1.15385,0.789177
-3.32,13,3.72341e-34,10,1.15385,0.789177
-3.28,13,5.08273e-33,10,1.15385,0.789177
-3.24,13,6.89118e-32,10,1.15385,0.789177
-3.2,13,9.27712e-31,10,1.15385,0.789177
-3.16,13,1.23984e-29,10,1.15385,0.789177
-3.12,13,1.64472e-28,10,1.15385,0.789177
-3.08,13,2.1655e-27,10,1.15385,0.789177
-3.04,13,2.82959e-26,10,1.15385,0.789177
-3,13,3.66882e-25,10,1.15385,0.789177
-2.96,13,4.71988e-24,10,1.15385,0.789177
-2.92,13,6.02589e-23,10,1.15385,0.789177
-2.88,13,7.63694e-22,10,1.15385,0.789177
-2.84,13,9.60794e-21,10,1.15385,0.789177
-2.8,13,1.20298e-19,10,1.15385,0.789177
-2.76,13,1.51287e-18,10,1.15385,0.789177
-2.72,13,1.90622e-17,10,1.15385,0.789177
-2.68,13,2.27103e-16,10,1.15385,0.789177
-2.64,13,1.14486e-15,10,1.15385,0.789177
-2.6,13,4.11286e-15,10,1.15385,0.789177
-2.56,13,1.36443e-14,10,1.15385,0.789177
-2.52,13,4.42234e-14,10,1.15385,0.789177
-2.48,13,1.40348e-13,10,1.15385,0.789177
-2.44,13,4.36622e-13,10,1.15385,0.789177
-2.4,13,1.33247e-12,10,1.15385,0.789177
-2.36,13,3.98844e-12,10,1.15385,0.789177
-2.32,13,1.17073e-11,10,1.15385,0.789177
-2.28,13,3.36896e-11,10,1.15385,0.789177
-2.24,13,9.50146e-11,10,1.15385,0.789177
-2.2,13,2.62554e-10,10,1.15385,0.789177
-2.16,13,7.10641e-10,10,1.15385,0.789177
-2.12,13,1.88344e-09,10,1.15385,0.789177
-2.08,13,4.88632e-09,10,1.15385,0.789177
-2.04,13,1.2405e-08,10,1.15385,0.789177
-2,13,3.08066e-08,10,1.15385,0.789177
-1.96,13,7.48116e-08,10,1.15385,0.789177
-1.92,13,1.77585e-07,10,1.15385,0.789177
-1.88,13,4.11899e-07,9.99999,1.15385,0.789177
-1.84,13,9.33132e-07,9.99999,1.15385,0.789177
-1.8,13,2.06386e-06,9.99997,1.15384,0.789177
-1.76,12.9999,4.45464e-06,9.99993,1.15384,0.789177
-1.72,12.9999,9.37868e-06,9.99986,1.15384,0.789177
-1.68,12.9998,1.92513e-05,9.99972,1.15383,0.789177
-1.64,12.9996,3.85085e-05,9.99943,1.15382,0.789177
-1.6,12.9991,7.50258e-05,9.9989,1.1538,0.789177
-1.56,12.9984,0.000142297,9.99791,1.15375,0.789177
-1.52,12.997,0.000262598,9.99614,1.15367,0.789177
-1.48,12.9946,0.000471275,9.99306,1.15353,0.789177
-1.44,12.9906,0.000822122,9.9879,1.15329,0.789177
-1.4,12.984,0.00139345,9.97951,1.1529,0.789177
-1.36,12.9737,0.00229401,9.96628,1.15229,0.789177
-1.32,12.9579,0.00366737,9.94613,1.15136,0.789177
-1.28,12.9347,0.00569314,9.91647,1.14998,0.789177
-1.24,12.9017,0.0085834,9.87427,1.14802,0.789177
-1.2,12.8561,0.0125735,9.81624,1.14532,0.789177
-1.16,12.7954,0.0179078,9.73908,1.14171,0.789177
-1.12,12.717,0.0248214,9.63977,1.13704,0.789177
-1.08,12.6187,0.0335218,9.51591,1.13117,0.789177
-1.04,12.499,0.0441735,9.36598,1.124,0.789177
-1,12.3572,0.0568868,9.18944,1.11548,0.789177
-0.96,12.193,0.0717145,8.98684,1.10558,0.789177
-0.92,12.0071,0.0886535,8.75968,1.09431,0.789177
-0.88,11.8008,0.107653,8.51028,1.08175,0.789177
-0.84,11.5756,0.128623,8.24152,1.06796,0.789177
-0.8,11.3337,0.151448,7.95661,1.05305,0.789177
-0.76,11.0771,0.175993,7.65893,1.03713,0.789177
-0.72,10.8081,0.20212,7.35178,1.02031,0.789177
-0.68,10.5288,0.229685,7.03831,1.00273,0.789177
-0.64,10.2412,0.258551,6.72144,0.984473,0.789177
-0.6,9.94722,0.288588,6.40377,0.965662,0.789177
-0.56,9.64865,0.319673,6.08761,0.946392,0.789177
-0.52,9.34708,0.35169,5.77496,0.926754,0.789177
-0.48,9.04395,0.38453,5.46757,0.906833,0.789177
-0.44,8.74062,0.418089,5.16694,0.886712,0.789177
-0.4,8.43837,0.45226,4.87439,0.866469,0.789177
-0.36,8.13847,0.486925,4.59112,0.846188,0.789177
-0.32,7.84228,0.521952,4.31826,0.825957,0.789177
-0.28,7.55135,0.557164,4.05702,0.805886,0.789177
-0.24,7.26767,0.59232,3.80883,0.786117,0.789177
-0.2,6.99402,0.62705,3.57559,0.766853,0.789177
-0.16,6.73465,0.660758,3.36019,0.748412,0.789177
-0.12,6.49646,0.692438,3.1673,0.731313,0.789177
-0.08,6.29088,0.720376,3.00465,0.716429,0.789177
-0.04,6.13529,0.741887,2.88404,0.70511,0.789177
0,6.04691,0.754135,2.81693,0.69877,0.789177
0.04,6.01578,0.758155,2.79459,0.696815,0.789177
0.08,5.9961,0.760441,2.7815,0.695828,0.789177
0.12,5.98099,0.761911,2.77269,0.695375,0.789177
0.16,5.96694,0.762895,2.76638,0.695426,0.789177
0.2,5.94978,0.763562,2.76166,0.696242,0.789177
0.24,5.9228,0.764012,2.75799,0.698484,0.789177
0.28,5.87553,0.764307,2.75504,0.703351,0.789177
0.32,5.79379,0.764487,2.75259,0.71264,0.789177
0.36,5.66191,0.764581,2.7505,0.728685,0.789177
0.4,5.46688,0.764607,2.74867,0.75418,0.789177
0.44,5.20327,0.764581,2.74705,0.791919,0.789177
0.48,4.87686,0.764512,2.74558,0.844471,0.789177
0.52,4.50509,0.764406,2.74425,0.913714,0.789177
0.56,4.11394,0.76427,2.74302,1.00014,0.789177
0.6,3.73224,0.764103,2.74186,1.10196,0.789177
0.64,3.38553,0.763906,2.74076,1.21433,0.789177
0.68,3.09144,0.763677,2.73968,1.32932,0.789177
0.72,2.85786,0.763408,2.73856,1.43738,0.789177
0.76,2.68373,0.76309,2.73736,1.52997,0.789177
0.8,2.56161,0.762703,2.73599,1.60211,0.789177
0.84,2.48082,0.762209,2.73431,1.65327,0.789177
0.88,2.43015,0.761537,2.73207,1.68636,0.789177
0.92,2.3996,0.760544,2.72881,1.70579,0.789177
0.96,2.3811,0.75896,2.72362,1.71577,0.789177
1,2.36842,0.756268,2.71482,1.71939,0.789177
1.04,2.35648,0.751517,2.69935,1.71825,0.789177
1.08,2.34035,0.743,2.6718,1.71244,0.789177
1.12,2.31402,0.72777,2.62309,1.70035,0.789177
1.16,2.26928,0.701032,2.53938,1.67854,0.789177
1.2,2.19538,0.655782,2.40278,1.64171,0.789177
1.24,2.08173,0.583865,2.19822,1.58394,0.789177
1.28,1.9261,0.48064,1.92972,1.50282,0.789177
1.32,1.74585,0.353754,1.63655,1.40609,0.789177
1.36,1.57721,0.227235,1.38054,1.31296,0.789177
1.4,1.4518,0.127696,1.20211,1.24202,0.789177
1.44,1.37554,0.0646285,1.09869,1.1981,0.789177
1.48,1.33539,0.0305575,1.04577,1.17468,0.789177
1.52,1.316,0.0138777,1.02059,1.16329,0.789177
1.56,1.30707,0.00615056,1.00909,1.15803,0.789177
1.6,1.30308,0.00268037,1.00395,1.15567,0.789177
1.64,1.30132,0.00115208,1.0017,1.15463,0.789177
1.68,1.30056,0.000488834,1.00072,1.15418,0.789177
1.72,1.30024,0.000204738,1.0003,1.15399,0.789177
1.76,1.3001,8.46048e-05,1.00012,1.1539,0.789177
1.8,1.30004,3.4475e-05,1.00005,1.15387,0.789177
1.84,1.30002,1.38444e-05,1.00002,1.15386,0.789177
1.88,1.30001,5.47625e-06,1.00001,1.15385,0.789177
1.92,1.3,2.13268e-06,1,1.15385,0.789177
1.96,1.3,8.17405e-07,1,1.15385,0.789177
2,1.3,3.0823e-07,1,1.15385,0.789177
2.04,1.3,1.14321e-07,1,1.15385,0.789177
2.08,1.3,4.16966e-08,1,1.15385,0.789177
2.12,1.3,1.49531e-08,1,1.15385,0.789177
2.16,1.3,5.2719e-09,1,1.15385,0.789177
2.2,1.3,1.82715e-09,1,1.15385,0.789177
2.24,1.3,6.22492e-10,1,1.15385,0.789177
2.28,1.3,2.08468e-10,1,1.15385,0.789177
2.32,1.3,6.86263e-11,1,1.15385,0.789177
2.36,1.3,2.22075e-11,1,1.15385,0.789177
2.4,1.3,7.06458e-12,1,1.15385,0.789177
2.44,1.3,2.20936e-12,1,1.15385,0.789177
2.48,1.3,6.79247e-13,1,1.15385,0.789177
2.52,1.3,2.05324e-13,1,1.15385,0.789177
2.56,1.3,6.10134e-14,1,1.15385,0.789177
2.6,1.3,1.77765e-14,1,1.15385,0.789177
2.64,1.3,5.01818e-15,1,1.15385,0.789177
2.68,1.3,1.28567e-15,1,1.15385,0.789177
2.72,1.3,2.28908e-16,1,1.15385,0.789177
2.76,1.3,1.79986e-17,1,1.15385,0.789177
2.8,1.3,1.36566e-18,1,1.15385,0.789177
2.84,1.3,1.04772e-19,1,1.15385,0.789177
2.88,1.3,8.06903e-21,1,1.15385,0.789177
2.92,1.3,6.18056e-22,1,1.15385,0.789177
2.96,1.3,4.70372e-23,1,1.15385,0.789177
3,1.3,3.55596e-24,1,1.15385,0.789177
3.04,1.3,2.66779e-25,1,1.15385,0.789177
3.08,1.3,1.98493e-26,1,1.15385,0.789177
3.12,1.3,1.46451e-27,1,1.15385,0.789177
3.16,1.3,1.07178e-28,1,1.15385,0.789177
3.2,1.3,7.78333e-30,1,1.15385,0.789177
3.24,1.3,5.61145e-31,1,1.15385,0.789177
3.28,1.3,4.01787e-32,1,1.15385,0.789177
3.32,1.3,2.85783e-33,1,1.15385,0.789177
3.36,1.3,2.01949e-34,1,1.15385,0.789177
3.4,1.3,1.41777e-35,1,1.15385,0.789177
3.44,1.3,9.88785e-37,1,1.15385,0.789177
3.48,1.3,6.84996e-38,1,1.15385,0.789177
3.52,1.3,4.71341e-39,1,1.15385,0.789177
3.56,1.3,3.22129e-40,1,1.15385,0.789177
3.6,1.3,2.18663e-41,1,1.15385,0.789177
3.64,1.3,1.47433e-42,1,1.15385,0.789177
3.68,1.3,9.87455e-44,1,1.15385,0.789177
3.72,1.3,6.57013e-45,1,1.15385,0.789177
3.76,1.3,4.34299e-46,1,1.15385,0.789177
3.8,1.3,2.85215e-47,1,1.15385,0.789177
3.84,1.3,1.86088e-48,1,1.15385,0.789177
3.88,1.3,1.20615e-49,1,1.15385,0.789177
3.92,1.3,7.76586e-51,1,1.15385,0.789177
3.96,1.3,4.96627e-52,1,1.15385,0.789177
4,1.3,3.15407e-53,1,1.15385,0.789177
4.04,1.3,1.98911e-54,1,1.15385,0.789177
4.08,1.3,1.2455e-55,1,1.15385,0.789177
4.12,1.3,7.74245e-57,1,1.15385,0.789177
4.16,1.3,4.77782e-58,1,1.15385,0.789177
4.2,1.3,2.92664e-59,1,1.15385,0.789177
4.24,1.3,1.77943e-60,1,1.15385,0.789177
4.28,1.3,1.07387e-61,1,1.15385,0.789177
4.32,1.3,6.43239e-63,1,1.15385,0.789177
4.36,1.3,3.82424e-64,1,1.15385,0.789177
4.4,1.3,2.25666e-65,1,1.15385,0.789177
4.44,1.3,1.3217e-66,1,1.15385,0.789177
4.48,1.3,7.68322e-68,1,1.15385,0.789177
4.52,1.3,4.43294e-69,1,1.15385,0.789177
4.56,1.3,2.53845e-70,1,1.15385,0.789177
4.6,1.3,1.44266e-71,1,1.15385,0.789177
4.64,1.3,8.13697e-73,1,1.15385,0.789177
4.68,1.3,4.55456e-74,1,1.15385,0.789177
4.72,1.3,2.52986e-75,1,1.15385,0.789177
4.76,1.3,1.39441e-76,1,1.15385,0.789177
4.8,1.3,7.62614e-78,1,1.15385,0.789177
4.84,1.3,4.13824e-79,1,1.15385,0.789177
4.88,1.3,2.22791e-80,1,1.15385,0.789177
4.92,1.3,1.18994e-81,1,1.15385,0.789177
4.96,1.3,6.30483e-83,1,1.15385,0.789177
5,1.3,3.3137e-84,1,1.15385,0.789177
5.04,1.3,1.72751e-85,1,1.15385,0.789177
5.08,1.3,8.93244e-87,1,1.15385,0.789177
5.12,1.3,4.58073e-88,1,1.15385,0.789177
5.16,1.3,2.32965e-89,1,1.15385,0.789177
5.2,1.3,1.17494e-90,1,1.15385,0.789177
5.24,1.3,5.87599e-92,1,1.15385,0.789177
5.28,1.3,2.91387e-93,1,1.15385,0.789177
5.32,1.3,1.43271e-94,1,1.15385,0.789177
5.36,1.3,6.98442e-96,1,1.15385,0.789177
5.4,1.3,3.37571e-97,1,1.15385,0.789177
5.44,1.3,1.61751e-98,1,1.15385,0.789177
5.48,1.3,7.6836e-100,1,1.15385,0.789177
5.52,1.3,3.61829e-101,1,1.15385,0.789177
5.56,1.3,1.6891e-102,1,1.15385,0.789177
5.6,1.3,7.81649e-104,1,1.15385,0.789177
5.64,1.3,3.58566e-105,1,1.15385,0.789177
5.68,1.3,1.63051e-106,1,1.15385,0.789177
5.72,1.3,7.3498e-108,1,1.15385,0.789177
5.76,1.3,3.28417e-109,1,1.15385,0.789177
5.8,1.3,1.45472e-110,1,1.15385,0.789177
5.84,1.3,6.3876e-112,1,1.15385,0.789177
5.88,1.3,2.78042e-113,1,1.15385,0.789177
5.92,1.3,1.19979e-114,1,1.15385,0.789177
5.96,1.3,5.13247e-116,1,1.15385,0.789177
6,1.3,2.17664e-117,1,1.15385,0.789177
6.04,1.3,9.15152e-119,1,1.15385,0.789177
6.08,1.3,3.81466e-120,1,1.15385,0.789177
6.12,1.3,1.57645e-121,1,1.15385,0.789177
6.16,1.3,6.45916e-123,1,1.15385,0.789177
6.2,1.3,2.6239e-124,1,1.15385,0.789177
6.24,1.3,1.05681e-125,1,1.15385,0.789177
6.28,1.3,4.22021e-127,1,1.15385,0.789177
6.32,1.3,1.67091e-128,1,1.15385,0.789177
6.36,1.3,6.5593e-130,1,1.15385,0.789177
6.4,1.3,2.55296e-131,1,1.15385,0.789177
6.44,1.3,9.85163e-133,1,1.15385,0.789177
6.48,1.3,3.76917e-134,1,1.15385,0.789177
6.52,1.3,1.42972e-135,1,1.15385,0.789177
6.56,1.3,5.37667e-137,1,1.15385,0.789177
6.6,1.3,2.00459e-138,1,1.15385,0.789177
6.64,1.3,7.40929e-140,1,1.15385,0.789177
6.68,1.3,2.71492e-141,1,1.15385,0.789177
6.72,1.3,9.86182e-143,1,1.15385,0.789177
6.76,1.3,3.5511e-144,1,1.15385,0.789177
6.8,1.3,1.26755e-145,1,1.15385,0.789177
6.84,1.3,4.48492e-147,1,1.15385,0.789177
6.88,1.3,1.57296e-148,1,1.15385,0.789177
6.92,1.3,5.46824e-150,1,1.15385,0.789177
6.96,1.3,1.88422e-151,1,1.15385,0.789177
7,1.3,6.43524e-153,1,1.15385,0.789177
7.04,1.3,2.17839e-154,1,1.15385,0.789177
7.08,1.3,7.3087e-156,1,1.15385,0.789177
7.12,1.3,2.43035e-157,1,1.15385,0.789177
7.16,1.3,8.00972e-159,1,1.15385,0.789177
7.2,1.3,2.61626e-160,1,1.15385,0.789177
7.24,1.3,8.46942e-162,1,1.15385,0.789177
7.28,1.3,2.71726e-163,1,1.15385,0.789177
7.32,1.3,8.63997e-165,1,1.15385,0.789177
7.36,1.3,2.72265e-166,1,1.15385,0.789177
7.4,1.3,8.50287e-168,1,1.15385,0.789177
7.44,1.3,2.63168e-169,1,1.15385,0.789177
7.48,1.3,8.07215e-171,1,1.15385,0.789177
7.52,1.3,2.45376e-172,1,1.15385,0.789177
7.56,1.3,7.39198e-174,1,1.15385,0.789177
7.6,1.3,2.20683e-175,1,1.15385,0.789177
7.64,1.3,6.52914e-177,1,1.15385,0.789177
7.68,1.3,1.91433e-178,1,1.15385,0.789177
7.72,1.3,5.56223e-180,1,1.15385,0.789177
7.76,1.3,1.60158e-181,1,1.15385,0.789177
7.8,1.3,4.56992e-183,1,1.15385,0.789177
7.84,1.3,1.29219e-184,1,1.15385,0.789177
7.88,1.3,3.62074e-186,1,1.15385,0.789177
7.92,1.3,1.00535e-187,1,1.15385,0.789177
7.96,1.3,2.76614e-189,1,1.15385,0.789177
8,1.3,7.54166e-191,1,1.15385,0.789177
8.04,1.3,2.03746e-192,1,1.15385,0.789177
8.08,1.3,5.4542e-194,1,1.15385,0.789177
8.12,1.3,1.44673e-195,1,1.15385,0.789177
8.16,1.3,3.80234e-197,1,1.15385,0.789177
8.2,1.3,9.90175e-199,1,1.15385,0.789177
8.24,1.3,2.55484e-200,1,1.15385,0.789177
8.28,1.3,6.53126e-202,1,1.15385,0.789177
8.32,1.3,1.65426e-203,1,1.15385,0.789177
8.36,1.3,4.15121e-205,1,1.15385,0.789177
8.4,1.3,1.03205e-206,1,1.15385,0.789177
8.44,1.3,2.542e-208,1,1.15385,0.789177
8.48,1.3,6.20276e-210,1,1.15385,0.789177
8.52,1.3,1.49942e-211,1,1.15385,0.789177
8.56,1.3,3.59069e-213,1,1.15385,0.789177
8.6,1.3,8.51806e-215,1,1.15385,0.789177
8.64,1.3,2.00172e-216,1,1.15385,0.789177
8.68,1.3,4.65964e-218,1,1.15385,0.789177
8.72,1.3,1.07444e-219,1,1.15385,0.789177
8.76,1.3,2.45401e-221,1,1.15385,0.789177
8.8,1.3,5.55177e-223,1,1.15385,0.789177
8.84,1.3,1.24404e-224,1,1.15385,0.789177
8.88,1.3,2.76105e-226,1,1.15385,0.789177
8.92,1.3,6.06933e-228,1,1.15385,0.789177
8.96,1.3,1.32137e-229,1,1.15385,0.789177
9,1.3,2.84915e-231,1,1.15385,0.789177
9.04,1.3,6.08416e-233,1,1.15385,0.789177
9.08,1.3,1.28668e-234,1,1.15385,0.789177
9.12,1.3,2.69475e-236,1,1.15385,0.789177
9.16,1.3,5.58893e-238,1,1.15385,0.789177
9.2,1.3,1.14787e-239,1,1.15385,0.789177
9.24,1.3,2.33453e-241,1,1.15385,0.789177
9.28,1.3,4.70152e-243,1,1.15385,0.789177
9.32,1.3,9.37558e-245,1,1.15385,0.789177
9.36,1.3,1.85127e-246,1,1.15385,0.789177
9.4,1.3,3.61943e-248,1,1.15385,0.789177
9.44,1.3,7.00647e-250,1,1.15385,0.789177
9.48,1.3,1.34288e-251,1,1.15385,0.789177
9.52,1.3,2.54824e-253,1,1.15385,0.789177
9.56,1.3,4.7874e-255,1,1.15385,0.789177
9.6,1.3,8.90436e-257,1,1.15385,0.789177
9.64,1.3,1.6396e-258,1,1.15385,0.789177
9.68,1.3,2.9888e-260,1,1.15385,0.789177
9.72,1.3,5.39342e-262,1,1.15385,0.789177
9.76,1.3,9.6345e-264,1,1.15385,0.789177
9.8,1.3,1.70365e-265,1,1.15385,0.789177
9.84,1.3,2.98198e-267,1,1.15385,0.789177
9.88,1.3,5.16642e-269,1,1.15385,0.789177
9.92,1.3,8.85982e-271,1,1.15385,0.789177
9.96,1.3,1.52907e-272,1,1.15385,0.789177
10,1.3,1.52907e-272,1,1.15385,0.789177
-10,13,3.49641e-254,10,1.15385,0.882568
-9.96,13,3.49641e-254,10,1.15385,0.882568
-9.92,13,1.51592e-252,10,1.15385,0.882568
-9.88,13,6.66195e-251,10,1.15385,0.882568
-9.84,13,2.90274e-249,10,1.15385,0.882568
-9.8,13,1.254e-247,10,1.15385,0.882568
-9.76,13,5.37121e-246,10,1.15385,0.882568
-9.72,13,2.28108e-244,10,1.15385,0.882568
-9.68,13,9.6052e-243,10,1.15385,0.882568
-9.64,13,4.01028e-241,10,1.15385,0.882568
-9.6,13,1.66016e-239,10,1.15385,0.882568
-9.56,13,6.81458e-238,10,1.15385,0.882568
-9.52,13,2.77361e-236,10,1.15385,0.882568
-9.48,13,1.11937e-234,10,1.15385,0.882568
-9.44,13,4.4795e-233,10,1.15385,0.882568
-9.4,13,1.77753e-231,10,1.15385,0.882568
-9.36,13,6.99428e-230,10,1.15385,0.882568
-9.32,13,2.72904e-228,10,1.15385,0.882568
-9.28,13,1.0559e-226,10,1.15385,0.882568
-9.24,13,4.05126e-225,10,1.15385,0.882568
-9.2,13,1.54139e-223,10,1.15385,0.882568
-9.16,13,5.8156e-222,10,1.15385,0.882568
-9.12,13,2.17592e-220,10,1.15385,0.882568
-9.08,13,8.0735e-219,10,1.15385,0.882568
-9.04,13,2.97068e-217,10,1.15385,0.882568
-9,13,1.084e-215,10,1.15385,0.882568
-8.96,13,3.92271e-214,10,1.15385,0.882568
-8.92,13,1.40777e-212,10,1.15385,0.882568
-8.88,13,5.01039e-211,10,1.15385,0.882568
-8.84,13,1.76851e-209,10,1.15385,0.882568
-8.8,13,6.1908e-208,10,1.15385,0.882568
-8.76,13,2.14928e-206,10,1.15385,0.882568
-8.72,13,7.4003e-205,10,1.15385,0.882568
-8.68,13,2.52709e-203,10,1.15385,0.882568
-8.64,13,8.5588e-202,10,1.15385,0.882568
-8.6,13,2.87494e-200,10,1.15385,0.882568
-8.56,13,9.57796e-199,10,1.15385,0.882568
-8.52,13,3.16483e-197,10,1.15385,0.882568
-8.48,13,1.0372e-195,10,1.15385,0.882568
-8.44,13,3.37147e-194,10,1.15385,0.882568
-8.4,13,1.08697e-192,10,1.15385,0.882568
-8.36,13,3.47591e-191,10,1.15385,0.882568
-8.32,13,1.10248e-189,10,1.15385,0.882568
-8.28,13,3.46844e-188,10,1.15385,0.882568
-8.24,13,1.08232e-186,10,1.15385,0.882568
-8.2,13,3.35001e-185,10,1.15385,0.882568
-8.16,13,1.0285e-183,10,1.15385,0.882568
-8.12,13,3.13211e-182,10,1.15385,0.882568
-8.08,13,9.46121e-181,10,1.15385,0.882568
-8.04,13,2.8349e-179,10,1.15385,0.882568
-8,13,8.42588e-178,10,1.15385,0.882568
-7.96,13,2.48417e-176,10,1.15385,0.882568
-7.92,13,7.26506e-175,10,1.15385,0.882568
-7.88,13,2.10763e-173,10,1.15385,0.882568
-7.84,13,6.06523e-172,10,1.15385,0.882568
-7.8,13,1.73143e-170,10,1.15385,0.882568
-7.76,13,4.90307e-169,10,1.15385,0.882568
-7.72,13,1.37734e-167,10,1.15385,0.882568
-7.68,13,3.83819e-166,10,1.15385,0.882568
-7.64,13,1.06103e-164,10,1.15385,0.882568
-7.6,13,2.9097e-163,10,1.15385,0.882568
-7.56,13,7.9157e-162,10,1.15385,0.882568
-7.52,13,2.13626e-160,10,1.15385,0.882568
-7.48,13,5.71934e-159,10,1.15385,0.882568
-7.44,13,1.51903e-157,10,1.15385,0.882568
-7.4,13,4.00237e-156,10,1.15385,0.882568
-7.36,13,1.04617e-154,10,1.15385,0.882568
-7.32,13,2.71283e-153,10,1.15385,0.882568
-7.28,13,6.97877e-152,10,1.15385,0.882568
-7.24,13,1.78105e-150,10,1.15385,0.882568
-7.2,13,4.50933e-149,10,1.15385,0.882568
-7.16,13,1.13264e-147,10,1.15385,0.882568
-7.12,13,2.82238e-146,10,1.15385,0.882568
-7.08,13,6.97728e-145,10,1.15385,0.882568
-7.04,13,1.71122e-143,10,1.15385,0.882568
-7,13,4.16365e-142,10,1.15385,0.882568
-6.96,13,1.00507e-140,10,1.15385,0.882568
-6.92,13,2.40697e-139,10,1.15385,0.882568
-6.88,13,5.71877e-138,10,1.15385,0.882568
-6.84,13,1.34802e-136,10,1.15385,0.882568
-6.8,13,3.15247e-135,10,1.15385,0.882568
-6.76,13,7.3143e-134,10,1.15385,0.882568
-6.72,13,1.6837e-132,10,1.15385,0.882568
-6.68,13,3.84531e-131,10,1.15385,0.882568
-6.64,13,8.71318e-130,10,1.15385,0.882568
-6.6,13,1.95887e-128,10,1.15385,0.882568
-6.56,13,4.36942e-127,10,1.15385,0.882568
-6.52,13,9.67025e-126,10,1.15385,0.882568
-6.48,13,2.1235e-124,10,1.15385,0.882568
-6.44,13,4.62673e-123,10,1.15385,0.882568
-6.4,13,1.00025e-121,10,1.15385,0.882568
-6.36,13,2.14569e-120,10,1.15385,0.882568
-6.32,13,4.56722e-119,10,1.15385,0.882568
-6.28,13,9.64652e-118,10,1.15385,0.882568
-6.24,13,2.02176e-116,10,1.15385,0.882568
-6.2,13,4.20473e-115,10,1.15385,0.882568
-6.16,13,8.67759e-114,10,1.15385,0.882568
-6.12,13,1.77713e-112,10,1.15385,0.882568
-6.08,13,3.61163e-111,10,1.15385,0.882568
-6.04,13,7.28376e-110,10,1.15385,0.882568
-6,13,1.45774e-108,10,1.15385,0.882568
-5.96,13,2.89521e-107,10,1.15385,0.882568
-5.92,13,5.70632e-106,10,1.15385,0.882568
-5.88,13,1.11612e-104,10,1.15385,0.882568
-5.84,13,2.16642e-103,10,1.15385,0.882568
-5.8,13,4.17306e-102,10,1.15385,0.882568
-5.76,13,7.97705e-101,10,1.15385,0.882568
-5.72,13,1.51323e-99,10,1.15385,0.882568
-5.68,13,2.84868e-98,10,1.15385,0.882568
-5.64,13,5.32175e-97,10,1.15385,0.882568
-5.6,13,9.86587e-96,10,1.15385,0.882568
-5.56,13,1.81503e-94,10,1.15385,0.882568
-5.52,13,3.31362e-93,10,1.15385,0.882568
-5.48,13,6.00325e-92,10,1.15385,0.882568
-5.44,13,1.07929e-90,10,1.15385,0.882568
-5.4,13,1.92557e-89,10,1.15385,0.882568
-5.36,13,3.40919e-88,10,1.15385,0.882568
-5.32,13,5.9899e-87,10,1.15385,0.882568
-5.28,13,1.04441e-85,10,1.15385,0.882568
-5.24,13,1.80721e-84,10,1.15385,0.882568
-5.2,13,3.10345e-83,10,1.15385,0.882568
-5.16,13,5.28923e-82,10,1.15385,0.882568
-5.12,13,8.9467e-81,10,1.15385,0.882568
-5.08,13,1.50201e-79,10,1.15385,0.882568
-5.04,13,2.50288e-78,10,1.15385,0.882568
-5,13,4.13984e-77,10,1.15385,0.882568
-4.96,13,6.79715e-76,10,1.15385,0.882568
-4.92,13,1.10788e-74,10,1.15385,0.882568
-4.88,13,1.79271e-73,10,1.15385,0.882568
-4.84,13,2.88006e-72,10,1.15385,0.882568
-4.8,13,4.59404e-71,10,1.15385,0.882568
-4.76,13,7.27643e-70,10,1.15385,0.882568
-4.72,13,1.14445e-68,10,1.15385,0.882568
-4.68,13,1.78754e-67,10,1.15385,0.882568
-4.64,13,2.7728e-66,10,1.15385,0.882568
-4.6,13,4.27174e-65,10,1.15385,0.882568
-4.56,13,6.53635e-64,10,1.15385,0.882568
-4.52,13,9.93406e-63,10,1.15385,0.882568
-4.48,13,1.49967e-61,10,1.15385,0.882568
-4.44,13,2.24887e-60,10,1.15385,0.882568
-4.4,13,3.35002e-59,10,1.15385,0.882568
-4.36,13,4.9576e-58,10,1.15385,0.882568
-4.32,13,7.28893e-57,10,1.15385,0.882568
-4.28,13,1.06477e-55,10,1.15385,0.882568
-4.24,13,1.54556e-54,10,1.15385,0.882568
-4.2,13,2.22944e-53,10,1.15385,0.882568
-4.16,13,3.19616e-52,10,1.15385,0.882568
-4.12,13,4.5543e-51,10,1.15385,0.882568
-4.08,13,6.45077e-50,10,1.15385,0.882568
-4.04,13,9.08286e-49,10,1.15385,0.882568
-4,13,1.27136e-47,10,1.15385,0.882568
-3.96,13,1.76905e-46,10,1.15385,0.882568
-3.92,13,2.44694e-45,10,1.15385,0.882568
-3.88,13,3.36418e-44,10,1.15385,0.882568
-3.84,13,4.59685e-43,10,1.15385,0.882568
-3.8,13,6.24179e-42,10,1.15385,0.882568
-3.76,13,8.42104e-41,10,1.15385,0.882568
-3.72,13,1.12868e-39,10,1.15385,0.882568
-3.68,13,1.5027e-38,10,1.15385,0.882568
-3.64,13,1.98715e-37,10,1.15385,0.882568
-3.6,13,2.60988e-36,10,1.15385,0.882568
-3.56,13,3.40437e-35,10,1.15385,0.882568
-3.52,13,4.41058e-34,10,1.15385,0.882568
-3.48,13,5.67591e-33,10,1.15385,0.882568
-3.44,13,7.25638e-32,10,1.15385,0.882568
-3.4,13,9.21801e-31,10,1.15385,0.882568
-3.36,13,1.16385e-29,10,1.15385,0.882568
-3.32,13,1.46094e-28,10,1.15385,0.882568
-3.28,13,1.82381e-27,10,1.15385,0.882568
-3.24,13,2.26488e-26,10,1.15385,0.882568
-3.2,13,2.79812e-25,10,1.15385,0.882568
-3.16,13,3.43883e-24,10,1.15385,0.882568
-3.12,13,4.20414e-23,10,1.15385,0.882568
-3.08,13,5.11525e-22,10,1.15385,0.882568
-3.04,13,6.1952e-21,10,1.15385,0.882568
-3,13,7.44185e-20,10,1.15385,0.882568
-2.96,13,8.82779e-19,10,1.15385,0.882568
-2.92,13,1.055e-17,10,1.15385,0.882568
-2.88,13,1.30604e-16,10,1.15385,0.882568
-2.84,13,8.08563e-16,10,1.15385,0.882568
-2.8,13,2.94014e-15,10,1.15385,0.882568
-2.76,13,9.36486e-15,10,1.15385,0.882568
-2.72,13,2.89429e-14,10,1.15385,0.882568
-2.68,13,8.78249e-14,10,1.15385,0.882568
-2.64,13,2.62057e-13,10,1.15385,0.882568
-2.6,13,7.68703e-13,10,1.15385,0.882568
-2.56,13,2.2154e-12,10,1.15385,0.882568
-2.52,13,6.27098e-12,10,1.15385,0.882568
-2.48,13,1.74305e-11,10,1.15385,0.882568
-2.44,13,4.75644e-11,10,1.15385,0.882568
-2.4,13,1.27394e-10,10,1.15385,0.882568
-2.36,13,3.34809e-10,10,1.15385,0.882568
-2.32,13,8.63209e-10,10,1.15385,0.882568
-2.28,13,2.18267e-09,10,1.15385,0.882568
-2.24,13,5.41117e-09,10,1.15385,0.882568
-2.2,13,1.31492e-08,10,1.15385,0.882568
-2.16,13,3.13099e-08,10,1.15385,0.882568
-2.12,13,7.30306e-08,10,1.15385,0.882568
-2.08,13,1.66812e-07,10,1.15385,0.882568
-2.04,13,3.72997e-07,9.99999,1.15385,0.882568
-2,13,8.16181e-07,9.99999,1.15385,0.882568
-1.96,13,1.74709e-06,9.99997,1.15384,0.882568
-1.92,13,3.65706e-06,9.99995,1.15384,0.882568
-1.88,12.9999,7.48282e-06,9.99989,1.15384,0.882568
-1.84,12.9998,1.49604e-05,9.99978,1.15384,0.882568
-1.8,12.9997,2.92137e-05,9.99957,1.15383,0.882568
-1.76,12.9994,5.56941e-05,9.99918,1.15381,0.882568
-1.72,12.9988,0.000103615,9.99847,1.15378,0.882568
-1.68,12.9978,0.000188034,9.99723,1.15372,0.882568
-1.64,12.9962,0.00033271,9.9951,1.15362,0.882568
-1.6,12.9934,0.000573753,9.99156,1.15346,0.882568
-1.56,12.9889,0.000963943,9.98582,1.15319,0.882568
-1.52,12.9819,0.00157726,9.9768,1.15277,0.882568
-1.48,12.9712,0.0025129,9.96306,1.15214,0.882568
-1.44,12.9553,0.00389776,9.94275,1.1512,0.882568
-1.4,12.9325,0.00588619,9.91365,1.14985,0.882568
-1.36,12.9009,0.00865618,9.87321,1.14797,0.882568
-1.32,12.8581,0.0124014,9.81874,1.14543,0.882568
-1.28,12.8021,0.0173198,9.74756,1.1421,0.882568
-1.24,12.7308,0.0236003,9.65726,1.13786,0.882568
-1.2,12.6425,0.031409,9.54589,1.13259,0.882568
-1.16,12.536,0.0408777,9.41219,1.12622,0.882568
-1.12,12.4105,0.0520964,9.25568,1.11869,0.882568
-1.08,12.266,0.0651103,9.07669,1.10999,0.882568
-1.04,12.1027,0.0799209,8.8763,1.10012,0.882568
-1,11.9218,0.0964918,8.65623,1.08913,0.882568
-0.96,11.7243,0.114755,8.41867,1.07708,0.882568
-0.92,11.512,0.134619,8.16613,1.06404,0.882568
-0.88,11.2863,0.15598,7.90128,1.05011,0.882568
-0.84,11.0492,0.178722,7.62677,1.03538,0.882568
-0.8,10.8023,0.202731,7.3452,1.01995,0.882568
-0.76,10.5474,0.227893,7.05898,1.00389,0.882568
-0.72,10.286,0.254097,6.77032,0.98731,0.882568
-0.68,10.0196,0.281243,6.4812,0.970281,0.882568
-0.64,9.74947,0.309234,6.19339,0.952881,0.882568
-0.6,9.47691,0.337981,5.9084,0.935179,0.882568
-0.56,9.20299,0.367402,5.62757,0.91724,0.882568
-0.52,8.92872,0.397419,5.35203,0.899125,0.882568
-0.48,8.65505,0.427954,5.08278,0.880892,0.882568
-0.44,8.38288,0.45893,4.82069,0.862596,0.882568
-0.4,8.1131,0.490263,4.56657,0.844296,0.882568
-0.36,7.84666,0.521856,4.32119,0.826056,0.882568
-0.32,7.58465,0.553586,4.08536,0.807953,0.882568
-0.28,7.3284,0.585288,3.86002,0.790082,0.882568
-0.24,7.07973,0.616723,3.64642,0.772576,0.882568
-0.2,6.84127,0.647525,3.44632,0.755632,0.882568
-0.16,6.6171,0.677104,3.26249,0.739558,0.882568
-0.12,6.41376,0.704491,3.09934,0.724851,0.882568
-0.08,6.24157,0.728116,2.96393,0.712304,0.882568
-0.04,6.11478,0.745754,2.86595,0.703039,0.882568
0,6.04421,0.755557,2.81244,0.697967,0.882568
0.04,6.01708,0.759102,2.79283,0.696226,0.882568
0.08,5.99973,0.761183,2.78103,0.695289,0.882568
0.12,5.98682,0.762544,2.77301,0.694778,0.882568
0.16,5.976,0.763469,2.76725,0.69459,0.882568
0.2,5.9652,0.764107,2.76294,0.694766,0.882568
0.24,5.95151,0.764548,2.75962,0.695526,0.882568
0.28,5.93004,0.764849,2.75696,0.697372,0.882568
0.32,5.89304,0.765046,2.75478,0.701194,0.882568
0.36,5.8297,0.765166,2.75293,0.708337,0.882568
0.4,5.72723,0.765226,2.75132,0.72059,0.882568
0.44,5.57344,0.765238,2.7499,0.74009,0.882568
0.48,5.36032,0.765213,2.74861,0.769154,0.882568
0.52,5.08735,0.765157,2.74743,0.810076,0.882568
0.56,4.76332,0.765076,2.74635,0.864842,0.882568
0.6,4.40561,0.764973,2.74534,0.934721,0.882568
0.64,4.03712,0.764849,2.74441,1.01969,0.882568
0.68,3.68181,0.764706,2.74352,1.11773,0.882568
0.72,3.36021,0.764544,2.74268,1.22433,0.882568
0.76,3.08625,0.764362,2.74185,1.33261,0.882568
0.8,2.86614,0.764155,2.74101,1.43451,0.882568
0.84,2.699,0.763921,2.74013,1.52286,0.882568
0.88,2.57885,0.763651,2.73918,1.59325,0.882568
0.92,2.49693,0.763333,2.73809,1.64488,0.882568
0.96,2.44381,0.762944,2.7368,1.67983,0.882568
1,2.41091,0.762438,2.73514,1.70172,0.882568
1.04,2.39115,0.761732,2.73282,1.71433,0.882568
1.08,2.37916,0.76066,2.72932,1.72076,0.882568
1.12,2.37094,0.758918,2.72362,1.72313,0.882568
1.16,2.36331,0.755938,2.71389,1.72252,0.882568
1.2,2.35322,0.75069,2.69681,1.71901,0.882568
1.24,2.33692,0.741352,2.66663,1.71163,0.882568
1.28,2.30893,0.724822,2.61388,1.69811,0.882568
1.32,2.26121,0.696126,2.52438,1.67458,0.882568
1.36,2.18319,0.648162,2.38048,1.63555,0.882568
1.4,2.06505,0.573028,2.16875,1.57533,0.882568
1.44,1.90636,0.467115,1.89664,1.49236,0.882568
1.48,1.7267,0.339773,1.60657,1.39564,0.882568
1.52,1.56254,0.215843,1.35914,1.30474,0.882568
1.56,1.44289,0.120431,1.18982,1.23692,0.882568
1.6,1.37106,0.0608527,1.09273,1.19549,0.882568
1.64,1.33341,0.0288666,1.04319,1.17352,0.882568
1.68,1.31521,0.0132009,1.01958,1.16283,0.882568
1.72,1.30679,0.00590777,1.00873,1.15786,0.882568
1.76,1.30299,0.00260593,1.00384,1.15562,0.882568
1.8,1.30131,0.0011363,1.00167,1.15462,0.882568
1.84,1.30056,0.000490224,1.00072,1.15418,0.882568
1.88,1.30024,0.000209239,1.00031,1.15399,0.882568
1.92,1.3001,8.83188e-05,1.00013,1.15391,0.882568
1.96,1.30004,3.68451e-05,1.00005,1.15387,0.882568
2,1.30002,1.51835e-05,1.00002,1.15386,0.882568
2.04,1.30001,6.17714e-06,1.00001,1.15385,0.882568
2.08,1.3,2.4798e-06,1,1.15385,0.882568
2.12,1.3,9.81901e-07,1,1.15385,0.882568
2.16,1.3,3.83335e-07,1,1.15385,0.882568
2.2,1.3,1.47507e-07,1,1.15385,0.882568
2.24,1.3,5.59309e-08,1,1.15385,0.882568
2.28,1.3,2.08932e-08,1,1.15385,0.882568
2.32,1.3,7.6877e-09,1,1.15385,0.882568
2.36,1.3,2.78591e-09,1,1.15385,0.882568
2.4,1.3,9.94195e-10,1,1.15385,0.882568
2.44,1.3,3.49366e-10,1,1.15385,0.882568
2.48,1.3,1.20886e-10,1,1.15385,0.882568
2.52,1.3,4.11852e-11,1,1.15385,0.882568
2.56,1.3,1.38158e-11,1,1.15385,0.882568
2.6,1.3,4.56337e-12,1,1.15385,0.882568
2.64,1.3,1.48412e-12,1,1.15385,0.882568
2.68,1.3,4.7519e-13,1,1.15385,0.882568
2.72,1.3,1.49756e-13,1,1.15385,0.882568
2.76,1.3,4.64251e-14,1,1.15385,0.882568
2.8,1.3,1.41425e-14,1,1.15385,0.882568
2.84,1.3,4.21871e-15,1,1.15385,0.882568
2.88,1.3,1.13414e-15,1,1.15385,0.882568
2.92,1.3,1.95162e-16,1,1.15385,0.882568
2.96,1.3,1.53906e-17,1,1.15385,0.882568
3,1.3,1.20109e-18,1,1.15385,0.882568
3.04,1.3,9.54933e-20,1,1.15385,0.882568
3.08,1.3,7.56764e-21,1,1.15385,0.882568
3.12,1.3,5.94629e-22,1,1.15385,0.882568
3.16,1.3,4.64602e-23,1,1.15385,0.882568
3.2,1.3,3.61615e-24,1,1.15385,0.882568
3.24,1.3,2.80595e-25,1,1.15385,0.882568
3.28,1.3,2.17132e-26,1,1.15385,0.882568
3.32,1.3,1.67546e-27,1,1.15385,0.882568
3.36,1.3,1.28866e-28,1,1.15385,0.882568
3.4,1.3,9.87442e-30,1,1.15385,0.882568
3.44,1.3,7.53373e-31,1,1.15385,0.882568
3.48,1.3,5.71981e-32,1,1.15385,0.882568
3.52,1.3,4.31899e-33,1,1.15385,0.882568
3.56,1.3,3.24185e-34,1,1.15385,0.882568
3.6,1.3,2.4179e-35,1,1.15385,0.882568
3.64,1.3,1.79142e-36,1,1.15385,0.882568
3.68,1.3,1.31826e-37,1,1.15385,0.882568
3.72,1.3,9.63451e-39,1,1.15385,0.882568
3.76,1.3,6.99361e-40,1,1.15385,0.882568
3.8,1.3,5.04259e-41,1,1.15385,0.882568
3.84,1.3,3.61188e-42,1,1.15385,0.882568
3.88,1.3,2.57033e-43,1,1.15385,0.882568
3.92,1.3,1.81742e-44,1,1.15385,0.882568
3.96,1.3,1.27692e-45,1,1.15385,0.882568
4,1.3,8.91523e-47,1,1.15385,0.882568
4.04,1.3,6.18542e-48,1,1.15385,0.882568
4.08,1.3,4.26462e-49,1,1.15385,0.882568
4.12,1.3,2.92192e-50,1,1.15385,0.882568
4.16,1.3,1.98947e-51,1,1.15385,0.882568
4.2,1.3,1.34615e-52,1,1.15385,0.882568
4.24,1.3,9.05194e-54,1,1.15385,0.882568
4.28,1.3,6.04907e-55,1,1.15385,0.882568
4.32,1.3,4.01734e-56,1,1.15385,0.882568
4.36,1.3,2.65151e-57,1,1.15385,0.882568
4.4,1.3,1.7392e-58,1,1.15385,0.882568
4.44,1.3,1.1337e-59,1,1.15385,0.882568
4.48,1.3,7.34387e-61,1,1.15385,0.882568
4.52,1.3,4.72723e-62,1,1.15385,0.882568
4.56,1.3,3.02356e-63,1,1.15385,0.882568
4.6,1.3,1.92147e-64,1,1.15385,0.882568
4.64,1.3,1.21317e-65,1,1.15385,0.882568
4.68,1.3,7.60939e-67,1,1.15385,0.882568
4.72,1.3,4.74125e-68,1,1.15385,0.882568
4.76,1.3,2.93443e-69,1,1.15385,0.882568
4.8,1.3,1.80393e-70,1,1.15385,0.882568
4.84,1.3,1.10144e-71,1,1.15385,0.882568
4.88,1.3,6.6794e-73,1,1.15385,0.882568
4.92,1.3,4.02283e-74,1,1.15385,0.882568
4.96,1.3,2.40623e-75,1,1.15385,0.882568
5,1.3,1.42937e-76,1,1.15385,0.882568
5.04,1.3,8.43237e-78,1,1.15385,0.882568
5.08,1.3,4.94022e-79,1,1.15385,0.882568
5.12,1.3,2.87428e-80,1,1.15385,0.882568
5.16,1.3,1.6607e-81,1,1.15385,0.882568
5.2,1.3,9.52855e-83,1,1.15385,0.882568
5.24,1.3,5.42908e-84,1,1.15385,0.882568
5.28,1.3,3.07171e-85,1,1.15385,0.882568
5.32,1.3,1.72574e-86,1,1.15385,0.882568
5.36,1.3,9.62724e-88,1,1.15385,0.882568
5.4,1.3,5.33265e-89,1,1.15385,0.882568
5.44,1.3,2.93281e-90,1,1.15385,0.882568
5.48,1.3,1.60143e-91,1,1.15385,0.882568
5.52,1.3,8.68161e-93,1,1.15385,0.882568
5.56,1.3,4.6724e-94,1,1.15385,0.882568
5.6,1.3,2.49637e-95,1,1.15385,0.882568
5.64,1.3,1.32401e-96,1,1.15385,0.882568
5.68,1.3,6.97051e-98,1,1.15385,0.882568
5.72,1.3,3.64261e-99,1,1.15385,0.882568
5.76,1.3,1.88937e-100,1,1.15385,0.882568
5.8,1.3,9.72653e-102,1,1.15385,0.882568
5.84,1.3,4.96957e-103,1,1.15385,0.882568
5.88,1.3,2.51989e-104,1,1.15385,0.882568
5.92,1.3,1.26803e-105,1,1.15385,0.882568
5.96,1.3,6.33211e-107,1,1.15385,0.882568
6,1.3,3.13777e-108,1,1.15385,0.882568
6.04,1.3,1.54288e-109,1,1.15385,0.882568
6.08,1.3,7.52787e-111,1,1.15385,0.882568
6.12,1.3,3.64439e-112,1,1.15385,0.882568
6.16,1.3,1.75058e-113,1,1.15385,0.882568
6.2,1.3,8.34321e-115,1,1.15385,0.882568
6.24,1.3,3.9452e-116,1,1.15385,0.882568
6.28,1.3,1.85091e-117,1,1.15385,0.882568
6.32,1.3,8.61533e-119,1,1.15385,0.882568
6.36,1.3,3.97858e-120,1,1.15385,0.882568
6.4,1.3,1.82284e-121,1,1.15385,0.882568
6.44,1.3,8.28582e-123,1,1.15385,0.882568
6.48,1.3,3.73668e-124,1,1.15385,0.882568
6.52,1.3,1.67186e-125,1,1.15385,0.882568
6.56,1.3,7.42134e-127,1,1.15385,0.882568
6.6,1.3,3.26839e-128,1,1.15385,0.882568
6.64,1.3,1.42811e-129,1,1.15385,0.882568
6.68,1.3,6.19108e-131,1,1.15385,0.882568
6.72,1.3,2.6629e-132,1,1.15385,0.882568
6.76,1.3,1.13641e-133,1,1.15385,0.882568
6.8,1.3,4.81181e-135,1,1.15385,0.882568
6.84,1.3,2.02154e-136,1,1.15385,0.882568
6.88,1.3,8.42684e-138,1,1.15385,0.882568
6.92,1.3,3.48544e-139,1,1.15385,0.882568
6.96,1.3,1.43043e-140,1,1.15385,0.882568
7,1.3,5.82503e-142,1,1.15385,0.882568
7.04,1.3,2.35371e-143,1,1.15385,0.882568
7.08,1.3,9.43699e-145,1,1.15385,0.882568
7.12,1.3,3.75441e-146,1,1.15385,0.882568
7.16,1.3,1.48211e-147,1,1.15385,0.882568
7.2,1.3,5.80559e-149,1,1.15385,0.882568
7.24,1.3,2.25652e-150,1,1.15385,0.882568
7.28,1.3,8.70278e-152,1,1.15385,0.882568
7.32,1.3,3.33041e-153,1,1.15385,0.882568
7.36,1.3,1.26461e-154,1,1.15385,0.882568
7.4,1.3,4.76461e-156,1,1.15385,0.882568
7.44,1.3,1.78118e-157,1,1.15385,0.882568
7.48,1.3,6.60675e-159,1,1.15385,0.882568
7.52,1.3,2.43144e-160,1,1.15385,0.882568
7.56,1.3,8.8783e-162,1,1.15385,0.882568
7.6,1.3,3.21645e-163,1,1.15385,0.882568
7.64,1.3,1.15611e-164,1,1.15385,0.882568
7.68,1.3,4.12278e-166,1,1.15385,0.882568
7.72,1.3,1.45862e-167,1,1.15385,0.882568
7.76,1.3,5.11973e-169,1,1.15385,0.882568
7.8,1.3,1.78279e-170,1,1.15385,0.882568
7.84,1.3,6.15877e-172,1,1.15385,0.882568
7.88,1.3,2.11069e-173,1,1.15385,0.882568
7.92,1.3,7.17601e-175,1,1.15385,0.882568
7.96,1.3,2.42029e-176,1,1.15385,0.882568
8,1.3,8.09785e-178,1,1.15385,0.882568
8.04,1.3,2.68774e-179,1,1.15385,0.882568
8.08,1.3,8.84947e-181,1,1.15385,0.882568
8.12,1.3,2.89037e-182,1,1.15385,0.882568
8.16,1.3,9.3647e-184,1,1.15385,0.882568
8.2,1.3,3.00978e-185,1,1.15385,0.882568
8.24,1.3,9.59563e-187,1,1.15385,0.882568
8.28,1.3,3.03464e-188,1,1.15385,0.882568
8.32,1.3,9.51993e-190,1,1.15385,0.882568
8.36,1.3,2.96245e-191,1,1.15385,0.882568
8.4,1.3,9.14442e-193,1,1.15385,0.882568
8.44,1.3,2.79993e-194,1,1.15385,0.882568
8.48,1.3,8.50397e-196,1,1.15385,0.882568
8.52,1.3,2.56199e-197,1,1.15385,0.882568
8.56,1.3,7.6562e-199,1,1.15385,0.882568
8.6,1.3,2.26947e-200,1,1.15385,0.882568
8.64,1.3,6.67285e-202,1,1.15385,0.882568
8.68,1.3,1.94612e-203,1,1.15385,0.882568
8.72,1.3,5.62984e-205,1,1.15385,0.882568
8.76,1.3,1.61543e-206,1,1.15385,0.882568
8.8,1.3,4.59771e-208,1,1.15385,0.882568
8.84,1.3,1.29794e-209,1,1.15385,0.882568
8.88,1.3,3.6343e-211,1,1.15385,0.882568
8.92,1.3,1.00935e-212,1,1.15385,0.882568
8.96,1.3,2.78038e-214,1,1.15385,0.882568
9,1.3,7.59647e-216,1,1.15385,0.882568
9.04,1.3,2.05853e-217,1,1.15385,0.882568
9.08,1.3,5.53265e-219,1,1.15385,0.882568
9.12,1.3,1.47482e-220,1,1.15385,0.882568
9.16,1.3,3.8991e-222,1,1.15385,0.882568
9.2,1.3,1.02237e-223,1,1.15385,0.882568
9.24,1.3,2.65865e-225,1,1.15385,0.882568
9.28,1.3,6.85677e-227,1,1.15385,0.882568
9.32,1.3,1.75379e-228,1,1.15385,0.882568
9.36,1.3,4.44863e-230,1,1.15385,0.882568
9.4,1.3,1.11908e-231,1,1.15385,0.882568
9.44,1.3,2.79175e-233,1,1.15385,0.882568
9.48,1.3,6.90662e-235,1,1.15385,0.882568
9.52,1.3,1.69441e-236,1,1.15385,0.882568
9.56,1.3,4.12224e-238,1,1.15385,0.882568
9.6,1.3,9.94486e-240,1,1.15385,0.882568
9.64,1.3,2.37908e-241,1,1.15385,0.882568
9.68,1.3,5.64362e-243,1,1.15385,0.882568
9.72,1.3,1.32751e-244,1,1.15385,0.882568
9.76,1.3,3.09627e-246,1,1.15385,0.882568
9.8,1.3,7.16074e-248,1,1.15385,0.882568
9.84,1.3,1.64204e-249,1,1.15385,0.882568
9.88,1.3,3.73346e-251,1,1.15385,0.882568
9.92,1.3,8.4166e-253,1,1.15385,0.882568
9.96,1.3,1.9229e-254,1,1.15385,0.882568
10,1.3,1.9229e-254,1,1.15385,0.882568
-10,13,3.92582e-239,10,1.15385,0.975822
-9.96,13,3.92582e-239,10,1.15385,0.975822
-9.92,13,1.37136e-237,10,1.15385,0.975822
-9.88,13,4.88579e-236,10,1.15385,0.975822
-9.84,13,1.72768e-234,10,1.15385,0.975822
-9.8,13,6.06362e-233,10,1.15385,0.975822
-9.76,13,2.11224e-231,10,1.15385,0.975822
-9.72,13,7.30303e-230,10,1.15385,0.975822
-9.68,13,2.50618e-228,10,1.15385,0.975822
-9.64,13,8.53638e-227,10,1.15385,0.975822
-9.6,13,2.88597e-225,10,1.15385,0.975822
-9.56,13,9.68434e-224,10,1.15385,0.975822
-9.52,13,3.2256e-222,10,1.15385,0.975822
-9.48,13,1.06639e-220,10,1.15385,0.975822
-9.44,13,3.49939e-219,10,1.15385,0.975822
-9.4,13,1.13983e-217,10,1.15385,0.975822
-9.36,13,3.6852e-216,10,1.15385,0.975822
-9.32,13,1.18266e-214,10,1.15385,0.975822
-9.28,13,3.76741e-213,10,1.15385,0.975822
-9.24,13,1.19126e-211,10,1.15385,0.975822
-9.2,13,3.73903e-210,10,1.15385,0.975822
-9.16,13,1.16493e-208,10,1.15385,0.975822
-9.12,13,3.60275e-207,10,1.15385,0.975822
-9.08,13,1.10602e-205,10,1.15385,0.975822
-9.04,13,3.37047e-204,10,1.15385,0.975822
-9,13,1.01957e-202,10,1.15385,0.975822
-8.96,13,3.0616e-201,10,1.15385,0.975822
-8.92,13,9.12613e-200,10,1.15385,0.975822
-8.88,13,2.70043e-198,10,1.15385,0.975822
-8.84,13,7.93213e-197,10,1.15385,0.975822
-8.8,13,2.31292e-195,10,1.15385,0.975822
-8.76,13,6.69496e-194,10,1.15385,0.975822
-8.72,13,1.92377e-192,10,1.15385,0.975822
-8.68,13,5.48757e-191,10,1.15385,0.975822
-8.64,13,1.55392e-189,10,1.15385,0.975822
-8.6,13,4.36821e-188,10,1.15385,0.975822
-8.56,13,1.219e-186,10,1.15385,0.975822
-8.52,13,3.37704e-185,10,1.15385,0.975822
-8.48,13,9.28747e-184,10,1.15385,0.975822
-8.44,13,2.53567e-182,10,1.15385,0.975822
-8.4,13,6.87261e-181,10,1.15385,0.975822
-8.36,13,1.84922e-179,10,1.15385,0.975822
-8.32,13,4.9396e-178,10,1.15385,0.975822
-8.28,13,1.30989e-176,10,1.15385,0.975822
-8.24,13,3.44841e-175,10,1.15385,0.975822
-8.2,13,9.0125e-174,10,1.15385,0.975822
-8.16,13,2.33838e-172,10,1.15385,0.975822
-8.12,13,6.02323e-171,10,1.15385,0.975822
-8.08,13,1.54024e-169,10,1.15385,0.975822
-8.04,13,3.91018e-168,10,1.15385,0.975822
-8,13,9.85491e-167,10,1.15385,0.975822
-7.96,13,2.4658e-165,10,1.15385,0.975822
-7.92,13,6.1251e-164,10,1.15385,0.975822
-7.88,13,1.5105e-162,10,1.15385,0.975822
-7.84,13,3.69811e-161,10,1.15385,0.975822
-7.8,13,8.98864e-160,10,1.15385,0.975822
-7.76,13,2.16902e-158,10,1.15385,0.975822
-7.72,13,5.19626e-157,10,1.15385,0.975822
-7.68,13,1.23588e-155,10,1.15385,0.975822
-7.64,13,2.91825e-154,10,1.15385,0.975822
-7.6,13,6.84119e-153,10,1.15385,0.975822
-7.56,13,1.59223e-151,10,1.15385,0.975822
-7.52,13,3.67914e-150,10,1.15385,0.975822
-7.48,13,8.44029e-149,10,1.15385,0.975822
-7.44,13,1.92239e-147,10,1.15385,0.975822
-7.4,13,4.34712e-146,10,1.15385,0.975822
-7.36,13,9.75981e-145,10,1.15385,0.975822
-7.32,13,2.17553e-143,10,1.15385,0.975822
-7.28,13,4.81475e-142,10,1.15385,0.975822
-7.24,13,1.05797e-140,10,1.15385,0.975822
-7.2,13,2.30818e-139,10,1.15385,0.975822
-7.16,13,4.99994e-138,10,1.15385,0.975822
-7.12,13,1.07538e-136,10,1.15385,0.975822
-7.08,13,2.29652e-135,10,1.15385,0.975822
-7.04,13,4.86956e-134,10,1.15385,0.975822
-7,13,1.02524e-132,10,1.15385,0.975822
-6.96,13,2.1433e-131,10,1.15385,0.975822
-6.92,13,4.44904e-130,10,1.15385,0.975822
-6.88,13,9.17016e-129,10,1.15385,0.975822
-6.84,13,1.87681e-127,10,1.15385,0.975822
-6.8,13,3.81416e-126,10,1.15385,0.975822
-6.76,13,7.69688e-125,10,1.15385,0.975822
-6.72,13,1.54231e-123,10,1.15385,0.975822
-6.68,13,3.0688e-122,10,1.15385,0.975822
-6.64,13,6.06331e-121,10,1.15385,0.975822
-6.6,13,1.18958e-119,10,1.15385,0.975822
-6.56,13,2.31751e-118,10,1.15385,0.975822
-6.52,13,4.48327e-117,10,1.15385,0.975822
-6.48,13,8.61212e-116,10,1.15385,0.975822
-6.44,13,1.64274e-114,10,1.15385,0.975822
-6.4,13,3.11149e-113,10,1.15385,0.975822
-6.36,13,5.85205e-112,10,1.15385,0.975822
-6.32,13,1.09292e-110,10,1.15385,0.975822
-6.28,13,2.02677e-109,10,1.15385,0.975822
-6.24,13,3.73214e-108,10,1.15385,0.975822
-6.2,13,6.82413e-107,10,1.15385,0.975822
-6.16,13,1.23901e-105,10,1.15385,0.975822
-6.12,13,2.23375e-104,10,1.15385,0.975822
-6.08,13,3.99884e-103,10,1.15385,0.975822
-6.04,13,7.1084e-102,10,1.15385,0.975822
-6,13,1.25473e-100,10,1.15385,0.975822
-5.96,13,2.19926e-99,10,1.15385,0.975822
-5.92,13,3.82782e-98,10,1.15385,0.975822
-5.88,13,6.61582e-97,10,1.15385,0.975822
-5.84,13,1.13548e-95,10,1.15385,0.975822
-5.8,13,1.9353e-94,10,1.15385,0.975822
-5.76,13,3.27566e-93,10,1.15385,0.975822
-5.72,13,5.50611e-92,10,1.15385,0.975822
-5.68,13,9.19175e-91,10,1.15385,0.975822
-5.64,13,1.52396e-89,10,1.15385,0.975822
-5.6,13,2.5095e-88,10,1.15385,0.975822
-5.56,13,4.10444e-87,10,1.15385,0.975822
-5.52,13,6.66797e-86,10,1.15385,0.975822
-5.48,13,1.07603e-84,10,1.15385,0.975822
-5.44,13,1.7249e-83,10,1.15385,0.975822
-5.4,13,2.74683e-82,10,1.15385,0.975822
-5.36,13,4.34558e-81,10,1.15385,0.975822
-5.32,13,6.83017e-80,10,1.15385,0.975822
-5.28,13,1.06659e-78,10,1.15385,0.975822
-5.24,13,1.6549e-77,10,1.15385,0.975822
-5.2,13,2.55131e-76,10,1.15385,0.975822
-5.16,13,3.90834e-75,10,1.15385,0.975822
-5.12,13,5.94943e-74,10,1.15385,0.975822
-5.08,13,8.99976e-73,10,1.15385,0.975822
-5.04,13,1.35293e-71,10,1.15385,0.975822
-5,13,2.02128e-70,10,1.15385,0.975822
-4.96,13,3.00129e-69,10,1.15385,0.975822
-4.92,13,4.42933e-68,10,1.15385,0.975822
-4.88,13,6.49742e-67,10,1.15385,0.975822
-4.84,13,9.47419e-66,10,1.15385,0.975822
-4.8,13,1.3733e-64,10,1.15385,0.975822
-4.76,13,1.97897e-63,10,1.15385,0.975822
-4.72,13,2.83521e-62,10,1.15385,0.975822
-4.68,13,4.03854e-61,10,1.15385,0.975822
-4.64,13,5.71971e-60,10,1.15385,0.975822
-4.6,13,8.05462e-59,10,1.15385,0.975822
-4.56,13,1.12782e-57,10,1.15385,0.975822
-4.52,13,1.57021e-56,10,1.15385,0.975822
-4.48,13,2.17362e-55,10,1.15385,0.975822
-4.44,13,2.99158e-54,10,1.15385,0.975822
-4.4,13,4.09338e-53,10,1.15385,0.975822
-4.36,13,5.56798e-52,10,1.15385,0.975822
-4.32,13,7.52859e-51,10,1.15385,0.975822
-4.28,13,1.01181e-49,10,1.15385,0.975822
-4.24,13,1.35151e-48,10,1.15385,0.975822
-4.2,13,1.79415e-47,10,1.15385,0.975822
-4.16,13,2.36697e-46,10,1.15385,0.975822
-4.12,13,3.10326e-45,10,1.15385,0.975822
-4.08,13,4.04336e-44,10,1.15385,0.975822
-4.04,13,5.23581e-43,10,1.15385,0.975822
-4,13,6.73868e-42,10,1.15385,0.975822
-3.96,13,8.62105e-41,10,1.15385,0.975822
-3.92,13,1.09647e-39,10,1.15385,0.975822
-3.88,13,1.38657e-38,10,1.15385,0.975822
-3.84,13,1.74366e-37,10,1.15385,0.975822
-3.8,13,2.1808e-36,10,1.15385,0.975822
-3.76,13,2.71302e-35,10,1.15385,0.975822
-3.72,13,3.35744e-34,10,1.15385,0.975822
-3.68,13,4.13324e-33,10,1.15385,0.975822
-3.64,13,5.06165e-32,10,1.15385,0.975822
-3.6,13,6.1658e-31,10,1.15385,0.975822
-3.56,13,7.47075e-30,10,1.15385,0.975822
-3.52,13,9.00398e-29,10,1.15385,0.975822
-3.48,13,1.07967e-27,10,1.15385,0.975822
-3.44,13,1.28857e-26,10,1.15385,0.975822
-3.4,13,1.53151e-25,10,1.15385,0.975822
-3.36,13,1.81349e-24,10,1.15385,0.975822
-3.32,13,2.1393e-23,10,1.15385,0.975822
-3.28,13,2.51189e-22,10,1.15385,0.975822
-3.24,13,2.93174e-21,10,1.15385,0.975822
-3.2,13,3.40112e-20,10,1.15385,0.975822
-3.16,13,3.92372e-19,10,1.15385,0.975822
-3.12,13,4.45444e-18,10,1.15385,0.975822
-3.08,13,4.78495e-17,10,1.15385,0.975822
-3.04,13,4.54378e-16,10,1.15385,0.975822
-3,13,1.83916e-15,10,1.15385,0.975822
-2.96,13,5.76598e-15,10,1.15385,0.975822
-2.92,13,1.71944e-14,10,1.15385,0.975822
-2.88,13,5.04317e-14,10,1.15385,0.975822
-2.84,13,1.45585e-13,10,1.15385,0.975822
-2.8,13,4.13313e-13,10,1.15385,0.975822
-2.76,13,1.15416e-12,10,1.15385,0.975822
-2.72,13,3.17046e-12,10,1.15385,0.975822
-2.68,13,8.56489e-12,10,1.15385,0.975822
-2.64,13,2.27477e-11,10,1.15385,0.975822
-2.6,13,5.93858e-11,10,1.15385,0.975822
-2.56,13,1.52358e-10,10,1.15385,0.975822
-2.52,13,3.84051e-10,10,1.15385,0.975822
-2.48,13,9.50938e-10,10,1.15385,0.975822
-2.44,13,2.31234e-09,10,1.15385,0.975822
-2.4,13,5.52054e-09,10,1.15385,0.975822
-2.36,13,1.29369e-08,10,1.15385,0.975822
-2.32,13,2.975e-08,10,1.15385,0.975822
-2.28,13,6.71167e-08,10,1.15385,0.975822
-2.24,13,1.48505e-07,10,1.15385,0.975822
-2.2,13,3.22175e-07,10,1.15385,0.975822
-2.16,13,6.85099e-07,9.99999,1.15385,0.975822
-2.12,13,1.42755e-06,9.99998,1.15385,0.975822
-2.08,13,2.91384e-06,9.99996,1.15384,0.975822
-2.04,12.9999,5.82416e-06,9.99991,1.15384,0.975822
-2,12.9999,1.13958e-05,9.99983,1.15384,0.975822
-1.96,12.9997,2.18196e-05,9.99968,1.15383,0.975822
-1.92,12.9995,4.08677e-05,9.9994,1.15382,0.975822
-1.88,12.9991,7.48491e-05,9.9989,1.1538,0.975822
-1.84,12.9985,0.000133999,9.99803,1.15376,0.975822
-1.8,12.9973,0.000234403,9.99655,1.15369,0.975822
-1.76,12.9954,0.000400509,9.99411,1.15357,0.975822
-1.72,12.9923,0.000668192,9.99017,1.15339,0.975822
-1.68,12.9875,0.00108817,9.98399,1.15311,0.975822
-1.64,12.9802,0.00172938,9.97457,1.15267,0.975822
-1.6,12.9692,0.00268168,9.96059,1.15202,0.975822
-1.56,12.9535,0.00405718,9.94042,1.15109,0.975822
-1.52,12.9314,0.00598924,9.91214,1.14978,0.975822
-1.48,12.9012,0.00862879,9.87361,1.14799,0.975822
-1.44,12.8611,0.0121377,9.82257,1.14561,0.975822
-1.4,12.8094,0.0166797,9.75681,1.14254,0.975822
-1.36,12.7443,0.0224098,9.67433,1.13866,0.975822
-1.32,12.6645,0.0294646,9.57353,1.1339,0.975822
-1.28,12.5689,0.0379529,9.45335,1.12819,0.975822
-1.24,12.4568,0.0479503,9.31331,1.12147,0.975822
-1.2,12.3282,0.0594969,9.1536,1.11374,0.975822
-1.16,12.1833,0.0725977,8.97501,1.105,0.975822
-1.12,12.0228,0.0872266,8.77883,1.09527,0.975822
-1.08,11.8477,0.103332,8.56677,1.08461,0.975822
-1.04,11.6591,0.120841,8.34081,1.07308,0.975822
-1,11.4585,0.13967,8.10311,1.06075,0.975822
-0.96,11.2473,0.159724,7.85583,1.04769,0.975822
-0.92,11.0269,0.180909,7.60113,1.03399,0.975822
-0.88,10.7987,0.203127,7.34105,1.01971,0.975822
-0.84,10.5641,0.226287,7.07748,1.00494,0.975822
-0.8,10.3243,0.2503,6.81216,0.98973,0.975822
-0.76,10.0804,0.275086,6.54661,0.974159,0.975822
-0.72,9.83356,0.300566,6.28222,0.958283,0.975822
-0.68,9.58467,0.326673,6.02017,0.942157,0.975822
-0.64,9.33461,0.353339,5.7615,0.925829,0.975822
-0.6,9.08416,0.380506,5.50711,0.909348,0.975822
-0.56,8.83404,0.408114,5.25776,0.892757,0.975822
-0.52,8.58492,0.436108,5.01415,0.876096,0.975822
-0.48,8.33747,0.464429,4.77686,0.859409,0.975822
-0.44,8.09231,0.493014,4.54647,0.842738,0.975822
-0.4,7.85014,0.521792,4.32349,0.826129,0.975822
-0.36,7.61174,0.550675,4.1085,0.809638,0.975822
-0.32,7.37805,0.579545,3.90216,0.793331,0.975822
-0.28,7.1503,0.608241,3.70529,0.7773,0.975822
-0.24,6.93021,0.636525,3.51904,0.761674,0.975822
-0.2,6.72035,0.664029,3.34514,0.746645,0.975822
-0.16,6.52466,0.690173,3.18626,0.732513,0.975822
-0.12,6.34933,0.714027,3.04663,0.719752,0.975822
-0.08,6.20363,0.73417,2.93259,0.709082,0.975822
-0.04,6.09902,0.748789,2.85195,0.701413,0.975822
0,6.04159,0.756779,2.80846,0.697282,0.975822
0.04,6.01771,0.759926,2.79112,0.695726,0.975822
0.08,6.00222,0.761824,2.78043,0.694849,0.975822
0.12,5.99082,0.763084,2.77309,0.694335,0.975822
0.16,5.98166,0.763951,2.76781,0.694073,0.975822
0.2,5.97349,0.764557,2.76386,0.69403,0.975822
0.24,5.96493,0.764984,2.76081,0.69426,0.975822
0.28,5.95385,0.765282,2.75839,0.694944,0.975822
0.32,5.93661,0.765486,2.75642,0.696463,0.975822
0.36,5.90739,0.765619,2.75476,0.699486,0.975822
0.4,5.85788,0.765698,2.75333,0.705033,0.975822
0.44,5.7777,0.765734,2.75207,0.714489,0.975822
0.48,5.65606,0.765737,2.75093,0.729553,0.975822
0.52,5.48411,0.765712,2.74988,0.752142,0.975822
0.56,5.25778,0.765665,2.74892,0.784243,0.975822
0.6,4.97987,0.765599,2.74802,0.827738,0.975822
0.64,4.66069,0.765517,2.74718,0.884154,0.975822
0.68,4.31687,0.76542,2.74639,0.954299,0.975822
0.72,3.96855,0.76531,2.74565,1.03778,0.975822
0.76,3.63585,0.765187,2.74494,1.13245,0.975822
0.8,3.33554,0.76505,2.74426,1.2341,0.975822
0.84,3.07884,0.7649,2.7436,1.33667,0.975822
0.88,2.87067,0.764733,2.74293,1.43326,0.975822
0.92,2.71023,0.764549,2.74225,1.51772,0.975822
0.96,2.59257,0.764344,2.74153,1.58618,0.975822
1,2.51031,0.764114,2.74074,1.63769,0.975822
1.04,2.45543,0.763849,2.73986,1.67376,0.975822
1.08,2.42038,0.763536,2.73883,1.69736,0.975822
1.12,2.39885,0.763146,2.73756,1.7118,0.975822
1.16,2.38594,0.762627,2.73587,1.71999,0.975822
1.2,2.37807,0.761882,2.73343,1.72415,0.975822
1.24,2.37267,0.760728,2.72966,1.72569,0.975822
1.28,2.36773,0.758824,2.72343,1.72535,0.975822
1.32,2.36137,0.755553,2.71275,1.72321,0.975822
1.36,2.35125,0.749804,2.69404,1.71869,0.975822
1.4,2.3339,0.739634,2.66121,1.71036,0.975822
1.44,2.30384,0.721768,2.60433,1.69565,0.975822
1.48,2.25288,0.691035,2.50886,1.67043,0.975822
1.52,2.17052,0.640214,2.35738,1.62914,0.975822
1.56,2.04766,0.561679,2.13821,1.56633,0.975822
1.6,1.88581,0.452944,1.86246,1.48143,0.975822
1.64,1.70684,0.325173,1.57571,1.38476,0.975822
1.68,1.54735,0.203975,1.33712,1.2962,0.975822
1.72,1.43358,0.112814,1.17705,1.23159,0.975822
1.76,1.36626,0.0568069,1.08636,1.1927,0.975822
1.8,1.33121,0.0269789,1.04033,1.17223,0.975822
1.84,1.31428,0.0123934,1.01837,1.16228,0.975822
1.88,1.30642,0.00558499,1.00825,1.15764,0.975822
1.92,1.30286,0.00248567,1.00366,1.15554,0.975822
1.96,1.30126,0.00109561,1.00161,1.15459,0.975822
2,1.30055,0.000478669,1.0007,1.15417,0.975822
2.04,1.30024,0.000207285,1.00031,1.15399,0.975822
2.08,1.3001,8.89363e-05,1.00013,1.15391,0.975822
2.12,1.30004,3.77865e-05,1.00006,1.15387,0.975822
2.16,1.30002,1.58889e-05,1.00002,1.15386,0.975822
2.2,1.30001,6.60858e-06,1.00001,1.15385,0.975822
2.24,1.3,2.71744e-06,1,1.15385,0.975822
2.28,1.3,1.1042e-06,1,1.15385,0.975822
2.32,1.3,4.43194e-07,1,1.15385,0.975822
2.36,1.3,1.75648e-07,1,1.15385,0.975822
2.4,1.3,6.87172e-08,1,1.15385,0.975822
2.44,1.3,2.65303e-08,1,1.15385,0.975822
2.48,1.3,1.0106e-08,1,1.15385,0.975822
2.52,1.3,3.79753e-09,1,1.15385,0.975822
2.56,1.3,1.40747e-09,1,1.15385,0.975822
2.6,1.3,5.14452e-10,1,1.15385,0.975822
2.64,1.3,1.85429e-10,1,1.15385,0.975822
2.68,1.3,6.5904e-11,1,1.15385,0.975822
2.72,1.3,2.30955e-11,1,1.15385,0.975822
2.76,1.3,7.98016e-12,1,1.15385,0.975822
2.8,1.3,2.71859e-12,1,1.15385,0.975822
2.84,1.3,9.13062e-13,1,1.15385,0.975822
2.88,1.3,3.02321e-13,1,1.15385,0.975822
2.92,1.3,9.8728e-14,1,1.15385,0.975822
2.96,1.3,3.1741e-14,1,1.15385,0.975822
3,1.3,9.98829e-15,1,1.15385,0.975822
3.04,1.3,3.06578e-15,1,1.15385,0.975822
3.08,1.3,7.9845e-16,1,1.15385,0.975822
3.12,1.3,1.0281e-16,1,1.15385,0.975822
3.16,1.3,8.37694e-18,1,1.15385,0.975822
3.2,1.3,7.10674e-19,1,1.15385,0.975822
3.24,1.3,5.89945e-20,1,1.15385,0.975822
3.28,1.3,4.85914e-21,1,1.15385,0.975822
3.32,1.3,4.00309e-22,1,1.15385,0.975822
3.36,1.3,3.29142e-23,1,1.15385,0.975822
3.4,1.3,2.69355e-24,1,1.15385,0.975822
3.44,1.3,2.19116e-25,1,1.15385,0.975822
3.48,1.3,1.77112e-26,1,1.15385,0.975822
3.52,1.3,1.42231e-27,1,1.15385,0.975822
3.56,1.3,1.13485e-28,1,1.15385,0.975822
3.6,1.3,8.99927e-30,1,1.15385,0.975822
3.64,1.3,7.09567e-31,1,1.15385,0.975822
3.68,1.3,5.56592e-32,1,1.15385,0.975822
3.72,1.3,4.34581e-33,1,1.15385,0.975822
3.76,1.3,3.37894e-34,1,1.15385,0.975822
3.8,1.3,2.61689e-35,1,1.15385,0.975822
3.84,1.3,2.01901e-36,1,1.15385,0.975822
3.88,1.3,1.55174e-37,1,1.15385,0.975822
3.92,1.3,1.18783e-38,1,1.15385,0.975822
3.96,1.3,9.05397e-40,1,1.15385,0.975822
4,1.3,6.86969e-41,1,1.15385,0.975822
4.04,1.3,5.18689e-42,1,1.15385,0.975822
4.08,1.3,3.89594e-43,1,1.15385,0.975822
4.12,1.3,2.91024e-44,1,1.15385,0.975822
4.16,1.3,2.1615e-45,1,1.15385,0.975822
4.2,1.3,1.59592e-46,1,1.15385,0.975822
4.24,1.3,1.17122e-47,1,1.15385,0.975822
4.28,1.3,8.54297e-49,1,1.15385,0.975822
4.32,1.3,6.19304e-50,1,1.15385,0.975822
4.36,1.3,4.46194e-51,1,1.15385,0.975822
4.4,1.3,3.19505e-52,1,1.15385,0.975822
4.44,1.3,2.27395e-53,1,1.15385,0.975822
4.48,1.3,1.60861e-54,1,1.15385,0.975822
4.52,1.3,1.13111e-55,1,1.15385,0.975822
4.56,1.3,7.90606e-57,1,1.15385,0.975822
4.6,1.3,5.49325e-58,1,1.15385,0.975822
4.64,1.3,3.79424e-59,1,1.15385,0.975822
4.68,1.3,2.60529e-60,1,1.15385,0.975822
4.72,1.3,1.77839e-61,1,1.15385,0.975822
4.76,1.3,1.20684e-62,1,1.15385,0.975822
4.8,1.3,8.14182e-64,1,1.15385,0.975822
4.84,1.3,5.46071e-65,1,1.15385,0.975822
4.88,1.3,3.6411e-66,1,1.15385,0.975822
4.92,1.3,2.41364e-67,1,1.15385,0.975822
4.96,1.3,1.59061e-68,1,1.15385,0.975822
5,1.3,1.04208e-69,1,1.15385,0.975822
5.04,1.3,6.78696e-71,1,1.15385,0.975822
5.08,1.3,4.39416e-72,1,1.15385,0.975822
5.12,1.3,2.82806e-73,1,1.15385,0.975822
5.16,1.3,1.80924e-74,1,1.15385,0.975822
5.2,1.3,1.15048e-75,1,1.15385,0.975822
5.24,1.3,7.27148e-77,1,1.15385,0.975822
5.28,1.3,4.56778e-78,1,1.15385,0.975822
5.32,1.3,2.85172e-79,1,1.15385,0.975822
5.36,1.3,1.76934e-80,1,1.15385,0.975822
5.4,1.3,1.09094e-81,1,1.15385,0.975822
5.44,1.3,6.68434e-83,1,1.15385,0.975822
5.48,1.3,4.0698e-84,1,1.15385,0.975822
5.52,1.3,2.46225e-85,1,1.15385,0.975822
5.56,1.3,1.48022e-86,1,1.15385,0.975822
5.6,1.3,8.8419e-88,1,1.15385,0.975822
5.64,1.3,5.24787e-89,1,1.15385,0.975822
5.68,1.3,3.0948e-90,1,1.15385,0.975822
5.72,1.3,1.81337e-91,1,1.15385,0.975822
5.76,1.3,1.0557e-92,1,1.15385,0.975822
5.8,1.3,6.10642e-94,1,1.15385,0.975822
5.84,1.3,3.5093e-95,1,1.15385,0.975822
5.88,1.3,2.0037e-96,1,1.15385,0.975822
5.92,1.3,1.13663e-97,1,1.15385,0.975822
5.96,1.3,6.4057e-99,1,1.15385,0.975822
6,1.3,3.58649e-100,1,1.15385,0.975822
6.04,1.3,1.99488e-101,1,1.15385,0.975822
6.08,1.3,1.10229e-102,1,1.15385,0.975822
6.12,1.3,6.05062e-104,1,1.15385,0.975822
6.16,1.3,3.29923e-105,1,1.15385,0.975822
6.2,1.3,1.78699e-106,1,1.15385,0.975822
6.24,1.3,9.61431e-108,1,1.15385,0.975822
6.28,1.3,5.13788e-109,1,1.15385,0.975822
6.32,1.3,2.72714e-110,1,1.15385,0.975822
6.36,1.3,1.43772e-111,1,1.15385,0.975822
6.4,1.3,7.52788e-113,1,1.15385,0.975822
6.44,1.3,3.9146e-114,1,1.15385,0.975822
6.48,1.3,2.02165e-115,1,1.15385,0.975822
6.52,1.3,1.03685e-116,1,1.15385,0.975822
6.56,1.3,5.28081e-118,1,1.15385,0.975822
6.6,1.3,2.67087e-119,1,1.15385,0.975822
6.64,1.3,1.3414e-120,1,1.15385,0.975822
6.68,1.3,6.68966e-122,1,1.15385,0.975822
6.72,1.3,3.3127e-123,1,1.15385,0.975822
6.76,1.3,1.62885e-124,1,1.15385,0.975822
6.8,1.3,7.95228e-126,1,1.15385,0.975822
6.84,1.3,3.85483e-127,1,1.15385,0.975822
6.88,1.3,1.8553e-128,1,1.15385,0.975822
6.92,1.3,8.86567e-130,1,1.15385,0.975822
6.96,1.3,4.20621e-131,1,1.15385,0.975822
7,1.3,1.98129e-132,1,1.15385,0.975822
7.04,1.3,9.26566e-134,1,1.15385,0.975822
7.08,1.3,4.30204e-135,1,1.15385,0.975822
7.12,1.3,1.98308e-136,1,1.15385,0.975822
7.16,1.3,9.07547e-138,1,1.15385,0.975822
7.2,1.3,4.12348e-139,1,1.15385,0.975822
7.24,1.3,1.86004e-140,1,1.15385,0.975822
7.28,1.3,8.33002e-142,1,1.15385,0.975822
7.32,1.3,3.70371e-143,1,1.15385,0.975822
7.36,1.3,1.63492e-144,1,1.15385,0.975822
7.4,1.3,7.16517e-146,1,1.15385,0.975822
7.44,1.3,3.11768e-147,1,1.15385,0.975822
7.48,1.3,1.34684e-148,1,1.15385,0.975822
7.52,1.3,5.77673e-150,1,1.15385,0.975822
7.56,1.3,2.45999e-151,1,1.15385,0.975822
7.6,1.3,1.0401e-152,1,1.15385,0.975822
7.64,1.3,4.36628e-154,1,1.15385,0.975822
7.68,1.3,1.81989e-155,1,1.15385,0.975822
7.72,1.3,7.53151e-157,1,1.15385,0.975822
7.76,1.3,3.09474e-158,1,1.15385,0.975822
7.8,1.3,1.26262e-159,1,1.15385,0.975822
7.84,1.3,5.11486e-161,1,1.15385,0.975822
7.88,1.3,2.05735e-162,1,1.15385,0.975822
7.92,1.3,8.21668e-164,1,1.15385,0.975822
7.96,1.3,3.25837e-165,1,1.15385,0.975822
8,1.3,1.28299e-166,1,1.15385,0.975822
8.04,1.3,5.01601e-168,1,1.15385,0.975822
8.08,1.3,1.9472e-169,1,1.15385,0.975822
8.12,1.3,7.50544e-171,1,1.15385,0.975822
8.16,1.3,2.87246e-172,1,1.15385,0.975822
8.2,1.3,1.09155e-173,1,1.15385,0.975822
8.24,1.3,4.11848e-175,1,1.15385,0.975822
8.28,1.3,1.54289e-176,1,1.15385,0.975822
8.32,1.3,5.73897e-178,1,1.15385,0.975822
8.36,1.3,2.11947e-179,1,1.15385,0.975822
8.4,1.3,7.77165e-181,1,1.15385,0.975822
8.44,1.3,2.82935e-182,1,1.15385,0.975822
8.48,1.3,1.02268e-183,1,1.15385,0.975822
8.52,1.3,3.67007e-185,1,1.15385,0.975822
8.56,1.3,1.30762e-186,1,1.15385,0.975822
8.6,1.3,4.62546e-188,1,1.15385,0.975822
8.64,1.3,1.6244e-189,1,1.15385,0.975822
8.68,1.3,5.66359e-191,1,1.15385,0.975822
8.72,1.3,1.9604e-192,1,1.15385,0.975822
8.76,1.3,6.73672e-194,1,1.15385,0.975822
8.8,1.3,2.29826e-195,1,1.15385,0.975822
8.84,1.3,7.78381e-197,1,1.15385,0.975822
8.88,1.3,2.61713e-198,1,1.15385,0.975822
8.92,1.3,8.73561e-200,1,1.15385,0.975822
8.96,1.3,2.89464e-201,1,1.15385,0.975822
9,1.3,9.52196e-203,1,1.15385,0.975822
9.04,1.3,3.10946e-204,1,1.15385,0.975822
9.08,1.3,1.00802e-205,1,1.15385,0.975822
9.12,1.3,3.24395e-207,1,1.15385,0.975822
9.16,1.3,1.03634e-208,1,1.15385,0.975822
9.2,1.3,3.28658e-210,1,1.15385,0.975822
9.24,1.3,1.03468e-211,1,1.15385,0.975822
9.28,1.3,3.23355e-213,1,1.15385,0.975822
9.32,1.3,1.00315e-214,1,1.15385,0.975822
9.36,1.3,3.08933e-216,1,1.15385,0.975822
9.4,1.3,9.44435e-218,1,1.15385,0.975822
9.44,1.3,2.86607e-219,1,1.15385,0.975822
9.48,1.3,8.63389e-221,1,1.15385,0.975822
9.52,1.3,2.58185e-222,1,1.15385,0.975822
9.56,1.3,7.66403e-224,1,1.15385,0.975822
9.6,1.3,2.25831e-225,1,1.15385,0.975822
9.64,1.3,6.60553e-227,1,1.15385,0.975822
9.68,1.3,1.91791e-228,1,1.15385,0.975822
9.72,1.3,5.52766e-230,1,1.15385,0.975822
9.76,1.3,1.58142e-231,1,1.15385,0.975822
9.8,1.3,4.49097e-233,1,1.15385,0.975822
9.84,1.3,1.26596e-234,1,1.15385,0.975822
9.88,1.3,3.54227e-236,1,1.15385,0.975822
9.92,1.3,9.83861e-238,1,1.15385,0.975822
9.96,1.3,2.78657e-239,1,1.15385,0.975822
10,1.3,2.78657e-239,1,1.15385,0.975822
-10,13,3.67926e-226,10,1.15385,1.06898
-9.96,13,3.67926e-226,10,1.15385,1.06898
-9.92,13,1.07904e-224,10,1.15385,1.06898
-9.88,13,3.24617e-223,10,1.15385,1.06898
-9.84,13,9.70046e-222,10,1.15385,1.06898
-9.8,13,2.87931e-220,10,1.15385,1.06898
-9.76,13,8.48912e-219,10,1.15385,1.06898
-9.72,13,2.48608e-217,10,1.15385,1.06898
-9.68,13,7.23183e-216,10,1.15385,1.06898
-9.64,13,2.0896e-214,10,1.15385,1.06898
-9.6,13,5.99739e-213,10,1.15385,1.06898
-9.56,13,1.70981e-211,10,1.15385,1.06898
-9.52,13,4.84192e-210,10,1.15385,1.06898
-9.48,13,1.362e-208,10,1.15385,1.06898
-9.44,13,3.80564e-207,10,1.15385,1.06898
-9.4,13,1.05625e-205,10,1.15385,1.06898
-9.36,13,2.91206e-204,10,1.15385,1.06898
-9.32,13,7.97494e-203,10,1.15385,1.06898
-9.28,13,2.16945e-201,10,1.15385,1.06898
-9.24,13,5.86227e-200,10,1.15385,1.06898
-9.2,13,1.57355e-198,10,1.15385,1.06898
-9.16,13,4.19558e-197,10,1.15385,1.06898
-9.12,13,1.11123e-195,10,1.15385,1.06898
-9.08,13,2.92357e-194,10,1.15385,1.06898
-9.04,13,7.64056e-193,10,1.15385,1.06898
-9,13,1.98353e-191,10,1.15385,1.06898
-8.96,13,5.11509e-190,10,1.15385,1.06898
-8.92,13,1.3103e-188,10,1.15385,1.06898
-8.88,13,3.3342e-187,10,1.15385,1.06898
-8.84,13,8.42786e-186,10,1.15385,1.06898
-8.8,13,2.11616e-184,10,1.15385,1.06898
-8.76,13,5.27818e-183,10,1.15385,1.06898
-8.72,13,1.30775e-181,10,1.15385,1.06898
-8.68,13,3.21866e-180,10,1.15385,1.06898
-8.64,13,7.86924e-179,10,1.15385,1.06898
-8.6,13,1.91117e-177,10,1.15385,1.06898
-8.56,13,4.61078e-176,10,1.15385,1.06898
-8.52,13,1.105e-174,10,1.15385,1.06898
-8.48,13,2.63062e-173,10,1.15385,1.06898
-8.44,13,6.22112e-172,10,1.15385,1.06898
-8.4,13,1.46148e-170,10,1.15385,1.06898
-8.36,13,3.41062e-169,10,1.15385,1.06898
-8.32,13,7.90662e-168,10,1.15385,1.06898
-8.28,13,1.82082e-166,10,1.15385,1.06898
-8.24,13,4.16547e-165,10,1.15385,1.06898
-8.2,13,9.46638e-164,10,1.15385,1.06898
-8.16,13,2.13712e-162,10,1.15385,1.06898
-8.12,13,4.79292e-161,10,1.15385,1.06898
-8.08,13,1.06783e-159,10,1.15385,1.06898
-8.04,13,2.36339e-158,10,1.15385,1.06898
-8,13,5.1964e-157,10,1.15385,1.06898
-7.96,13,1.13503e-155,10,1.15385,1.06898
-7.92,13,2.46295e-154,10,1.15385,1.06898
-7.88,13,5.30939e-153,10,1.15385,1.06898
-7.84,13,1.13705e-151,10,1.15385,1.06898
-7.8,13,2.41916e-150,10,1.15385,1.06898
-7.76,13,5.1133e-149,10,1.15385,1.06898
-7.72,13,1.07372e-147,10,1.15385,1.06898
-7.68,13,2.23996e-146,10,1.15385,1.06898
-7.64,13,4.64247e-145,10,1.15385,1.06898
-7.6,13,9.55915e-144,10,1.15385,1.06898
-7.56,13,1.95548e-142,10,1.15385,1.06898
-7.52,13,3.97424e-141,10,1.15385,1.06898
-7.48,13,8.02457e-140,10,1.15385,1.06898
-7.44,13,1.60975e-138,10,1.15385,1.06898
-7.4,13,3.20823e-137,10,1.15385,1.06898
-7.36,13,6.35246e-136,10,1.15385,1.06898
-7.32,13,1.24966e-134,10,1.15385,1.06898
-7.28,13,2.44236e-133,10,1.15385,1.06898
-7.24,13,4.74241e-132,10,1.15385,1.06898
-7.2,13,9.1487e-131,10,1.15385,1.06898
-7.16,13,1.75344e-129,10,1.15385,1.06898
-7.12,13,3.33879e-128,10,1.15385,1.06898
-7.08,13,6.31621e-127,10,1.15385,1.06898
-7.04,13,1.18711e-125,10,1.15385,1.06898
-7,13,2.21662e-124,10,1.15385,1.06898
-6.96,13,4.11204e-123,10,1.15385,1.06898
-6.92,13,7.57859e-122,10,1.15385,1.06898
-6.88,13,1.38766e-120,10,1.15385,1.06898
-6.84,13,2.5243e-119,10,1.15385,1.06898
-6.8,13,4.56209e-118,10,1.15385,1.06898
-6.76,13,8.19127e-117,10,1.15385,1.06898
-6.72,13,1.46118e-115,10,1.15385,1.06898
-6.68,13,2.58955e-114,10,1.15385,1.06898
-6.64,13,4.55948e-113,10,1.15385,1.06898
-6.6,13,7.97588e-112,10,1.15385,1.06898
-6.56,13,1.38618e-110,10,1.15385,1.06898
-6.52,13,2.39355e-109,10,1.15385,1.06898
-6.48,13,4.10633e-108,10,1.15385,1.06898
-6.44,13,6.99938e-107,10,1.15385,1.06898
-6.4,13,1.18541e-105,10,1.15385,1.06898
-6.36,13,1.99475e-104,10,1.15385,1.06898
-6.32,13,3.33524e-103,10,1.15385,1.06898
-6.28,13,5.54114e-102,10,1.15385,1.06898
-6.24,13,9.14773e-101,10,1.15385,1.06898
-6.2,13,1.50066e-99,10,1.15385,1.06898
-6.16,13,2.44635e-98,10,1.15385,1.06898
-6.12,13,3.96311e-97,10,1.15385,1.06898
-6.08,13,6.38041e-96,10,1.15385,1.06898
-6.04,13,1.02087e-94,10,1.15385,1.06898
-6,13,1.62336e-93,10,1.15385,1.06898
-5.96,13,2.56566e-92,10,1.15385,1.06898
-5.92,13,4.03027e-91,10,1.15385,1.06898
-5.88,13,6.2927e-90,10,1.15385,1.06898
-5.84,13,9.76609e-89,10,1.15385,1.06898
-5.8,13,1.50661e-87,10,1.15385,1.06898
-5.76,13,2.31042e-86,10,1.15385,1.06898
-5.72,13,3.52213e-85,10,1.15385,1.06898
-5.68,13,5.33777e-84,10,1.15385,1.06898
-5.64,13,8.0421e-83,10,1.15385,1.06898
-5.6,13,1.20462e-81,10,1.15385,1.06898
-5.56,13,1.79397e-80,10,1.15385,1.06898
-5.52,13,2.65636e-79,10,1.15385,1.06898
-5.48,13,3.91091e-78,10,1.15385,1.06898
-5.44,13,5.72544e-77,10,1.15385,1.06898
-5.4,13,8.33482e-76,10,1.15385,1.06898
-5.36,13,1.20658e-74,10,1.15385,1.06898
-5.32,13,1.73703e-73,10,1.15385,1.06898
-5.28,13,2.48693e-72,10,1.15385,1.06898
-5.24,13,3.54109e-71,10,1.15385,1.06898
-5.2,13,5.01459e-70,10,1.15385,1.06898
-5.16,13,7.06262e-69,10,1.15385,1.06898
-5.12,13,9.89302e-68,10,1.15385,1.06898
-5.08,13,1.37823e-66,10,1.15385,1.06898
-5.04,13,1.90957e-65,10,1.15385,1.06898
-5,13,2.63125e-64,10,1.15385,1.06898
-4.96,13,3.60566e-63,10,1.15385,1.06898
-4.92,13,4.91344e-62,10,1.15385,1.06898
-4.88,13,6.65805e-61,10,1.15385,1.06898
-4.84,13,8.97116e-60,10,1.15385,1.06898
-4.8,13,1.20192e-58,10,1.15385,1.06898
-4.76,13,1.60106e-57,10,1.15385,1.06898
-4.72,13,2.12051e-56,10,1.15385,1.06898
-4.68,13,2.79232e-55,10,1.15385,1.06898
-4.64,13,3.65583e-54,10,1.15385,1.06898
-4.6,13,4.75893e-53,10,1.15385,1.06898
-4.56,13,6.15958e-52,10,1.15385,1.06898
-4.52,13,7.92749e-51,10,1.15385,1.06898
-4.48,13,1.01459e-49,10,1.15385,1.06898
-4.44,13,1.29137e-48,10,1.15385,1.06898
-4.4,13,1.63474e-47,10,1.15385,1.06898
-4.36,13,2.05837e-46,10,1.15385,1.06898
-4.32,13,2.57817e-45,10,1.15385,1.06898
-4.28,13,3.21251e-44,10,1.15385,1.06898
-4.24,13,3.98244e-43,10,1.15385,1.06898
-4.2,13,4.91193e-42,10,1.15385,1.06898
-4.16,13,6.02806e-41,10,1.15385,1.06898
-4.12,13,7.3612e-40,10,1.15385,1.06898
-4.08,13,8.94529e-39,10,1.15385,1.06898
-4.04,13,1.0818e-37,10,1.15385,1.06898
-4,13,1.3021e-36,10,1.15385,1.06898
-3.96,13,1.55998e-35,10,1.15385,1.06898
-3.92,13,1.86033e-34,10,1.15385,1.06898
-3.88,13,2.2083e-33,10,1.15385,1.06898
-3.84,13,2.60908e-32,10,1.15385,1.06898
-3.8,13,3.06768e-31,10,1.15385,1.06898
-3.76,13,3.58871e-30,10,1.15385,1.06898
-3.72,13,4.17619e-29,10,1.15385,1.06898
-3.68,13,4.83363e-28,10,1.15385,1.06898
-3.64,13,5.56441e-27,10,1.15385,1.06898
-3.6,13,6.37237e-26,10,1.15385,1.06898
-3.56,13,7.26257e-25,10,1.15385,1.06898
-3.52,13,8.24223e-24,10,1.15385,1.06898
-3.48,13,9.32216e-23,10,1.15385,1.06898
-3.44,13,1.05168e-21,10,1.15385,1.06898
-3.4,13,1.18344e-20,10,1.15385,1.06898
-3.36,13,1.32694e-19,10,1.15385,1.06898
-3.32,13,1.48831e-18,10,1.15385,1.06898
-3.28,13,1.6856e-17,10,1.15385,1.06898
-3.24,13,1.87901e-16,10,1.15385,1.06898
-3.2,13,9.90076e-16,10,1.15385,1.06898
-3.16,13,3.25249e-15,10,1.15385,1.06898
-3.12,13,9.51622e-15,10,1.15385,1.06898
-3.08,13,2.71417e-14,10,1.15385,1.06898
-3.04,13,7.62456e-14,10,1.15385,1.06898
-3,13,2.1083e-13,10,1.15385,1.06898
-2.96,13,5.7359e-13,10,1.15385,1.06898
-2.92,13,1.53677e-12,10,1.15385,1.06898
-2.88,13,4.05347e-12,10,1.15385,1.06898
-2.84,13,1.05242e-11,10,1.15385,1.06898
-2.8,13,2.68929e-11,10,1.15385,1.06898
-2.76,13,6.76217e-11,10,1.15385,1.06898
-2.72,13,1.6728e-10,10,1.15385,1.06898
-2.68,13,4.07027e-10,10,1.15385,1.06898
-2.64,13,9.73953e-10,10,1.15385,1.06898
-2.6,13,2.29137e-09,10,1.15385,1.06898
-2.56,13,5.29907e-09,10,1.15385,1.06898
-2.52,13,1.20436e-08,10,1.15385,1.06898
-2.48,13,2.68943e-08,10,1.15385,1.06898
-2.44,13,5.89946e-08,10,1.15385,1.06898
-2.4,13,1.27088e-07,10,1.15385,1.06898
-2.36,13,2.68799e-07,10,1.15385,1.06898
-2.32,13,5.58042e-07,9.99999,1.15385,1.06898
-2.28,13,1.13686e-06,9.99998,1.15385,1.06898
-2.24,13,2.27207e-06,9.99997,1.15384,1.06898
-2.2,12.9999,4.4534e-06,9.99993,1.15384,1.06898
-2.16,12.9999,8.55828e-06,9.99987,1.15384,1.06898
-2.12,12.9998,1.61203e-05,9.99976,1.15384,1.06898
-2.08,12.9997,2.97519e-05,9.99956,1.15383,1.06898
-2.04,12.9994,5.37864e-05,9.99921,1.15381,1.06898
-2,12.9989,9.5215e-05,9.9986,1.15378,1.06898
-1.96,12.9981,0.000164996,9.99757,1.15373,1.06898
-1.92,12.9968,0.000279791,9.99588,1.15366,1.06898
-1.88,12.9947,0.000464147,9.99317,1.15353,1.06898
-1.84,12.9914,0.000753034,9.98892,1.15333,1.06898
-1.8,12.9863,0.00119455,9.98243,1.15303,1.06898
-1.76,12.9787,0.00185241,9.97276,1.15259,1.06898
-1.72,12.9678,0.00280782,9.95874,1.15194,1.06898
-1.68,12.9523,0.00415997,9.93891,1.15102,1.06898
-1.64,12.9309,0.00602483,9.91162,1.14976,1.06898
-1.6,12.9023,0.00853171,9.87503,1.14806,1.06898
-1.56,12.8648,0.0118177,9.82722,1.14583,1.06898
-1.52,12.8169,0.0160206,9.76633,1.14298,1.06898
-1.48,12.7572,0.0212702,9.69069,1.13943,1.06898
-1.44,12.6846,0.0276809,9.59895,1.13511,1.06898
-1.4,12.5982,0.0353447,9.49016,1.12994,1.06898
-1.36,12.4974,0.0443268,9.3639,1.1239,1.06898
-1.32,12.382,0.0546634,9.22022,1.11697,1.06898
-1.28,12.2522,0.0663621,9.05971,1.10916,1.06898
-1.24,12.1085,0.0794047,8.88336,1.10047,1.06898
-1.2,11.9517,0.0937511,8.69251,1.09095,1.06898
-1.16,11.7828,0.109344,8.48876,1.08065,1.06898
-1.12,11.6029,0.126114,8.27385,1.06963,1.06898
-1.08,11.4131,0.143984,8.04959,1.05795,1.06898
-1.04,11.2146,0.162873,7.8178,1.04566,1.06898
-1,11.0087,0.182699,7.5802,1.03285,1.06898
-0.96,10.7965,0.203383,7.33845,1.01956,1.06898
-0.92,10.579,0.224849,7.09405,1.00587,1.06898
-0.88,10.3573,0.247025,6.84838,0.991819,1.06898
-0.84,10.1323,0.269844,6.60266,0.977466,1.06898
-0.8,9.90485,0.293245,6.35797,0.962858,1.06898
-0.76,9.67568,0.317172,6.11528,0.948038,1.06898
-0.72,9.4455,0.341571,5.8754,0.933048,1.06898
-0.68,9.21493,0.366394,5.63906,0.917922,1.06898
-0.64,8.98453,0.391597,5.40687,0.902697,1.06898
-0.6,8.75484,0.417136,5.17939,0.887404,1.06898
-0.56,8.52635,0.442967,4.95707,0.872074,1.06898
-0.52,8.29955,0.469047,4.74036,0.856738,1.06898
-0.48,8.0749,0.495328,4.52964,0.841429,1.06898
-0.44,7.85293,0.521756,4.3253,0.826182,1.06898
-0.4,7.63419,0.548264,4.12774,0.811036,1.06898
-0.36,7.41938,0.57477,3.93742,0.796041,1.06898
-0.32,7.20937,0.601158,3.75493,0.781261,1.06898
-0.28,7.00532,0.627267,3.58105,0.766785,1.06898
-0.24,6.80894,0.652856,3.4169,0.752739,1.06898
-0.2,6.62271,0.677559,3.26417,0.739313,1.06898
-0.16,6.45049,0.700804,3.12549,0.726803,1.06898
-0.12,6.29811,0.721708,3.00485,0.715655,1.06898
-0.08,6.17381,0.738997,2.90793,0.706516,1.06898
-0.04,6.08661,0.751225,2.84086,0.700108,1.06898
0,6.0391,0.757842,2.80492,0.696689,1.06898
0.04,6.01792,0.760652,2.78948,0.695293,1.06898
0.08,6.00398,0.762387,2.77975,0.694478,1.06898
0.12,5.99375,0.763554,2.77303,0.69398,1.06898
0.16,5.98568,0.764366,2.76816,0.693694,1.06898
0.2,5.97885,0.76494,2.76451,0.693573,1.06898
0.24,5.97245,0.765348,2.7617,0.693611,1.06898
0.28,5.96551,0.765639,2.75948,0.69386,1.06898
0.32,5.95643,0.765843,2.75768,0.694464,1.06898
0.36,5.94247,0.765982,2.75618,0.695716,1.06898
0.4,5.91921,0.766072,2.75489,0.698123,1.06898
0.44,5.8802,0.766123,2.75376,0.702466,1.06898
0.48,5.8171,0.766144,2.75275,0.709824,1.06898
0.52,5.72059,0.766141,2.75182,0.721556,1.06898
0.56,5.582,0.766117,2.75096,0.73924,1.06898
0.6,5.39543,0.766076,2.75015,0.764577,1.06898
0.64,5.15982,0.766021,2.74939,0.799269,1.06898
0.68,4.88012,0.765954,2.74867,0.844858,1.06898
0.72,4.56729,0.765875,2.74799,0.902503,1.06898
0.76,4.2369,0.765787,2.74735,0.972653,1.06898
0.8,3.90666,0.765689,2.74674,1.05464,1.06898
0.84,3.59363,0.765582,2.74616,1.14626,1.06898
0.88,3.31169,0.765465,2.7456,1.2436,1.06898
0.92,3.07001,0.765338,2.74506,1.34123,1.06898
0.96,2.8725,0.7652,2.74451,1.43316,1.06898
1,2.71842,0.76505,2.74395,1.51409,1.06898
1.04,2.60353,0.764886,2.74338,1.58057,1.06898
1.08,2.52154,0.764706,2.74276,1.6316,1.06898
1.12,2.46548,0.764507,2.7421,1.6683,1.06898
1.16,2.42869,0.764283,2.74137,1.69312,1.06898
1.2,2.40546,0.764025,2.74053,1.70894,1.06898
1.24,2.39126,0.763716,2.73952,1.71845,1.06898
1.28,2.38275,0.763324,2.73824,1.72379,1.06898
1.32,2.37753,0.76279,2.7365,1.72648,1.06898
1.36,2.37393,0.762003,2.73392,1.72747,1.06898
1.4,2.37068,0.76076,2.72986,1.72726,1.06898
1.44,2.36662,0.75869,2.72308,1.72593,1.06898
1.48,2.3603,0.755121,2.71142,1.72314,1.06898
1.52,2.34956,0.748859,2.69105,1.71802,1.06898
1.56,2.33086,0.737832,2.6555,1.70891,1.06898
1.6,2.29855,0.718582,2.59436,1.69304,1.06898
1.64,2.2442,0.685717,2.4927,1.6661,1.06898
1.68,2.1573,0.631897,2.33338,1.62243,1.06898
1.72,2.02958,0.549821,2.10665,1.55696,1.06898
1.76,1.86463,0.43824,1.8275,1.47014,1.06898
1.8,1.68662,0.310202,1.54456,1.37366,1.06898
1.84,1.53204,0.191949,1.31509,1.28758,1.06898
1.88,1.42423,0.105132,1.16428,1.22622,1.06898
1.92,1.3614,0.0526973,1.07993,1.18987,1.06898
1.96,1.32893,0.0250221,1.03736,1.1709,1.06898
2,1.31328,0.0115273,1.01708,1.16169,1.06898
2.04,1.306,0.00522062,1.00771,1.15739,1.06898
2.08,1.30269,0.00233905,1.00345,1.15544,1.06898
2.12,1.30119,0.00103947,1.00153,1.15455,1.06898
2.16,1.30053,0.000458559,1.00068,1.15416,1.06898
2.2,1.30023,0.000200814,1.0003,1.15398,1.06898
2.24,1.3001,8.72668e-05,1.00013,1.15391,1.06898
2.28,1.30004,3.76133e-05,1.00006,1.15387,1.06898
2.32,1.30002,1.60707e-05,1.00002,1.15386,1.06898
2.36,1.30001,6.80283e-06,1.00001,1.15385,1.06898
2.4,1.3,2.85159e-06,1,1.15385,1.06898
2.44,1.3,1.1831e-06,1,1.15385,1.06898
2.48,1.3,4.85631e-07,1,1.15385,1.06898
2.52,1.3,1.9714e-07,1,1.15385,1.06898
2.56,1.3,7.91191e-08,1,1.15385,1.06898
2.6,1.3,3.13831e-08,1,1.15385,1.06898
2.64,1.3,1.23001e-08,1,1.15385,1.06898
2.68,1.3,4.76237e-09,1,1.15385,1.06898
2.72,1.3,1.82121e-09,1,1.15385,1.06898
2.76,1.3,6.8778e-10,1,1.15385,1.06898
2.8,1.3,2.56472e-10,1,1.15385,1.06898
2.84,1.3,9.44245e-11,1,1.15385,1.06898
2.88,1.3,3.43202e-11,1,1.15385,1.06898
2.92,1.3,1.23142e-11,1,1.15385,1.06898
2.96,1.3,4.36149e-12,1,1.15385,1.06898
3,1.3,1.52487e-12,1,1.15385,1.06898
3.04,1.3,5.26255e-13,1,1.15385,1.06898
3.08,1.3,1.79273e-13,1,1.15385,1.06898
3.12,1.3,6.02583e-14,1,1.15385,1.06898
3.16,1.3,1.99474e-14,1,1.15385,1.06898
3.2,1.3,6.49716e-15,1,1.15385,1.06898
3.24,1.3,2.01748e-15,1,1.15385,1.06898
3.28,1.3,4.77193e-16,1,1.15385,1.06898
3.32,1.3,4.72803e-17,1,1.15385,1.06898
3.36,1.3,4.16106e-18,1,1.15385,1.06898
3.4,1.3,3.50759e-19,1,1.15385,1.06898
3.44,1.3,2.95025e-20,1,1.15385,1.06898
3.48,1.3,2.49355e-21,1,1.15385,1.06898
3.52,1.3,2.10794e-22,1,1.15385,1.06898
3.56,1.3,1.77628e-23,1,1.15385,1.06898
3.6,1.3,1.49055e-24,1,1.15385,1.06898
3.64,1.3,1.24557e-25,1,1.15385,1.06898
3.68,1.3,1.03689e-26,1,1.15385,1.06898
3.72,1.3,8.60176e-28,1,1.15385,1.06898
3.76,1.3,7.11209e-29,1,1.15385,1.06898
3.8,1.3,5.86034e-30,1,1.15385,1.06898
3.84,1.3,4.81112e-31,1,1.15385,1.06898
3.88,1.3,3.93375e-32,1,1.15385,1.06898
3.92,1.3,3.20211e-33,1,1.15385,1.06898
3.96,1.3,2.59406e-34,1,1.15385,1.06898
4,1.3,2.09085e-35,1,1.15385,1.06898
4.04,1.3,1.67648e-36,1,1.15385,1.06898
4.08,1.3,1.33718e-37,1,1.15385,1.06898
4.12,1.3,1.06103e-38,1,1.15385,1.06898
4.16,1.3,8.3768e-40,1,1.15385,1.06898
4.2,1.3,6.58154e-41,1,1.15385,1.06898
4.24,1.3,5.14717e-42,1,1.15385,1.06898
4.28,1.3,4.00763e-43,1,1.15385,1.06898
4.32,1.3,3.10705e-44,1,1.15385,1.06898
4.36,1.3,2.39879e-45,1,1.15385,1.06898
4.4,1.3,1.84428e-46,1,1.15385,1.06898
4.44,1.3,1.412e-47,1,1.15385,1.06898
4.48,1.3,1.0764e-48,1,1.15385,1.06898
4.52,1.3,8.16908e-50,1,1.15385,1.06898
4.56,1.3,6.17112e-51,1,1.15385,1.06898
4.6,1.3,4.6394e-52,1,1.15385,1.06898
4.64,1.3,3.47046e-53,1,1.15385,1.06898
4.68,1.3,2.58264e-54,1,1.15385,1.06898
4.72,1.3,1.91173e-55,1,1.15385,1.06898
4.76,1.3,1.40741e-56,1,1.15385,1.06898
4.8,1.3,1.03039e-57,1,1.15385,1.06898
4.84,1.3,7.50135e-59,1,1.15385,1.06898
4.88,1.3,5.43017e-60,1,1.15385,1.06898
4.92,1.3,3.90852e-61,1,1.15385,1.06898
4.96,1.3,2.79726e-62,1,1.15385,1.06898
5,1.3,1.99057e-63,1,1.15385,1.06898
5.04,1.3,1.40848e-64,1,1.15385,1.06898
5.08,1.3,9.90974e-66,1,1.15385,1.06898
5.12,1.3,6.93298e-67,1,1.15385,1.06898
5.16,1.3,4.82318e-68,1,1.15385,1.06898
5.2,1.3,3.33666e-69,1,1.15385,1.06898
5.24,1.3,2.29543e-70,1,1.15385,1.06898
5.28,1.3,1.57035e-71,1,1.15385,1.06898
5.32,1.3,1.06835e-72,1,1.15385,1.06898
5.36,1.3,7.22805e-74,1,1.15385,1.06898
5.4,1.3,4.8632e-75,1,1.15385,1.06898
5.44,1.3,3.254e-76,1,1.15385,1.06898
5.48,1.3,2.16524e-77,1,1.15385,1.06898
5.52,1.3,1.43281e-78,1,1.15385,1.06898
5.56,1.3,9.42881e-80,1,1.15385,1.06898
5.6,1.3,6.17034e-81,1,1.15385,1.06898
5.64,1.3,4.01548e-82,1,1.15385,1.06898
5.68,1.3,2.59856e-83,1,1.15385,1.06898
5.72,1.3,1.67219e-84,1,1.15385,1.06898
5.76,1.3,1.07e-85,1,1.15385,1.06898
5.8,1.3,6.80788e-87,1,1.15385,1.06898
5.84,1.3,4.30687e-88,1,1.15385,1.06898
5.88,1.3,2.70906e-89,1,1.15385,1.06898
5.92,1.3,1.69421e-90,1,1.15385,1.06898
5.96,1.3,1.05341e-91,1,1.15385,1.06898
6,1.3,6.51168e-93,1,1.15385,1.06898
6.04,1.3,4.0017e-94,1,1.15385,1.06898
6.08,1.3,2.44479e-95,1,1.15385,1.06898
6.12,1.3,1.48481e-96,1,1.15385,1.06898
6.16,1.3,8.96454e-98,1,1.15385,1.06898
6.2,1.3,5.38023e-99,1,1.15385,1.06898
6.24,1.3,3.20984e-100,1,1.15385,1.06898
6.28,1.3,1.90357e-101,1,1.15385,1.06898
6.32,1.3,1.12215e-102,1,1.15385,1.06898
6.36,1.3,6.57546e-104,1,1.15385,1.06898
6.4,1.3,3.82988e-105,1,1.15385,1.06898
6.44,1.3,2.21729e-106,1,1.15385,1.06898
6.48,1.3,1.27596e-107,1,1.15385,1.06898
6.52,1.3,7.29823e-109,1,1.15385,1.06898
6.56,1.3,4.14917e-110,1,1.15385,1.06898
6.6,1.3,2.34455e-111,1,1.15385,1.06898
6.64,1.3,1.31676e-112,1,1.15385,1.06898
6.68,1.3,7.35015e-114,1,1.15385,1.06898
6.72,1.3,4.07773e-115,1,1.15385,1.06898
6.76,1.3,2.24836e-116,1,1.15385,1.06898
6.8,1.3,1.23205e-117,1,1.15385,1.06898
6.84,1.3,6.70964e-119,1,1.15385,1.06898
6.88,1.3,3.63134e-120,1,1.15385,1.06898
6.92,1.3,1.9531e-121,1,1.15385,1.06898
6.96,1.3,1.0439e-122,1,1.15385,1.06898
7,1.3,5.54447e-124,1,1.15385,1.06898
7.04,1.3,2.92631e-125,1,1.15385,1.06898
7.08,1.3,1.53472e-126,1,1.15385,1.06898
7.12,1.3,7.99787e-128,1,1.15385,1.06898
7.16,1.3,4.14141e-129,1,1.15385,1.06898
7.2,1.3,2.13079e-130,1,1.15385,1.06898
7.24,1.3,1.08928e-131,1,1.15385,1.06898
7.28,1.3,5.53273e-133,1,1.15385,1.06898
7.32,1.3,2.79209e-134,1,1.15385,1.06898
7.36,1.3,1.39991e-135,1,1.15385,1.06898
7.4,1.3,6.97339e-137,1,1.15385,1.06898
7.44,1.3,3.45107e-138,1,1.15385,1.06898
7.48,1.3,1.69676e-139,1,1.15385,1.06898
7.52,1.3,8.28782e-141,1,1.15385,1.06898
7.56,1.3,4.02165e-142,1,1.15385,1.06898
7.6,1.3,1.93869e-143,1,1.15385,1.06898
7.64,1.3,9.28422e-145,1,1.15385,1.06898
7.68,1.3,4.41685e-146,1,1.15385,1.06898
7.72,1.3,2.0874e-147,1,1.15385,1.06898
7.76,1.3,9.7999e-149,1,1.15385,1.06898
7.8,1.3,4.57043e-150,1,1.15385,1.06898
7.84,1.3,2.11744e-151,1,1.15385,1.06898
7.88,1.3,9.74495e-153,1,1.15385,1.06898
7.92,1.3,4.45517e-154,1,1.15385,1.06898
7.96,1.3,2.02332e-155,1,1.15385,1.06898
8,1.3,9.12809e-157,1,1.15385,1.06898
8.04,1.3,4.09083e-158,1,1.15385,1.06898
8.08,1.3,1.82121e-159,1,1.15385,1.06898
8.12,1.3,8.0543e-161,1,1.15385,1.06898
8.16,1.3,3.53848e-162,1,1.15385,1.06898
8.2,1.3,1.54429e-163,1,1.15385,1.06898
8.24,1.3,6.69523e-165,1,1.15385,1.06898
8.28,1.3,2.88358e-166,1,1.15385,1.06898
8.32,1.3,1.23376e-167,1,1.15385,1.06898
8.36,1.3,5.24399e-169,1,1.15385,1.06898
8.4,1.3,2.21428e-170,1,1.15385,1.06898
8.44,1.3,9.28845e-172,1,1.15385,1.06898
8.48,1.3,3.87077e-173,1,1.15385,1.06898
8.52,1.3,1.6025e-174,1,1.15385,1.06898
8.56,1.3,6.59097e-176,1,1.15385,1.06898
8.6,1.3,2.6931e-177,1,1.15385,1.06898
8.64,1.3,1.09322e-178,1,1.15385,1.06898
8.68,1.3,4.40879e-180,1,1.15385,1.06898
8.72,1.3,1.7664e-181,1,1.15385,1.06898
8.76,1.3,7.03097e-183,1,1.15385,1.06898
8.8,1.3,2.78036e-184,1,1.15385,1.06898
8.84,1.3,1.09231e-185,1,1.15385,1.06898
8.88,1.3,4.26336e-187,1,1.15385,1.06898
8.92,1.3,1.65317e-188,1,1.15385,1.06898
8.96,1.3,6.36852e-190,1,1.15385,1.06898
9,1.3,2.43735e-191,1,1.15385,1.06898
9.04,1.3,9.26731e-193,1,1.15385,1.06898
9.08,1.3,3.5006e-194,1,1.15385,1.06898
9.12,1.3,1.31366e-195,1,1.15385,1.06898
9.16,1.3,4.8975e-197,1,1.15385,1.06898
9.2,1.3,1.81389e-198,1,1.15385,1.06898
9.24,1.3,6.67411e-200,1,1.15385,1.06898
9.28,1.3,2.43958e-201,1,1.15385,1.06898
9.32,1.3,8.85883e-203,1,1.15385,1.06898
9.36,1.3,3.19575e-204,1,1.15385,1.06898
9.4,1.3,1.14525e-205,1,1.15385,1.06898
9.44,1.3,4.07714e-207,1,1.15385,1.06898
9.48,1.3,1.44191e-208,1,1.15385,1.06898
9.52,1.3,5.0657e-210,1,1.15385,1.06898
9.56,1.3,1.76792e-211,1,1.15385,1.06898
9.6,1.3,6.12914e-213,1,1.15385,1.06898
9.64,1.3,2.11081e-214,1,1.15385,1.06898
9.68,1.3,7.22122e-216,1,1.15385,1.06898
9.72,1.3,2.45402e-217,1,1.15385,1.06898
9.76,1.3,8.28418e-219,1,1.15385,1.06898
9.8,1.3,2.77794e-220,1,1.15385,1.06898
9.84,1.3,9.2533e-222,1,1.15385,1.06898
9.88,1.3,3.06173e-223,1,1.15385,1.06898
9.92,1.3,1.00635e-224,1,1.15385,1.06898
9.96,1.3,3.39197e-226,1,1.15385,1.06898
10,1.3,3.39197e-226,1,1.15385,1.06898
-10,13,9.67348e-215,10,1.15385,1.16207
-9.96,13,9.67348e-215,10,1.15385,1.16207
-9.92,13,2.4513e-213,10,1.15385,1.16207
-9.88,13,6.4061e-212,10,1.15385,1.16207
-9.84,13,1.66393e-210,10,1.15385,1.16207
-9.8,13,4.29533e-209,10,1.15385,1.16207
-9.76,13,1.102e-207,10,1.15385,1.16207
-9.72,13,2.80986e-206,10,1.15385,1.16207
-9.68,13,7.12052e-205,10,1.15385,1.16207
-9.64,13,1.79333e-203,10,1.15385,1.16207
-9.6,13,4.48882e-202,10,1.15385,1.16207
-9.56,13,1.11668e-200,10,1.15385,1.16207
-9.52,13,2.76087e-199,10,1.15385,1.16207
-9.48,13,6.78403e-198,10,1.15385,1.16207
-9.44,13,1.65674e-196,10,1.15385,1.16207
-9.4,13,4.02111e-195,10,1.15385,1.16207
-9.36,13,9.69979e-194,10,1.15385,1.16207
-9.32,13,2.32544e-192,10,1.15385,1.16207
-9.28,13,5.54082e-191,10,1.15385,1.16207
-9.24,13,1.31211e-189,10,1.15385,1.16207
-9.2,13,3.08813e-188,10,1.15385,1.16207
-9.16,13,7.22354e-187,10,1.15385,1.16207
-9.12,13,1.67932e-185,10,1.15385,1.16207
-9.08,13,3.88016e-184,10,1.15385,1.16207
-9.04,13,8.91041e-183,10,1.15385,1.16207
-9,13,2.03366e-181,10,1.15385,1.16207
-8.96,13,4.61312e-180,10,1.15385,1.16207
-8.92,13,1.04003e-178,10,1.15385,1.16207
-8.88,13,2.33044e-177,10,1.15385,1.16207
-8.84,13,5.19001e-176,10,1.15385,1.16207
-8.8,13,1.14879e-174,10,1.15385,1.16207
-8.76,13,2.52729e-173,10,1.15385,1.16207
-8.72,13,5.52604e-172,10,1.15385,1.16207
-8.68,13,1.20094e-170,10,1.15385,1.16207
-8.64,13,2.59403e-169,10,1.15385,1.16207
-8.6,13,5.56904e-168,10,1.15385,1.16207
-8.56,13,1.18833e-166,10,1.15385,1.16207
-8.52,13,2.52029e-165,10,1.15385,1.16207
-8.48,13,5.31273e-164,10,1.15385,1.16207
-8.44,13,1.11312e-162,10,1.15385,1.16207
-8.4,13,2.31808e-161,10,1.15385,1.16207
-8.36,13,4.79817e-160,10,1.15385,1.16207
-8.32,13,9.87153e-159,10,1.15385,1.16207
-8.28,13,2.01863e-157,10,1.15385,1.16207
-8.24,13,4.10293e-156,10,1.15385,1.16207
-8.2,13,8.28889e-155,10,1.15385,1.16207
-8.16,13,1.66443e-153,10,1.15385,1.16207
-8.12,13,3.32201e-152,10,1.15385,1.16207
-8.08,13,6.59028e-151,10,1.15385,1.16207
-8.04,13,1.29949e-149,10,1.15385,1.16207
-8,13,2.5469e-148,10,1.15385,1.16207
-7.96,13,4.96154e-147,10,1.15385,1.16207
-7.92,13,9.60698e-146,10,1.15385,1.16207
-7.88,13,1.84894e-144,10,1.15385,1.16207
-7.84,13,3.53693e-143,10,1.15385,1.16207
-7.8,13,6.725e-142,10,1.15385,1.16207
-7.76,13,1.27093e-140,10,1.15385,1.16207
-7.72,13,2.38735e-139,10,1.15385,1.16207
-7.68,13,4.45729e-138,10,1.15385,1.16207
-7.64,13,8.27155e-137,10,1.15385,1.16207
-7.6,13,1.52568e-135,10,1.15385,1.16207
-7.56,13,2.79705e-134,10,1.15385,1.16207
-7.52,13,5.0968e-133,10,1.15385,1.16207
-7.48,13,9.23112e-132,10,1.15385,1.16207
-7.44,13,1.66177e-130,10,1.15385,1.16207
-7.4,13,2.97337e-129,10,1.15385,1.16207
-7.36,13,5.28796e-128,10,1.15385,1.16207
-7.32,13,9.34742e-127,10,1.15385,1.16207
-7.28,13,1.64233e-125,10,1.15385,1.16207
-7.24,13,2.86812e-124,10,1.15385,1.16207
-7.2,13,4.9786e-123,10,1.15385,1.16207
-7.16,13,8.58997e-122,10,1.15385,1.16207
-7.12,13,1.47318e-120,10,1.15385,1.16207
-7.08,13,2.51134e-119,10,1.15385,1.16207
-7.04,13,4.25547e-118,10,1.15385,1.16207
-7,13,7.1678e-117,10,1.15385,1.16207
-6.96,13,1.20013e-115,10,1.15385,1.16207
-6.92,13,1.9975e-114,10,1.15385,1.16207
-6.88,13,3.30494e-113,10,1.15385,1.16207
-6.84,13,5.43591e-112,10,1.15385,1.16207
-6.8,13,8.88832e-111,10,1.15385,1.16207
-6.76,13,1.44483e-109,10,1.15385,1.16207
-6.72,13,2.33494e-108,10,1.15385,1.16207
-6.68,13,3.7515e-107,10,1.15385,1.16207
-6.64,13,5.99261e-106,10,1.15385,1.16207
-6.6,13,9.51743e-105,10,1.15385,1.16207
-6.56,13,1.5029e-103,10,1.15385,1.16207
-6.52,13,2.35968e-102,10,1.15385,1.16207
-6.48,13,3.68389e-101,10,1.15385,1.16207
-6.44,13,5.71872e-100,10,1.15385,1.16207
-6.4,13,8.8276e-99,10,1.15385,1.16207
-6.36,13,1.35503e-97,10,1.15385,1.16207
-6.32,13,2.06839e-96,10,1.15385,1.16207
-6.28,13,3.1398e-95,10,1.15385,1.16207
-6.24,13,4.73994e-94,10,1.15385,1.16207
-6.2,13,7.11635e-93,10,1.15385,1.16207
-6.16,13,1.06259e-91,10,1.15385,1.16207
-6.12,13,1.57804e-90,10,1.15385,1.16207
-6.08,13,2.33088e-89,10,1.15385,1.16207
-6.04,13,3.42443e-88,10,1.15385,1.16207
-6,13,5.00423e-87,10,1.15385,1.16207
-5.96,13,7.27408e-86,10,1.15385,1.16207
-5.92,13,1.05178e-84,10,1.15385,1.16207
-5.88,13,1.51281e-83,10,1.15385,1.16207
-5.84,13,2.16455e-82,10,1.15385,1.16207
-5.8,13,3.08095e-81,10,1.15385,1.16207
-5.76,13,4.36253e-80,10,1.15385,1.16207
-5.72,13,6.14515e-79,10,1.15385,1.16207
-5.68,13,8.61129e-78,10,1.15385,1.16207
-5.64,13,1.20045e-76,10,1.15385,1.16207
-5.6,13,1.66476e-75,10,1.15385,1.16207
-5.56,13,2.29661e-74,10,1.15385,1.16207
-5.52,13,3.15168e-73,10,1.15385,1.16207
-5.48,13,4.30234e-72,10,1.15385,1.16207
-5.44,13,5.84202e-71,10,1.15385,1.16207
-5.4,13,7.89054e-70,10,1.15385,1.16207
-5.36,13,1.06005e-68,10,1.15385,1.16207
-5.32,13,1.41647e-67,10,1.15385,1.16207
-5.28,13,1.88256e-66,10,1.15385,1.16207
-5.24,13,2.48854e-65,10,1.15385,1.16207
-5.2,13,3.27184e-64,10,1.15385,1.16207
-5.16,13,4.27857e-63,10,1.15385,1.16207
-5.12,13,5.56507e-62,10,1.15385,1.16207
-5.08,13,7.19978e-61,10,1.15385,1.16207
-5.04,13,9.26535e-60,10,1.15385,1.16207
-5,13,1.18609e-58,10,1.15385,1.16207
-4.96,13,1.51046e-57,10,1.15385,1.16207
-4.92,13,1.91364e-56,10,1.15385,1.16207
-4.88,13,2.41211e-55,10,1.15385,1.16207
-4.84,13,3.02514e-54,10,1.15385,1.16207
-4.8,13,3.77514e-53,10,1.15385,1.16207
-4.76,13,4.68797e-52,10,1.15385,1.16207
-4.72,13,5.79329e-51,10,1.15385,1.16207
-4.68,13,7.1249e-50,10,1.15385,1.16207
-4.64,13,8.72106e-49,10,1.15385,1.16207
-4.6,13,1.06247e-47,10,1.15385,1.16207
-4.56,13,1.28839e-46,10,1.15385,1.16207
-4.52,13,1.55514e-45,10,1.15385,1.16207
-4.48,13,1.86853e-44,10,1.15385,1.16207
-4.44,13,2.23482e-43,10,1.15385,1.16207
-4.4,13,2.6607e-42,10,1.15385,1.16207
-4.36,13,3.15316e-41,10,1.15385,1.16207
-4.32,13,3.71946e-40,10,1.15385,1.16207
-4.28,13,4.36692e-39,10,1.15385,1.16207
-4.24,13,5.10292e-38,10,1.15385,1.16207
-4.2,13,5.93479e-37,10,1.15385,1.16207
-4.16,13,6.8699e-36,10,1.15385,1.16207
-4.12,13,7.91576e-35,10,1.15385,1.16207
-4.08,13,9.08016e-34,10,1.15385,1.16207
-4.04,13,1.03712e-32,10,1.15385,1.16207
-4,13,1.17969e-31,10,1.15385,1.16207
-3.96,13,1.33645e-30,10,1.15385,1.16207
-3.92,13,1.50787e-29,10,1.15385,1.16207
-3.88,13,1.69396e-28,10,1.15385,1.16207
-3.84,13,1.89413e-27,10,1.15385,1.16207
-3.8,13,2.10719e-26,10,1.15385,1.16207
-3.76,13,2.33167e-25,10,1.15385,1.16207
-3.72,13,2.56651e-24,10,1.15385,1.16207
-3.68,13,2.81161e-23,10,1.15385,1.16207
-3.64,13,3.06711e-22,10,1.15385,1.16207
-3.6,13,3.33146e-21,10,1.15385,1.16207
-3.56,13,3.60381e-20,10,1.15385,1.16207
-3.52,13,3.89282e-19,10,1.15385,1.16207
-3.48,13,4.19283e-18,10,1.15385,1.16207
-3.44,13,4.37044e-17,10,1.15385,1.16207
-3.4,13,4.10698e-16,10,1.15385,1.16207
-3.36,13,1.66554e-15,10,1.15385,1.16207
-3.32,13,4.9918e-15,10,1.15385,1.16207
-3.28,13,1.39533e-14,10,1.15385,1.16207
-3.24,13,3.8256e-14,10,1.15385,1.16207
-3.2,13,1.03367e-13,10,1.15385,1.16207
-3.16,13,2.75027e-13,10,1.15385,1.16207
-3.12,13,7.21343e-13,10,1.15385,1.16207
-3.08,13,1.86468e-12,10,1.15385,1.16207
-3.04,13,4.74957e-12,10,1.15385,1.16207
-3,13,1.19186e-11,10,1.15385,1.16207
-2.96,13,2.94624e-11,10,1.15385,1.16207
-2.92,13,7.17314e-11,10,1.15385,1.16207
-2.88,13,1.71979e-10,10,1.15385,1.16207
-2.84,13,4.05963e-10,10,1.15385,1.16207
-2.8,13,9.43333e-10,10,1.15385,1.16207
-2.76,13,2.15739e-09,10,1.15385,1.16207
-2.72,13,4.85504e-09,10,1.15385,1.16207
-2.68,13,1.07491e-08,10,1.15385,1.16207
-2.64,13,2.34086e-08,10,1.15385,1.16207
-2.6,13,5.01319e-08,10,1.15385,1.16207
-2.56,13,1.05558e-07,10,1.15385,1.16207
-2.52,13,2.1848e-07,10,1.15385,1.16207
-2.48,13,4.44398e-07,9.99999,1.15385,1.16207
-2.44,13,8.88123e-07,9.99999,1.15385,1.16207
-2.4,13,1.74344e-06,9.99997,1.15384,1.16207
-2.36,13,3.36096e-06,9.99995,1.15384,1.16207
-2.32,12.9999,6.36109e-06,9.99991,1.15384,1.16207
-2.28,12.9999,1.18166e-05,9.99983,1.15384,1.16207
-2.24,12.9998,2.15394e-05,9.99968,1.15383,1.16207
-2.2,12.9996,3.85147e-05,9.99943,1.15382,1.16207
-2.16,12.9992,6.75385e-05,9.99901,1.1538,1.16207
-2.12,12.9987,0.000116114,9.99829,1.15377,1.16207
-2.08,12.9978,0.000195658,9.99712,1.15371,1.16207
-2.04,12.9963,0.000323055,9.99525,1.15363,1.16207
-2,12.994,0.000522521,9.99231,1.15349,1.16207
-1.96,12.9905,0.000827707,9.98782,1.15328,1.16207
-1.92,12.9853,0.00128383,9.98112,1.15297,1.16207
-1.88,12.9776,0.00194956,9.97133,1.15252,1.16207
-1.84,12.9668,0.0028982,9.95741,1.15188,1.16207
-1.8,12.9516,0.00421782,9.93806,1.15098,1.16207
-1.76,12.9311,0.00600991,9.91184,1.14977,1.16207
-1.72,12.9039,0.00838634,9.87715,1.14815,1.16207
-1.68,12.8688,0.0114647,9.83235,1.14607,1.16207
-1.64,12.8244,0.0153623,9.77585,1.14343,1.16207
-1.6,12.7695,0.0201899,9.70622,1.14016,1.16207
-1.56,12.7031,0.026045,9.6223,1.13621,1.16207
-1.52,12.6245,0.0330068,9.52326,1.13152,1.16207
-1.48,12.5332,0.0411325,9.40866,1.12605,1.16207
-1.44,12.4289,0.0504553,9.27853,1.11979,1.16207
-1.4,12.3118,0.0609847,9.13325,1.11275,1.16207
-1.36,12.1822,0.0727087,8.97361,1.10493,1.16207
-1.32,12.0407,0.0855961,8.80066,1.09636,1.16207
-1.28,11.8883,0.099601,8.61571,1.08709,1.16207
-1.24,11.7256,0.114666,8.4202,1.07715,1.16207
-1.2,11.5538,0.130727,8.21564,1.06661,1.16207
-1.16,11.3738,0.147715,8.00356,1.05552,1.16207
-1.12,11.1868,0.16556,7.78548,1.04393,1.16207
-1.08,10.9935,0.184193,7.5628,1.0319,1.16207
-1.04,10.7951,0.203547,7.33688,1.01947,1.16207
-1,10.5924,0.223559,7.10893,1.00671,1.16207
-0.96,10.3861,0.24417,6.88005,0.99364,1.16207
-0.92,10.1772,0.265325,6.65125,0.98032,1.16207
-0.88,9.96613,0.286973,6.4234,0.966785,1.16207
-0.84,9.75366,0.309068,6.19727,0.953069,1.16207
-0.8,9.54031,0.331566,5.97354,0.939205,1.16207
-0.76,9.32658,0.35443,5.75278,0.925224,1.16207
-0.72,9.11295,0.377621,5.53552,0.911152,1.16207
-0.68,8.89983,0.401105,5.32219,0.897016,1.16207
-0.64,8.68761,0.42485,5.11318,0.88284,1.16207
-0.6,8.47667,0.448822,4.90883,0.868648,1.16207
-0.56,8.26737,0.472986,4.70945,0.854464,1.16207
-0.52,8.06007,0.497306,4.51531,0.840311,1.16207
-0.48,7.85516,0.52174,4.32671,0.826217,1.16207
-0.44,7.65308,0.546239,4.14395,0.812212,1.16207
-0.4,7.45431,0.57074,3.96735,0.798333,1.16207
-0.36,7.2595,0.595159,3.79734,0.784627,1.16207
-0.32,7.06949,0.619383,3.63445,0.771156,1.16207
-0.28,6.88542,0.643247,3.47946,0.758006,1.16207
-0.24,6.70896,0.666511,3.33348,0.745306,1.16207
-0.2,6.54258,0.688808,3.1982,0.733243,1.16207
-0.16,6.39002,0.709578,3.07617,0.722104,1.16207
-0.12,6.25673,0.727987,2.97116,0.712312,1.16207
-0.08,6.14997,0.742907,2.88818,0.704438,1.16207
-0.04,6.07664,0.753219,2.83188,0.69904,1.16207
0,6.03678,0.758774,2.80175,0.696171,1.16207
0.04,6.01786,0.761296,2.78793,0.694913,1.16207
0.08,6.00525,0.762887,2.77906,0.694157,1.16207
0.12,5.99597,0.763969,2.77286,0.693682,1.16207
0.16,5.98873,0.764728,2.76836,0.693393,1.16207
0.2,5.98274,0.76527,2.76499,0.693241,1.16207
0.24,5.97744,0.765659,2.76239,0.693204,1.16207
0.28,5.97228,0.76594,2.76034,0.693286,1.16207
0.32,5.96655,0.766141,2.75868,0.693535,1.16207
0.36,5.95903,0.766282,2.7573,0.694064,1.16207
0.4,5.94764,0.766378,2.75613,0.695098,1.16207
0.44,5.92899,0.766439,2.75511,0.697027,1.16207
0.48,5.89805,0.766472,2.7542,0.700452,1.16207
0.52,5.84812,0.766482,2.75337,0.706218,1.16207
0.56,5.77133,0.766475,2.7526,0.715416,1.16207
0.6,5.65964,0.766452,2.75188,0.729342,1.16207
0.64,5.50648,0.766416,2.75119,0.749442,1.16207
0.68,5.30843,0.76637,2.75054,0.777218,1.16207
0.72,5.06663,0.766313,2.74992,0.814126,1.16207
0.76,4.78739,0.766249,2.74933,0.861428,1.16207
0.8,4.48178,0.766176,2.74876,0.919979,1.16207
0.84,4.16421,0.766096,2.74823,0.989946,1.16207
0.88,3.85028,0.766009,2.74772,1.07046,1.16207
0.92,3.55457,0.765915,2.74723,1.15931,1.16207
0.96,3.28871,0.765814,2.74675,1.25281,1.16207
1,3.06025,0.765705,2.74629,1.34611,1.16207
1.04,2.87235,0.765588,2.74583,1.43393,1.16207
1.08,2.72426,0.765462,2.74537,1.51162,1.16207
1.12,2.61229,0.765326,2.74489,1.57614,1.16207
1.16,2.53098,0.765179,2.74439,1.62648,1.16207
1.2,2.47423,0.76502,2.74386,1.66346,1.16207
1.24,2.4361,0.764847,2.74329,1.68915,1.16207
1.28,2.4114,0.764655,2.74266,1.70606,1.16207
1.32,2.39594,0.764439,2.74196,1.71663,1.16207
1.36,2.38651,0.764188,2.74114,1.7229,1.16207
1.4,2.38084,0.763882,2.74014,1.72637,1.16207
1.44,2.37733,0.763485,2.73885,1.7281,1.16207
1.48,2.3749,0.762931,2.73704,1.72873,1.16207
1.52,2.37272,0.762098,2.73431,1.72859,1.16207
1.56,2.37008,0.760763,2.72993,1.72774,1.16207
1.6,2.3661,0.75852,2.72259,1.726,1.16207
1.64,2.35942,0.754643,2.70992,1.72283,1.16207
1.68,2.34785,0.74785,2.68784,1.71721,1.16207
1.72,2.32769,0.735933,2.64946,1.70736,1.16207
1.76,2.293,0.715233,2.58389,1.69029,1.16207
1.8,2.23509,0.680133,2.4758,1.66154,1.16207
1.84,2.14348,0.623178,2.30841,1.61541,1.16207
1.88,2.01084,0.537458,2.07414,1.54722,1.16207
1.92,1.84297,0.423091,1.79204,1.45855,1.16207
1.96,1.6663,0.295044,1.51351,1.36246,1.16207
2,1.51691,0.179985,1.29345,1.27903,1.16207
2.04,1.41506,0.0975715,1.15181,1.22095,1.16207
2.08,1.35662,0.0486534,1.07362,1.18709,1.16207
2.12,1.32667,0.0230769,1.03442,1.16957,1.16207
2.16,1.31226,0.0106492,1.01577,1.16109,1.16207
2.2,1.30556,0.00484025,1.00714,1.15714,1.16207
2.24,1.3025,0.00217951,1.00321,1.15533,1.16207
2.28,1.30112,0.000974665,1.00144,1.15451,1.16207
2.32,1.3005,0.000433211,1.00064,1.15414,1.16207
2.36,1.30022,0.000191382,1.00028,1.15398,1.16207
2.4,1.3001,8.40086e-05,1.00012,1.1539,1.16207
2.44,1.30004,3.66237e-05,1.00005,1.15387,1.16207
2.48,1.30002,1.58487e-05,1.00002,1.15386,1.16207
2.52,1.30001,6.80441e-06,1.00001,1.15385,1.16207
2.56,1.3,2.89691e-06,1,1.15385,1.16207
2.6,1.3,1.22243e-06,1,1.15385,1.16207
2.64,1.3,5.11051e-07,1,1.15385,1.16207
2.68,1.3,2.11586e-07,1,1.15385,1.16207
2.72,1.3,8.67229e-08,1,1.15385,1.16207
2.76,1.3,3.51777e-08,1,1.15385,1.16207
2.8,1.3,1.41177e-08,1,1.15385,1.16207
2.84,1.3,5.6042e-09,1,1.15385,1.16207
2.88,1.3,2.20001e-09,1,1.15385,1.16207
2.92,1.3,8.5392e-10,1,1.15385,1.16207
2.96,1.3,3.27657e-10,1,1.15385,1.16207
3,1.3,1.24273e-10,1,1.15385,1.16207
3.04,1.3,4.65841e-11,1,1.15385,1.16207
3.08,1.3,1.7257e-11,1,1.15385,1.16207
3.12,1.3,6.31731e-12,1,1.15385,1.16207
3.16,1.3,2.28519e-12,1,1.15385,1.16207
3.2,1.3,8.16759e-13,1,1.15385,1.16207
3.24,1.3,2.88363e-13,1,1.15385,1.16207
3.28,1.3,1.00584e-13,1,1.15385,1.16207
3.32,1.3,3.4655e-14,1,1.15385,1.16207
3.36,1.3,1.1768e-14,1,1.15385,1.16207
3.4,1.3,3.90226e-15,1,1.15385,1.16207
3.44,1.3,1.12941e-15,1,1.15385,1.16207
3.48,1.3,1.98726e-16,1,1.15385,1.16207
3.52,1.3,1.70754e-17,1,1.15385,1.16207
3.56,1.3,1.49194e-18,1,1.15385,1.16207
3.6,1.3,1.32455e-19,1,1.15385,1.16207
3.64,1.3,1.17174e-20,1,1.15385,1.16207
3.68,1.3,1.03016e-21,1,1.15385,1.16207
3.72,1.3,9.01206e-23,1,1.15385,1.16207
3.76,1.3,7.84167e-24,1,1.15385,1.16207
3.8,1.3,6.78298e-25,1,1.15385,1.16207
3.84,1.3,5.83291e-26,1,1.15385,1.16207
3.88,1.3,4.9889e-27,1,1.15385,1.16207
3.92,1.3,4.24668e-28,1,1.15385,1.16207
3.96,1.3,3.59989e-29,1,1.15385,1.16207
4,1.3,3.04045e-30,1,1.15385,1.16207
4.04,1.3,2.55935e-31,1,1.15385,1.16207
4.08,1.3,2.14743e-32,1,1.15385,1.16207
4.12,1.3,1.79602e-33,1,1.15385,1.16207
4.16,1.3,1.49718e-34,1,1.15385,1.16207
4.2,1.3,1.24384e-35,1,1.15385,1.16207
4.24,1.3,1.02975e-36,1,1.15385,1.16207
4.28,1.3,8.4943e-38,1,1.15385,1.16207
4.32,1.3,6.98045e-39,1,1.15385,1.16207
4.36,1.3,5.71386e-40,1,1.15385,1.16207
4.4,1.3,4.65792e-41,1,1.15385,1.16207
4.44,1.3,3.78089e-42,1,1.15385,1.16207
4.48,1.3,3.05542e-43,1,1.15385,1.16207
4.52,1.3,2.45792e-44,1,1.15385,1.16207
4.56,1.3,1.96812e-45,1,1.15385,1.16207
4.6,1.3,1.56859e-46,1,1.15385,1.16207
4.64,1.3,1.24435e-47,1,1.15385,1.16207
4.68,1.3,9.82608e-49,1,1.15385,1.16207
4.72,1.3,7.72413e-50,1,1.15385,1.16207
4.76,1.3,6.04491e-51,1,1.15385,1.16207
4.8,1.3,4.71017e-52,1,1.15385,1.16207
4.84,1.3,3.65445e-53,1,1.15385,1.16207
4.88,1.3,2.82335e-54,1,1.15385,1.16207
4.92,1.3,2.17206e-55,1,1.15385,1.16207
4.96,1.3,1.66394e-56,1,1.15385,1.16207
5,1.3,1.26923e-57,1,1.15385,1.16207
5.04,1.3,9.6393e-59,1,1.15385,1.16207
5.08,1.3,7.28809e-60,1,1.15385,1.16207
5.12,1.3,5.48524e-61,1,1.15385,1.16207
5.16,1.3,4.10904e-62,1,1.15385,1.16207
5.2,1.3,3.06334e-63,1,1.15385,1.16207
5.24,1.3,2.27255e-64,1,1.15385,1.16207
5.28,1.3,1.67745e-65,1,1.15385,1.16207
5.32,1.3,1.23187e-66,1,1.15385,1.16207
5.36,1.3,8.99968e-68,1,1.15385,1.16207
5.4,1.3,6.5405e-69,1,1.15385,1.16207
5.44,1.3,4.72821e-70,1,1.15385,1.16207
5.48,1.3,3.39995e-71,1,1.15385,1.16207
5.52,1.3,2.43182e-72,1,1.15385,1.16207
5.56,1.3,1.73008e-73,1,1.15385,1.16207
5.6,1.3,1.22428e-74,1,1.15385,1.16207
5.64,1.3,8.61737e-76,1,1.15385,1.16207
5.68,1.3,6.03328e-77,1,1.15385,1.16207
5.72,1.3,4.20167e-78,1,1.15385,1.16207
5.76,1.3,2.91062e-79,1,1.15385,1.16207
5.8,1.3,2.00563e-80,1,1.15385,1.16207
5.84,1.3,1.37474e-81,1,1.15385,1.16207
5.88,1.3,9.37352e-83,1,1.15385,1.16207
5.92,1.3,6.35768e-84,1,1.15385,1.16207
5.96,1.3,4.28955e-85,1,1.15385,1.16207
6,1.3,2.87901e-86,1,1.15385,1.16207
6.04,1.3,1.92218e-87,1,1.15385,1.16207
6.08,1.3,1.27663e-88,1,1.15385,1.16207
6.12,1.3,8.43431e-90,1,1.15385,1.16207
6.16,1.3,5.54305e-91,1,1.15385,1.16207
6.2,1.3,3.62374e-92,1,1.15385,1.16207
6.24,1.3,2.3565e-93,1,1.15385,1.16207
6.28,1.3,1.52432e-94,1,1.15385,1.16207
6.32,1.3,9.80782e-96,1,1.15385,1.16207
6.36,1.3,6.27697e-97,1,1.15385,1.16207
6.4,1.3,3.99576e-98,1,1.15385,1.16207
6.44,1.3,2.52994e-99,1,1.15385,1.16207
6.48,1.3,1.59321e-100,1,1.15385,1.16207
6.52,1.3,9.97885e-102,1,1.15385,1.16207
6.56,1.3,6.21612e-103,1,1.15385,1.16207
6.6,1.3,3.85108e-104,1,1.15385,1.16207
6.64,1.3,2.37279e-105,1,1.15385,1.16207
6.68,1.3,1.45392e-106,1,1.15385,1.16207
6.72,1.3,8.85972e-108,1,1.15385,1.16207
6.76,1.3,5.36894e-109,1,1.15385,1.16207
6.8,1.3,3.23549e-110,1,1.15385,1.16207
6.84,1.3,1.93895e-111,1,1.15385,1.16207
6.88,1.3,1.15548e-112,1,1.15385,1.16207
6.92,1.3,6.84736e-114,1,1.15385,1.16207
6.96,1.3,4.03499e-115,1,1.15385,1.16207
7,1.3,2.36437e-116,1,1.15385,1.16207
7.04,1.3,1.37764e-117,1,1.15385,1.16207
7.08,1.3,7.98179e-119,1,1.15385,1.16207
7.12,1.3,4.59837e-120,1,1.15385,1.16207
7.16,1.3,2.63416e-121,1,1.15385,1.16207
7.2,1.3,1.5004e-122,1,1.15385,1.16207
7.24,1.3,8.49765e-124,1,1.15385,1.16207
7.28,1.3,4.78528e-125,1,1.15385,1.16207
7.32,1.3,2.67934e-126,1,1.15385,1.16207
7.36,1.3,1.49161e-127,1,1.15385,1.16207
7.4,1.3,8.25627e-129,1,1.15385,1.16207
7.44,1.3,4.54366e-130,1,1.15385,1.16207
7.48,1.3,2.48608e-131,1,1.15385,1.16207
7.52,1.3,1.35239e-132,1,1.15385,1.16207
7.56,1.3,7.31417e-134,1,1.15385,1.16207
7.6,1.3,3.93271e-135,1,1.15385,1.16207
7.64,1.3,2.10221e-136,1,1.15385,1.16207
7.68,1.3,1.11715e-137,1,1.15385,1.16207
7.72,1.3,5.90187e-139,1,1.15385,1.16207
7.76,1.3,3.09958e-140,1,1.15385,1.16207
7.8,1.3,1.61824e-141,1,1.15385,1.16207
7.84,1.3,8.39851e-143,1,1.15385,1.16207
7.88,1.3,4.33286e-144,1,1.15385,1.16207
7.92,1.3,2.22204e-145,1,1.15385,1.16207
7.96,1.3,1.13273e-146,1,1.15385,1.16207
8,1.3,5.73976e-148,1,1.15385,1.16207
8.04,1.3,2.89097e-149,1,1.15385,1.16207
8.08,1.3,1.44735e-150,1,1.15385,1.16207
8.12,1.3,7.20234e-152,1,1.15385,1.16207
8.16,1.3,3.56239e-153,1,1.15385,1.16207
8.2,1.3,1.75133e-154,1,1.15385,1.16207
8.24,1.3,8.55761e-156,1,1.15385,1.16207
8.28,1.3,4.15611e-157,1,1.15385,1.16207
8.32,1.3,2.00618e-158,1,1.15385,1.16207
8.36,1.3,9.62486e-160,1,1.15385,1.16207
8.4,1.3,4.58943e-161,1,1.15385,1.16207
8.44,1.3,2.17501e-162,1,1.15385,1.16207
8.48,1.3,1.02446e-163,1,1.15385,1.16207
8.52,1.3,4.79584e-165,1,1.15385,1.16207
8.56,1.3,2.23133e-166,1,1.15385,1.16207
8.6,1.3,1.03179e-167,1,1.15385,1.16207
8.64,1.3,4.74185e-169,1,1.15385,1.16207
8.68,1.3,2.16587e-170,1,1.15385,1.16207
8.72,1.3,9.83206e-172,1,1.15385,1.16207
8.76,1.3,4.43594e-173,1,1.15385,1.16207
8.8,1.3,1.9891e-174,1,1.15385,1.16207
8.84,1.3,8.86455e-176,1,1.15385,1.16207
8.88,1.3,3.92635e-177,1,1.15385,1.16207
8.92,1.3,1.72844e-178,1,1.15385,1.16207
8.96,1.3,7.5623e-180,1,1.15385,1.16207
9,1.3,3.28845e-181,1,1.15385,1.16207
9.04,1.3,1.42124e-182,1,1.15385,1.16207
9.08,1.3,6.10498e-184,1,1.15385,1.16207
9.12,1.3,2.60643e-185,1,1.15385,1.16207
9.16,1.3,1.106e-186,1,1.15385,1.16207
9.2,1.3,4.66455e-188,1,1.15385,1.16207
9.24,1.3,1.95532e-189,1,1.15385,1.16207
9.28,1.3,8.14662e-191,1,1.15385,1.16207
9.32,1.3,3.3736e-192,1,1.15385,1.16207
9.36,1.3,1.38857e-193,1,1.15385,1.16207
9.4,1.3,5.68071e-195,1,1.15385,1.16207
9.44,1.3,2.30993e-196,1,1.15385,1.16207
9.48,1.3,9.33593e-198,1,1.15385,1.16207
9.52,1.3,3.75043e-199,1,1.15385,1.16207
9.56,1.3,1.49751e-200,1,1.15385,1.16207
9.6,1.3,5.94329e-202,1,1.15385,1.16207
9.64,1.3,2.3445e-203,1,1.15385,1.16207
9.68,1.3,9.19267e-205,1,1.15385,1.16207
9.72,1.3,3.58262e-206,1,1.15385,1.16207
9.76,1.3,1.3878e-207,1,1.15385,1.16207
9.8,1.3,5.34344e-209,1,1.15385,1.16207
9.84,1.3,2.04494e-210,1,1.15385,1.16207
9.88,1.3,7.77871e-212,1,1.15385,1.16207
9.92,1.3,2.94118e-213,1,1.15385,1.16207
9.96,1.3,1.14651e-214,1,1.15385,1.16207
10,1.3,1.14651e-214,1,1.15385,1.16207
-10,13,1.58225e-204,10,1.15385,1.25511
-9.96,13,1.58225e-204,10,1.15385,1.25511
-9.92,13,3.53688e-203,10,1.15385,1.25511
-9.88,13,8.19514e-202,10,1.15385,1.25511
-9.84,13,1.88817e-200,10,1.15385,1.25511
-9.8,13,4.32557e-199,10,1.15385,1.25511
-9.76,13,9.85283e-198,10,1.15385,1.25511
-9.72,13,2.2315e-196,10,1.15385,1.25511
-9.68,13,5.02517e-195,10,1.15385,1.25511
-9.64,13,1.12519e-193,10,1.15385,1.25511
-9.6,13,2.50507e-192,10,1.15385,1.25511
-9.56,13,5.54544e-191,10,1.15385,1.25511
-9.52,13,1.22061e-189,10,1.15385,1.25511
-9.48,13,2.6714e-188,10,1.15385,1.25511
-9.44,13,5.81337e-187,10,1.15385,1.25511
-9.4,13,1.25789e-185,10,1.15385,1.25511
-9.36,13,2.70637e-184,10,1.15385,1.25511
-9.32,13,5.78974e-183,10,1.15385,1.25511
-9.28,13,1.23158e-181,10,1.15385,1.25511
-9.24,13,2.60493e-180,10,1.15385,1.25511
-9.2,13,5.47851e-179,10,1.15385,1.25511
-9.16,13,1.14568e-177,10,1.15385,1.25511
-9.12,13,2.38231e-176,10,1.15385,1.25511
-9.08,13,4.9257e-175,10,1.15385,1.25511
-9.04,13,1.01269e-173,10,1.15385,1.25511
-9,13,2.07023e-172,10,1.15385,1.25511
-8.96,13,4.20823e-171,10,1.15385,1.25511
-8.92,13,8.50587e-170,10,1.15385,1.25511
-8.88,13,1.70953e-168,10,1.15385,1.25511
-8.84,13,3.41643e-167,10,1.15385,1.25511
-8.8,13,6.78902e-166,10,1.15385,1.25511
-8.76,13,1.34147e-164,10,1.15385,1.25511
-8.72,13,2.63567e-163,10,1.15385,1.25511
-8.68,13,5.14921e-162,10,1.15385,1.25511
-8.64,13,1.00029e-160,10,1.15385,1.25511
-8.6,13,1.9322e-159,10,1.15385,1.25511
-8.56,13,3.71117e-158,10,1.15385,1.25511
-8.52,13,7.08772e-157,10,1.15385,1.25511
-8.48,13,1.34597e-155,10,1.15385,1.25511
-8.44,13,2.54156e-154,10,1.15385,1.25511
-8.4,13,4.77198e-153,10,1.15385,1.25511
-8.36,13,8.90898e-152,10,1.15385,1.25511
-8.32,13,1.65382e-150,10,1.15385,1.25511
-8.28,13,3.05269e-149,10,1.15385,1.25511
-8.24,13,5.6028e-148,10,1.15385,1.25511
-8.2,13,1.02249e-146,10,1.15385,1.25511
-8.16,13,1.85542e-145,10,1.15385,1.25511
-8.12,13,3.34777e-144,10,1.15385,1.25511
-8.08,13,6.00621e-143,10,1.15385,1.25511
-8.04,13,1.07146e-141,10,1.15385,1.25511
-8,13,1.90057e-140,10,1.15385,1.25511
-7.96,13,3.35217e-139,10,1.15385,1.25511
-7.92,13,5.87899e-138,10,1.15385,1.25511
-7.88,13,1.02522e-136,10,1.15385,1.25511
-7.84,13,1.77776e-135,10,1.15385,1.25511
-7.8,13,3.06528e-134,10,1.15385,1.25511
-7.76,13,5.25552e-133,10,1.15385,1.25511
-7.72,13,8.96008e-132,10,1.15385,1.25511
-7.68,13,1.51902e-130,10,1.15385,1.25511
-7.64,13,2.56079e-129,10,1.15385,1.25511
-7.6,13,4.29291e-128,10,1.15385,1.25511
-7.56,13,7.15651e-127,10,1.15385,1.25511
-7.52,13,1.18639e-125,10,1.15385,1.25511
-7.48,13,1.95588e-124,10,1.15385,1.25511
-7.44,13,3.20662e-123,10,1.15385,1.25511
-7.4,13,5.2282e-122,10,1.15385,1.25511
-7.36,13,8.47745e-121,10,1.15385,1.25511
-7.32,13,1.36708e-119,10,1.15385,1.25511
-7.28,13,2.19254e-118,10,1.15385,1.25511
-7.24,13,3.49733e-117,10,1.15385,1.25511
-7.2,13,5.54838e-116,10,1.15385,1.25511
-7.16,13,8.75483e-115,10,1.15385,1.25511
-7.12,13,1.37401e-113,10,1.15385,1.25511
-7.08,13,2.14488e-112,10,1.15385,1.25511
-7.04,13,3.3304e-111,10,1.15385,1.25511
-7,13,5.14373e-110,10,1.15385,1.25511
-6.96,13,7.90242e-109,10,1.15385,1.25511
-6.92,13,1.20768e-107,10,1.15385,1.25511
-6.88,13,1.83596e-106,10,1.15385,1.25511
-6.84,13,2.77654e-105,10,1.15385,1.25511
-6.8,13,4.17721e-104,10,1.15385,1.25511
-6.76,13,6.25199e-103,10,1.15385,1.25511
-6.72,13,9.3092e-102,10,1.15385,1.25511
-6.68,13,1.37904e-100,10,1.15385,1.25511
-6.64,13,2.03248e-99,10,1.15385,1.25511
-6.6,13,2.98035e-98,10,1.15385,1.25511
-6.56,13,4.34821e-97,10,1.15385,1.25511
-6.52,13,6.31197e-96,10,1.15385,1.25511
-6.48,13,9.11675e-95,10,1.15385,1.25511
-6.44,13,1.31022e-93,10,1.15385,1.25511
-6.4,13,1.87361e-92,10,1.15385,1.25511
-6.36,13,2.66597e-91,10,1.15385,1.25511
-6.32,13,3.77461e-90,10,1.15385,1.25511
-6.28,13,5.31784e-89,10,1.15385,1.25511
-6.24,13,7.45492e-88,10,1.15385,1.25511
-6.2,13,1.0399e-86,10,1.15385,1.25511
-6.16,13,1.44339e-85,10,1.15385,1.25511
-6.12,13,1.99348e-84,10,1.15385,1.25511
-6.08,13,2.73949e-83,10,1.15385,1.25511
-6.04,13,3.74585e-82,10,1.15385,1.25511
-6,13,5.09622e-81,10,1.15385,1.25511
-5.96,13,6.89851e-80,10,1.15385,1.25511
-5.92,13,9.29105e-79,10,1.15385,1.25511
-5.88,13,1.245e-77,10,1.15385,1.25511
-5.84,13,1.65985e-76,10,1.15385,1.25511
-5.8,13,2.20168e-75,10,1.15385,1.25511
-5.76,13,2.90555e-74,10,1.15385,1.25511
-5.72,13,3.81497e-73,10,1.15385,1.25511
-5.68,13,4.98364e-72,10,1.15385,1.25511
-5.64,13,6.47744e-71,10,1.15385,1.25511
-5.6,13,8.37664e-70,10,1.15385,1.25511
-5.56,13,1.07785e-68,10,1.15385,1.25511
-5.52,13,1.38001e-67,10,1.15385,1.25511
-5.48,13,1.75817e-66,10,1.15385,1.25511
-5.44,13,2.229e-65,10,1.15385,1.25511
-5.4,13,2.81223e-64,10,1.15385,1.25511
-5.36,13,3.53103e-63,10,1.15385,1.25511
-5.32,13,4.41249e-62,10,1.15385,1.25511
-5.28,13,5.48806e-61,10,1.15385,1.25511
-5.24,13,6.79403e-60,10,1.15385,1.25511
-5.2,13,8.37197e-59,10,1.15385,1.25511
-5.16,13,1.02693e-57,10,1.15385,1.25511
-5.12,13,1.25395e-56,10,1.15385,1.25511
-5.08,13,1.52427e-55,10,1.15385,1.25511
-5.04,13,1.84459e-54,10,1.15385,1.25511
-5,13,2.2223e-53,10,1.15385,1.25511
-4.96,13,2.66547e-52,10,1.15385,1.25511
-4.92,13,3.18287e-51,10,1.15385,1.25511
-4.88,13,3.78388e-50,10,1.15385,1.25511
-4.84,13,4.47846e-49,10,1.15385,1.25511
-4.8,13,5.27703e-48,10,1.15385,1.25511
-4.76,13,6.19045e-47,10,1.15385,1.25511
-4.72,13,7.22985e-46,10,1.15385,1.25511
-4.68,13,8.40662e-45,10,1.15385,1.25511
-4.64,13,9.73223e-44,10,1.15385,1.25511
-4.6,13,1.12181e-42,10,1.15385,1.25511
-4.56,13,1.28756e-41,10,1.15385,1.25511
-4.52,13,1.47153e-40,10,1.15385,1.25511
-4.48,13,1.67469e-39,10,1.15385,1.25511
-4.44,13,1.89787e-38,10,1.15385,1.25511
-4.4,13,2.14164e-37,10,1.15385,1.25511
-4.36,13,2.40632e-36,10,1.15385,1.25511
-4.32,13,2.69185e-35,10,1.15385,1.25511
-4.28,13,2.99787e-34,10,1.15385,1.25511
-4.24,13,3.32369e-33,10,1.15385,1.25511
-4.2,13,3.66839e-32,10,1.15385,1.25511
-4.16,13,4.03087e-31,10,1.15385,1.25511
-4.12,13,4.40991e-30,10,1.15385,1.25511
-4.08,13,4.80424e-29,10,1.15385,1.25511
-4.04,13,5.21244e-28,10,1.15385,1.25511
-4,13,5.63302e-27,10,1.15385,1.25511
-3.96,13,6.06441e-26,10,1.15385,1.25511
-3.92,13,6.50495e-25,10,1.15385,1.25511
-3.88,13,6.95287e-24,10,1.15385,1.25511
-3.84,13,7.40628e-23,10,1.15385,1.25511
-3.8,13,7.8649e-22,10,1.15385,1.25511
-3.76,13,8.33381e-21,10,1.15385,1.25511
-3.72,13,8.81316e-20,10,1.15385,1.25511
-3.68,13,9.26242e-19,10,1.15385,1.25511
-3.64,13,9.716e-18,10,1.15385,1.25511
-3.6,13,1.05256e-16,10,1.15385,1.25511
-3.56,13,7.07841e-16,10,1.15385,1.25511
-3.52,13,2.45084e-15,10,1.15385,1.25511
-3.48,13,6.86306e-15,10,1.15385,1.25511
-3.44,13,1.85599e-14,10,1.15385,1.25511
-3.4,13,4.91852e-14,10,1.15385,1.25511
-3.36,13,1.28351e-13,10,1.15385,1.25511
-3.32,13,3.3052e-13,10,1.15385,1.25511
-3.28,13,8.39467e-13,10,1.15385,1.25511
-3.24,13,2.10298e-12,10,1.15385,1.25511
-3.2,13,5.19571e-12,10,1.15385,1.25511
-3.16,13,1.2657e-11,10,1.15385,1.25511
-3.12,13,3.03977e-11,10,1.15385,1.25511
-3.08,13,7.1963e-11,10,1.15385,1.25511
-3.04,13,1.67906e-10,10,1.15385,1.25511
-3,13,3.86051e-10,10,1.15385,1.25511
-2.96,13,8.74524e-10,10,1.15385,1.25511
-2.92,13,1.95153e-09,10,1.15385,1.25511
-2.88,13,4.28923e-09,10,1.15385,1.25511
-2.84,13,9.2834e-09,10,1.15385,1.25511
-2.8,13,1.97823e-08,10,1.15385,1.25511
-2.76,13,4.14964e-08,10,1.15385,1.25511
-2.72,13,8.56685e-08,10,1.15385,1.25511
-2.68,13,1.7403e-07,10,1.15385,1.25511
-2.64,13,3.47799e-07,9.99999,1.15385,1.25511
-2.6,13,6.83668e-07,9.99999,1.15385,1.25511
-2.56,13,1.32154e-06,9.99998,1.15385,1.25511
-2.52,13,2.5115e-06,9.99996,1.15384,1.25511
-2.48,12.9999,4.69148e-06,9.99993,1.15384,1.25511
-2.44,12.9999,8.61202e-06,9.99987,1.15384,1.25511
-2.4,12.9998,1.55316e-05,9.99977,1.15384,1.25511
-2.36,12.9997,2.75128e-05,9.9996,1.15383,1.25511
-2.32,12.9995,4.78578e-05,9.9993,1.15381,1.25511
-2.28,12.9991,8.17259e-05,9.9988,1.15379,1.25511
-2.24,12.9984,0.000136977,9.99798,1.15375,1.25511
-2.2,12.9974,0.00022527,9.99668,1.15369,1.25511
-2.16,12.9958,0.000363435,9.99465,1.1536,1.25511
-2.12,12.9934,0.000575068,9.99154,1.15346,1.25511
-2.08,12.9898,0.000892264,9.98687,1.15324,1.25511
-2.04,12.9844,0.00135731,9.98004,1.15292,1.25511
-2,12.9768,0.00202409,9.97024,1.15247,1.25511
-1.96,12.9661,0.00295886,9.95652,1.15184,1.25511
-1.92,12.9514,0.00424011,9.93774,1.15097,1.25511
-1.88,12.9317,0.00595723,9.91261,1.1498,1.25511
-1.84,12.906,0.00820782,9.87975,1.14828,1.25511
-1.8,12.873,0.0110938,9.83774,1.14632,1.25511
-1.76,12.8317,0.0147165,9.78519,1.14387,1.25511
-1.72,12.7811,0.0191714,9.72088,1.14085,1.25511
-1.68,12.7201,0.0245431,9.64378,1.13722,1.25511
-1.64,12.6483,0.0309006,9.55314,1.13294,1.25511
-1.6,12.565,0.0382949,9.44857,1.12796,1.25511
-1.56,12.4702,0.0467568,9.33,1.12228,1.25511
-1.52,12.3638,0.0562974,9.19773,1.11588,1.25511
-1.48,12.2462,0.0669091,9.05234,1.10879,1.25511
-1.44,12.1178,0.0785678,8.8947,1.10103,1.25511
-1.4,11.9792,0.0912366,8.72587,1.09262,1.25511
-1.36,11.8313,0.104868,8.54704,1.08361,1.25511
-1.32,11.6748,0.119407,8.3595,1.07404,1.25511
-1.28,11.5106,0.134797,8.16457,1.06396,1.25511
-1.24,11.3397,0.150975,7.96354,1.05341,1.25511
-1.2,11.1627,0.167881,7.75765,1.04244,1.25511
-1.16,10.9807,0.185458,7.54811,1.0311,1.25511
-1.12,10.7943,0.203648,7.33599,1.01942,1.25511
-1.08,10.6044,0.222398,7.12232,1.00746,1.25511
-1.04,10.4115,0.241659,6.90799,0.995243,1.25511
-1,10.2163,0.261385,6.69382,0.982812,1.25511
-0.96,10.0194,0.281534,6.48053,0.970195,1.25511
-0.92,9.82127,0.302067,6.26875,0.957424,1.25511
-0.88,9.62237,0.322949,6.05904,0.944524,1.25511
-0.84,9.42312,0.344147,5.85189,0.931521,1.25511
-0.8,9.2239,0.365632,5.64772,0.918437,1.25511
-0.76,9.02507,0.387373,5.44689,0.905293,1.25511
-0.72,8.82694,0.409346,5.24973,0.892109,1.25511
-0.68,8.62982,0.431523,5.05652,0.878903,1.25511
-0.64,8.43397,0.45388,4.8675,0.865695,1.25511
-0.6,8.23969,0.476388,4.6829,0.852502,1.25511
-0.56,8.04726,0.49902,4.50294,0.839343,1.25511
-0.52,7.85698,0.521742,4.32783,0.82624,1.25511
-0.48,7.66916,0.544516,4.15778,0.813215,1.25511
-0.44,7.4842,0.567294,3.99306,0.800297,1.25511
-0.4,7.30257,0.590015,3.83395,0.787521,1.25511
-0.36,7.12487,0.612596,3.68086,0.774931,1.25511
-0.32,6.95193,0.634921,3.53432,0.762591,1.25511
-0.28,6.78489,0.656825,3.3951,0.750586,1.25511
-0.24,6.6254,0.678064,3.26431,0.739044,1.25511
-0.2,6.47591,0.698272,3.14363,0.728153,1.25511
-0.16,6.34003,0.716906,3.03556,0.718189,1.25511
-0.12,6.22285,0.733183,2.94361,0.70955,1.25511
-0.08,6.13065,0.746119,2.87214,0.702732,1.25511
-0.04,6.06849,0.754878,2.82448,0.698151,1.25511
0,6.03462,0.759599,2.79892,0.695714,1.25511
0.04,6.01764,0.761873,2.78647,0.694577,1.25511
0.08,6.00616,0.763334,2.77835,0.693876,1.25511
0.12,5.9977,0.764338,2.77264,0.693425,1.25511
0.16,5.99113,0.765049,2.76847,0.693141,1.25511
0.2,5.98576,0.765559,2.76533,0.692977,1.25511
0.24,5.98114,0.76593,2.76292,0.692907,1.25511
0.28,5.9769,0.7662,2.76101,0.692921,1.25511
0.32,5.97265,0.766395,2.75947,0.693028,1.25511
0.36,5.96785,0.766536,2.7582,0.693266,1.25511
0.4,5.96156,0.766635,2.75713,0.693727,1.25511
0.44,5.95219,0.766701,2.7562,0.694585,1.25511
0.48,5.93712,0.766741,2.75537,0.696139,1.25511
0.52,5.91242,0.766762,2.75463,0.698857,1.25511
0.56,5.87273,0.766766,2.75393,0.703404,1.25511
0.6,5.81144,0.766756,2.75329,0.710655,1.25511
0.64,5.72141,0.766735,2.75267,0.721676,1.25511
0.68,5.59603,0.766703,2.75208,0.737688,1.25511
0.72,5.43061,0.766663,2.75152,0.760002,1.25511
0.76,5.22374,0.766616,2.75097,0.789943,1.25511
0.8,4.97816,0.766561,2.75045,0.828756,1.25511
0.84,4.70098,0.7665,2.74995,0.877461,1.25511
0.88,4.40307,0.766434,2.74947,0.936666,1.25511
0.92,4.09765,0.766362,2.74901,1.00631,1.25511
0.96,3.79852,0.766285,2.74858,1.08539,1.25511
1,3.51822,0.766202,2.74816,1.17168,1.25511
1.04,3.26659,0.766113,2.74775,1.26175,1.25511
1.08,3.04991,0.766019,2.74735,1.3512,1.25511
1.12,2.87071,0.765918,2.74696,1.43534,1.25511
1.16,2.72825,0.76581,2.74656,1.51007,1.25511
1.2,2.61925,0.765695,2.74616,1.57268,1.25511
1.24,2.53893,0.765572,2.74573,1.62218,1.25511
1.28,2.48186,0.765441,2.74529,1.65921,1.25511
1.32,2.44274,0.765299,2.74483,1.6855,1.25511
1.36,2.41682,0.765146,2.74433,1.70327,1.25511
1.4,2.40021,0.76498,2.74379,1.71472,1.25511
1.44,2.38986,0.764795,2.74319,1.72176,1.25511
1.48,2.38356,0.764586,2.74251,1.72589,1.25511
1.52,2.37975,0.764341,2.74171,1.72815,1.25511
1.56,2.37736,0.764036,2.74071,1.72926,1.25511
1.6,2.37568,0.763632,2.73939,1.72965,1.25511
1.64,2.37419,0.763056,2.7375,1.72954,1.25511
1.68,2.37244,0.762173,2.73461,1.72898,1.25511
1.72,2.36989,0.760739,2.7299,1.72787,1.25511
1.76,2.3657,0.758315,2.72196,1.72589,1.25511
1.8,2.35853,0.754117,2.70825,1.72242,1.25511
1.84,2.34604,0.746771,2.68439,1.71633,1.25511
1.88,2.32433,0.73392,2.64306,1.7057,1.25511
1.92,2.28714,0.711698,2.57286,1.68739,1.25511
1.96,2.22551,0.674248,2.45808,1.65675,1.25511
2,2.12905,0.614025,2.28243,1.60807,1.25511
2.04,1.99147,0.524596,2.04075,1.53711,1.25511
2.08,1.82096,0.407575,1.75628,1.44672,1.25511
2.12,1.64607,0.279843,1.48287,1.35128,1.25511
2.16,1.50213,0.168236,1.27247,1.27067,1.25511
2.2,1.40622,0.0902512,1.13984,1.21585,1.25511
2.24,1.35203,0.0447551,1.06758,1.18441,1.25511
2.28,1.32448,0.0211931,1.03157,1.16828,1.25511
2.32,1.31127,0.0097887,1.01449,1.1605,1.25511
2.36,1.30513,0.0044605,1.00658,1.15688,1.25511
2.4,1.30232,0.00201612,1.00297,1.15522,1.25511
2.44,1.30104,0.00090596,1.00133,1.15446,1.25511
2.48,1.30047,0.000405036,1.0006,1.15412,1.25511
2.52,1.30021,0.000180173,1.00027,1.15397,1.25511
2.56,1.30009,7.97209e-05,1.00012,1.1539,1.25511
2.6,1.30004,3.50719e-05,1.00005,1.15387,1.25511
2.64,1.30002,1.53336e-05,1.00002,1.15386,1.25511
2.68,1.30001,6.65898e-06,1.00001,1.15385,1.25511
2.72,1.3,2.87107e-06,1,1.15385,1.25511
2.76,1.3,1.22843e-06,1,1.15385,1.25511
2.8,1.3,5.21363e-07,1,1.15385,1.25511
2.84,1.3,2.194e-07,1,1.15385,1.25511
2.88,1.3,9.15124e-08,1,1.15385,1.25511
2.92,1.3,3.78201e-08,1,1.15385,1.25511
2.96,1.3,1.54823e-08,1,1.15385,1.25511
3,1.3,6.27621e-09,1,1.15385,1.25511
3.04,1.3,2.51887e-09,1,1.15385,1.25511
3.08,1.3,1.00062e-09,1,1.15385,1.25511
3.12,1.3,3.93374e-10,1,1.15385,1.25511
3.16,1.3,1.5302e-10,1,1.15385,1.25511
3.2,1.3,5.8889e-11,1,1.15385,1.25511
3.24,1.3,2.2419e-11,1,1.15385,1.25511
3.28,1.3,8.4421e-12,1,1.15385,1.25511
3.32,1.3,3.14416e-12,1,1.15385,1.25511
3.36,1.3,1.15818e-12,1,1.15385,1.25511
3.4,1.3,4.21975e-13,1,1.15385,1.25511
3.44,1.3,1.51962e-13,1,1.15385,1.25511
3.48,1.3,5.407e-14,1,1.15385,1.25511
3.52,1.3,1.90209e-14,1,1.15385,1.25511
3.56,1.3,6.58465e-15,1,1.15385,1.25511
3.6,1.3,2.16735e-15,1,1.15385,1.25511
3.64,1.3,5.4089e-16,1,1.15385,1.25511
3.68,1.3,5.77262e-17,1,1.15385,1.25511
3.72,1.3,5.47698e-18,1,1.15385,1.25511
3.76,1.3,4.93771e-19,1,1.15385,1.25511
3.8,1.3,4.39794e-20,1,1.15385,1.25511
3.84,1.3,3.91402e-21,1,1.15385,1.25511
3.88,1.3,3.48104e-22,1,1.15385,1.25511
3.92,1.3,3.09217e-23,1,1.15385,1.25511
3.96,1.3,2.74335e-24,1,1.15385,1.25511
4,1.3,2.43032e-25,1,1.15385,1.25511
4.04,1.3,2.14886e-26,1,1.15385,1.25511
4.08,1.3,1.89529e-27,1,1.15385,1.25511
4.12,1.3,1.66658e-28,1,1.15385,1.25511
4.16,1.3,1.46026e-29,1,1.15385,1.25511
4.2,1.3,1.27438e-30,1,1.15385,1.25511
4.24,1.3,1.10734e-31,1,1.15385,1.25511
4.28,1.3,9.57841e-33,1,1.15385,1.25511
4.32,1.3,8.2473e-34,1,1.15385,1.25511
4.36,1.3,7.06909e-35,1,1.15385,1.25511
4.4,1.3,6.03277e-36,1,1.15385,1.25511
4.44,1.3,5.12697e-37,1,1.15385,1.25511
4.48,1.3,4.34003e-38,1,1.15385,1.25511
4.52,1.3,3.66014e-39,1,1.15385,1.25511
4.56,1.3,3.0757e-40,1,1.15385,1.25511
4.6,1.3,2.57561e-41,1,1.15385,1.25511
4.64,1.3,2.14943e-42,1,1.15385,1.25511
4.68,1.3,1.78763e-43,1,1.15385,1.25511
4.72,1.3,1.48157e-44,1,1.15385,1.25511
4.76,1.3,1.22357e-45,1,1.15385,1.25511
4.8,1.3,1.00681e-46,1,1.15385,1.25511
4.84,1.3,8.25354e-48,1,1.15385,1.25511
4.88,1.3,6.73986e-49,1,1.15385,1.25511
4.92,1.3,5.48191e-50,1,1.15385,1.25511
4.96,1.3,4.44056e-51,1,1.15385,1.25511
5,1.3,3.58204e-52,1,1.15385,1.25511
5.04,1.3,2.87725e-53,1,1.15385,1.25511
5.08,1.3,2.30123e-54,1,1.15385,1.25511
5.12,1.3,1.8326e-55,1,1.15385,1.25511
5.16,1.3,1.4531e-56,1,1.15385,1.25511
5.2,1.3,1.14723e-57,1,1.15385,1.25511
5.24,1.3,9.01879e-59,1,1.15385,1.25511
5.28,1.3,7.0599e-60,1,1.15385,1.25511
5.32,1.3,5.50323e-61,1,1.15385,1.25511
5.36,1.3,4.27186e-62,1,1.15385,1.25511
5.4,1.3,3.30222e-63,1,1.15385,1.25511
5.44,1.3,2.54205e-64,1,1.15385,1.25511
5.48,1.3,1.94871e-65,1,1.15385,1.25511
5.52,1.3,1.48759e-66,1,1.15385,1.25511
5.56,1.3,1.13076e-67,1,1.15385,1.25511
5.6,1.3,8.55826e-69,1,1.15385,1.25511
5.64,1.3,6.44905e-70,1,1.15385,1.25511
5.68,1.3,4.83803e-71,1,1.15385,1.25511
5.72,1.3,3.61301e-72,1,1.15385,1.25511
5.76,1.3,2.68573e-73,1,1.15385,1.25511
5.8,1.3,1.98708e-74,1,1.15385,1.25511
5.84,1.3,1.46317e-75,1,1.15385,1.25511
5.88,1.3,1.07219e-76,1,1.15385,1.25511
5.92,1.3,7.81859e-78,1,1.15385,1.25511
5.96,1.3,5.67334e-79,1,1.15385,1.25511
6,1.3,4.09626e-80,1,1.15385,1.25511
6.04,1.3,2.94283e-81,1,1.15385,1.25511
6.08,1.3,2.10358e-82,1,1.15385,1.25511
6.12,1.3,1.49612e-83,1,1.15385,1.25511
6.16,1.3,1.05873e-84,1,1.15385,1.25511
6.2,1.3,7.45442e-86,1,1.15385,1.25511
6.24,1.3,5.22218e-87,1,1.15385,1.25511
6.28,1.3,3.64001e-88,1,1.15385,1.25511
6.32,1.3,2.52446e-89,1,1.15385,1.25511
6.36,1.3,1.74202e-90,1,1.15385,1.25511
6.4,1.3,1.19608e-91,1,1.15385,1.25511
6.44,1.3,8.17135e-93,1,1.15385,1.25511
6.48,1.3,5.55462e-94,1,1.15385,1.25511
6.52,1.3,3.75704e-95,1,1.15385,1.25511
6.56,1.3,2.52854e-96,1,1.15385,1.25511
6.6,1.3,1.69327e-97,1,1.15385,1.25511
6.64,1.3,1.12828e-98,1,1.15385,1.25511
6.68,1.3,7.4806e-100,1,1.15385,1.25511
6.72,1.3,4.935e-101,1,1.15385,1.25511
6.76,1.3,3.23941e-102,1,1.15385,1.25511
6.8,1.3,2.11577e-103,1,1.15385,1.25511
6.84,1.3,1.37496e-104,1,1.15385,1.25511
6.88,1.3,8.89055e-106,1,1.15385,1.25511
6.92,1.3,5.71971e-107,1,1.15385,1.25511
6.96,1.3,3.66119e-108,1,1.15385,1.25511
7,1.3,2.33167e-109,1,1.15385,1.25511
7.04,1.3,1.47741e-110,1,1.15385,1.25511
7.08,1.3,9.31355e-112,1,1.15385,1.25511
7.12,1.3,5.84123e-113,1,1.15385,1.25511
7.16,1.3,3.64469e-114,1,1.15385,1.25511
7.2,1.3,2.26243e-115,1,1.15385,1.25511
7.24,1.3,1.39715e-116,1,1.15385,1.25511
7.28,1.3,8.58334e-118,1,1.15385,1.25511
7.32,1.3,5.24576e-119,1,1.15385,1.25511
7.36,1.3,3.18928e-120,1,1.15385,1.25511
7.4,1.3,1.92887e-121,1,1.15385,1.25511
7.44,1.3,1.16047e-122,1,1.15385,1.25511
7.48,1.3,6.94513e-124,1,1.15385,1.25511
7.52,1.3,4.13463e-125,1,1.15385,1.25511
7.56,1.3,2.4485e-126,1,1.15385,1.25511
7.6,1.3,1.44233e-127,1,1.15385,1.25511
7.64,1.3,8.45131e-129,1,1.15385,1.25511
7.68,1.3,4.9258e-130,1,1.15385,1.25511
7.72,1.3,2.85574e-131,1,1.15385,1.25511
7.76,1.3,1.64681e-132,1,1.15385,1.25511
7.8,1.3,9.44607e-134,1,1.15385,1.25511
7.84,1.3,5.38932e-135,1,1.15385,1.25511
7.88,1.3,3.05836e-136,1,1.15385,1.25511
7.92,1.3,1.72628e-137,1,1.15385,1.25511
7.96,1.3,9.69159e-139,1,1.15385,1.25511
8,1.3,5.41176e-140,1,1.15385,1.25511
8.04,1.3,3.00563e-141,1,1.15385,1.25511
8.08,1.3,1.66028e-142,1,1.15385,1.25511
8.12,1.3,9.12159e-144,1,1.15385,1.25511
8.16,1.3,4.98422e-145,1,1.15385,1.25511
8.2,1.3,2.70868e-146,1,1.15385,1.25511
8.24,1.3,1.46401e-147,1,1.15385,1.25511
8.28,1.3,7.86958e-149,1,1.15385,1.25511
8.32,1.3,4.20702e-150,1,1.15385,1.25511
8.36,1.3,2.2367e-151,1,1.15385,1.25511
8.4,1.3,1.18262e-152,1,1.15385,1.25511
8.44,1.3,6.21841e-154,1,1.15385,1.25511
8.48,1.3,3.25166e-155,1,1.15385,1.25511
8.52,1.3,1.6909e-156,1,1.15385,1.25511
8.56,1.3,8.74404e-158,1,1.15385,1.25511
8.6,1.3,4.49656e-159,1,1.15385,1.25511
8.64,1.3,2.29942e-160,1,1.15385,1.25511
8.68,1.3,1.16928e-161,1,1.15385,1.25511
8.72,1.3,5.91263e-163,1,1.15385,1.25511
8.76,1.3,2.973e-164,1,1.15385,1.25511
8.8,1.3,1.48648e-165,1,1.15385,1.25511
8.84,1.3,7.39038e-167,1,1.15385,1.25511
8.88,1.3,3.65355e-168,1,1.15385,1.25511
8.92,1.3,1.79597e-169,1,1.15385,1.25511
8.96,1.3,8.77844e-171,1,1.15385,1.25511
9,1.3,4.26642e-172,1,1.15385,1.25511
9.04,1.3,2.06175e-173,1,1.15385,1.25511
9.08,1.3,9.90674e-175,1,1.15385,1.25511
9.12,1.3,4.73311e-176,1,1.15385,1.25511
9.16,1.3,2.24844e-177,1,1.15385,1.25511
9.2,1.3,1.06201e-178,1,1.15385,1.25511
9.24,1.3,4.98764e-180,1,1.15385,1.25511
9.28,1.3,2.32902e-181,1,1.15385,1.25511
9.32,1.3,1.08134e-182,1,1.15385,1.25511
9.36,1.3,4.9919e-184,1,1.15385,1.25511
9.4,1.3,2.29129e-185,1,1.15385,1.25511
9.44,1.3,1.04569e-186,1,1.15385,1.25511
9.48,1.3,4.74505e-188,1,1.15385,1.25511
9.52,1.3,2.14086e-189,1,1.15385,1.25511
9.56,1.3,9.60394e-191,1,1.15385,1.25511
9.6,1.3,4.28374e-192,1,1.15385,1.25511
9.64,1.3,1.89982e-193,1,1.15385,1.25511
9.68,1.3,8.37754e-195,1,1.15385,1.25511
9.72,1.3,3.67315e-196,1,1.15385,1.25511
9.76,1.3,1.60133e-197,1,1.15385,1.25511
9.8,1.3,6.94131e-199,1,1.15385,1.25511
9.84,1.3,2.99176e-200,1,1.15385,1.25511
9.88,1.3,1.28214e-201,1,1.15385,1.25511
9.92,1.3,5.46391e-203,1,1.15385,1.25511
9.96,1.3,2.41245e-204,1,1.15385,1.25511
10,1.3,2.41245e-204,1,1.15385,1.25511
-10,13,2.80359e-195,10,1.15385,1.34811
-9.96,13,2.80359e-195,10,1.15385,1.34811
-9.92,13,5.61889e-194,10,1.15385,1.34811
-9.88,13,1.17298e-192,10,1.15385,1.34811
-9.84,13,2.43592e-191,10,1.15385,1.34811
-9.8,13,5.03182e-190,10,1.15385,1.34811
-9.76,13,1.03389e-188,10,1.15385,1.34811
-9.72,13,2.11307e-187,10,1.15385,1.34811
-9.68,13,4.29579e-186,10,1.15385,1.34811
-9.64,13,8.68683e-185,10,1.15385,1.34811
-9.6,13,1.74731e-183,10,1.15385,1.34811
-9.56,13,3.49596e-182,10,1.15385,1.34811
-9.52,13,6.95748e-181,10,1.15385,1.34811
-9.48,13,1.3773e-179,10,1.15385,1.34811
-9.44,13,2.71201e-178,10,1.15385,1.34811
-9.4,13,5.31182e-177,10,1.15385,1.34811
-9.36,13,1.03486e-175,10,1.15385,1.34811
-9.32,13,2.00544e-174,10,1.15385,1.34811
-9.28,13,3.86566e-173,10,1.15385,1.34811
-9.24,13,7.4118e-172,10,1.15385,1.34811
-9.2,13,1.41354e-170,10,1.15385,1.34811
-9.16,13,2.6815e-169,10,1.15385,1.34811
-9.12,13,5.05976e-168,10,1.15385,1.34811
-9.08,13,9.49653e-167,10,1.15385,1.34811
-9.04,13,1.77289e-165,10,1.15385,1.34811
-9,13,3.29217e-164,10,1.15385,1.34811
-8.96,13,6.08081e-163,10,1.15385,1.34811
-8.92,13,1.11718e-161,10,1.15385,1.34811
-8.88,13,2.04156e-160,10,1.15385,1.34811
-8.84,13,3.71092e-159,10,1.15385,1.34811
-8.8,13,6.70935e-158,10,1.15385,1.34811
-8.76,13,1.20659e-156,10,1.15385,1.34811
-8.72,13,2.15834e-155,10,1.15385,1.34811
-8.68,13,3.84025e-154,10,1.15385,1.34811
-8.64,13,6.79642e-153,10,1.15385,1.34811
-8.6,13,1.19642e-151,10,1.15385,1.34811
-8.56,13,2.09494e-150,10,1.15385,1.34811
-8.52,13,3.64877e-149,10,1.15385,1.34811
-8.48,13,6.32132e-148,10,1.15385,1.34811
-8.44,13,1.08933e-146,10,1.15385,1.34811
-8.4,13,1.86726e-145,10,1.15385,1.34811
-8.36,13,3.18381e-144,10,1.15385,1.34811
-8.32,13,5.39992e-143,10,1.15385,1.34811
-8.28,13,9.11029e-142,10,1.15385,1.34811
-8.24,13,1.52892e-140,10,1.15385,1.34811
-8.2,13,2.55241e-139,10,1.15385,1.34811
-8.16,13,4.23869e-138,10,1.15385,1.34811
-8.12,13,7.00224e-137,10,1.15385,1.34811
-8.08,13,1.15072e-135,10,1.15385,1.34811
-8.04,13,1.88121e-134,10,1.15385,1.34811
-8,13,3.05947e-133,10,1.15385,1.34811
-7.96,13,4.94994e-132,10,1.15385,1.34811
-7.92,13,7.96724e-131,10,1.15385,1.34811
-7.88,13,1.27578e-129,10,1.15385,1.34811
-7.84,13,2.03241e-128,10,1.15385,1.34811
-7.8,13,3.22123e-127,10,1.15385,1.34811
-7.76,13,5.07942e-126,10,1.15385,1.34811
-7.72,13,7.96885e-125,10,1.15385,1.34811
-7.68,13,1.24387e-123,10,1.15385,1.34811
-7.64,13,1.93179e-122,10,1.15385,1.34811
-7.6,13,2.98509e-121,10,1.15385,1.34811
-7.56,13,4.58962e-120,10,1.15385,1.34811
-7.52,13,7.02143e-119,10,1.15385,1.34811
-7.48,13,1.06884e-117,10,1.15385,1.34811
-7.44,13,1.61899e-116,10,1.15385,1.34811
-7.4,13,2.44024e-115,10,1.15385,1.34811
-7.36,13,3.66003e-114,10,1.15385,1.34811
-7.32,13,5.4627e-113,10,1.15385,1.34811
-7.28,13,8.11354e-112,10,1.15385,1.34811
-7.24,13,1.19923e-110,10,1.15385,1.34811
-7.2,13,1.76396e-109,10,1.15385,1.34811
-7.16,13,2.58216e-108,10,1.15385,1.34811
-7.12,13,3.76172e-107,10,1.15385,1.34811
-7.08,13,5.45393e-106,10,1.15385,1.34811
-7.04,13,7.86967e-105,10,1.15385,1.34811
-7,13,1.13014e-103,10,1.15385,1.34811
-6.96,13,1.61527e-102,10,1.15385,1.34811
-6.92,13,2.29771e-101,10,1.15385,1.34811
-6.88,13,3.25302e-100,10,1.15385,1.34811
-6.84,13,4.58373e-99,10,1.15385,1.34811
-6.8,13,6.42826e-98,10,1.15385,1.34811
-6.76,13,8.97242e-97,10,1.15385,1.34811
-6.72,13,1.24642e-95,10,1.15385,1.34811
-6.68,13,1.72328e-94,10,1.15385,1.34811
-6.64,13,2.37126e-93,10,1.15385,1.34811
-6.6,13,3.24737e-92,10,1.15385,1.34811
-6.56,13,4.42597e-91,10,1.15385,1.34811
-6.52,13,6.00348e-90,10,1.15385,1.34811
-6.48,13,8.10424e-89,10,1.15385,1.34811
-6.44,13,1.08876e-87,10,1.15385,1.34811
-6.4,13,1.45565e-86,10,1.15385,1.34811
-6.36,13,1.93682e-85,10,1.15385,1.34811
-6.32,13,2.56463e-84,10,1.15385,1.34811
-6.28,13,3.37959e-83,10,1.15385,1.34811
-6.24,13,4.4321e-82,10,1.15385,1.34811
-6.2,13,5.7845e-81,10,1.15385,1.34811
-6.16,13,7.51344e-80,10,1.15385,1.34811
-6.12,13,9.71261e-79,10,1.15385,1.34811
-6.08,13,1.24959e-77,10,1.15385,1.34811
-6.04,13,1.60009e-76,10,1.15385,1.34811
-6,13,2.03929e-75,10,1.15385,1.34811
-5.96,13,2.58695e-74,10,1.15385,1.34811
-5.92,13,3.26649e-73,10,1.15385,1.34811
-5.88,13,4.10563e-72,10,1.15385,1.34811
-5.84,13,5.13685e-71,10,1.15385,1.34811
-5.8,13,6.39808e-70,10,1.15385,1.34811
-5.76,13,7.9333e-69,10,1.15385,1.34811
-5.72,13,9.79323e-68,10,1.15385,1.34811
-5.68,13,1.2036e-66,10,1.15385,1.34811
-5.64,13,1.47276e-65,10,1.15385,1.34811
-5.6,13,1.79428e-64,10,1.15385,1.34811
-5.56,13,2.17654e-63,10,1.15385,1.34811
-5.52,13,2.6289e-62,10,1.15385,1.34811
-5.48,13,3.16166e-61,10,1.15385,1.34811
-5.44,13,3.78614e-60,10,1.15385,1.34811
-5.4,13,4.51465e-59,10,1.15385,1.34811
-5.36,13,5.36043e-58,10,1.15385,1.34811
-5.32,13,6.33765e-57,10,1.15385,1.34811
-5.28,13,7.46125e-56,10,1.15385,1.34811
-5.24,13,8.74694e-55,10,1.15385,1.34811
-5.2,13,1.02109e-53,10,1.15385,1.34811
-5.16,13,1.18699e-52,10,1.15385,1.34811
-5.12,13,1.37408e-51,10,1.15385,1.34811
-5.08,13,1.58403e-50,10,1.15385,1.34811
-5.04,13,1.8185e-49,10,1.15385,1.34811
-5,13,2.07903e-48,10,1.15385,1.34811
-4.96,13,2.36709e-47,10,1.15385,1.34811
-4.92,13,2.68392e-46,10,1.15385,1.34811
-4.88,13,3.03055e-45,10,1.15385,1.34811
-4.84,13,3.40773e-44,10,1.15385,1.34811
-4.8,13,3.81585e-43,10,1.15385,1.34811
-4.76,13,4.25495e-42,10,1.15385,1.34811
-4.72,13,4.72468e-41,10,1.15385,1.34811
-4.68,13,5.22431e-40,10,1.15385,1.34811
-4.64,13,5.75277e-39,10,1.15385,1.34811
-4.6,13,6.30868e-38,10,1.15385,1.34811
-4.56,13,6.8904e-37,10,1.15385,1.34811
-4.52,13,7.49608e-36,10,1.15385,1.34811
-4.48,13,8.12375e-35,10,1.15385,1.34811
-4.44,13,8.77138e-34,10,1.15385,1.34811
-4.4,13,9.43695e-33,10,1.15385,1.34811
-4.36,13,1.01185e-31,10,1.15385,1.34811
-4.32,13,1.08142e-30,10,1.15385,1.34811
-4.28,13,1.15222e-29,10,1.15385,1.34811
-4.24,13,1.224e-28,10,1.15385,1.34811
-4.2,13,1.29645e-27,10,1.15385,1.34811
-4.16,13,1.3691e-26,10,1.15385,1.34811
-4.12,13,1.44134e-25,10,1.15385,1.34811
-4.08,13,1.51247e-24,10,1.15385,1.34811
-4.04,13,1.58193e-23,10,1.15385,1.34811
-4,13,1.64962e-22,10,1.15385,1.34811
-3.96,13,1.71593e-21,10,1.15385,1.34811
-3.92,13,1.77975e-20,10,1.15385,1.34811
-3.88,13,1.83638e-19,10,1.15385,1.34811
-3.84,13,1.88707e-18,10,1.15385,1.34811
-3.8,13,1.95331e-17,10,1.15385,1.34811
-3.76,13,2.01755e-16,10,1.15385,1.34811
-3.72,13,1.03415e-15,10,1.15385,1.34811
-3.68,13,3.21986e-15,10,1.15385,1.34811
-3.64,13,8.67196e-15,10,1.15385,1.34811
-3.6,13,2.27549e-14,10,1.15385,1.34811
-3.56,13,5.86148e-14,10,1.15385,1.34811
-3.52,13,1.48607e-13,10,1.15385,1.34811
-3.48,13,3.71629e-13,10,1.15385,1.34811
-3.44,13,9.17542e-13,10,1.15385,1.34811
-3.4,13,2.23613e-12,10,1.15385,1.34811
-3.36,13,5.37839e-12,10,1.15385,1.34811
-3.32,13,1.27648e-11,10,1.15385,1.34811
-3.28,13,2.98891e-11,10,1.15385,1.34811
-3.24,13,6.90384e-11,10,1.15385,1.34811
-3.2,13,1.57285e-10,10,1.15385,1.34811
-3.16,13,3.53378e-10,10,1.15385,1.34811
-3.12,13,7.82855e-10,10,1.15385,1.34811
-3.08,13,1.70981e-09,10,1.15385,1.34811
-3.04,13,3.68103e-09,10,1.15385,1.34811
-3,13,7.8105e-09,10,1.15385,1.34811
-2.96,13,1.63306e-08,10,1.15385,1.34811
-2.92,13,3.3641e-08,10,1.15385,1.34811
-2.88,13,6.82655e-08,10,1.15385,1.34811
-2.84,13,1.36434e-07,10,1.15385,1.34811
-2.8,13,2.68506e-07,10,1.15385,1.34811
-2.76,13,5.20252e-07,9.99999,1.15385,1.34811
-2.72,13,9.92242e-07,9.99999,1.15385,1.34811
-2.68,13,1.86243e-06,9.99997,1.15384,1.34811
-2.64,13,3.43964e-06,9.99995,1.15384,1.34811
-2.6,12.9999,6.24923e-06,9.99991,1.15384,1.34811
-2.56,12.9999,1.11668e-05,9.99984,1.15384,1.34811
-2.52,12.9998,1.96209e-05,9.99971,1.15383,1.34811
-2.48,12.9996,3.38929e-05,9.9995,1.15382,1.34811
-2.44,12.9993,5.75433e-05,9.99915,1.15381,1.34811
-2.4,12.9989,9.6002e-05,9.99859,1.15378,1.34811
-2.36,12.9982,0.00015735,9.99768,1.15374,1.34811
-2.32,12.9971,0.000253316,9.99627,1.15367,1.34811
-2.28,12.9954,0.00040047,9.99411,1.15357,1.34811
-2.24,12.9929,0.000621599,9.99085,1.15342,1.34811
-2.2,12.9891,0.000947128,9.98607,1.1532,1.34811
-2.16,12.9837,0.00141647,9.97917,1.15288,1.34811
-2.12,12.9761,0.00207909,9.96943,1.15243,1.34811
-2.08,12.9656,0.00299496,9.95599,1.15181,1.34811
-2.04,12.9514,0.00423433,9.93782,1.15097,1.34811
-2,12.9326,0.00587641,9.91379,1.14986,1.34811
-1.96,12.9083,0.00800704,9.88268,1.14841,1.34811
-1.92,12.8773,0.0107154,9.84324,1.14658,1.34811
-1.88,12.8389,0.0140899,9.79427,1.14429,1.34811
-1.84,12.7919,0.0182139,9.73468,1.1415,1.34811
-1.8,12.7358,0.0231615,9.66357,1.13816,1.34811
-1.76,12.6698,0.028994,9.58026,1.13422,1.34811
-1.72,12.5936,0.035757,9.48437,1.12967,1.34811
-1.68,12.5069,0.0434796,9.3758,1.12448,1.34811
-1.64,12.4097,0.0521737,9.25474,1.11865,1.34811
-1.6,12.3024,0.0618354,9.12165,1.11218,1.34811
-1.56,12.1851,0.0724463,8.97723,1.10511,1.34811
-1.52,12.0585,0.0839765,8.82236,1.09744,1.34811
-1.48,11.9233,0.0963863,8.65803,1.08922,1.34811
-1.44,11.78,0.10963,8.48534,1.08048,1.34811
-1.4,11.6294,0.123657,8.30542,1.07126,1.34811
-1.36,11.4724,0.138414,8.1194,1.0616,1.34811
-1.32,11.3096,0.153849,7.92839,1.05155,1.34811
-1.28,11.1418,0.169909,7.73344,1.04114,1.34811
-1.24,10.9697,0.186543,7.53553,1.03041,1.34811
-1.2,10.794,0.203705,7.33558,1.0194,1.34811
-1.16,10.6153,0.221349,7.13443,1.00814,1.34811
-1.12,10.434,0.239433,6.93283,0.996665,1.34811
-1.08,10.2509,0.257918,6.73144,0.985006,1.34811
-1.04,10.0662,0.27677,6.53087,0.973188,1.34811
-1,9.88051,0.295956,6.33166,0.961234,1.34811
-0.96,9.69415,0.315445,6.13426,0.949169,1.34811
-0.92,9.50747,0.33521,5.93907,0.937012,1.34811
-0.88,9.32079,0.355227,5.74647,0.924782,1.34811
-0.84,9.13441,0.375471,5.55675,0.912498,1.34811
-0.8,8.94859,0.395921,5.37019,0.900174,1.34811
-0.76,8.76357,0.416556,5.18702,0.887827,1.34811
-0.72,8.57959,0.437354,5.00745,0.875471,1.34811
-0.68,8.39687,0.458296,4.83167,0.86312,1.34811
-0.64,8.21562,0.479359,4.65985,0.85079,1.34811
-0.6,8.03607,0.500521,4.49214,0.838495,1.34811
-0.56,7.85845,0.521756,4.3287,0.826252,1.34811
-0.52,7.68301,0.543034,4.16972,0.814079,1.34811
-0.48,7.51006,0.564317,4.01536,0.801997,1.34811
-0.44,7.33995,0.585559,3.86587,0.790034,1.34811
-0.4,7.17313,0.606698,3.72153,0.778223,1.34811
-0.36,7.01021,0.62765,3.58273,0.766609,1.34811
-0.32,6.85198,0.648299,3.44999,0.755255,1.34811
-0.28,6.69961,0.668476,3.32411,0.744247,1.34811
-0.24,6.55475,0.687936,3.2062,0.733713,1.34811
-0.2,6.4198,0.706315,3.09794,0.723839,1.34811
-0.16,6.29825,0.723087,3.00172,0.714893,1.34811
-0.12,6.19479,0.737527,2.92081,0.707243,1.34811
-0.08,6.11479,0.748788,2.85893,0.701314,1.34811
-0.04,6.06172,0.756278,2.8183,0.697401,1.34811
0,6.03263,0.760334,2.79636,0.695309,1.34811
0.04,6.0173,0.762392,2.78511,0.694276,1.34811
0.08,6.00681,0.763737,2.77766,0.693627,1.34811
0.12,5.99907,0.76467,2.77238,0.693202,1.34811
0.16,5.99307,0.765335,2.7685,0.692926,1.34811
0.2,5.9882,0.765816,2.76558,0.692759,1.34811
0.24,5.98407,0.766168,2.76333,0.692673,1.34811
0.28,5.98038,0.766426,2.76156,0.692654,1.34811
0.32,5.9769,0.766616,2.76013,0.692699,1.34811
0.36,5.97333,0.766754,2.75895,0.692816,1.34811
0.4,5.96925,0.766853,2.75795,0.69304,1.34811
0.44,5.96394,0.766923,2.7571,0.693441,1.34811
0.48,5.95618,0.766968,2.75634,0.694155,1.34811
0.52,5.94392,0.766996,2.75566,0.695415,1.34811
0.56,5.92408,0.767008,2.75503,0.697585,1.34811
0.6,5.89237,0.767007,2.75445,0.701191,1.34811
0.64,5.84332,0.766996,2.7539,0.706934,1.34811
0.68,5.77069,0.766976,2.75337,0.715693,1.34811
0.72,5.66824,0.766949,2.75285,0.728494,1.34811
0.76,5.53075,0.766914,2.75236,0.746469,1.34811
0.8,5.35519,0.766873,2.75188,0.770806,1.34811
0.84,5.14173,0.766827,2.75141,0.802671,1.34811
0.88,4.89424,0.766776,2.75096,0.843123,1.34811
0.92,4.62026,0.76672,2.75053,0.892979,1.34811
0.96,4.33026,0.766659,2.75012,0.95264,1.34811
1,4.03633,0.766594,2.74972,1.02187,1.34811
1.04,3.75069,0.766525,2.74934,1.09953,1.34811
1.08,3.48423,0.766452,2.74898,1.18347,1.34811
1.12,3.24531,0.766374,2.74862,1.27043,1.34811
1.16,3.0392,0.766291,2.74828,1.35641,1.34811
1.2,2.86794,0.766203,2.74793,1.43723,1.34811
1.24,2.73076,0.76611,2.74759,1.50924,1.34811
1.28,2.62474,0.766011,2.74724,1.57001,1.34811
1.32,2.5456,0.765906,2.74688,1.6186,1.34811
1.36,2.48852,0.765794,2.7465,1.6555,1.34811
1.4,2.4487,0.765675,2.74611,1.68219,1.34811
1.44,2.42179,0.765548,2.74569,1.70062,1.34811
1.48,2.40417,0.765413,2.74525,1.7128,1.34811
1.52,2.39296,0.765266,2.74478,1.72053,1.34811
1.56,2.38601,0.765107,2.74426,1.72522,1.34811
1.6,2.38176,0.764929,2.74368,1.72793,1.34811
1.64,2.37917,0.764726,2.74302,1.7294,1.34811
1.68,2.37752,0.764484,2.74223,1.7301,1.34811
1.72,2.37634,0.764179,2.74123,1.73033,1.34811
1.76,2.3753,0.763766,2.73987,1.73023,1.34811
1.8,2.37411,0.763164,2.7379,1.72985,1.34811
1.84,2.37243,0.762227,2.73482,1.72913,1.34811
1.88,2.36977,0.760689,2.72977,1.72787,1.34811
1.92,2.3653,0.758075,2.72121,1.72571,1.34811
1.96,2.35757,0.753542,2.7064,1.72195,1.34811
2,2.3441,0.745613,2.68067,1.71537,1.34811
2.04,2.32074,0.731778,2.63625,1.70393,1.34811
2.08,2.28093,0.707949,2.5612,1.68431,1.34811
2.12,2.21542,0.668029,2.43946,1.65169,1.34811
2.16,2.11396,0.604414,2.2554,1.60036,1.34811
2.2,1.9715,0.511244,2.00654,1.52666,1.34811
2.24,1.7987,0.391763,1.72042,1.43473,1.34811
2.28,1.62609,0.264715,1.45286,1.3402,1.34811
2.32,1.48784,0.156811,1.25233,1.26256,1.34811
2.36,1.39779,0.0832466,1.12847,1.21099,1.34811
2.4,1.34767,0.0410499,1.06185,1.18187,1.34811
2.44,1.3224,0.0194001,1.02887,1.16706,1.34811
2.48,1.31032,0.00896357,1.01326,1.15994,1.34811
2.52,1.3047,0.00409187,1.00604,1.15663,1.34811
2.56,1.30213,0.00185478,1.00273,1.15511,1.34811
2.6,1.30096,0.000836577,1.00123,1.15441,1.34811
2.64,1.30043,0.000375732,1.00055,1.1541,1.34811
2.68,1.30019,0.000168049,1.00025,1.15396,1.34811
2.72,1.30009,7.483e-05,1.00011,1.1539,1.34811
2.76,1.30004,3.31612e-05,1.00005,1.15387,1.34811
2.8,1.30002,1.46187e-05,1.00002,1.15386,1.34811
2.84,1.30001,6.40782e-06,1.00001,1.15385,1.34811
2.88,1.3,2.7915e-06,1,1.15385,1.34811
2.92,1.3,1.20808e-06,1,1.15385,1.34811
2.96,1.3,5.19162e-07,1,1.15385,1.34811
3,1.3,2.21453e-07,1,1.15385,1.34811
3.04,1.3,9.37284e-08,1,1.15385,1.34811
3.08,1.3,3.93479e-08,1,1.15385,1.34811
3.12,1.3,1.63793e-08,1,1.15385,1.34811
3.16,1.3,6.75875e-09,1,1.15385,1.34811
3.2,1.3,2.76391e-09,1,1.15385,1.34811
3.24,1.3,1.11987e-09,1,1.15385,1.34811
3.28,1.3,4.49473e-10,1,1.15385,1.34811
3.32,1.3,1.78673e-10,1,1.15385,1.34811
3.36,1.3,7.03331e-11,1,1.15385,1.34811
3.4,1.3,2.74125e-11,1,1.15385,1.34811
3.44,1.3,1.05772e-11,1,1.15385,1.34811
3.48,1.3,4.04009e-12,1,1.15385,1.34811
3.52,1.3,1.52749e-12,1,1.15385,1.34811
3.56,1.3,5.7155e-13,1,1.15385,1.34811
3.6,1.3,2.11663e-13,1,1.15385,1.34811
3.64,1.3,7.75406e-14,1,1.15385,1.34811
3.68,1.3,2.8036e-14,1,1.15385,1.34811
3.72,1.3,9.99271e-15,1,1.15385,1.34811
3.76,1.3,3.45132e-15,1,1.15385,1.34811
3.8,1.3,1.01451e-15,1,1.15385,1.34811
3.84,1.3,1.66013e-16,1,1.15385,1.34811
3.88,1.3,1.47801e-17,1,1.15385,1.34811
3.92,1.3,1.36797e-18,1,1.15385,1.34811
3.96,1.3,1.27801e-19,1,1.15385,1.34811
4,1.3,1.18553e-20,1,1.15385,1.34811
4.04,1.3,1.09428e-21,1,1.15385,1.34811
4.08,1.3,1.00629e-22,1,1.15385,1.34811
4.12,1.3,9.2175e-24,1,1.15385,1.34811
4.16,1.3,8.40803e-25,1,1.15385,1.34811
4.2,1.3,7.63576e-26,1,1.15385,1.34811
4.24,1.3,6.90231e-27,1,1.15385,1.34811
4.28,1.3,6.21065e-28,1,1.15385,1.34811
4.32,1.3,5.56451e-29,1,1.15385,1.34811
4.36,1.3,4.96692e-30,1,1.15385,1.34811
4.4,1.3,4.41917e-31,1,1.15385,1.34811
4.44,1.3,3.92065e-32,1,1.15385,1.34811
4.48,1.3,3.46914e-33,1,1.15385,1.34811
4.52,1.3,3.06152e-34,1,1.15385,1.34811
4.56,1.3,2.69426e-35,1,1.15385,1.34811
4.6,1.3,2.3639e-36,1,1.15385,1.34811
4.64,1.3,2.06724e-37,1,1.15385,1.34811
4.68,1.3,1.80141e-38,1,1.15385,1.34811
4.72,1.3,1.56388e-39,1,1.15385,1.34811
4.76,1.3,1.35238e-40,1,1.15385,1.34811
4.8,1.3,1.16482e-41,1,1.15385,1.34811
4.84,1.3,9.99243e-43,1,1.15385,1.34811
4.88,1.3,8.53794e-44,1,1.15385,1.34811
4.92,1.3,7.26663e-45,1,1.15385,1.34811
4.96,1.3,6.16098e-46,1,1.15385,1.34811
5,1.3,5.20411e-47,1,1.15385,1.34811
5.04,1.3,4.37988e-48,1,1.15385,1.34811
5.08,1.3,3.67309e-49,1,1.15385,1.34811
5.12,1.3,3.06955e-50,1,1.15385,1.34811
5.16,1.3,2.55625e-51,1,1.15385,1.34811
5.2,1.3,2.12137e-52,1,1.15385,1.34811
5.24,1.3,1.7543e-53,1,1.15385,1.34811
5.28,1.3,1.44559e-54,1,1.15385,1.34811
5.32,1.3,1.1869e-55,1,1.15385,1.34811
5.36,1.3,9.70906e-57,1,1.15385,1.34811
5.4,1.3,7.91234e-58,1,1.15385,1.34811
5.44,1.3,6.4234e-59,1,1.15385,1.34811
5.48,1.3,5.1943e-60,1,1.15385,1.34811
5.52,1.3,4.18375e-61,1,1.15385,1.34811
5.56,1.3,3.3563e-62,1,1.15385,1.34811
5.6,1.3,2.68161e-63,1,1.15385,1.34811
5.64,1.3,2.13384e-64,1,1.15385,1.34811
5.68,1.3,1.69104e-65,1,1.15385,1.34811
5.72,1.3,1.33466e-66,1,1.15385,1.34811
5.76,1.3,1.04909e-67,1,1.15385,1.34811
5.8,1.3,8.2127e-69,1,1.15385,1.34811
5.84,1.3,6.40317e-70,1,1.15385,1.34811
5.88,1.3,4.97213e-71,1,1.15385,1.34811
5.92,1.3,3.84529e-72,1,1.15385,1.34811
5.96,1.3,2.96179e-73,1,1.15385,1.34811
6,1.3,2.27201e-74,1,1.15385,1.34811
6.04,1.3,1.73575e-75,1,1.15385,1.34811
6.08,1.3,1.32061e-76,1,1.15385,1.34811
6.12,1.3,1.00058e-77,1,1.15385,1.34811
6.16,1.3,7.54911e-79,1,1.15385,1.34811
6.2,1.3,5.67137e-80,1,1.15385,1.34811
6.24,1.3,4.24231e-81,1,1.15385,1.34811
6.28,1.3,3.15946e-82,1,1.15385,1.34811
6.32,1.3,2.34258e-83,1,1.15385,1.34811
6.36,1.3,1.72911e-84,1,1.15385,1.34811
6.4,1.3,1.2705e-85,1,1.15385,1.34811
6.44,1.3,9.29245e-87,1,1.15385,1.34811
6.48,1.3,6.76504e-88,1,1.15385,1.34811
6.52,1.3,4.90206e-89,1,1.15385,1.34811
6.56,1.3,3.53543e-90,1,1.15385,1.34811
6.6,1.3,2.53776e-91,1,1.15385,1.34811
6.64,1.3,1.813e-92,1,1.15385,1.34811
6.68,1.3,1.28906e-93,1,1.15385,1.34811
6.72,1.3,9.12172e-95,1,1.15385,1.34811
6.76,1.3,6.42399e-96,1,1.15385,1.34811
6.8,1.3,4.50253e-97,1,1.15385,1.34811
6.84,1.3,3.14075e-98,1,1.15385,1.34811
6.88,1.3,2.18039e-99,1,1.15385,1.34811
6.92,1.3,1.50648e-100,1,1.15385,1.34811
6.96,1.3,1.03591e-101,1,1.15385,1.34811
7,1.3,7.0894e-103,1,1.15385,1.34811
7.04,1.3,4.82871e-104,1,1.15385,1.34811
7.08,1.3,3.27331e-105,1,1.15385,1.34811
7.12,1.3,2.2084e-106,1,1.15385,1.34811
7.16,1.3,1.48288e-107,1,1.15385,1.34811
7.2,1.3,9.90998e-109,1,1.15385,1.34811
7.24,1.3,6.59136e-110,1,1.15385,1.34811
7.28,1.3,4.36328e-111,1,1.15385,1.34811
7.32,1.3,2.87465e-112,1,1.15385,1.34811
7.36,1.3,1.8849e-113,1,1.15385,1.34811
7.4,1.3,1.23005e-114,1,1.15385,1.34811
7.44,1.3,7.98879e-116,1,1.15385,1.34811
7.48,1.3,5.16371e-117,1,1.15385,1.34811
7.52,1.3,3.3217e-118,1,1.15385,1.34811
7.56,1.3,2.12653e-119,1,1.15385,1.34811
7.6,1.3,1.35485e-120,1,1.15385,1.34811
7.64,1.3,8.5904e-122,1,1.15385,1.34811
7.68,1.3,5.42041e-123,1,1.15385,1.34811
7.72,1.3,3.40363e-124,1,1.15385,1.34811
7.76,1.3,2.12685e-125,1,1.15385,1.34811
7.8,1.3,1.32255e-126,1,1.15385,1.34811
7.84,1.3,8.18392e-128,1,1.15385,1.34811
7.88,1.3,5.0394e-129,1,1.15385,1.34811
7.92,1.3,3.08788e-130,1,1.15385,1.34811
7.96,1.3,1.88278e-131,1,1.15385,1.34811
8,1.3,1.14233e-132,1,1.15385,1.34811
8.04,1.3,6.89656e-134,1,1.15385,1.34811
8.08,1.3,4.14302e-135,1,1.15385,1.34811
8.12,1.3,2.47652e-136,1,1.15385,1.34811
8.16,1.3,1.47299e-137,1,1.15385,1.34811
8.2,1.3,8.7175e-139,1,1.15385,1.34811
8.24,1.3,5.13347e-140,1,1.15385,1.34811
8.28,1.3,3.00783e-141,1,1.15385,1.34811
8.32,1.3,1.75355e-142,1,1.15385,1.34811
8.36,1.3,1.01718e-143,1,1.15385,1.34811
8.4,1.3,5.87073e-145,1,1.15385,1.34811
8.44,1.3,3.3713e-146,1,1.15385,1.34811
8.48,1.3,1.92623e-147,1,1.15385,1.34811
8.52,1.3,1.09503e-148,1,1.15385,1.34811
8.56,1.3,6.19354e-150,1,1.15385,1.34811
8.6,1.3,3.48538e-151,1,1.15385,1.34811
8.64,1.3,1.95144e-152,1,1.15385,1.34811
8.68,1.3,1.08704e-153,1,1.15385,1.34811
8.72,1.3,6.02455e-155,1,1.15385,1.34811
8.76,1.3,3.32187e-156,1,1.15385,1.34811
8.8,1.3,1.82229e-157,1,1.15385,1.34811
8.84,1.3,9.94547e-159,1,1.15385,1.34811
8.88,1.3,5.40009e-160,1,1.15385,1.34811
8.92,1.3,2.91703e-161,1,1.15385,1.34811
8.96,1.3,1.56761e-162,1,1.15385,1.34811
9,1.3,8.38094e-164,1,1.15385,1.34811
9.04,1.3,4.45755e-165,1,1.15385,1.34811
9.08,1.3,2.35855e-166,1,1.15385,1.34811
9.12,1.3,1.24147e-167,1,1.15385,1.34811
9.16,1.3,6.50074e-169,1,1.15385,1.34811
9.2,1.3,3.38627e-170,1,1.15385,1.34811
9.24,1.3,1.75472e-171,1,1.15385,1.34811
9.28,1.3,9.0452e-173,1,1.15385,1.34811
9.32,1.3,4.63817e-174,1,1.15385,1.34811
9.36,1.3,2.36587e-175,1,1.15385,1.34811
9.4,1.3,1.20045e-176,1,1.15385,1.34811
9.44,1.3,6.05905e-178,1,1.15385,1.34811
9.48,1.3,3.04206e-179,1,1.15385,1.34811
9.52,1.3,1.51926e-180,1,1.15385,1.34811
9.56,1.3,7.54726e-182,1,1.15385,1.34811
9.6,1.3,3.72942e-183,1,1.15385,1.34811
9.64,1.3,1.83308e-184,1,1.15385,1.34811
9.68,1.3,8.9621e-186,1,1.15385,1.34811
9.72,1.3,4.35835e-187,1,1.15385,1.34811
9.76,1.3,2.10822e-188,1,1.15385,1.34811
9.8,1.3,1.01435e-189,1,1.15385,1.34811
9.84,1.3,4.85445e-191,1,1.15385,1.34811
9.88,1.3,2.31082e-192,1,1.15385,1.34811
9.92,1.3,1.09424e-193,1,1.15385,1.34811
9.96,1.3,5.39417e-195,1,1.15385,1.34811
10,1.3,5.39417e-195,1,1.15385,1.34811
-10,13,8.10335e-187,10,1.15385,1.44107
-9.96,13,8.10335e-187,10,1.15385,1.44107
-9.92,13,1.47487e-185,10,1.15385,1.44107
-9.88,13,2.80895e-184,10,1.15385,1.44107
-9.84,13,5.32368e-183,10,1.15385,1.44107
-9.8,13,1.00391e-181,10,1.15385,1.44107
-9.76,13,1.88363e-180,10,1.15385,1.44107
-9.72,13,3.51649e-179,10,1.15385,1.44107
-9.68,13,6.53188e-178,10,1.15385,1.44107
-9.64,13,1.2072e-176,10,1.15385,1.44107
-9.6,13,2.2199e-175,10,1.15385,1.44107
-9.56,13,4.06163e-174,10,1.15385,1.44107
-9.52,13,7.39399e-173,10,1.15385,1.44107
-9.48,13,1.33927e-171,10,1.15385,1.44107
-9.44,13,2.41364e-170,10,1.15385,1.44107
-9.4,13,4.32799e-169,10,1.15385,1.44107
-9.36,13,7.7217e-168,10,1.15385,1.44107
-9.32,13,1.37073e-166,10,1.15385,1.44107
-9.28,13,2.42106e-165,10,1.15385,1.44107
-9.24,13,4.25473e-164,10,1.15385,1.44107
-9.2,13,7.43967e-163,10,1.15385,1.44107
-9.16,13,1.29435e-161,10,1.15385,1.44107
-9.12,13,2.24063e-160,10,1.15385,1.44107
-9.08,13,3.8593e-159,10,1.15385,1.44107
-9.04,13,6.61406e-158,10,1.15385,1.44107
-9,13,1.12786e-156,10,1.15385,1.44107
-8.96,13,1.91367e-155,10,1.15385,1.44107
-8.92,13,3.2308e-154,10,1.15385,1.44107
-8.88,13,5.42736e-153,10,1.15385,1.44107
-8.84,13,9.07202e-152,10,1.15385,1.44107
-8.8,13,1.5089e-150,10,1.15385,1.44107
-8.76,13,2.49726e-149,10,1.15385,1.44107
-8.72,13,4.11259e-148,10,1.15385,1.44107
-8.68,13,6.73942e-147,10,1.15385,1.44107
-8.64,13,1.09898e-145,10,1.15385,1.44107
-8.6,13,1.78328e-144,10,1.15385,1.44107
-8.56,13,2.87952e-143,10,1.15385,1.44107
-8.52,13,4.62696e-142,10,1.15385,1.44107
-8.48,13,7.39864e-141,10,1.15385,1.44107
-8.44,13,1.17732e-139,10,1.15385,1.44107
-8.4,13,1.86436e-138,10,1.15385,1.44107
-8.36,13,2.93808e-137,10,1.15385,1.44107
-8.32,13,4.6079e-136,10,1.15385,1.44107
-8.28,13,7.19206e-135,10,1.15385,1.44107
-8.24,13,1.11717e-133,10,1.15385,1.44107
-8.2,13,1.72708e-132,10,1.15385,1.44107
-8.16,13,2.65727e-131,10,1.15385,1.44107
-8.12,13,4.06909e-130,10,1.15385,1.44107
-8.08,13,6.20159e-129,10,1.15385,1.44107
-8.04,13,9.40719e-128,10,1.15385,1.44107
-8,13,1.42028e-126,10,1.15385,1.44107
-7.96,13,2.1343e-125,10,1.15385,1.44107
-7.92,13,3.19234e-124,10,1.15385,1.44107
-7.88,13,4.7527e-123,10,1.15385,1.44107
-7.84,13,7.04301e-122,10,1.15385,1.44107
-7.8,13,1.03889e-120,10,1.15385,1.44107
-7.76,13,1.52538e-119,10,1.15385,1.44107
-7.72,13,2.22941e-118,10,1.15385,1.44107
-7.68,13,3.2435e-117,10,1.15385,1.44107
-7.64,13,4.69734e-116,10,1.15385,1.44107
-7.6,13,6.77189e-115,10,1.15385,1.44107
-7.56,13,9.71834e-114,10,1.15385,1.44107
-7.52,13,1.38836e-112,10,1.15385,1.44107
-7.48,13,1.97442e-111,10,1.15385,1.44107
-7.44,13,2.79518e-110,10,1.15385,1.44107
-7.4,13,3.93923e-109,10,1.15385,1.44107
-7.36,13,5.52645e-108,10,1.15385,1.44107
-7.32,13,7.71815e-107,10,1.15385,1.44107
-7.28,13,1.07303e-105,10,1.15385,1.44107
-7.24,13,1.48504e-104,10,1.15385,1.44107
-7.2,13,2.04592e-103,10,1.15385,1.44107
-7.16,13,2.80586e-102,10,1.15385,1.44107
-7.12,13,3.83055e-101,10,1.15385,1.44107
-7.08,13,5.20565e-100,10,1.15385,1.44107
-7.04,13,7.04209e-99,10,1.15385,1.44107
-7,13,9.48286e-98,10,1.15385,1.44107
-6.96,13,1.27112e-96,10,1.15385,1.44107
-6.92,13,1.69605e-95,10,1.15385,1.44107
-6.88,13,2.25268e-94,10,1.15385,1.44107
-6.84,13,2.97828e-93,10,1.15385,1.44107
-6.8,13,3.91957e-92,10,1.15385,1.44107
-6.76,13,5.13478e-91,10,1.15385,1.44107
-6.72,13,6.69605e-90,10,1.15385,1.44107
-6.68,13,8.69231e-89,10,1.15385,1.44107
-6.64,13,1.12325e-87,10,1.15385,1.44107
-6.6,13,1.44495e-86,10,1.15385,1.44107
-6.56,13,1.85042e-85,10,1.15385,1.44107
-6.52,13,2.35907e-84,10,1.15385,1.44107
-6.48,13,2.99416e-83,10,1.15385,1.44107
-6.44,13,3.78342e-82,10,1.15385,1.44107
-6.4,13,4.75973e-81,10,1.15385,1.44107
-6.36,13,5.96185e-80,10,1.15385,1.44107
-6.32,13,7.4352e-79,10,1.15385,1.44107
-6.28,13,9.23276e-78,10,1.15385,1.44107
-6.24,13,1.14159e-76,10,1.15385,1.44107
-6.2,13,1.40553e-75,10,1.15385,1.44107
-6.16,13,1.72318e-74,10,1.15385,1.44107
-6.12,13,2.10376e-73,10,1.15385,1.44107
-6.08,13,2.55767e-72,10,1.15385,1.44107
-6.04,13,3.0966e-71,10,1.15385,1.44107
-6,13,3.73357e-70,10,1.15385,1.44107
-5.96,13,4.48301e-69,10,1.15385,1.44107
-5.92,13,5.36076e-68,10,1.15385,1.44107
-5.88,13,6.38408e-67,10,1.15385,1.44107
-5.84,13,7.57168e-66,10,1.15385,1.44107
-5.8,13,8.94357e-65,10,1.15385,1.44107
-5.76,13,1.05211e-63,10,1.15385,1.44107
-5.72,13,1.23266e-62,10,1.15385,1.44107
-5.68,13,1.43835e-61,10,1.15385,1.44107
-5.64,13,1.67159e-60,10,1.15385,1.44107
-5.6,13,1.93483e-59,10,1.15385,1.44107
-5.56,13,2.23053e-58,10,1.15385,1.44107
-5.52,13,2.56112e-57,10,1.15385,1.44107
-5.48,13,2.92894e-56,10,1.15385,1.44107
-5.44,13,3.33619e-55,10,1.15385,1.44107
-5.4,13,3.78488e-54,10,1.15385,1.44107
-5.36,13,4.27675e-53,10,1.15385,1.44107
-5.32,13,4.8132e-52,10,1.15385,1.44107
-5.28,13,5.39527e-51,10,1.15385,1.44107
-5.24,13,6.02355e-50,10,1.15385,1.44107
-5.2,13,6.69816e-49,10,1.15385,1.44107
-5.16,13,7.41873e-48,10,1.15385,1.44107
-5.12,13,8.18441e-47,10,1.15385,1.44107
-5.08,13,8.99388e-46,10,1.15385,1.44107
-5.04,13,9.84537e-45,10,1.15385,1.44107
-5,13,1.07367e-43,10,1.15385,1.44107
-4.96,13,1.16656e-42,10,1.15385,1.44107
-4.92,13,1.26291e-41,10,1.15385,1.44107
-4.88,13,1.36244e-40,10,1.15385,1.44107
-4.84,13,1.46482e-39,10,1.15385,1.44107
-4.8,13,1.56972e-38,10,1.15385,1.44107
-4.76,13,1.67675e-37,10,1.15385,1.44107
-4.72,13,1.78549e-36,10,1.15385,1.44107
-4.68,13,1.89547e-35,10,1.15385,1.44107
-4.64,13,2.00613e-34,10,1.15385,1.44107
-4.6,13,2.11684e-33,10,1.15385,1.44107
-4.56,13,2.22687e-32,10,1.15385,1.44107
-4.52,13,2.33537e-31,10,1.15385,1.44107
-4.48,13,2.44133e-30,10,1.15385,1.44107
-4.44,13,2.54353e-29,10,1.15385,1.44107
-4.4,13,2.64052e-28,10,1.15385,1.44107
-4.36,13,2.7307e-27,10,1.15385,1.44107
-4.32,13,2.81251e-26,10,1.15385,1.44107
-4.28,13,2.88476e-25,10,1.15385,1.44107
-4.24,13,2.94694e-24,10,1.15385,1.44107
-4.2,13,2.99915e-23,10,1.15385,1.44107
-4.16,13,3.0415e-22,10,1.15385,1.44107
-4.12,13,3.07271e-21,10,1.15385,1.44107
-4.08,13,3.08988e-20,10,1.15385,1.44107
-4.04,13,3.09463e-19,10,1.15385,1.44107
-4,13,3.10091e-18,10,1.15385,1.44107
-3.96,13,3.09916e-17,10,1.15385,1.44107
-3.92,13,2.95491e-16,10,1.15385,1.44107
-3.88,13,1.33465e-15,10,1.15385,1.44107
-3.84,13,3.93745e-15,10,1.15385,1.44107
-3.8,13,1.02729e-14,10,1.15385,1.44107
-3.76,13,2.61618e-14,10,1.15385,1.44107
-3.72,13,6.55855e-14,10,1.15385,1.44107
-3.68,13,1.62155e-13,10,1.15385,1.44107
-3.64,13,3.95569e-13,10,1.15385,1.44107
-3.6,13,9.52705e-13,10,1.15385,1.44107
-3.56,13,2.26587e-12,10,1.15385,1.44107
-3.52,13,5.322e-12,10,1.15385,1.44107
-3.48,13,1.23423e-11,10,1.15385,1.44107
-3.44,13,2.82578e-11,10,1.15385,1.44107
-3.4,13,6.38637e-11,10,1.15385,1.44107
-3.36,13,1.42457e-10,10,1.15385,1.44107
-3.32,13,3.13593e-10,10,1.15385,1.44107
-3.28,13,6.81157e-10,10,1.15385,1.44107
-3.24,13,1.4597e-09,10,1.15385,1.44107
-3.2,13,3.08572e-09,10,1.15385,1.44107
-3.16,13,6.43369e-09,10,1.15385,1.44107
-3.12,13,1.32285e-08,10,1.15385,1.44107
-3.08,13,2.6819e-08,10,1.15385,1.44107
-3.04,13,5.36029e-08,10,1.15385,1.44107
-3,13,1.05603e-07,10,1.15385,1.44107
-2.96,13,2.0504e-07,10,1.15385,1.44107
-2.92,13,3.92282e-07,9.99999,1.15385,1.44107
-2.88,13,7.39405e-07,9.99999,1.15385,1.44107
-2.84,13,1.37282e-06,9.99998,1.15385,1.44107
-2.8,13,2.51022e-06,9.99996,1.15384,1.44107
-2.76,12.9999,4.51959e-06,9.99993,1.15384,1.44107
-2.72,12.9999,8.01107e-06,9.99988,1.15384,1.44107
-2.68,12.9998,1.39766e-05,9.99979,1.15384,1.44107
-2.64,12.9997,2.39964e-05,9.99965,1.15383,1.44107
-2.6,12.9995,4.05356e-05,9.9994,1.15382,1.44107
-2.56,12.9992,6.73575e-05,9.99901,1.1538,1.44107
-2.52,12.9987,0.000110079,9.99838,1.15377,1.44107
-2.48,12.998,0.00017689,9.9974,1.15373,1.44107
-2.44,12.9968,0.000279448,9.99589,1.15366,1.44107
-2.4,12.995,0.000433925,9.99361,1.15355,1.44107
-2.36,12.9924,0.000662178,9.99026,1.1534,1.44107
-2.32,12.9886,0.000992929,9.98539,1.15317,1.44107
-2.28,12.9832,0.00146285,9.97849,1.15285,1.44107
-2.24,12.9757,0.00211733,9.96887,1.15241,1.44107
-2.2,12.9655,0.00301083,9.95576,1.1518,1.44107
-2.16,12.9518,0.00420644,9.93823,1.15099,1.44107
-2.12,12.9338,0.00577477,9.91528,1.14993,1.44107
-2.08,12.9107,0.00779184,9.88582,1.14856,1.44107
-2.04,12.8817,0.0103363,9.84875,1.14683,1.44107
-2,12.8457,0.0134861,9.80302,1.1447,1.44107
-1.96,12.8022,0.0173148,9.74765,1.14211,1.44107
-1.92,12.7502,0.0218879,9.68184,1.13902,1.44107
-1.88,12.6894,0.0272602,9.60497,1.13539,1.44107
-1.84,12.6193,0.0334734,9.51667,1.13121,1.44107
-1.8,12.5397,0.0405546,9.41681,1.12644,1.44107
-1.76,12.4506,0.0485167,9.30552,1.1211,1.44107
-1.72,12.3521,0.0573584,9.18315,1.11518,1.44107
-1.68,12.2445,0.067066,9.05026,1.10869,1.44107
-1.64,12.1283,0.0776151,8.90758,1.10167,1.44107
-1.6,12.004,0.0889727,8.75596,1.09413,1.44107
-1.56,11.8722,0.1011,8.59632,1.08611,1.44107
-1.52,11.7335,0.113952,8.42965,1.07764,1.44107
-1.48,11.5886,0.127485,8.25694,1.06876,1.44107
-1.44,11.4382,0.14165,8.07917,1.0595,1.44107
-1.4,11.2829,0.156402,7.89728,1.0499,1.44107
-1.36,11.1234,0.171695,7.71216,1.03999,1.44107
-1.32,10.9602,0.187485,7.52465,1.02981,1.44107
-1.28,10.794,0.203731,7.3355,1.01939,1.44107
-1.24,10.6251,0.220397,7.14543,1.00876,1.44107
-1.2,10.4542,0.237444,6.95505,0.997936,1.44107
-1.16,10.2815,0.254842,6.76495,0.986955,1.44107
-1.12,10.1077,0.27256,6.57561,0.975835,1.44107
-1.08,9.93287,0.290569,6.38749,0.964598,1.44107
-1.04,9.7575,0.308846,6.20097,0.953262,1.44107
-1,9.58185,0.327365,6.01641,0.941845,1.44107
-0.96,9.40618,0.346107,5.8341,0.930362,1.44107
-0.92,9.23075,0.365051,5.65432,0.918829,1.44107
-0.88,9.05576,0.384179,5.47728,0.907259,1.44107
-0.84,8.88144,0.403473,5.30319,0.895665,1.44107
-0.8,8.70797,0.422917,5.13224,0.884058,1.44107
-0.76,8.53554,0.442493,4.96456,0.872452,1.44107
-0.72,8.36431,0.462186,4.80031,0.860856,1.44107
-0.68,8.19447,0.481977,4.63962,0.849284,1.44107
-0.64,8.02619,0.501849,4.48261,0.837746,1.44107
-0.6,7.85965,0.52178,4.32939,0.826256,1.44107
-0.56,7.69506,0.541746,4.18011,0.81483,1.44107
-0.52,7.53265,0.561719,4.0349,0.803483,1.44107
-0.48,7.37269,0.581662,3.89394,0.792236,1.44107
-0.44,7.21554,0.601527,3.75744,0.781115,1.44107
-0.4,7.06163,0.621254,3.6257,0.770155,1.44107
-0.36,6.91156,0.640756,3.49909,0.7594,1.44107
-0.32,6.76615,0.659915,3.37817,0.748912,1.44107
-0.28,6.62655,0.67856,3.26371,0.738781,1.44107
-0.24,6.49442,0.696444,3.15686,0.729132,1.44107
-0.2,6.37212,0.713209,3.05926,0.72015,1.44107
-0.16,6.263,0.728347,2.97323,0.712093,1.44107
-0.12,6.17134,0.741191,2.90176,0.705299,1.44107
-0.08,6.10163,0.75103,2.84793,0.700125,1.44107
-0.04,6.05602,0.757473,2.81306,0.69676,1.44107
0,6.03078,0.760992,2.79405,0.694946,1.44107
0.04,6.01689,0.762862,2.78384,0.694006,1.44107
0.08,6.00729,0.764103,2.77698,0.693404,1.44107
0.12,6.00017,0.764971,2.77209,0.693004,1.44107
0.16,5.99465,0.765593,2.76849,0.692739,1.44107
0.2,5.9902,0.766046,2.76576,0.692572,1.44107
0.24,5.98646,0.76638,2.76366,0.692478,1.44107
0.28,5.98318,0.766627,2.762,0.692442,1.44107
0.32,5.98016,0.766809,2.76066,0.692455,1.44107
0.36,5.97724,0.766944,2.75956,0.692518,1.44107
0.4,5.97419,0.767043,2.75864,0.69264,1.44107
0.44,5.97068,0.767114,2.75785,0.692847,1.44107
0.48,5.96617,0.767163,2.75715,0.693196,1.44107
0.52,5.95968,0.767194,2.75652,0.693794,1.44107
0.56,5.94963,0.767212,2.75595,0.694821,1.44107
0.6,5.93361,0.767219,2.75542,0.696563,1.44107
0.64,5.90816,0.767216,2.75492,0.699436,1.44107
0.68,5.86878,0.767204,2.75444,0.704007,1.44107
0.72,5.81013,0.767186,2.75398,0.710993,1.44107
0.76,5.72652,0.767162,2.75353,0.721257,1.44107
0.8,5.61265,0.767132,2.75309,0.735772,1.44107
0.84,5.46462,0.767097,2.75266,0.755586,1.44107
0.88,5.2808,0.767057,2.75224,0.781768,1.44107
0.92,5.06259,0.767013,2.75184,0.815345,1.44107
0.96,4.81464,0.766965,2.75145,0.857212,1.44107
1,4.54467,0.766914,2.75107,0.90801,1.44107
1.04,4.2626,0.766859,2.75071,0.967967,1.44107
1.08,3.97951,0.7668,2.75036,1.0367,1.44107
1.12,3.70625,0.766738,2.75003,1.11299,1.44107
1.16,3.4523,0.766673,2.74971,1.19473,1.44107
1.2,3.22484,0.766603,2.74939,1.27885,1.44107
1.24,3.02829,0.76653,2.74909,1.3617,1.44107
1.28,2.8643,0.766453,2.74879,1.43951,1.44107
1.32,2.73209,0.766371,2.74848,1.509,1.44107
1.36,2.62899,0.766285,2.74818,1.568,1.44107
1.4,2.55119,0.766193,2.74786,1.61564,1.44107
1.44,2.49432,0.766097,2.74754,1.65228,1.44107
1.48,2.45403,0.765995,2.7472,1.6792,1.44107
1.52,2.42634,0.765888,2.74685,1.69814,1.44107
1.56,2.40787,0.765773,2.74647,1.71094,1.44107
1.6,2.39588,0.765652,2.74608,1.71925,1.44107
1.64,2.38829,0.765522,2.74565,1.72445,1.44107
1.68,2.38359,0.765382,2.7452,1.72756,1.44107
1.72,2.3807,0.765228,2.7447,1.72934,1.44107
1.76,2.37891,0.765057,2.74414,1.73029,1.44107
1.8,2.37775,0.764859,2.74349,1.73072,1.44107
1.84,2.37691,0.76462,2.74271,1.73085,1.44107
1.88,2.37616,0.764313,2.7417,1.73076,1.44107
1.92,2.37532,0.763888,2.7403,1.73048,1.44107
1.96,2.37419,0.763258,2.73823,1.73,1.44107
2,2.37247,0.762262,2.73496,1.72919,1.44107
2.04,2.36965,0.760614,2.72955,1.72782,1.44107
2.08,2.36484,0.757799,2.72033,1.72548,1.44107
2.12,2.35651,0.752911,2.70437,1.72143,1.44107
2.16,2.342,0.744367,2.67666,1.71434,1.44107
2.2,2.31691,0.729491,2.62899,1.70204,1.44107
2.24,2.27434,0.703964,2.54884,1.68104,1.44107
2.28,2.20477,0.661449,2.41987,1.64635,1.44107
2.32,2.09819,0.594323,2.22729,1.5923,1.44107
2.36,1.95095,0.497416,1.9716,1.51587,1.44107
2.4,1.7763,0.375724,1.68465,1.42261,1.44107
2.44,1.60648,0.249759,1.42367,1.3293,1.44107
2.48,1.47413,0.145788,1.23313,1.25476,1.44107
2.52,1.38983,0.0766029,1.11777,1.20638,1.44107
2.56,1.34358,0.0375635,1.05649,1.17948,1.44107
2.6,1.32044,0.0177141,1.02634,1.16591,1.44107
2.64,1.30942,0.00818414,1.0121,1.15941,1.44107
2.68,1.3043,0.00374071,1.00552,1.15639,1.44107
2.72,1.30195,0.00169924,1.0025,1.155,1.44107
2.76,1.30088,0.000768638,1.00113,1.15437,1.44107
2.8,1.3004,0.00034646,1.00051,1.15408,1.44107
2.84,1.30018,0.000155626,1.00023,1.15395,1.44107
2.88,1.30008,6.96501e-05,1.0001,1.15389,1.44107
2.92,1.30004,3.10472e-05,1.00005,1.15387,1.44107
2.96,1.30002,1.37788e-05,1.00002,1.15386,1.44107
3,1.30001,6.08562e-06,1.00001,1.15385,1.44107
3.04,1.3,2.67373e-06,1,1.15385,1.44107
3.08,1.3,1.16805e-06,1,1.15385,1.44107
3.12,1.3,5.07184e-07,1,1.15385,1.44107
3.16,1.3,2.18803e-07,1,1.15385,1.44107
3.2,1.3,9.37492e-08,1,1.15385,1.44107
3.24,1.3,3.98799e-08,1,1.15385,1.44107
3.28,1.3,1.68374e-08,1,1.15385,1.44107
3.32,1.3,7.05341e-09,1,1.15385,1.44107
3.36,1.3,2.93095e-09,1,1.15385,1.44107
3.4,1.3,1.2078e-09,1,1.15385,1.44107
3.44,1.3,4.93476e-10,1,1.15385,1.44107
3.48,1.3,1.99861e-10,1,1.15385,1.44107
3.52,1.3,8.02247e-11,1,1.15385,1.44107
3.56,1.3,3.19107e-11,1,1.15385,1.44107
3.6,1.3,1.25764e-11,1,1.15385,1.44107
3.64,1.3,4.91028e-12,1,1.15385,1.44107
3.68,1.3,1.899e-12,1,1.15385,1.44107
3.72,1.3,7.27476e-13,1,1.15385,1.44107
3.76,1.3,2.75983e-13,1,1.15385,1.44107
3.8,1.3,1.03574e-13,1,1.15385,1.44107
3.84,1.3,3.84874e-14,1,1.15385,1.44107
3.88,1.3,1.41415e-14,1,1.15385,1.44107
3.92,1.3,5.07661e-15,1,1.15385,1.44107
3.96,1.3,1.64238e-15,1,1.15385,1.44107
4,1.3,3.52427e-16,1,1.15385,1.44107
4.04,1.3,3.51427e-17,1,1.15385,1.44107
4.08,1.3,3.34837e-18,1,1.15385,1.44107
4.12,1.3,3.1958e-19,1,1.15385,1.44107
4.16,1.3,3.04582e-20,1,1.15385,1.44107
4.2,1.3,2.87826e-21,1,1.15385,1.44107
4.24,1.3,2.69866e-22,1,1.15385,1.44107
4.28,1.3,2.51697e-23,1,1.15385,1.44107
4.32,1.3,2.33934e-24,1,1.15385,1.44107
4.36,1.3,2.16886e-25,1,1.15385,1.44107
4.4,1.3,2.00687e-26,1,1.15385,1.44107
4.44,1.3,1.85344e-27,1,1.15385,1.44107
4.48,1.3,1.70804e-28,1,1.15385,1.44107
4.52,1.3,1.56996e-29,1,1.15385,1.44107
4.56,1.3,1.43863e-30,1,1.15385,1.44107
4.6,1.3,1.31377e-31,1,1.15385,1.44107
4.64,1.3,1.19531e-32,1,1.15385,1.44107
4.68,1.3,1.08337e-33,1,1.15385,1.44107
4.72,1.3,9.78128e-35,1,1.15385,1.44107
4.76,1.3,8.79778e-36,1,1.15385,1.44107
4.8,1.3,7.88438e-37,1,1.15385,1.44107
4.84,1.3,7.04129e-38,1,1.15385,1.44107
4.88,1.3,6.26761e-39,1,1.15385,1.44107
4.92,1.3,5.56131e-40,1,1.15385,1.44107
4.96,1.3,4.91944e-41,1,1.15385,1.44107
5,1.3,4.33843e-42,1,1.15385,1.44107
5.04,1.3,3.8143e-43,1,1.15385,1.44107
5.08,1.3,3.34295e-44,1,1.15385,1.44107
5.12,1.3,2.92034e-45,1,1.15385,1.44107
5.16,1.3,2.54258e-46,1,1.15385,1.44107
5.2,1.3,2.20599e-47,1,1.15385,1.44107
5.24,1.3,1.90712e-48,1,1.15385,1.44107
5.28,1.3,1.64275e-49,1,1.15385,1.44107
5.32,1.3,1.40982e-50,1,1.15385,1.44107
5.36,1.3,1.20545e-51,1,1.15385,1.44107
5.4,1.3,1.02692e-52,1,1.15385,1.44107
5.44,1.3,8.71636e-54,1,1.15385,1.44107
5.48,1.3,7.37166e-55,1,1.15385,1.44107
5.52,1.3,6.21221e-56,1,1.15385,1.44107
5.56,1.3,5.21669e-57,1,1.15385,1.44107
5.6,1.3,4.36543e-58,1,1.15385,1.44107
5.64,1.3,3.64041e-59,1,1.15385,1.44107
5.68,1.3,3.02531e-60,1,1.15385,1.44107
5.72,1.3,2.50543e-61,1,1.15385,1.44107
5.76,1.3,2.06765e-62,1,1.15385,1.44107
5.8,1.3,1.70037e-63,1,1.15385,1.44107
5.84,1.3,1.39335e-64,1,1.15385,1.44107
5.88,1.3,1.13765e-65,1,1.15385,1.44107
5.92,1.3,9.25477e-67,1,1.15385,1.44107
5.96,1.3,7.5009e-68,1,1.15385,1.44107
6,1.3,6.05661e-69,1,1.15385,1.44107
6.04,1.3,4.87188e-70,1,1.15385,1.44107
6.08,1.3,3.90391e-71,1,1.15385,1.44107
6.12,1.3,3.1162e-72,1,1.15385,1.44107
6.16,1.3,2.4778e-73,1,1.15385,1.44107
6.2,1.3,1.96253e-74,1,1.15385,1.44107
6.24,1.3,1.54835e-75,1,1.15385,1.44107
6.28,1.3,1.21681e-76,1,1.15385,1.44107
6.32,1.3,9.52532e-78,1,1.15385,1.44107
6.36,1.3,7.42738e-79,1,1.15385,1.44107
6.4,1.3,5.76887e-80,1,1.15385,1.44107
6.44,1.3,4.46315e-81,1,1.15385,1.44107
6.48,1.3,3.43943e-82,1,1.15385,1.44107
6.52,1.3,2.64007e-83,1,1.15385,1.44107
6.56,1.3,2.01848e-84,1,1.15385,1.44107
6.6,1.3,1.53709e-85,1,1.15385,1.44107
6.64,1.3,1.16581e-86,1,1.15385,1.44107
6.68,1.3,8.80634e-88,1,1.15385,1.44107
6.72,1.3,6.62498e-89,1,1.15385,1.44107
6.76,1.3,4.96337e-90,1,1.15385,1.44107
6.8,1.3,3.70299e-91,1,1.15385,1.44107
6.84,1.3,2.75103e-92,1,1.15385,1.44107
6.88,1.3,2.03509e-93,1,1.15385,1.44107
6.92,1.3,1.49899e-94,1,1.15385,1.44107
6.96,1.3,1.09932e-95,1,1.15385,1.44107
7,1.3,8.02684e-97,1,1.15385,1.44107
7.04,1.3,5.83506e-98,1,1.15385,1.44107
7.08,1.3,4.22293e-99,1,1.15385,1.44107
7.12,1.3,3.04255e-100,1,1.15385,1.44107
7.16,1.3,2.18228e-101,1,1.15385,1.44107
7.2,1.3,1.5582e-102,1,1.15385,1.44107
7.24,1.3,1.10757e-103,1,1.15385,1.44107
7.28,1.3,7.83701e-105,1,1.15385,1.44107
7.32,1.3,5.52022e-106,1,1.15385,1.44107
7.36,1.3,3.8707e-107,1,1.15385,1.44107
7.4,1.3,2.70176e-108,1,1.15385,1.44107
7.44,1.3,1.87729e-109,1,1.15385,1.44107
7.48,1.3,1.29849e-110,1,1.15385,1.44107
7.52,1.3,8.94078e-112,1,1.15385,1.44107
7.56,1.3,6.12829e-113,1,1.15385,1.44107
7.6,1.3,4.1815e-114,1,1.15385,1.44107
7.64,1.3,2.84024e-115,1,1.15385,1.44107
7.68,1.3,1.92048e-116,1,1.15385,1.44107
7.72,1.3,1.29269e-117,1,1.15385,1.44107
7.76,1.3,8.66191e-119,1,1.15385,1.44107
7.8,1.3,5.77782e-120,1,1.15385,1.44107
7.84,1.3,3.8366e-121,1,1.15385,1.44107
7.88,1.3,2.53606e-122,1,1.15385,1.44107
7.92,1.3,1.66879e-123,1,1.15385,1.44107
7.96,1.3,1.09313e-124,1,1.15385,1.44107
8,1.3,7.12799e-126,1,1.15385,1.44107
8.04,1.3,4.62685e-127,1,1.15385,1.44107
8.08,1.3,2.98967e-128,1,1.15385,1.44107
8.12,1.3,1.923e-129,1,1.15385,1.44107
8.16,1.3,1.23125e-130,1,1.15385,1.44107
8.2,1.3,7.84735e-132,1,1.15385,1.44107
8.24,1.3,4.97857e-133,1,1.15385,1.44107
8.28,1.3,3.14403e-134,1,1.15385,1.44107
8.32,1.3,1.97635e-135,1,1.15385,1.44107
8.36,1.3,1.23661e-136,1,1.15385,1.44107
8.4,1.3,7.70178e-138,1,1.15385,1.44107
8.44,1.3,4.77453e-139,1,1.15385,1.44107
8.48,1.3,2.94611e-140,1,1.15385,1.44107
8.52,1.3,1.80942e-141,1,1.15385,1.44107
8.56,1.3,1.10612e-142,1,1.15385,1.44107
8.6,1.3,6.73022e-144,1,1.15385,1.44107
8.64,1.3,4.07585e-145,1,1.15385,1.44107
8.68,1.3,2.45677e-146,1,1.15385,1.44107
8.72,1.3,1.47389e-147,1,1.15385,1.44107
8.76,1.3,8.80072e-149,1,1.15385,1.44107
8.8,1.3,5.23019e-150,1,1.15385,1.44107
8.84,1.3,3.09358e-151,1,1.15385,1.44107
8.88,1.3,1.82115e-152,1,1.15385,1.44107
8.92,1.3,1.06701e-153,1,1.15385,1.44107
8.96,1.3,6.22195e-155,1,1.15385,1.44107
9,1.3,3.61091e-156,1,1.15385,1.44107
9.04,1.3,2.08562e-157,1,1.15385,1.44107
9.08,1.3,1.1989e-158,1,1.15385,1.44107
9.12,1.3,6.85884e-160,1,1.15385,1.44107
9.16,1.3,3.90518e-161,1,1.15385,1.44107
9.2,1.3,2.21284e-162,1,1.15385,1.44107
9.24,1.3,1.24788e-163,1,1.15385,1.44107
9.28,1.3,7.00339e-165,1,1.15385,1.44107
9.32,1.3,3.91158e-166,1,1.15385,1.44107
9.36,1.3,2.17422e-167,1,1.15385,1.44107
9.4,1.3,1.2027e-168,1,1.15385,1.44107
9.44,1.3,6.62077e-170,1,1.15385,1.44107
9.48,1.3,3.62708e-171,1,1.15385,1.44107
9.52,1.3,1.97742e-172,1,1.15385,1.44107
9.56,1.3,1.07282e-173,1,1.15385,1.44107
9.6,1.3,5.79222e-175,1,1.15385,1.44107
9.64,1.3,3.11203e-176,1,1.15385,1.44107
9.68,1.3,1.66388e-177,1,1.15385,1.44107
9.72,1.3,8.85267e-179,1,1.15385,1.44107
9.76,1.3,4.68704e-180,1,1.15385,1.44107
9.8,1.3,2.46939e-181,1,1.15385,1.44107
9.84,1.3,1.29463e-182,1,1.15385,1.44107
9.88,1.3,6.75406e-184,1,1.15385,1.44107
9.92,1.3,3.5067e-185,1,1.15385,1.44107
9.96,1.3,1.90431e-186,1,1.15385,1.44107
10,1.3,1.90431e-186,1,1.15385,1.44107
-10,13,5.15217e-179,10,1.15385,1.53401
-9.96,13,5.15217e-179,10,1.15385,1.53401
-9.92,13,8.60005e-178,10,1.15385,1.53401
-9.88,13,1.50881e-176,10,1.15385,1.53401
-9.84,13,2.635e-175,10,1.15385,1.53401
-9.8,13,4.57993e-174,10,1.15385,1.53401
-9.76,13,7.92268e-173,10,1.15385,1.53401
-9.72,13,1.36402e-171,10,1.15385,1.53401
-9.68,13,2.33727e-170,10,1.15385,1.53401
-9.64,13,3.98599e-169,10,1.15385,1.53401
-9.6,13,6.76559e-168,10,1.15385,1.53401
-9.56,13,1.14293e-166,10,1.15385,1.53401
-9.52,13,1.92167e-165,10,1.15385,1.53401
-9.48,13,3.21581e-164,10,1.15385,1.53401
-9.44,13,5.35616e-163,10,1.15385,1.53401
-9.4,13,8.87918e-162,10,1.15385,1.53401
-9.36,13,1.46505e-160,10,1.15385,1.53401
-9.32,13,2.40599e-159,10,1.15385,1.53401
-9.28,13,3.93281e-158,10,1.15385,1.53401
-9.24,13,6.39856e-157,10,1.15385,1.53401
-9.2,13,1.03618e-155,10,1.15385,1.53401
-9.16,13,1.67021e-154,10,1.15385,1.53401
-9.12,13,2.67972e-153,10,1.15385,1.53401
-9.08,13,4.27954e-152,10,1.15385,1.53401
-9.04,13,6.80295e-151,10,1.15385,1.53401
-9,13,1.07645e-149,10,1.15385,1.53401
-8.96,13,1.6955e-148,10,1.15385,1.53401
-8.92,13,2.65832e-147,10,1.15385,1.53401
-8.88,13,4.14889e-146,10,1.15385,1.53401
-8.84,13,6.44578e-145,10,1.15385,1.53401
-8.8,13,9.96881e-144,10,1.15385,1.53401
-8.76,13,1.53476e-142,10,1.15385,1.53401
-8.72,13,2.3522e-141,10,1.15385,1.53401
-8.68,13,3.58881e-140,10,1.15385,1.53401
-8.64,13,5.45095e-139,10,1.15385,1.53401
-8.6,13,8.24228e-138,10,1.15385,1.53401
-8.56,13,1.24074e-136,10,1.15385,1.53401
-8.52,13,1.85942e-135,10,1.15385,1.53401
-8.48,13,2.77425e-134,10,1.15385,1.53401
-8.44,13,4.12085e-133,10,1.15385,1.53401
-8.4,13,6.0941e-132,10,1.15385,1.53401
-8.36,13,8.97259e-131,10,1.15385,1.53401
-8.32,13,1.31528e-129,10,1.15385,1.53401
-8.28,13,1.9196e-128,10,1.15385,1.53401
-8.24,13,2.78935e-127,10,1.15385,1.53401
-8.2,13,4.03553e-126,10,1.15385,1.53401
-8.16,13,5.81304e-125,10,1.15385,1.53401
-8.12,13,8.33713e-124,10,1.15385,1.53401
-8.08,13,1.19053e-122,10,1.15385,1.53401
-8.04,13,1.6927e-121,10,1.15385,1.53401
-8,13,2.39627e-120,10,1.15385,1.53401
-7.96,13,3.37759e-119,10,1.15385,1.53401
-7.92,13,4.74017e-118,10,1.15385,1.53401
-7.88,13,6.62364e-117,10,1.15385,1.53401
-7.84,13,9.21542e-116,10,1.15385,1.53401
-7.8,13,1.27658e-114,10,1.15385,1.53401
-7.76,13,1.76072e-113,10,1.15385,1.53401
-7.72,13,2.41794e-112,10,1.15385,1.53401
-7.68,13,3.30604e-111,10,1.15385,1.53401
-7.64,13,4.50065e-110,10,1.15385,1.53401
-7.6,13,6.10023e-109,10,1.15385,1.53401
-7.56,13,8.23225e-108,10,1.15385,1.53401
-7.52,13,1.10609e-106,10,1.15385,1.53401
-7.48,13,1.47966e-105,10,1.15385,1.53401
-7.44,13,1.97074e-104,10,1.15385,1.53401
-7.4,13,2.61333e-103,10,1.15385,1.53401
-7.36,13,3.45031e-102,10,1.15385,1.53401
-7.32,13,4.53547e-101,10,1.15385,1.53401
-7.28,13,5.93593e-100,10,1.15385,1.53401
-7.24,13,7.73501e-99,10,1.15385,1.53401
-7.2,13,1.00356e-97,10,1.15385,1.53401
-7.16,13,1.29641e-96,10,1.15385,1.53401
-7.12,13,1.66749e-95,10,1.15385,1.53401
-7.08,13,2.13557e-94,10,1.15385,1.53401
-7.04,13,2.72335e-93,10,1.15385,1.53401
-7,13,3.45811e-92,10,1.15385,1.53401
-6.96,13,4.37251e-91,10,1.15385,1.53401
-6.92,13,5.50539e-90,10,1.15385,1.53401
-6.88,13,6.90276e-89,10,1.15385,1.53401
-6.84,13,8.61874e-88,10,1.15385,1.53401
-6.8,13,1.07167e-86,10,1.15385,1.53401
-6.76,13,1.32705e-85,10,1.15385,1.53401
-6.72,13,1.63656e-84,10,1.15385,1.53401
-6.68,13,2.01004e-83,10,1.15385,1.53401
-6.64,13,2.45874e-82,10,1.15385,1.53401
-6.6,13,2.99547e-81,10,1.15385,1.53401
-6.56,13,3.63472e-80,10,1.15385,1.53401
-6.52,13,4.39276e-79,10,1.15385,1.53401
-6.48,13,5.28774e-78,10,1.15385,1.53401
-6.44,13,6.3398e-77,10,1.15385,1.53401
-6.4,13,7.5711e-76,10,1.15385,1.53401
-6.36,13,9.00585e-75,10,1.15385,1.53401
-6.32,13,1.06703e-73,10,1.15385,1.53401
-6.28,13,1.25928e-72,10,1.15385,1.53401
-6.24,13,1.48035e-71,10,1.15385,1.53401
-6.2,13,1.73342e-70,10,1.15385,1.53401
-6.16,13,2.02185e-69,10,1.15385,1.53401
-6.12,13,2.34908e-68,10,1.15385,1.53401
-6.08,13,2.71869e-67,10,1.15385,1.53401
-6.04,13,3.13425e-66,10,1.15385,1.53401
-6,13,3.59934e-65,10,1.15385,1.53401
-5.96,13,4.11747e-64,10,1.15385,1.53401
-5.92,13,4.69199e-63,10,1.15385,1.53401
-5.88,13,5.32605e-62,10,1.15385,1.53401
-5.84,13,6.02249e-61,10,1.15385,1.53401
-5.8,13,6.78377e-60,10,1.15385,1.53401
-5.76,13,7.61191e-59,10,1.15385,1.53401
-5.72,13,8.5084e-58,10,1.15385,1.53401
-5.68,13,9.47413e-57,10,1.15385,1.53401
-5.64,13,1.05094e-55,10,1.15385,1.53401
-5.6,13,1.16138e-54,10,1.15385,1.53401
-5.56,13,1.27862e-53,10,1.15385,1.53401
-5.52,13,1.40251e-52,10,1.15385,1.53401
-5.48,13,1.5328e-51,10,1.15385,1.53401
-5.44,13,1.6692e-50,10,1.15385,1.53401
-5.4,13,1.81136e-49,10,1.15385,1.53401
-5.36,13,1.95888e-48,10,1.15385,1.53401
-5.32,13,2.1113e-47,10,1.15385,1.53401
-5.28,13,2.26812e-46,10,1.15385,1.53401
-5.24,13,2.42875e-45,10,1.15385,1.53401
-5.2,13,2.59257e-44,10,1.15385,1.53401
-5.16,13,2.75885e-43,10,1.15385,1.53401
-5.12,13,2.92678e-42,10,1.15385,1.53401
-5.08,13,3.09544e-41,10,1.15385,1.53401
-5.04,13,3.26375e-40,10,1.15385,1.53401
-5,13,3.43052e-39,10,1.15385,1.53401
-4.96,13,3.59437e-38,10,1.15385,1.53401
-4.92,13,3.75378e-37,10,1.15385,1.53401
-4.88,13,3.90712e-36,10,1.15385,1.53401
-4.84,13,4.05265e-35,10,1.15385,1.53401
-4.8,13,4.18865e-34,10,1.15385,1.53401
-4.76,13,4.31344e-33,10,1.15385,1.53401
-4.72,13,4.4255e-32,10,1.15385,1.53401
-4.68,13,4.5235e-31,10,1.15385,1.53401
-4.64,13,4.60632e-30,10,1.15385,1.53401
-4.6,13,4.67314e-29,10,1.15385,1.53401
-4.56,13,4.72343e-28,10,1.15385,1.53401
-4.52,13,4.75709e-27,10,1.15385,1.53401
-4.48,13,4.77448e-26,10,1.15385,1.53401
-4.44,13,4.77647e-25,10,1.15385,1.53401
-4.4,13,4.76422e-24,10,1.15385,1.53401
-4.36,13,4.7388e-23,10,1.15385,1.53401
-4.32,13,4.70032e-22,10,1.15385,1.53401
-4.28,13,4.64791e-21,10,1.15385,1.53401
-4.24,13,4.58348e-20,10,1.15385,1.53401
-4.2,13,4.51754e-19,10,1.15385,1.53401
-4.16,13,4.45027e-18,10,1.15385,1.53401
-4.12,13,4.2962e-17,10,1.15385,1.53401
-4.08,13,3.8429e-16,10,1.15385,1.53401
-4.04,13,1.57921e-15,10,1.15385,1.53401
-4,13,4.48996e-15,10,1.15385,1.53401
-3.96,13,1.15209e-14,10,1.15385,1.53401
-3.92,13,2.86662e-14,10,1.15385,1.53401
-3.88,13,6.99653e-14,10,1.15385,1.53401
-3.84,13,1.68808e-13,10,1.15385,1.53401
-3.8,13,4.02466e-13,10,1.15385,1.53401
-3.76,13,9.47862e-13,10,1.15385,1.53401
-3.72,13,2.20599e-12,10,1.15385,1.53401
-3.68,13,5.07288e-12,10,1.15385,1.53401
-3.64,13,1.15247e-11,10,1.15385,1.53401
-3.6,13,2.5863e-11,10,1.15385,1.53401
-3.56,13,5.73265e-11,10,1.15385,1.53401
-3.52,13,1.25491e-10,10,1.15385,1.53401
-3.48,13,2.71265e-10,10,1.15385,1.53401
-3.44,13,5.78962e-10,10,1.15385,1.53401
-3.4,13,1.2199e-09,10,1.15385,1.53401
-3.36,13,2.53724e-09,10,1.15385,1.53401
-3.32,13,5.20837e-09,10,1.15385,1.53401
-3.28,13,1.05509e-08,10,1.15385,1.53401
-3.24,13,2.10893e-08,10,1.15385,1.53401
-3.2,13,4.15872e-08,10,1.15385,1.53401
-3.16,13,8.08945e-08,10,1.15385,1.53401
-3.12,13,1.55194e-07,10,1.15385,1.53401
-3.08,13,2.93604e-07,10,1.15385,1.53401
-3.04,13,5.47663e-07,9.99999,1.15385,1.53401
-3,13,1.00707e-06,9.99999,1.15385,1.53401
-2.96,13,1.82527e-06,9.99997,1.15384,1.53401
-2.92,13,3.2602e-06,9.99995,1.15384,1.53401
-2.88,12.9999,5.73771e-06,9.99992,1.15384,1.53401
-2.84,12.9999,9.94795e-06,9.99985,1.15384,1.53401
-2.8,12.9998,1.69883e-05,9.99975,1.15383,1.53401
-2.76,12.9997,2.85701e-05,9.99958,1.15383,1.53401
-2.72,12.9995,4.73083e-05,9.9993,1.15381,1.53401
-2.68,12.9991,7.71163e-05,9.99886,1.15379,1.53401
-2.64,12.9986,0.000123726,9.99818,1.15376,1.53401
-2.6,12.9978,0.000195344,9.99712,1.15371,1.53401
-2.56,12.9965,0.000303452,9.99553,1.15364,1.53401
-2.52,12.9947,0.000463727,9.99318,1.15353,1.53401
-2.48,12.992,0.00069703,9.98974,1.15337,1.53401
-2.44,12.9882,0.0010304,9.98484,1.15315,1.53401
-2.4,12.9828,0.00149792,9.97797,1.15283,1.53401
-2.36,12.9754,0.00214132,9.96852,1.15239,1.53401
-2.32,12.9655,0.0030101,9.95577,1.1518,1.53401
-2.28,12.9523,0.00416121,9.93889,1.15102,1.53401
-2.24,12.9351,0.0056579,9.91699,1.15001,1.53401
-2.2,12.9133,0.00756795,9.88908,1.14871,1.53401
-2.16,12.886,0.0099613,9.85421,1.14709,1.53401
-2.12,12.8523,0.0129071,9.81141,1.14509,1.53401
-2.08,12.8118,0.0164708,9.75983,1.14268,1.53401
-2.04,12.7636,0.0207111,9.69874,1.13981,1.53401
-2,12.7073,0.0256773,9.62757,1.13646,1.53401
-1.96,12.6426,0.0314075,9.54597,1.1326,1.53401
-1.92,12.5692,0.0379277,9.45377,1.12821,1.53401
-1.88,12.4871,0.0452509,9.35106,1.12329,1.53401
-1.84,12.3963,0.0533783,9.2381,1.11784,1.53401
-1.8,12.2973,0.0622997,9.11534,1.11188,1.53401
-1.76,12.1901,0.0719955,8.9834,1.10541,1.53401
-1.72,12.0755,0.082438,8.84298,1.09847,1.53401
-1.68,11.9537,0.0935938,8.6949,1.09107,1.53401
-1.64,11.8255,0.105425,8.54,1.08326,1.53401
-1.6,11.6913,0.117892,8.37916,1.07505,1.53401
-1.56,11.5518,0.130951,8.21325,1.06649,1.53401
-1.52,11.4076,0.144563,8.0431,1.0576,1.53401
-1.48,11.2591,0.158686,7.86954,1.04842,1.53401
-1.44,11.1071,0.17328,7.69331,1.03897,1.53401
-1.4,10.9519,0.188309,7.51514,1.02929,1.53401
-1.36,10.7941,0.203736,7.33565,1.0194,1.53401
-1.32,10.6341,0.219529,7.15545,1.00932,1.53401
-1.28,10.4723,0.235657,6.97508,0.999079,1.53401
-1.24,10.309,0.252093,6.795,0.988698,1.53401
-1.2,10.1447,0.268809,6.61564,0.978196,1.53401
-1.16,9.97951,0.285784,6.43739,0.967591,1.53401
-1.12,9.81387,0.302994,6.26058,0.956898,1.53401
-1.08,9.64797,0.32042,6.08551,0.946133,1.53401
-1.04,9.48204,0.338044,5.91243,0.935309,1.53401
-1,9.3163,0.355849,5.74157,0.924439,1.53401
-0.96,9.15094,0.373818,5.57313,0.913534,1.53401
-0.92,8.98613,0.391937,5.40728,0.902605,1.53401
-0.88,8.82203,0.410193,5.24418,0.891662,1.53401
-0.84,8.6588,0.428571,5.08396,0.880716,1.53401
-0.8,8.49658,0.447057,4.92674,0.869775,1.53401
-0.76,8.33552,0.46564,4.77263,0.858848,1.53401
-0.72,8.17574,0.484303,4.62173,0.847946,1.53401
-0.68,8.0174,0.503032,4.47413,0.837078,1.53401
-0.64,7.86064,0.521811,4.32993,0.826255,1.53401
-0.6,7.70562,0.540619,4.18923,0.815488,1.53401
-0.56,7.55253,0.559433,4.05214,0.804791,1.53401
-0.52,7.40159,0.578226,3.9188,0.794181,1.53401
-0.48,7.25307,0.59696,3.78937,0.783677,1.53401
-0.44,7.1073,0.615588,3.66407,0.773305,1.53401
-0.4,6.96473,0.634048,3.54318,0.763099,1.53401
-0.36,6.82595,0.652251,3.4271,0.753104,1.53401
-0.32,6.69179,0.670078,3.31638,0.743385,1.53401
-0.28,6.56341,0.687355,3.21182,0.734029,1.53401
-0.24,6.44246,0.703833,3.11456,0.725165,1.53401
-0.2,6.33128,0.719162,3.02623,0.716972,1.53401
-0.16,6.23302,0.732854,2.94903,0.709697,1.53401
-0.12,6.15158,0.744306,2.88569,0.703647,1.53401
-0.08,6.09061,0.752929,2.8387,0.699116,1.53401
-0.04,6.05117,0.758505,2.80858,0.696207,1.53401
0,6.02908,0.761584,2.79195,0.694621,1.53401
0.04,6.01645,0.76329,2.78266,0.693762,1.53401
0.08,6.00762,0.764436,2.77633,0.693203,1.53401
0.12,6.00105,0.765244,2.77179,0.692827,1.53401
0.16,5.99596,0.765827,2.76843,0.692574,1.53401
0.2,5.99187,0.766254,2.76589,0.69241,1.53401
0.24,5.98845,0.76657,2.76392,0.692312,1.53401
0.28,5.98549,0.766805,2.76237,0.692266,1.53401
0.32,5.98281,0.766981,2.76111,0.692262,1.53401
0.36,5.98029,0.767112,2.76008,0.692296,1.53401
0.4,5.97779,0.767209,2.75922,0.692369,1.53401
0.44,5.97514,0.76728,2.75848,0.692489,1.53401
0.48,5.9721,0.767331,2.75783,0.692679,1.53401
0.52,5.96822,0.767366,2.75726,0.692984,1.53401
0.56,5.96276,0.767388,2.75673,0.693487,1.53401
0.6,5.95447,0.767399,2.75624,0.69433,1.53401
0.64,5.94144,0.767402,2.75578,0.695736,1.53401
0.68,5.92092,0.767398,2.75535,0.698037,1.53401
0.72,5.88921,0.767387,2.75493,0.701688,1.53401
0.76,5.84179,0.76737,2.75452,0.707279,1.53401
0.8,5.77358,0.767348,2.75412,0.715531,1.53401
0.84,5.67954,0.767322,2.75373,0.727275,1.53401
0.88,5.55534,0.767292,2.75334,0.743431,1.53401
0.92,5.39826,0.767258,2.75297,0.76496,1.53401
0.96,5.20783,0.76722,2.7526,0.792826,1.53401
1,4.98639,0.767179,2.75224,0.827927,1.53401
1.04,4.73912,0.767135,2.7519,0.871016,1.53401
1.08,4.47369,0.767087,2.75156,0.922583,1.53401
1.12,4.19949,0.767037,2.75124,0.982706,1.53401
1.16,3.92662,0.766984,2.75094,1.05088,1.53401
1.2,3.66476,0.766928,2.75064,1.12585,1.53401
1.24,3.42219,0.766869,2.75036,1.20552,1.53401
1.28,3.20512,0.766807,2.75008,1.28704,1.53401
1.32,3.01728,0.766742,2.74981,1.36703,1.53401
1.36,2.85999,0.766673,2.74954,1.44207,1.53401
1.4,2.73245,0.766601,2.74927,1.50924,1.53401
1.44,2.63222,0.766525,2.749,1.56655,1.53401
1.48,2.55584,0.766445,2.74872,1.6132,1.53401
1.52,2.49936,0.766361,2.74844,1.64949,1.53401
1.56,2.4588,0.766273,2.74814,1.67651,1.53401
1.6,2.43051,0.76618,2.74784,1.69584,1.53401
1.64,2.41131,0.766082,2.74751,1.70914,1.53401
1.68,2.39862,0.765978,2.74718,1.71797,1.53401
1.72,2.39045,0.765869,2.74682,1.72362,1.53401
1.76,2.38529,0.765752,2.74644,1.72711,1.53401
1.8,2.38209,0.765628,2.74603,1.72917,1.53401
1.84,2.38011,0.765493,2.74559,1.73034,1.53401
1.88,2.37886,0.765346,2.74511,1.73094,1.53401
1.92,2.37803,0.765179,2.74457,1.7312,1.53401
1.96,2.37741,0.764986,2.74393,1.73125,1.53401
2,2.37685,0.764748,2.74315,1.73117,1.53401
2.04,2.37625,0.764437,2.74213,1.73096,1.53401
2.08,2.37546,0.763998,2.74069,1.73062,1.53401
2.12,2.37432,0.763336,2.73851,1.73008,1.53401
2.16,2.3725,0.762278,2.73503,1.72921,1.53401
2.2,2.36948,0.760512,2.72923,1.72774,1.53401
2.24,2.36431,0.757485,2.71931,1.72522,1.53401
2.28,2.35534,0.752221,2.70213,1.72085,1.53401
2.32,2.33974,0.743024,2.67234,1.71323,1.53401
2.36,2.31281,0.727043,2.62122,1.70002,1.53401
2.4,2.26733,0.699719,2.53572,1.67756,1.53401
2.44,2.19353,0.65448,2.39927,1.64069,1.53401
2.48,2.08173,0.583735,2.19811,1.58386,1.53401
2.52,1.92988,0.483132,1.93602,1.50477,1.53401
2.56,1.75386,0.359526,1.64912,1.41043,1.53401
2.6,1.58735,0.23506,1.39542,1.31863,1.53401
2.64,1.46106,0.135223,1.21494,1.24732,1.53401
2.68,1.38235,0.0703447,1.10777,1.20205,1.53401
2.72,1.33977,0.0343076,1.05149,1.17725,1.53401
2.76,1.31862,0.0161424,1.02398,1.16483,1.53401
2.8,1.30858,0.00745562,1.01102,1.15892,1.53401
2.84,1.30392,0.00341056,1.00503,1.15616,1.53401
2.88,1.30178,0.00155175,1.00229,1.1549,1.53401
2.92,1.30081,0.000703491,1.00104,1.15432,1.53401
2.96,1.30037,0.00031799,1.00047,1.15406,1.53401
3,1.30016,0.000143326,1.00021,1.15394,1.53401
3.04,1.30007,6.44053e-05,1.00009,1.15389,1.53401
3.08,1.30003,2.88451e-05,1.00004,1.15387,1.53401
3.12,1.30001,1.28713e-05,1.00002,1.15385,1.53401
3.16,1.30001,5.7201e-06,1.00001,1.15385,1.53401
3.2,1.3,2.53072e-06,1,1.15385,1.53401
3.24,1.3,1.11422e-06,1,1.15385,1.53401
3.28,1.3,4.87993e-07,1,1.15385,1.53401
3.32,1.3,2.12525e-07,1,1.15385,1.53401
3.36,1.3,9.20027e-08,1,1.15385,1.53401
3.4,1.3,3.95764e-08,1,1.15385,1.53401
3.44,1.3,1.69113e-08,1,1.15385,1.53401
3.48,1.3,7.1761e-09,1,1.15385,1.53401
3.52,1.3,3.02309e-09,1,1.15385,1.53401
3.56,1.3,1.26401e-09,1,1.15385,1.53401
3.6,1.3,5.2443e-10,1,1.15385,1.53401
3.64,1.3,2.15856e-10,1,1.15385,1.53401
3.68,1.3,8.81252e-11,1,1.15385,1.53401
3.72,1.3,3.56793e-11,1,1.15385,1.53401
3.76,1.3,1.43234e-11,1,1.15385,1.53401
3.8,1.3,5.70066e-12,1,1.15385,1.53401
3.84,1.3,2.24905e-12,1,1.15385,1.53401
3.88,1.3,8.79447e-13,1,1.15385,1.53401
3.92,1.3,3.40806e-13,1,1.15385,1.53401
3.96,1.3,1.30875e-13,1,1.15385,1.53401
4,1.3,4.97019e-14,1,1.15385,1.53401
4.04,1.3,1.86468e-14,1,1.15385,1.53401
4.08,1.3,6.89937e-15,1,1.15385,1.53401
4.12,1.3,2.38518e-15,1,1.15385,1.53401
4.16,1.3,6.13254e-16,1,1.15385,1.53401
4.2,1.3,6.9307e-17,1,1.15385,1.53401
4.24,1.3,7.00426e-18,1,1.15385,1.53401
4.28,1.3,6.7623e-19,1,1.15385,1.53401
4.32,1.3,6.46768e-20,1,1.15385,1.53401
4.36,1.3,6.18508e-21,1,1.15385,1.53401
4.4,1.3,5.91327e-22,1,1.15385,1.53401
4.44,1.3,5.65073e-23,1,1.15385,1.53401
4.48,1.3,5.39724e-24,1,1.15385,1.53401
4.52,1.3,5.14925e-25,1,1.15385,1.53401
4.56,1.3,4.90183e-26,1,1.15385,1.53401
4.6,1.3,4.65137e-27,1,1.15385,1.53401
4.64,1.3,4.39663e-28,1,1.15385,1.53401
4.68,1.3,4.13857e-29,1,1.15385,1.53401
4.72,1.3,3.87957e-30,1,1.15385,1.53401
4.76,1.3,3.62263e-31,1,1.15385,1.53401
4.8,1.3,3.37068e-32,1,1.15385,1.53401
4.84,1.3,3.12612e-33,1,1.15385,1.53401
4.88,1.3,2.89063e-34,1,1.15385,1.53401
4.92,1.3,2.66522e-35,1,1.15385,1.53401
4.96,1.3,2.45036e-36,1,1.15385,1.53401
5,1.3,2.24621e-37,1,1.15385,1.53401
5.04,1.3,2.05278e-38,1,1.15385,1.53401
5.08,1.3,1.87001e-39,1,1.15385,1.53401
5.12,1.3,1.69789e-40,1,1.15385,1.53401
5.16,1.3,1.5364e-41,1,1.15385,1.53401
5.2,1.3,1.38552e-42,1,1.15385,1.53401
5.24,1.3,1.2452e-43,1,1.15385,1.53401
5.28,1.3,1.11533e-44,1,1.15385,1.53401
5.32,1.3,9.95709e-46,1,1.15385,1.53401
5.36,1.3,8.86033e-47,1,1.15385,1.53401
5.4,1.3,7.85925e-48,1,1.15385,1.53401
5.44,1.3,6.94934e-49,1,1.15385,1.53401
5.48,1.3,6.12553e-50,1,1.15385,1.53401
5.52,1.3,5.38242e-51,1,1.15385,1.53401
5.56,1.3,4.71446e-52,1,1.15385,1.53401
5.6,1.3,4.11611e-53,1,1.15385,1.53401
5.64,1.3,3.58194e-54,1,1.15385,1.53401
5.68,1.3,3.1067e-55,1,1.15385,1.53401
5.72,1.3,2.6854e-56,1,1.15385,1.53401
5.76,1.3,2.31327e-57,1,1.15385,1.53401
5.8,1.3,1.98581e-58,1,1.15385,1.53401
5.84,1.3,1.69876e-59,1,1.15385,1.53401
5.88,1.3,1.44814e-60,1,1.15385,1.53401
5.92,1.3,1.2302e-61,1,1.15385,1.53401
5.96,1.3,1.04143e-62,1,1.15385,1.53401
6,1.3,8.78582e-64,1,1.15385,1.53401
6.04,1.3,7.38654e-65,1,1.15385,1.53401
6.08,1.3,6.18891e-66,1,1.15385,1.53401
6.12,1.3,5.1678e-67,1,1.15385,1.53401
6.16,1.3,4.30051e-68,1,1.15385,1.53401
6.2,1.3,3.5666e-69,1,1.15385,1.53401
6.24,1.3,2.94784e-70,1,1.15385,1.53401
6.28,1.3,2.42808e-71,1,1.15385,1.53401
6.32,1.3,1.99306e-72,1,1.15385,1.53401
6.36,1.3,1.63029e-73,1,1.15385,1.53401
6.4,1.3,1.32886e-74,1,1.15385,1.53401
6.44,1.3,1.07932e-75,1,1.15385,1.53401
6.48,1.3,8.735e-77,1,1.15385,1.53401
6.52,1.3,7.04373e-78,1,1.15385,1.53401
6.56,1.3,5.65923e-79,1,1.15385,1.53401
6.6,1.3,4.53017e-80,1,1.15385,1.53401
6.64,1.3,3.61296e-81,1,1.15385,1.53401
6.68,1.3,2.87077e-82,1,1.15385,1.53401
6.72,1.3,2.27253e-83,1,1.15385,1.53401
6.76,1.3,1.79223e-84,1,1.15385,1.53401
6.8,1.3,1.40814e-85,1,1.15385,1.53401
6.84,1.3,1.10221e-86,1,1.15385,1.53401
6.88,1.3,8.59498e-88,1,1.15385,1.53401
6.92,1.3,6.67702e-89,1,1.15385,1.53401
6.96,1.3,5.16743e-90,1,1.15385,1.53401
7,1.3,3.98397e-91,1,1.15385,1.53401
7.04,1.3,3.05985e-92,1,1.15385,1.53401
7.08,1.3,2.3411e-93,1,1.15385,1.53401
7.12,1.3,1.78429e-94,1,1.15385,1.53401
7.16,1.3,1.35465e-95,1,1.15385,1.53401
7.2,1.3,1.02445e-96,1,1.15385,1.53401
7.24,1.3,7.71696e-98,1,1.15385,1.53401
7.28,1.3,5.79e-99,1,1.15385,1.53401
7.32,1.3,4.32685e-100,1,1.15385,1.53401
7.36,1.3,3.22042e-101,1,1.15385,1.53401
7.4,1.3,2.38718e-102,1,1.15385,1.53401
7.44,1.3,1.76228e-103,1,1.15385,1.53401
7.48,1.3,1.29559e-104,1,1.15385,1.53401
7.52,1.3,9.48529e-106,1,1.15385,1.53401
7.56,1.3,6.91528e-107,1,1.15385,1.53401
7.6,1.3,5.02036e-108,1,1.15385,1.53401
7.64,1.3,3.62923e-109,1,1.15385,1.53401
7.68,1.3,2.61241e-110,1,1.15385,1.53401
7.72,1.3,1.87243e-111,1,1.15385,1.53401
7.76,1.3,1.3363e-112,1,1.15385,1.53401
7.8,1.3,9.49578e-114,1,1.15385,1.53401
7.84,1.3,6.71861e-115,1,1.15385,1.53401
7.88,1.3,4.73314e-116,1,1.15385,1.53401
7.92,1.3,3.31999e-117,1,1.15385,1.53401
7.96,1.3,2.31869e-118,1,1.15385,1.53401
8,1.3,1.61237e-119,1,1.15385,1.53401
8.04,1.3,1.11635e-120,1,1.15385,1.53401
8.08,1.3,7.69582e-122,1,1.15385,1.53401
8.12,1.3,5.28233e-123,1,1.15385,1.53401
8.16,1.3,3.61006e-124,1,1.15385,1.53401
8.2,1.3,2.45652e-125,1,1.15385,1.53401
8.24,1.3,1.66435e-126,1,1.15385,1.53401
8.28,1.3,1.12277e-127,1,1.15385,1.53401
8.32,1.3,7.54142e-129,1,1.15385,1.53401
8.36,1.3,5.04355e-130,1,1.15385,1.53401
8.4,1.3,3.35845e-131,1,1.15385,1.53401
8.44,1.3,2.2267e-132,1,1.15385,1.53401
8.48,1.3,1.46994e-133,1,1.15385,1.53401
8.52,1.3,9.66179e-135,1,1.15385,1.53401
8.56,1.3,6.3231e-136,1,1.15385,1.53401
8.6,1.3,4.12018e-137,1,1.15385,1.53401
8.64,1.3,2.6731e-138,1,1.15385,1.53401
8.68,1.3,1.72672e-139,1,1.15385,1.53401
8.72,1.3,1.11054e-140,1,1.15385,1.53401
8.76,1.3,7.11138e-142,1,1.15385,1.53401
8.8,1.3,4.53391e-143,1,1.15385,1.53401
8.84,1.3,2.87799e-144,1,1.15385,1.53401
8.88,1.3,1.81886e-145,1,1.15385,1.53401
8.92,1.3,1.14446e-146,1,1.15385,1.53401
8.96,1.3,7.16952e-148,1,1.15385,1.53401
9,1.3,4.47159e-149,1,1.15385,1.53401
9.04,1.3,2.77661e-150,1,1.15385,1.53401
9.08,1.3,1.7165e-151,1,1.15385,1.53401
9.12,1.3,1.05645e-152,1,1.15385,1.53401
9.16,1.3,6.47321e-154,1,1.15385,1.53401
9.2,1.3,3.94874e-155,1,1.15385,1.53401
9.24,1.3,2.39806e-156,1,1.15385,1.53401
9.28,1.3,1.44985e-157,1,1.15385,1.53401
9.32,1.3,8.7265e-159,1,1.15385,1.53401
9.36,1.3,5.22893e-160,1,1.15385,1.53401
9.4,1.3,3.11915e-161,1,1.15385,1.53401
9.44,1.3,1.85229e-162,1,1.15385,1.53401
9.48,1.3,1.09503e-163,1,1.15385,1.53401
9.52,1.3,6.44446e-165,1,1.15385,1.53401
9.56,1.3,3.77561e-166,1,1.15385,1.53401
9.6,1.3,2.20205e-167,1,1.15385,1.53401
9.64,1.3,1.2785e-168,1,1.15385,1.53401
9.68,1.3,7.38941e-170,1,1.15385,1.53401
9.72,1.3,4.25157e-171,1,1.15385,1.53401
9.76,1.3,2.4351e-172,1,1.15385,1.53401
9.8,1.3,1.38839e-173,1,1.15385,1.53401
9.84,1.3,7.88005e-175,1,1.15385,1.53401
9.88,1.3,4.45214e-176,1,1.15385,1.53401
9.92,1.3,2.50439e-177,1,1.15385,1.53401
9.96,1.3,1.47998e-178,1,1.15385,1.53401
10,1.3,1.47998e-178,1,1.15385,1.53401
-10,13,9.08531e-172,10,1.15385,1.62693
-9.96,13,9.08531e-172,10,1.15385,1.62693
-9.92,13,1.40335e-170,10,1.15385,1.62693
-9.88,13,2.28817e-169,10,1.15385,1.62693
-9.84,13,3.71517e-168,10,1.15385,1.62693
-9.8,13,6.00543e-167,10,1.15385,1.62693
-9.76,13,9.66466e-166,10,1.15385,1.62693
-9.72,13,1.5485e-164,10,1.15385,1.62693
-9.68,13,2.47014e-163,10,1.15385,1.62693
-9.64,13,3.92304e-162,10,1.15385,1.62693
-9.6,13,6.20321e-161,10,1.15385,1.62693
-9.56,13,9.76581e-160,10,1.15385,1.62693
-9.52,13,1.53074e-158,10,1.15385,1.62693
-9.48,13,2.38893e-157,10,1.15385,1.62693
-9.44,13,3.71206e-156,10,1.15385,1.62693
-9.4,13,5.74305e-155,10,1.15385,1.62693
-9.36,13,8.84689e-154,10,1.15385,1.62693
-9.32,13,1.35695e-152,10,1.15385,1.62693
-9.28,13,2.07236e-151,10,1.15385,1.62693
-9.24,13,3.15139e-150,10,1.15385,1.62693
-9.2,13,4.77174e-149,10,1.15385,1.62693
-9.16,13,7.19443e-148,10,1.15385,1.62693
-9.12,13,1.0801e-146,10,1.15385,1.62693
-9.08,13,1.61467e-145,10,1.15385,1.62693
-9.04,13,2.4036e-144,10,1.15385,1.62693
-9,13,3.56288e-143,10,1.15385,1.62693
-8.96,13,5.25904e-142,10,1.15385,1.62693
-8.92,13,7.73005e-141,10,1.15385,1.62693
-8.88,13,1.13144e-139,10,1.15385,1.62693
-8.84,13,1.64915e-138,10,1.15385,1.62693
-8.8,13,2.39369e-137,10,1.15385,1.62693
-8.76,13,3.45987e-136,10,1.15385,1.62693
-8.72,13,4.98011e-135,10,1.15385,1.62693
-8.68,13,7.13849e-134,10,1.15385,1.62693
-8.64,13,1.01898e-132,10,1.15385,1.62693
-8.6,13,1.44849e-131,10,1.15385,1.62693
-8.56,13,2.0505e-130,10,1.15385,1.62693
-8.52,13,2.89065e-129,10,1.15385,1.62693
-8.48,13,4.05814e-128,10,1.15385,1.62693
-8.44,13,5.67352e-127,10,1.15385,1.62693
-8.4,13,7.89897e-126,10,1.15385,1.62693
-8.36,13,1.09517e-124,10,1.15385,1.62693
-8.32,13,1.51211e-123,10,1.15385,1.62693
-8.28,13,2.07909e-122,10,1.15385,1.62693
-8.24,13,2.84676e-121,10,1.15385,1.62693
-8.2,13,3.88165e-120,10,1.15385,1.62693
-8.16,13,5.27067e-119,10,1.15385,1.62693
-8.12,13,7.12686e-118,10,1.15385,1.62693
-8.08,13,9.5965e-117,10,1.15385,1.62693
-8.04,13,1.28679e-115,10,1.15385,1.62693
-8,13,1.71824e-114,10,1.15385,1.62693
-7.96,13,2.28476e-113,10,1.15385,1.62693
-7.92,13,3.02536e-112,10,1.15385,1.62693
-7.88,13,3.98929e-111,10,1.15385,1.62693
-7.84,13,5.23838e-110,10,1.15385,1.62693
-7.8,13,6.8499e-109,10,1.15385,1.62693
-7.76,13,8.91991e-108,10,1.15385,1.62693
-7.72,13,1.15672e-106,10,1.15385,1.62693
-7.68,13,1.49381e-105,10,1.15385,1.62693
-7.64,13,1.92117e-104,10,1.15385,1.62693
-7.6,13,2.46061e-103,10,1.15385,1.62693
-7.56,13,3.1386e-102,10,1.15385,1.62693
-7.52,13,3.98706e-101,10,1.15385,1.62693
-7.48,13,5.04428e-100,10,1.15385,1.62693
-7.44,13,6.35601e-99,10,1.15385,1.62693
-7.4,13,7.97657e-98,10,1.15385,1.62693
-7.36,13,9.97019e-97,10,1.15385,1.62693
-7.32,13,1.24124e-95,10,1.15385,1.62693
-7.28,13,1.53914e-94,10,1.15385,1.62693
-7.24,13,1.901e-93,10,1.15385,1.62693
-7.2,13,2.33871e-92,10,1.15385,1.62693
-7.16,13,2.86594e-91,10,1.15385,1.62693
-7.12,13,3.49834e-90,10,1.15385,1.62693
-7.08,13,4.25372e-89,10,1.15385,1.62693
-7.04,13,5.15221e-88,10,1.15385,1.62693
-7,13,6.21645e-87,10,1.15385,1.62693
-6.96,13,7.47173e-86,10,1.15385,1.62693
-6.92,13,8.94614e-85,10,1.15385,1.62693
-6.88,13,1.06706e-83,10,1.15385,1.62693
-6.84,13,1.26791e-82,10,1.15385,1.62693
-6.8,13,1.50084e-81,10,1.15385,1.62693
-6.76,13,1.76985e-80,10,1.15385,1.62693
-6.72,13,2.07918e-79,10,1.15385,1.62693
-6.68,13,2.43336e-78,10,1.15385,1.62693
-6.64,13,2.83716e-77,10,1.15385,1.62693
-6.6,13,3.29555e-76,10,1.15385,1.62693
-6.56,13,3.81364e-75,10,1.15385,1.62693
-6.52,13,4.39665e-74,10,1.15385,1.62693
-6.48,13,5.04984e-73,10,1.15385,1.62693
-6.44,13,5.77842e-72,10,1.15385,1.62693
-6.4,13,6.58745e-71,10,1.15385,1.62693
-6.36,13,7.48179e-70,10,1.15385,1.62693
-6.32,13,8.46596e-69,10,1.15385,1.62693
-6.28,13,9.54405e-68,10,1.15385,1.62693
-6.24,13,1.07196e-66,10,1.15385,1.62693
-6.2,13,1.19955e-65,10,1.15385,1.62693
-6.16,13,1.3374e-64,10,1.15385,1.62693
-6.12,13,1.48565e-63,10,1.15385,1.62693
-6.08,13,1.64434e-62,10,1.15385,1.62693
-6.04,13,1.81343e-61,10,1.15385,1.62693
-6,13,1.99279e-60,10,1.15385,1.62693
-5.96,13,2.18219e-59,10,1.15385,1.62693
-5.92,13,2.3813e-58,10,1.15385,1.62693
-5.88,13,2.5897e-57,10,1.15385,1.62693
-5.84,13,2.80687e-56,10,1.15385,1.62693
-5.8,13,3.0322e-55,10,1.15385,1.62693
-5.76,13,3.26498e-54,10,1.15385,1.62693
-5.72,13,3.50441e-53,10,1.15385,1.62693
-5.68,13,3.74957e-52,10,1.15385,1.62693
-5.64,13,3.99941e-51,10,1.15385,1.62693
-5.6,13,4.25276e-50,10,1.15385,1.62693
-5.56,13,4.5083e-49,10,1.15385,1.62693
-5.52,13,4.76456e-48,10,1.15385,1.62693
-5.48,13,5.01987e-47,10,1.15385,1.62693
-5.44,13,5.2724e-46,10,1.15385,1.62693
-5.4,13,5.52016e-45,10,1.15385,1.62693
-5.36,13,5.76101e-44,10,1.15385,1.62693
-5.32,13,5.99268e-43,10,1.15385,1.62693
-5.28,13,6.21285e-42,10,1.15385,1.62693
-5.24,13,6.41923e-41,10,1.15385,1.62693
-5.2,13,6.60955e-40,10,1.15385,1.62693
-5.16,13,6.78176e-39,10,1.15385,1.62693
-5.12,13,6.934e-38,10,1.15385,1.62693
-5.08,13,7.06475e-37,10,1.15385,1.62693
-5.04,13,7.17286e-36,10,1.15385,1.62693
-5,13,7.25756e-35,10,1.15385,1.62693
-4.96,13,7.31855e-34,10,1.15385,1.62693
-4.92,13,7.35594e-33,10,1.15385,1.62693
-4.88,13,7.37023e-32,10,1.15385,1.62693
-4.84,13,7.36225e-31,10,1.15385,1.62693
-4.8,13,7.33314e-30,10,1.15385,1.62693
-4.76,13,7.28423e-29,10,1.15385,1.62693
-4.72,13,7.21696e-28,10,1.15385,1.62693
-4.68,13,7.1327e-27,10,1.15385,1.62693
-4.64,13,7.03267e-26,10,1.15385,1.62693
-4.6,13,6.91806e-25,10,1.15385,1.62693
-4.56,13,6.7906e-24,10,1.15385,1.62693
-4.52,13,6.65317e-23,10,1.15385,1.62693
-4.48,13,6.5093e-22,10,1.15385,1.62693
-4.44,13,6.36146e-21,10,1.15385,1.62693
-4.4,13,6.21096e-20,10,1.15385,1.62693
-4.36,13,6.05658e-19,10,1.15385,1.62693
-4.32,13,5.86265e-18,10,1.15385,1.62693
-4.28,13,5.47818e-17,10,1.15385,1.62693
-4.24,13,4.65101e-16,10,1.15385,1.62693
-4.2,13,1.80718e-15,10,1.15385,1.62693
-4.16,13,4.92477e-15,10,1.15385,1.62693
-4.12,13,1.22423e-14,10,1.15385,1.62693
-4.08,13,2.97811e-14,10,1.15385,1.62693
-4.04,13,7.14324e-14,10,1.15385,1.62693
-4,13,1.68847e-13,10,1.15385,1.62693
-3.96,13,3.9427e-13,10,1.15385,1.62693
-3.92,13,9.10229e-13,10,1.15385,1.62693
-3.88,13,2.07738e-12,10,1.15385,1.62693
-3.84,13,4.68681e-12,10,1.15385,1.62693
-3.8,13,1.04519e-11,10,1.15385,1.62693
-3.76,13,2.30373e-11,10,1.15385,1.62693
-3.72,13,5.01806e-11,10,1.15385,1.62693
-3.68,13,1.08009e-10,10,1.15385,1.62693
-3.64,13,2.29699e-10,10,1.15385,1.62693
-3.6,13,4.82592e-10,10,1.15385,1.62693
-3.56,13,1.00156e-09,10,1.15385,1.62693
-3.52,13,2.05301e-09,10,1.15385,1.62693
-3.48,13,4.15603e-09,10,1.15385,1.62693
-3.44,13,8.30774e-09,10,1.15385,1.62693
-3.4,13,1.63964e-08,10,1.15385,1.62693
-3.36,13,3.19462e-08,10,1.15385,1.62693
-3.32,13,6.14383e-08,10,1.15385,1.62693
-3.28,13,1.16613e-07,10,1.15385,1.62693
-3.24,13,2.18418e-07,10,1.15385,1.62693
-3.2,13,4.03642e-07,9.99999,1.15385,1.62693
-3.16,13,7.35887e-07,9.99999,1.15385,1.62693
-3.12,13,1.32333e-06,9.99998,1.15385,1.62693
-3.08,13,2.34693e-06,9.99997,1.15384,1.62693
-3.04,13,4.10432e-06,9.99994,1.15384,1.62693
-3,12.9999,7.07656e-06,9.9999,1.15384,1.62693
-2.96,12.9999,1.20275e-05,9.99982,1.15384,1.62693
-2.92,12.9998,2.01477e-05,9.9997,1.15383,1.62693
-2.88,12.9996,3.32587e-05,9.99951,1.15382,1.62693
-2.84,12.9994,5.40926e-05,9.9992,1.15381,1.62693
-2.8,12.999,8.66668e-05,9.99872,1.15379,1.62693
-2.76,12.9984,0.000136766,9.99799,1.15375,1.62693
-2.72,12.9976,0.00021254,9.99687,1.1537,1.62693
-2.68,12.9963,0.000325219,9.99521,1.15363,1.62693
-2.64,12.9944,0.000489915,9.99279,1.15351,1.62693
-2.6,12.9917,0.000726477,9.98931,1.15335,1.62693
-2.56,12.9878,0.00106031,9.9844,1.15313,1.62693
-2.52,12.9825,0.00152309,9.9776,1.15281,1.62693
-2.48,12.9753,0.00215319,9.96834,1.15238,1.62693
-2.44,12.9656,0.0029958,9.95598,1.15181,1.62693
-2.4,12.953,0.00410245,9.93975,1.15106,1.62693
-2.36,12.9366,0.00553011,9.91886,1.15009,1.62693
-2.32,12.9159,0.00733956,9.89242,1.14886,1.62693
-2.28,12.8902,0.00959338,9.85956,1.14734,1.62693
-2.24,12.8587,0.0123535,9.81944,1.14547,1.62693
-2.2,12.8208,0.0156784,9.77129,1.14322,1.62693
-2.16,12.776,0.0196212,9.71442,1.14055,1.62693
-2.12,12.7237,0.0242265,9.64833,1.13744,1.62693
-2.08,12.6638,0.0295296,9.57266,1.13386,1.62693
-2.04,12.5959,0.0355551,9.48724,1.1298,1.62693
-2,12.5199,0.0423165,9.39212,1.12526,1.62693
-1.96,12.4361,0.0498166,9.28748,1.12023,1.62693
-1.92,12.3444,0.0580481,9.1737,1.11472,1.62693
-1.88,12.2453,0.0669954,9.05128,1.10874,1.62693
-1.84,12.1391,0.0766353,8.92083,1.10232,1.62693
-1.8,12.0263,0.0869392,8.78304,1.09548,1.62693
-1.76,11.9072,0.0978743,8.63866,1.08824,1.62693
-1.72,11.7826,0.109405,8.48846,1.08064,1.62693
-1.68,11.6528,0.121494,8.33321,1.07269,1.62693
-1.64,11.5184,0.134104,8.17367,1.06443,1.62693
-1.6,11.3799,0.147199,8.01059,1.05589,1.62693
-1.56,11.2378,0.160742,7.84465,1.04709,1.62693
-1.52,11.0925,0.174698,7.6765,1.03806,1.62693
-1.48,10.9446,0.189036,7.50676,1.02883,1.62693
-1.44,10.7944,0.203724,7.33597,1.01941,1.62693
-1.4,10.6423,0.218735,7.16463,1.00983,1.62693
-1.36,10.4886,0.234041,6.99321,1.00011,1.62693
-1.32,10.3337,0.249619,6.82211,0.990267,1.62693
-1.28,10.1779,0.265446,6.6517,0.980316,1.62693
-1.24,10.0213,0.281502,6.48229,0.970273,1.62693
-1.2,9.86436,0.297768,6.31419,0.960152,1.62693
-1.16,9.70715,0.314226,6.14764,0.949966,1.62693
-1.12,9.54991,0.330861,5.98288,0.939727,1.62693
-1.08,9.39283,0.347658,5.82008,0.929446,1.62693
-1.04,9.23606,0.364604,5.65944,0.919132,1.62693
-1,9.07976,0.381685,5.50109,0.908796,1.62693
-0.96,8.92406,0.398891,5.34518,0.898444,1.62693
-0.92,8.7691,0.416209,5.19182,0.888087,1.62693
-0.88,8.61501,0.433628,5.04111,0.877731,1.62693
-0.84,8.46189,0.451138,4.89314,0.867385,1.62693
-0.8,8.30986,0.468727,4.74801,0.857056,1.62693
-0.76,8.15903,0.486383,4.60578,0.846751,1.62693
-0.72,8.00952,0.504094,4.46653,0.836479,1.62693
-0.68,7.86145,0.521847,4.33034,0.826249,1.62693
-0.64,7.71495,0.539624,4.19729,0.81607,1.62693
-0.6,7.57018,0.557407,4.06747,0.805953,1.62693
-0.56,7.4273,0.575175,3.94098,0.795911,1.62693
-0.52,7.28652,0.592897,3.81794,0.785959,1.62693
-0.48,7.14811,0.610538,3.69853,0.776119,1.62693
-0.44,7.01241,0.628049,3.58295,0.766416,1.62693
-0.4,6.87986,0.645366,3.4715,0.756883,1.62693
-0.36,6.75107,0.6624,3.36459,0.747567,1.62693
-0.32,6.62687,0.679028,3.26277,0.738533,1.62693
-0.28,6.50843,0.695074,3.16687,0.72987,1.62693
-0.24,6.39739,0.710291,3.07802,0.721705,1.62693
-0.2,6.29603,0.724334,2.99781,0.714214,1.62693
-0.16,6.20734,0.736742,2.92834,0.707632,1.62693
-0.12,6.1348,0.746972,2.87204,0.702234,1.62693
-0.08,6.0813,0.754553,2.83086,0.698255,1.62693
-0.04,6.047,0.759405,2.8047,0.695725,1.62693
0,6.02752,0.76212,2.79004,0.694326,1.62693
0.04,6.01599,0.76368,2.78155,0.69354,1.62693
0.08,6.00785,0.76474,2.77571,0.693021,1.62693
0.12,6.00178,0.765494,2.77149,0.692667,1.62693
0.16,5.99707,0.76604,2.76836,0.692427,1.62693
0.2,5.99329,0.766443,2.76597,0.692268,1.62693
0.24,5.99015,0.766742,2.76413,0.692169,1.62693
0.28,5.98744,0.766966,2.76267,0.692116,1.62693
0.32,5.98502,0.767135,2.76149,0.692101,1.62693
0.36,5.98279,0.767261,2.76053,0.692117,1.62693
0.4,5.98063,0.767356,2.75972,0.692164,1.62693
0.44,5.97845,0.767427,2.75902,0.692242,1.62693
0.48,5.97613,0.767479,2.75842,0.692359,1.62693
0.52,5.97347,0.767516,2.75788,0.692533,1.62693
0.56,5.97011,0.767541,2.75739,0.6928,1.62693
0.6,5.96547,0.767556,2.75694,0.693225,1.62693
0.64,5.95858,0.767563,2.75652,0.69392,1.62693
0.68,5.94793,0.767564,2.75612,0.695062,1.62693
0.72,5.9313,0.767558,2.75574,0.696913,1.62693
0.76,5.90569,0.767548,2.75536,0.699842,1.62693
0.8,5.86728,0.767533,2.755,0.70433,1.62693
0.84,5.81165,0.767514,2.75464,0.710979,1.62693
0.88,5.73413,0.767491,2.75429,0.720499,1.62693
0.92,5.63035,0.767464,2.75394,0.733687,1.62693
0.96,5.49693,0.767435,2.7536,0.751402,1.62693
1,5.33215,0.767402,2.75327,0.774528,1.62693
1.04,5.13654,0.767366,2.75294,0.803929,1.62693
1.08,4.91312,0.767328,2.75262,0.840389,1.62693
1.12,4.66739,0.767287,2.75232,0.884535,1.62693
1.16,4.40688,0.767244,2.75202,0.936724,1.62693
1.2,4.1404,0.767198,2.75173,0.996908,1.62693
1.24,3.87718,0.76715,2.75146,1.06448,1.62693
1.28,3.62585,0.767099,2.7512,1.13816,1.62693
1.32,3.3937,0.767046,2.75094,1.2159,1.62693
1.36,3.18611,0.76699,2.75069,1.29501,1.62693
1.4,3.00625,0.766932,2.75045,1.37236,1.62693
1.44,2.85516,0.766871,2.75021,1.44486,1.62693
1.48,2.73201,0.766806,2.74997,1.50986,1.62693
1.52,2.63457,0.766739,2.74973,1.56556,1.62693
1.56,2.55968,0.766668,2.74948,1.61123,1.62693
1.6,2.50372,0.766594,2.74923,1.64709,1.62693
1.64,2.46306,0.766516,2.74897,1.67412,1.62693
1.68,2.43431,0.766435,2.7487,1.69373,1.62693
1.72,2.41451,0.766349,2.74842,1.70744,1.62693
1.76,2.40121,0.76626,2.74812,1.71671,1.62693
1.8,2.3925,0.766165,2.74781,1.72277,1.62693
1.84,2.38692,0.766066,2.74749,1.72659,1.62693
1.88,2.3834,0.765961,2.74715,1.72893,1.62693
1.92,2.3812,0.765849,2.74678,1.73029,1.62693
1.96,2.37982,0.76573,2.74639,1.73105,1.62693
2,2.37894,0.765601,2.74597,1.73142,1.62693
2.04,2.37833,0.765458,2.7455,1.73157,1.62693
2.08,2.37786,0.765297,2.74497,1.73158,1.62693
2.12,2.37743,0.765106,2.74434,1.7315,1.62693
2.16,2.37698,0.764868,2.74356,1.73134,1.62693
2.2,2.37641,0.764552,2.74252,1.73109,1.62693
2.24,2.37562,0.764097,2.74103,1.73072,1.62693
2.28,2.37443,0.763401,2.73873,1.73014,1.62693
2.32,2.3725,0.762275,2.73503,1.72921,1.62693
2.36,2.36927,0.760384,2.72882,1.72763,1.62693
2.4,2.36371,0.757131,2.71816,1.72493,1.62693
2.44,2.35406,0.751466,2.69968,1.72023,1.62693
2.48,2.33729,0.741574,2.66768,1.71203,1.62693
2.52,2.30841,0.724419,2.61291,1.69786,1.62693
2.56,2.25986,0.695191,2.52178,1.67385,1.62693
2.6,2.18166,0.647097,2.3776,1.63472,1.62693
2.64,2.06459,0.572639,2.16786,1.57503,1.62693
2.68,1.90834,0.468415,1.8999,1.49337,1.62693
2.72,1.73148,0.34324,1.614,1.39823,1.62693
2.76,1.56879,0.22069,1.36823,1.30824,1.62693
2.8,1.44867,0.125152,1.1978,1.24023,1.62693
2.84,1.37537,0.0644818,1.09846,1.198,1.62693
2.88,1.33623,0.0312841,1.04688,1.17518,1.62693
2.92,1.31693,0.0146868,1.0218,1.16384,1.62693
2.96,1.3078,0.00677991,1.01002,1.15846,1.62693
3,1.30357,0.00310307,1.00458,1.15596,1.62693
3.04,1.30162,0.00141353,1.00208,1.15481,1.62693
3.08,1.30074,0.000641931,1.00095,1.15428,1.62693
3.12,1.30033,0.000290804,1.00043,1.15404,1.62693
3.16,1.30015,0.000131428,1.00019,1.15394,1.62693
3.2,1.30007,5.925e-05,1.00009,1.15389,1.62693
3.24,1.30003,2.66374e-05,1.00004,1.15386,1.62693
3.28,1.30001,1.19387e-05,1.00002,1.15385,1.62693
3.32,1.30001,5.33254e-06,1.00001,1.15385,1.62693
3.36,1.3,2.37282e-06,1,1.15385,1.62693
3.4,1.3,1.05145e-06,1,1.15385,1.62693
3.44,1.3,4.63819e-07,1,1.15385,1.62693
3.48,1.3,2.03603e-07,1,1.15385,1.62693
3.52,1.3,8.89093e-08,1,1.15385,1.62693
3.56,1.3,3.86089e-08,1,1.15385,1.62693
3.6,1.3,1.66674e-08,1,1.15385,1.62693
3.64,1.3,7.15082e-09,1,1.15385,1.62693
3.68,1.3,3.04809e-09,1,1.15385,1.62693
3.72,1.3,1.29053e-09,1,1.15385,1.62693
3.76,1.3,5.42584e-10,1,1.15385,1.62693
3.8,1.3,2.2648e-10,1,1.15385,1.62693
3.84,1.3,9.38354e-11,1,1.15385,1.62693
3.88,1.3,3.85828e-11,1,1.15385,1.62693
3.92,1.3,1.57412e-11,1,1.15385,1.62693
3.96,1.3,6.37139e-12,1,1.15385,1.62693
4,1.3,2.55813e-12,1,1.15385,1.62693
4.04,1.3,1.01867e-12,1,1.15385,1.62693
4.08,1.3,4.02182e-13,1,1.15385,1.62693
4.12,1.3,1.57377e-13,1,1.15385,1.62693
4.16,1.3,6.09939e-14,1,1.15385,1.62693
4.2,1.3,2.33835e-14,1,1.15385,1.62693
4.24,1.3,8.8001e-15,1,1.15385,1.62693
4.28,1.3,3.17843e-15,1,1.15385,1.62693
4.32,1.3,9.18256e-16,1,1.15385,1.62693
4.36,1.3,1.34312e-16,1,1.15385,1.62693
4.4,1.3,1.28145e-17,1,1.15385,1.62693
4.44,1.3,1.27043e-18,1,1.15385,1.62693
4.48,1.3,1.25044e-19,1,1.15385,1.62693
4.52,1.3,1.22183e-20,1,1.15385,1.62693
4.56,1.3,1.1902e-21,1,1.15385,1.62693
4.6,1.3,1.15555e-22,1,1.15385,1.62693
4.64,1.3,1.11805e-23,1,1.15385,1.62693
4.68,1.3,1.07864e-24,1,1.15385,1.62693
4.72,1.3,1.03825e-25,1,1.15385,1.62693
4.76,1.3,9.97475e-27,1,1.15385,1.62693
4.8,1.3,9.56641e-28,1,1.15385,1.62693
4.84,1.3,9.15939e-29,1,1.15385,1.62693
4.88,1.3,8.75465e-30,1,1.15385,1.62693
4.92,1.3,8.35242e-31,1,1.15385,1.62693
4.96,1.3,7.95237e-32,1,1.15385,1.62693
5,1.3,7.55387e-33,1,1.15385,1.62693
5.04,1.3,7.15642e-34,1,1.15385,1.62693
5.08,1.3,6.76005e-35,1,1.15385,1.62693
5.12,1.3,6.36553e-36,1,1.15385,1.62693
5.16,1.3,5.97433e-37,1,1.15385,1.62693
5.2,1.3,5.58845e-38,1,1.15385,1.62693
5.24,1.3,5.21014e-39,1,1.15385,1.62693
5.28,1.3,4.84164e-40,1,1.15385,1.62693
5.32,1.3,4.48493e-41,1,1.15385,1.62693
5.36,1.3,4.14161e-42,1,1.15385,1.62693
5.4,1.3,3.81289e-43,1,1.15385,1.62693
5.44,1.3,3.49961e-44,1,1.15385,1.62693
5.48,1.3,3.20228e-45,1,1.15385,1.62693
5.52,1.3,2.9212e-46,1,1.15385,1.62693
5.56,1.3,2.6565e-47,1,1.15385,1.62693
5.6,1.3,2.40816e-48,1,1.15385,1.62693
5.64,1.3,2.1761e-49,1,1.15385,1.62693
5.68,1.3,1.96011e-50,1,1.15385,1.62693
5.72,1.3,1.75991e-51,1,1.15385,1.62693
5.76,1.3,1.57511e-52,1,1.15385,1.62693
5.8,1.3,1.40525e-53,1,1.15385,1.62693
5.84,1.3,1.24975e-54,1,1.15385,1.62693
5.88,1.3,1.10798e-55,1,1.15385,1.62693
5.92,1.3,9.79227e-57,1,1.15385,1.62693
5.96,1.3,8.62738e-58,1,1.15385,1.62693
6,1.3,7.57731e-59,1,1.15385,1.62693
6.04,1.3,6.63416e-60,1,1.15385,1.62693
6.08,1.3,5.79003e-61,1,1.15385,1.62693
6.12,1.3,5.03716e-62,1,1.15385,1.62693
6.16,1.3,4.36805e-63,1,1.15385,1.62693
6.2,1.3,3.77548e-64,1,1.15385,1.62693
6.24,1.3,3.25257e-65,1,1.15385,1.62693
6.28,1.3,2.79281e-66,1,1.15385,1.62693
6.32,1.3,2.39006e-67,1,1.15385,1.62693
6.36,1.3,2.03857e-68,1,1.15385,1.62693
6.4,1.3,1.73296e-69,1,1.15385,1.62693
6.44,1.3,1.46824e-70,1,1.15385,1.62693
6.48,1.3,1.23981e-71,1,1.15385,1.62693
6.52,1.3,1.04343e-72,1,1.15385,1.62693
6.56,1.3,8.75242e-74,1,1.15385,1.62693
6.6,1.3,7.31724e-75,1,1.15385,1.62693
6.64,1.3,6.0971e-76,1,1.15385,1.62693
6.68,1.3,5.06355e-77,1,1.15385,1.62693
6.72,1.3,4.19122e-78,1,1.15385,1.62693
6.76,1.3,3.45759e-79,1,1.15385,1.62693
6.8,1.3,2.84281e-80,1,1.15385,1.62693
6.84,1.3,2.32946e-81,1,1.15385,1.62693
6.88,1.3,1.90233e-82,1,1.15385,1.62693
6.92,1.3,1.54821e-83,1,1.15385,1.62693
6.96,1.3,1.25567e-84,1,1.15385,1.62693
7,1.3,1.01487e-85,1,1.15385,1.62693
7.04,1.3,8.17388e-87,1,1.15385,1.62693
7.08,1.3,6.56018e-88,1,1.15385,1.62693
7.12,1.3,5.24643e-89,1,1.15385,1.62693
7.16,1.3,4.18085e-90,1,1.15385,1.62693
7.2,1.3,3.31979e-91,1,1.15385,1.62693
7.24,1.3,2.62661e-92,1,1.15385,1.62693
7.28,1.3,2.07068e-93,1,1.15385,1.62693
7.32,1.3,1.62652e-94,1,1.15385,1.62693
7.36,1.3,1.27301e-95,1,1.15385,1.62693
7.4,1.3,9.92708e-97,1,1.15385,1.62693
7.44,1.3,7.71307e-98,1,1.15385,1.62693
7.48,1.3,5.97094e-99,1,1.15385,1.62693
7.52,1.3,4.60535e-100,1,1.15385,1.62693
7.56,1.3,3.53901e-101,1,1.15385,1.62693
7.6,1.3,2.70952e-102,1,1.15385,1.62693
7.64,1.3,2.06674e-103,1,1.15385,1.62693
7.68,1.3,1.57057e-104,1,1.15385,1.62693
7.72,1.3,1.18902e-105,1,1.15385,1.62693
7.76,1.3,8.96767e-107,1,1.15385,1.62693
7.8,1.3,6.73771e-108,1,1.15385,1.62693
7.84,1.3,5.04286e-109,1,1.15385,1.62693
7.88,1.3,3.75977e-110,1,1.15385,1.62693
7.92,1.3,2.79225e-111,1,1.15385,1.62693
7.96,1.3,2.06558e-112,1,1.15385,1.62693
8,1.3,1.522e-113,1,1.15385,1.62693
8.04,1.3,1.11702e-114,1,1.15385,1.62693
8.08,1.3,8.1652e-116,1,1.15385,1.62693
8.12,1.3,5.94465e-117,1,1.15385,1.62693
8.16,1.3,4.3105e-118,1,1.15385,1.62693
8.2,1.3,3.1129e-119,1,1.15385,1.62693
8.24,1.3,2.23887e-120,1,1.15385,1.62693
8.28,1.3,1.60366e-121,1,1.15385,1.62693
8.32,1.3,1.14397e-122,1,1.15385,1.62693
8.36,1.3,8.12688e-124,1,1.15385,1.62693
8.4,1.3,5.74965e-125,1,1.15385,1.62693
8.44,1.3,4.05101e-126,1,1.15385,1.62693
8.48,1.3,2.84242e-127,1,1.15385,1.62693
8.52,1.3,1.98615e-128,1,1.15385,1.62693
8.56,1.3,1.38209e-129,1,1.15385,1.62693
8.6,1.3,9.57763e-131,1,1.15385,1.62693
8.64,1.3,6.60966e-132,1,1.15385,1.62693
8.68,1.3,4.54254e-133,1,1.15385,1.62693
8.72,1.3,3.10897e-134,1,1.15385,1.62693
8.76,1.3,2.11901e-135,1,1.15385,1.62693
8.8,1.3,1.4383e-136,1,1.15385,1.62693
8.84,1.3,9.72224e-138,1,1.15385,1.62693
8.88,1.3,6.54459e-139,1,1.15385,1.62693
8.92,1.3,4.38731e-140,1,1.15385,1.62693
8.96,1.3,2.92896e-141,1,1.15385,1.62693
9,1.3,1.94728e-142,1,1.15385,1.62693
9.04,1.3,1.28927e-143,1,1.15385,1.62693
9.08,1.3,8.50075e-145,1,1.15385,1.62693
9.12,1.3,5.58172e-146,1,1.15385,1.62693
9.16,1.3,3.64985e-147,1,1.15385,1.62693
9.2,1.3,2.37671e-148,1,1.15385,1.62693
9.24,1.3,1.54124e-149,1,1.15385,1.62693
9.28,1.3,9.95309e-151,1,1.15385,1.62693
9.32,1.3,6.4008e-152,1,1.15385,1.62693
9.36,1.3,4.09918e-153,1,1.15385,1.62693
9.4,1.3,2.61423e-154,1,1.15385,1.62693
9.44,1.3,1.66025e-155,1,1.15385,1.62693
9.48,1.3,1.04999e-156,1,1.15385,1.62693
9.52,1.3,6.61256e-158,1,1.15385,1.62693
9.56,1.3,4.14696e-159,1,1.15385,1.62693
9.6,1.3,2.58977e-160,1,1.15385,1.62693
9.64,1.3,1.6105e-161,1,1.15385,1.62693
9.68,1.3,9.97301e-163,1,1.15385,1.62693
9.72,1.3,6.14971e-164,1,1.15385,1.62693
9.76,1.3,3.77609e-165,1,1.15385,1.62693
9.8,1.3,2.3088e-166,1,1.15385,1.62693
9.84,1.3,1.40568e-167,1,1.15385,1.62693
9.88,1.3,8.52192e-169,1,1.15385,1.62693
9.92,1.3,5.14554e-170,1,1.15385,1.62693
9.96,1.3,3.27741e-171,1,1.15385,1.62693
10,1.3,3.27741e-171,1,1.15385,1.62693
-10,13,5.42161e-165,10,1.15385,1.71984
-9.96,13,5.42161e-165,10,1.15385,1.71984
-9.92,13,7.81677e-164,10,1.15385,1.71984
-9.88,13,1.19454e-162,10,1.15385,1.71984
-9.84,13,1.81847e-161,10,1.15385,1.71984
-9.8,13,2.75697e-160,10,1.15385,1.71984
-9.76,13,4.16272e-159,10,1.15385,1.71984
-9.72,13,6.25965e-158,10,1.15385,1.71984
-9.68,13,9.37457e-157,10,1.15385,1.71984
-9.64,13,1.39826e-155,10,1.15385,1.71984
-9.6,13,2.07711e-154,10,1.15385,1.71984
-9.56,13,3.07306e-153,10,1.15385,1.71984
-9.52,13,4.52823e-152,10,1.15385,1.71984
-9.48,13,6.64557e-151,10,1.15385,1.71984
-9.44,13,9.71375e-150,10,1.15385,1.71984
-9.4,13,1.41415e-148,10,1.15385,1.71984
-9.36,13,2.05049e-147,10,1.15385,1.71984
-9.32,13,2.96127e-146,10,1.15385,1.71984
-9.28,13,4.25951e-145,10,1.15385,1.71984
-9.24,13,6.10244e-144,10,1.15385,1.71984
-9.2,13,8.70783e-143,10,1.15385,1.71984
-9.16,13,1.2376e-141,10,1.15385,1.71984
-9.12,13,1.75193e-140,10,1.15385,1.71984
-9.08,13,2.47012e-139,10,1.15385,1.71984
-9.04,13,3.46885e-138,10,1.15385,1.71984
-9,13,4.85198e-137,10,1.15385,1.71984
-8.96,13,6.75954e-136,10,1.15385,1.71984
-8.92,13,9.3795e-135,10,1.15385,1.71984
-8.88,13,1.2963e-133,10,1.15385,1.71984
-8.84,13,1.78441e-132,10,1.15385,1.71984
-8.8,13,2.4465e-131,10,1.15385,1.71984
-8.76,13,3.34084e-130,10,1.15385,1.71984
-8.72,13,4.54386e-129,10,1.15385,1.71984
-8.68,13,6.15534e-128,10,1.15385,1.71984
-8.64,13,8.30493e-127,10,1.15385,1.71984
-8.6,13,1.11603e-125,10,1.15385,1.71984
-8.56,13,1.49373e-124,10,1.15385,1.71984
-8.52,13,1.99124e-123,10,1.15385,1.71984
-8.48,13,2.64381e-122,10,1.15385,1.71984
-8.44,13,3.49617e-121,10,1.15385,1.71984
-8.4,13,4.60482e-120,10,1.15385,1.71984
-8.36,13,6.04077e-119,10,1.15385,1.71984
-8.32,13,7.89284e-118,10,1.15385,1.71984
-8.28,13,1.02716e-116,10,1.15385,1.71984
-8.24,13,1.33141e-115,10,1.15385,1.71984
-8.2,13,1.71892e-114,10,1.15385,1.71984
-8.16,13,2.21042e-113,10,1.15385,1.71984
-8.12,13,2.83123e-112,10,1.15385,1.71984
-8.08,13,3.61213e-111,10,1.15385,1.71984
-8.04,13,4.59032e-110,10,1.15385,1.71984
-8,13,5.8106e-109,10,1.15385,1.71984
-7.96,13,7.32664e-108,10,1.15385,1.71984
-7.92,13,9.2024e-107,10,1.15385,1.71984
-7.88,13,1.15138e-105,10,1.15385,1.71984
-7.84,13,1.43502e-104,10,1.15385,1.71984
-7.8,13,1.7817e-103,10,1.15385,1.71984
-7.76,13,2.20369e-102,10,1.15385,1.71984
-7.72,13,2.71528e-101,10,1.15385,1.71984
-7.68,13,3.33298e-100,10,1.15385,1.71984
-7.64,13,4.07579e-99,10,1.15385,1.71984
-7.6,13,4.96545e-98,10,1.15385,1.71984
-7.56,13,6.02669e-97,10,1.15385,1.71984
-7.52,13,7.28748e-96,10,1.15385,1.71984
-7.48,13,8.7793e-95,10,1.15385,1.71984
-7.44,13,1.05374e-93,10,1.15385,1.71984
-7.4,13,1.26008e-92,10,1.15385,1.71984
-7.36,13,1.50127e-91,10,1.15385,1.71984
-7.32,13,1.78207e-90,10,1.15385,1.71984
-7.28,13,2.10764e-89,10,1.15385,1.71984
-7.24,13,2.48356e-88,10,1.15385,1.71984
-7.2,13,2.91586e-87,10,1.15385,1.71984
-7.16,13,3.41093e-86,10,1.15385,1.71984
-7.12,13,3.97555e-85,10,1.15385,1.71984
-7.08,13,4.61681e-84,10,1.15385,1.71984
-7.04,13,5.34208e-83,10,1.15385,1.71984
-7,13,6.1589e-82,10,1.15385,1.71984
-6.96,13,7.07496e-81,10,1.15385,1.71984
-6.92,13,8.09795e-80,10,1.15385,1.71984
-6.88,13,9.23546e-79,10,1.15385,1.71984
-6.84,13,1.04949e-77,10,1.15385,1.71984
-6.8,13,1.18832e-76,10,1.15385,1.71984
-6.76,13,1.34071e-75,10,1.15385,1.71984
-6.72,13,1.50724e-74,10,1.15385,1.71984
-6.68,13,1.68842e-73,10,1.15385,1.71984
-6.64,13,1.88468e-72,10,1.15385,1.71984
-6.6,13,2.09635e-71,10,1.15385,1.71984
-6.56,13,2.32363e-70,10,1.15385,1.71984
-6.52,13,2.5666e-69,10,1.15385,1.71984
-6.48,13,2.82523e-68,10,1.15385,1.71984
-6.44,13,3.09931e-67,10,1.15385,1.71984
-6.4,13,3.38853e-66,10,1.15385,1.71984
-6.36,13,3.69241e-65,10,1.15385,1.71984
-6.32,13,4.01033e-64,10,1.15385,1.71984
-6.28,13,4.3415e-63,10,1.15385,1.71984
-6.24,13,4.68499e-62,10,1.15385,1.71984
-6.2,13,5.03971e-61,10,1.15385,1.71984
-6.16,13,5.40439e-60,10,1.15385,1.71984
-6.12,13,5.77758e-59,10,1.15385,1.71984
-6.08,13,6.15764e-58,10,1.15385,1.71984
-6.04,13,6.54273e-57,10,1.15385,1.71984
-6,13,6.93079e-56,10,1.15385,1.71984
-5.96,13,7.31955e-55,10,1.15385,1.71984
-5.92,13,7.70652e-54,10,1.15385,1.71984
-5.88,13,8.08897e-53,10,1.15385,1.71984
-5.84,13,8.46401e-52,10,1.15385,1.71984
-5.8,13,8.82858e-51,10,1.15385,1.71984
-5.76,13,9.1795e-50,10,1.15385,1.71984
-5.72,13,9.51357e-49,10,1.15385,1.71984
-5.68,13,9.82758e-48,10,1.15385,1.71984
-5.64,13,1.01185e-46,10,1.15385,1.71984
-5.6,13,1.03834e-45,10,1.15385,1.71984
-5.56,13,1.06198e-44,10,1.15385,1.71984
-5.52,13,1.08255e-43,10,1.15385,1.71984
-5.48,13,1.09987e-42,10,1.15385,1.71984
-5.44,13,1.11383e-41,10,1.15385,1.71984
-5.4,13,1.12435e-40,10,1.15385,1.71984
-5.36,13,1.13142e-39,10,1.15385,1.71984
-5.32,13,1.13507e-38,10,1.15385,1.71984
-5.28,13,1.13538e-37,10,1.15385,1.71984
-5.24,13,1.13249e-36,10,1.15385,1.71984
-5.2,13,1.12654e-35,10,1.15385,1.71984
-5.16,13,1.11771e-34,10,1.15385,1.71984
-5.12,13,1.10622e-33,10,1.15385,1.71984
-5.08,13,1.09228e-32,10,1.15385,1.71984
-5.04,13,1.07611e-31,10,1.15385,1.71984
-5,13,1.05793e-30,10,1.15385,1.71984
-4.96,13,1.03793e-29,10,1.15385,1.71984
-4.92,13,1.01626e-28,10,1.15385,1.71984
-4.88,13,9.93032e-28,10,1.15385,1.71984
-4.84,13,9.68342e-27,10,1.15385,1.71984
-4.8,13,9.42263e-26,10,1.15385,1.71984
-4.76,13,9.14833e-25,10,1.15385,1.71984
-4.72,13,8.85997e-24,10,1.15385,1.71984
-4.68,13,8.55533e-23,10,1.15385,1.71984
-4.64,13,8.23121e-22,10,1.15385,1.71984
-4.6,13,7.88774e-21,10,1.15385,1.71984
-4.56,13,7.53558e-20,10,1.15385,1.71984
-4.52,13,7.18737e-19,10,1.15385,1.71984
-4.48,13,6.79846e-18,10,1.15385,1.71984
-4.44,13,6.39253e-17,10,1.15385,1.71984
-4.4,13,5.07838e-16,10,1.15385,1.71984
-4.36,13,1.90988e-15,10,1.15385,1.71984
-4.32,13,5.12528e-15,10,1.15385,1.71984
-4.28,13,1.25397e-14,10,1.15385,1.71984
-4.24,13,2.99423e-14,10,1.15385,1.71984
-4.2,13,7.03681e-14,10,1.15385,1.71984
-4.16,13,1.63157e-13,10,1.15385,1.71984
-4.12,13,3.73979e-13,10,1.15385,1.71984
-4.08,13,8.47999e-13,10,1.15385,1.71984
-4.04,13,1.90162e-12,10,1.15385,1.71984
-4,13,4.21696e-12,10,1.15385,1.71984
-3.96,13,9.2481e-12,10,1.15385,1.71984
-3.92,13,2.00556e-11,10,1.15385,1.71984
-3.88,13,4.30032e-11,10,1.15385,1.71984
-3.84,13,9.11608e-11,10,1.15385,1.71984
-3.8,13,1.91035e-10,10,1.15385,1.71984
-3.76,13,3.95705e-10,10,1.15385,1.71984
-3.72,13,8.10096e-10,10,1.15385,1.71984
-3.68,13,1.63893e-09,10,1.15385,1.71984
-3.64,13,3.27639e-09,10,1.15385,1.71984
-3.6,13,6.47133e-09,10,1.15385,1.71984
-3.56,13,1.26271e-08,10,1.15385,1.71984
-3.52,13,2.43374e-08,10,1.15385,1.71984
-3.48,13,4.63292e-08,10,1.15385,1.71984
-3.44,13,8.70944e-08,10,1.15385,1.71984
-3.4,13,1.61669e-07,10,1.15385,1.71984
-3.36,13,2.96284e-07,10,1.15385,1.71984
-3.32,13,5.36015e-07,9.99999,1.15385,1.71984
-3.28,13,9.57139e-07,9.99999,1.15385,1.71984
-3.24,13,1.68672e-06,9.99998,1.15385,1.71984
-3.2,13,2.93306e-06,9.99996,1.15384,1.71984
-3.16,12.9999,5.03205e-06,9.99993,1.15384,1.71984
-3.12,12.9999,8.51634e-06,9.99987,1.15384,1.71984
-3.08,12.9998,1.42161e-05,9.99979,1.15384,1.71984
-3.04,12.9997,2.34023e-05,9.99966,1.15383,1.71984
-3,12.9996,3.79862e-05,9.99944,1.15382,1.71984
-2.96,12.9993,6.07874e-05,9.99911,1.1538,1.71984
-2.92,12.9989,9.58858e-05,9.99859,1.15378,1.71984
-2.88,12.9983,0.000149068,9.99781,1.15374,1.71984
-2.84,12.9974,0.00022837,9.99664,1.15369,1.71984
-2.8,12.996,0.000344714,9.99493,1.15361,1.71984
-2.76,12.9941,0.000512612,9.99246,1.1535,1.71984
-2.72,12.9914,0.000750898,9.98895,1.15334,1.71984
-2.68,12.9876,0.00108342,9.98406,1.15311,1.71984
-2.64,12.9823,0.00153962,9.97736,1.1528,1.71984
-2.6,12.9753,0.00215485,9.96832,1.15238,1.71984
-2.56,12.9659,0.00297043,9.95635,1.15183,1.71984
-2.52,12.9537,0.00403322,9.94077,1.15111,1.71984
-2.48,12.9382,0.00539472,9.92084,1.15018,1.71984
-2.44,12.9185,0.00710976,9.89577,1.14902,1.71984
-2.4,12.8942,0.00923464,9.86479,1.14758,1.71984
-2.36,12.8647,0.0118251,9.82712,1.14582,1.71984
-2.32,12.8293,0.0149341,9.78205,1.14372,1.71984
-2.28,12.7875,0.0186094,9.72899,1.14123,1.71984
-2.24,12.7389,0.0228923,9.66744,1.13834,1.71984
-2.2,12.6831,0.0278152,9.59707,1.13502,1.71984
-2.16,12.6201,0.0334018,9.51771,1.13125,1.71984
-2.12,12.5497,0.0396655,9.42933,1.12704,1.71984
-2.08,12.4719,0.0466106,9.33211,1.12238,1.71984
-2.04,12.3869,0.0542325,9.22632,1.11727,1.71984
-2,12.2949,0.0625185,9.11239,1.11173,1.71984
-1.96,12.1962,0.0714493,8.99085,1.10578,1.71984
-1.92,12.0913,0.0810004,8.86228,1.09942,1.71984
-1.88,11.9804,0.0911431,8.72735,1.0927,1.71984
-1.84,11.8642,0.101846,8.58673,1.08562,1.71984
-1.8,11.7431,0.113076,8.44113,1.07822,1.71984
-1.76,11.6175,0.1248,8.29122,1.07053,1.71984
-1.72,11.4879,0.136984,8.13767,1.06256,1.71984
-1.68,11.3547,0.149595,7.98113,1.05434,1.71984
-1.64,11.2184,0.162602,7.82219,1.04589,1.71984
-1.6,11.0794,0.175974,7.66141,1.03725,1.71984
-1.56,10.9381,0.189682,7.49932,1.02842,1.71984
-1.52,10.7948,0.203701,7.3364,1.01943,1.71984
-1.48,10.6499,0.218006,7.17306,1.0103,1.71984
-1.44,10.5035,0.232573,7.00972,1.00105,1.71984
-1.4,10.3561,0.247381,6.84671,0.991688,1.71984
-1.36,10.2079,0.262412,6.68435,0.98223,1.71984
-1.32,10.0591,0.277646,6.52292,0.972691,1.71984
-1.28,9.90988,0.293069,6.36268,0.963082,1.71984
-1.24,9.76047,0.308664,6.20384,0.953414,1.71984
-1.2,9.61102,0.324418,6.0466,0.943699,1.71984
-1.16,9.4617,0.340319,5.89114,0.933944,1.71984
-1.12,9.31266,0.356354,5.73759,0.92416,1.71984
-1.08,9.16401,0.372512,5.5861,0.914353,1.71984
-1.04,9.01589,0.388783,5.43678,0.904532,1.71984
-1,8.86841,0.405158,5.28973,0.894704,1.71984
-0.96,8.72166,0.421627,5.14505,0.884874,1.71984
-0.92,8.57576,0.43818,5.00281,0.87505,1.71984
-0.88,8.43079,0.454809,4.86309,0.865239,1.71984
-0.84,8.28684,0.471504,4.72596,0.855445,1.71984
-0.8,8.14402,0.488256,4.59147,0.845676,1.71984
-0.76,8.00242,0.505054,4.45969,0.835939,1.71984
-0.72,7.86212,0.521886,4.33067,0.82624,1.71984
-0.68,7.72326,0.53874,4.20447,0.816587,1.71984
-0.64,7.58593,0.5556,4.08118,0.80699,1.71984
-0.6,7.4503,0.572448,3.96087,0.797459,1.71984
-0.56,7.31651,0.58926,3.84364,0.788006,1.71984
-0.52,7.18479,0.606009,3.72962,0.778648,1.71984
-0.48,7.05539,0.622658,3.61897,0.769404,1.71984
-0.44,6.92865,0.639156,3.51191,0.760301,1.71984
-0.4,6.80503,0.655438,3.40874,0.751372,1.71984
-0.36,6.68514,0.671413,3.30988,0.742666,1.71984
-0.32,6.56981,0.686956,3.21591,0.734247,1.71984
-0.28,6.46024,0.701889,3.12764,0.726206,1.71984
-0.24,6.35804,0.715968,3.04622,0.71867,1.71984
-0.2,6.26543,0.728854,2.97319,0.711809,1.71984
-0.16,6.18522,0.740114,2.91053,0.705844,1.71984
-0.12,6.12047,0.749269,2.86037,0.701018,1.71984
-0.08,6.07337,0.755951,2.82417,0.697513,1.71984
-0.04,6.04337,0.760195,2.80131,0.695301,1.71984
0,6.02607,0.762607,2.7883,0.69406,1.71984
0.04,6.01552,0.764037,2.78052,0.693338,1.71984
0.08,6.008,0.76502,2.77512,0.692855,1.71984
0.12,6.00237,0.765723,2.77119,0.692523,1.71984
0.16,5.998,0.766236,2.76826,0.692295,1.71984
0.2,5.9945,0.766615,2.76603,0.692141,1.71984
0.24,5.9916,0.766898,2.76429,0.692042,1.71984
0.28,5.98911,0.767112,2.76292,0.691986,1.71984
0.32,5.98691,0.767273,2.76181,0.691963,1.71984
0.36,5.98489,0.767396,2.7609,0.691968,1.71984
0.4,5.98298,0.767488,2.76014,0.691999,1.71984
0.44,5.9811,0.767558,2.75949,0.692052,1.71984
0.48,5.97919,0.76761,2.75892,0.692132,1.71984
0.52,5.97713,0.767649,2.75842,0.692244,1.71984
0.56,5.97477,0.767676,2.75797,0.692403,1.71984
0.6,5.97184,0.767694,2.75755,0.692638,1.71984
0.64,5.96787,0.767704,2.75716,0.693,1.71984
0.68,5.96211,0.767709,2.75679,0.693577,1.71984
0.72,5.95334,0.767707,2.75643,0.694509,1.71984
0.76,5.9398,0.767702,2.75609,0.696006,1.71984
0.8,5.91904,0.767692,2.75576,0.698363,1.71984
0.84,5.88787,0.767678,2.75543,0.701976,1.71984
0.88,5.84249,0.767661,2.75511,0.707346,1.71984
0.92,5.77868,0.767641,2.75479,0.715075,1.71984
0.96,5.69223,0.767618,2.75448,0.725852,1.71984
1,5.57947,0.767592,2.75416,0.740437,1.71984
1.04,5.43789,0.767564,2.75386,0.75963,1.71984
1.08,5.26667,0.767533,2.75356,0.78424,1.71984
1.12,5.0671,0.767499,2.75327,0.815042,1.71984
1.16,4.84273,0.767464,2.75298,0.852716,1.71984
1.2,4.59921,0.767426,2.7527,0.897775,1.71984
1.24,4.34385,0.767386,2.75244,0.950461,1.71984
1.28,4.0849,0.767345,2.75218,1.01062,1.71984
1.32,3.83077,0.767301,2.75193,1.07756,1.71984
1.36,3.58922,0.767254,2.7517,1.14998,1.71984
1.4,3.36667,0.767206,2.75147,1.2259,1.71984
1.44,3.16778,0.767156,2.75124,1.30276,1.71984
1.48,2.99527,0.767103,2.75102,1.37769,1.71984
1.52,2.84993,0.767048,2.75081,1.44783,1.71984
1.56,2.73093,0.76699,2.75059,1.5108,1.71984
1.6,2.63619,0.76693,2.75037,1.56497,1.71984
1.64,2.56281,0.766866,2.75015,1.60965,1.71984
1.68,2.50748,0.766801,2.74993,1.64504,1.71984
1.72,2.46685,0.766732,2.7497,1.67199,1.71984
1.76,2.43777,0.76666,2.74946,1.69179,1.71984
1.8,2.41747,0.766584,2.74921,1.70584,1.71984
1.84,2.40365,0.766506,2.74895,1.71548,1.71984
1.88,2.39446,0.766423,2.74868,1.7219,1.71984
1.92,2.38846,0.766337,2.7484,1.72604,1.71984
1.96,2.38463,0.766247,2.7481,1.72863,1.71984
2,2.38222,0.766151,2.74779,1.73019,1.71984
2.04,2.3807,0.76605,2.74746,1.73108,1.71984
2.08,2.37973,0.765943,2.74711,1.73157,1.71984
2.12,2.37909,0.765829,2.74673,1.7318,1.71984
2.16,2.37863,0.765704,2.74632,1.73187,1.71984
2.2,2.37826,0.765566,2.74587,1.73185,1.71984
2.24,2.37793,0.765408,2.74535,1.73177,1.71984
2.28,2.37757,0.76522,2.74473,1.73164,1.71984
2.32,2.37715,0.764982,2.74394,1.73145,1.71984
2.36,2.37659,0.764658,2.74288,1.73119,1.71984
2.4,2.37578,0.764186,2.74132,1.7308,1.71984
2.44,2.37452,0.763452,2.73891,1.73019,1.71984
2.48,2.37247,0.762253,2.73496,1.72919,1.71984
2.52,2.369,0.760228,2.72831,1.72751,1.71984
2.56,2.36304,0.756733,2.71686,1.7246,1.71984
2.6,2.35266,0.75064,2.697,1.71954,1.71984
2.64,2.33464,0.740008,2.66264,1.71074,1.71984
2.68,2.3037,0.721602,2.60401,1.69554,1.71984
2.72,2.25191,0.69036,2.50698,1.6699,1.71984
2.76,2.16914,0.639277,2.35482,1.6284,1.71984
2.8,2.04675,0.561025,2.13657,1.56583,1.71984
2.84,1.88637,0.453298,1.86337,1.48171,1.71984
2.88,1.70925,0.326932,1.57943,1.38608,1.71984
2.92,1.55085,0.20671,1.34218,1.29817,1.71984
2.96,1.43698,0.1156,1.18171,1.23354,1.71984
3,1.36887,0.0590139,1.08983,1.19423,1.71984
3.04,1.33297,0.0284891,1.04262,1.17327,1.71984
3.08,1.31538,0.0133451,1.01979,1.16293,1.71984
3.12,1.30708,0.00615677,1.00909,1.15803,1.71984
3.16,1.30324,0.00281869,1.00416,1.15576,1.71984
3.2,1.30148,0.00128511,1.00189,1.15472,1.71984
3.24,1.30067,0.000584378,1.00086,1.15424,1.71984
3.28,1.3003,0.000265189,1.00039,1.15403,1.71984
3.32,1.30014,0.000120108,1.00018,1.15393,1.71984
3.36,1.30006,5.42867e-05,1.00008,1.15388,1.71984
3.4,1.30003,2.44808e-05,1.00004,1.15386,1.71984
3.44,1.30001,1.10114e-05,1.00002,1.15385,1.71984
3.48,1.30001,4.93873e-06,1.00001,1.15385,1.71984
3.52,1.3,2.20798e-06,1,1.15385,1.71984
3.56,1.3,9.83638e-07,1,1.15385,1.71984
3.6,1.3,4.36505e-07,1,1.15385,1.71984
3.64,1.3,1.9289e-07,1,1.15385,1.71984
3.68,1.3,8.48496e-08,1,1.15385,1.71984
3.72,1.3,3.71423e-08,1,1.15385,1.71984
3.76,1.3,1.61745e-08,1,1.15385,1.71984
3.8,1.3,7.00494e-09,1,1.15385,1.71984
3.84,1.3,3.01624e-09,1,1.15385,1.71984
3.88,1.3,1.29092e-09,1,1.15385,1.71984
3.92,1.3,5.49028e-10,1,1.15385,1.71984
3.96,1.3,2.31979e-10,1,1.15385,1.71984
4,1.3,9.73575e-11,1,1.15385,1.71984
4.04,1.3,4.0576e-11,1,1.15385,1.71984
4.08,1.3,1.67906e-11,1,1.15385,1.71984
4.12,1.3,6.89751e-12,1,1.15385,1.71984
4.16,1.3,2.81239e-12,1,1.15385,1.71984
4.2,1.3,1.13786e-12,1,1.15385,1.71984
4.24,1.3,4.56768e-13,1,1.15385,1.71984
4.28,1.3,1.81978e-13,1,1.15385,1.71984
4.32,1.3,7.19473e-14,1,1.15385,1.71984
4.36,1.3,2.81725e-14,1,1.15385,1.71984
4.4,1.3,1.0834e-14,1,1.15385,1.71984
4.44,1.3,4.00079e-15,1,1.15385,1.71984
4.48,1.3,1.25113e-15,1,1.15385,1.71984
4.52,1.3,2.30165e-16,1,1.15385,1.71984
4.56,1.3,2.24335e-17,1,1.15385,1.71984
4.6,1.3,2.22253e-18,1,1.15385,1.71984
4.64,1.3,2.21765e-19,1,1.15385,1.71984
4.68,1.3,2.19899e-20,1,1.15385,1.71984
4.72,1.3,2.16619e-21,1,1.15385,1.71984
4.76,1.3,2.12502e-22,1,1.15385,1.71984
4.8,1.3,2.07902e-23,1,1.15385,1.71984
4.84,1.3,2.03054e-24,1,1.15385,1.71984
4.88,1.3,1.98111e-25,1,1.15385,1.71984
4.92,1.3,1.93115e-26,1,1.15385,1.71984
4.96,1.3,1.88031e-27,1,1.15385,1.71984
5,1.3,1.82797e-28,1,1.15385,1.71984
5.04,1.3,1.77364e-29,1,1.15385,1.71984
5.08,1.3,1.71714e-30,1,1.15385,1.71984
5.12,1.3,1.65863e-31,1,1.15385,1.71984
5.16,1.3,1.5985e-32,1,1.15385,1.71984
5.2,1.3,1.53718e-33,1,1.15385,1.71984
5.24,1.3,1.47511e-34,1,1.15385,1.71984
5.28,1.3,1.41266e-35,1,1.15385,1.71984
5.32,1.3,1.35009e-36,1,1.15385,1.71984
5.36,1.3,1.28758e-37,1,1.15385,1.71984
5.4,1.3,1.22525e-38,1,1.15385,1.71984
5.44,1.3,1.16319e-39,1,1.15385,1.71984
5.48,1.3,1.10151e-40,1,1.15385,1.71984
5.52,1.3,1.04031e-41,1,1.15385,1.71984
5.56,1.3,9.79741e-43,1,1.15385,1.71984
5.6,1.3,9.20003e-44,1,1.15385,1.71984
5.64,1.3,8.61312e-45,1,1.15385,1.71984
5.68,1.3,8.03904e-46,1,1.15385,1.71984
5.72,1.3,7.48019e-47,1,1.15385,1.71984
5.76,1.3,6.93882e-48,1,1.15385,1.71984
5.8,1.3,6.41696e-49,1,1.15385,1.71984
5.84,1.3,5.91629e-50,1,1.15385,1.71984
5.88,1.3,5.43816e-51,1,1.15385,1.71984
5.92,1.3,4.98355e-52,1,1.15385,1.71984
5.96,1.3,4.55313e-53,1,1.15385,1.71984
6,1.3,4.14726e-54,1,1.15385,1.71984
6.04,1.3,3.76607e-55,1,1.15385,1.71984
6.08,1.3,3.40947e-56,1,1.15385,1.71984
6.12,1.3,3.07717e-57,1,1.15385,1.71984
6.16,1.3,2.76873e-58,1,1.15385,1.71984
6.2,1.3,2.48354e-59,1,1.15385,1.71984
6.24,1.3,2.22088e-60,1,1.15385,1.71984
6.28,1.3,1.97991e-61,1,1.15385,1.71984
6.32,1.3,1.75967e-62,1,1.15385,1.71984
6.36,1.3,1.55915e-63,1,1.15385,1.71984
6.4,1.3,1.37725e-64,1,1.15385,1.71984
6.44,1.3,1.21285e-65,1,1.15385,1.71984
6.48,1.3,1.06479e-66,1,1.15385,1.71984
6.52,1.3,9.31933e-68,1,1.15385,1.71984
6.56,1.3,8.13126e-69,1,1.15385,1.71984
6.6,1.3,7.07255e-70,1,1.15385,1.71984
6.64,1.3,6.13242e-71,1,1.15385,1.71984
6.68,1.3,5.30048e-72,1,1.15385,1.71984
6.72,1.3,4.56687e-73,1,1.15385,1.71984
6.76,1.3,3.92224e-74,1,1.15385,1.71984
6.8,1.3,3.35781e-75,1,1.15385,1.71984
6.84,1.3,2.86537e-76,1,1.15385,1.71984
6.88,1.3,2.43728e-77,1,1.15385,1.71984
6.92,1.3,2.06645e-78,1,1.15385,1.71984
6.96,1.3,1.7464e-79,1,1.15385,1.71984
7,1.3,1.47115e-80,1,1.15385,1.71984
7.04,1.3,1.23528e-81,1,1.15385,1.71984
7.08,1.3,1.03389e-82,1,1.15385,1.71984
7.12,1.3,8.62533e-84,1,1.15385,1.71984
7.16,1.3,7.17252e-85,1,1.15385,1.71984
7.2,1.3,5.94511e-86,1,1.15385,1.71984
7.24,1.3,4.91175e-87,1,1.15385,1.71984
7.28,1.3,4.04478e-88,1,1.15385,1.71984
7.32,1.3,3.31995e-89,1,1.15385,1.71984
7.36,1.3,2.71605e-90,1,1.15385,1.71984
7.4,1.3,2.21466e-91,1,1.15385,1.71984
7.44,1.3,1.79983e-92,1,1.15385,1.71984
7.48,1.3,1.45781e-93,1,1.15385,1.71984
7.52,1.3,1.17681e-94,1,1.15385,1.71984
7.56,1.3,9.46767e-96,1,1.15385,1.71984
7.6,1.3,7.59102e-97,1,1.15385,1.71984
7.64,1.3,6.06555e-98,1,1.15385,1.71984
7.68,1.3,4.83e-99,1,1.15385,1.71984
7.72,1.3,3.83286e-100,1,1.15385,1.71984
7.76,1.3,3.03105e-101,1,1.15385,1.71984
7.8,1.3,2.38864e-102,1,1.15385,1.71984
7.84,1.3,1.87583e-103,1,1.15385,1.71984
7.88,1.3,1.46796e-104,1,1.15385,1.71984
7.92,1.3,1.14474e-105,1,1.15385,1.71984
7.96,1.3,8.89548e-107,1,1.15385,1.71984
8,1.3,6.88803e-108,1,1.15385,1.71984
8.04,1.3,5.31471e-109,1,1.15385,1.71984
8.08,1.3,4.08616e-110,1,1.15385,1.71984
8.12,1.3,3.13039e-111,1,1.15385,1.71984
8.16,1.3,2.38957e-112,1,1.15385,1.71984
8.2,1.3,1.81749e-113,1,1.15385,1.71984
8.24,1.3,1.37736e-114,1,1.15385,1.71984
8.28,1.3,1.04001e-115,1,1.15385,1.71984
8.32,1.3,7.82411e-117,1,1.15385,1.71984
8.36,1.3,5.86444e-118,1,1.15385,1.71984
8.4,1.3,4.3793e-119,1,1.15385,1.71984
8.44,1.3,3.25805e-120,1,1.15385,1.71984
8.48,1.3,2.41479e-121,1,1.15385,1.71984
8.52,1.3,1.78302e-122,1,1.15385,1.71984
8.56,1.3,1.31153e-123,1,1.15385,1.71984
8.6,1.3,9.61036e-125,1,1.15385,1.71984
8.64,1.3,7.01504e-126,1,1.15385,1.71984
8.68,1.3,5.10084e-127,1,1.15385,1.71984
8.72,1.3,3.69459e-128,1,1.15385,1.71984
8.76,1.3,2.66562e-129,1,1.15385,1.71984
8.8,1.3,1.91571e-130,1,1.15385,1.71984
8.84,1.3,1.37137e-131,1,1.15385,1.71984
8.88,1.3,9.77852e-133,1,1.15385,1.71984
8.92,1.3,6.94507e-134,1,1.15385,1.71984
8.96,1.3,4.91318e-135,1,1.15385,1.71984
9,1.3,3.46202e-136,1,1.15385,1.71984
9.04,1.3,2.42982e-137,1,1.15385,1.71984
9.08,1.3,1.69862e-138,1,1.15385,1.71984
9.12,1.3,1.18275e-139,1,1.15385,1.71984
9.16,1.3,8.20281e-141,1,1.15385,1.71984
9.2,1.3,5.6664e-142,1,1.15385,1.71984
9.24,1.3,3.89875e-143,1,1.15385,1.71984
9.28,1.3,2.67188e-144,1,1.15385,1.71984
9.32,1.3,1.82382e-145,1,1.15385,1.71984
9.36,1.3,1.24e-146,1,1.15385,1.71984
9.4,1.3,8.39716e-148,1,1.15385,1.71984
9.44,1.3,5.66394e-149,1,1.15385,1.71984
9.48,1.3,3.80522e-150,1,1.15385,1.71984
9.52,1.3,2.54632e-151,1,1.15385,1.71984
9.56,1.3,1.69716e-152,1,1.15385,1.71984
9.6,1.3,1.12669e-153,1,1.15385,1.71984
9.64,1.3,7.45004e-155,1,1.15385,1.71984
9.68,1.3,4.90666e-156,1,1.15385,1.71984
9.72,1.3,3.21874e-157,1,1.15385,1.71984
9.76,1.3,2.10308e-158,1,1.15385,1.71984
9.8,1.3,1.36866e-159,1,1.15385,1.71984
9.84,1.3,8.87162e-161,1,1.15385,1.71984
9.88,1.3,5.72767e-162,1,1.15385,1.71984
9.92,1.3,3.68409e-163,1,1.15385,1.71984
9.96,1.3,2.50944e-164,1,1.15385,1.71984
10,1.3,2.50944e-164,1,1.15385,1.71984
-10,13,1.29397e-158,10,1.15385,1.81272
-9.96,13,1.29397e-158,10,1.15385,1.81272
-9.92,13,1.75443e-157,10,1.15385,1.81272
-9.88,13,2.5309e-156,10,1.15385,1.81272
-9.84,13,3.63816e-155,10,1.15385,1.81272
-9.8,13,5.20978e-154,10,1.15385,1.81272
-9.76,13,7.43168e-153,10,1.15385,1.81272
-9.72,13,1.05605e-151,10,1.15385,1.81272
-9.68,13,1.49492e-150,10,1.15385,1.81272
-9.64,13,2.10805e-149,10,1.15385,1.81272
-9.6,13,2.96126e-148,10,1.15385,1.81272
-9.56,13,4.14385e-147,10,1.15385,1.81272
-9.52,13,5.77649e-146,10,1.15385,1.81272
-9.48,13,8.0215e-145,10,1.15385,1.81272
-9.44,13,1.10963e-143,10,1.15385,1.81272
-9.4,13,1.52908e-142,10,1.15385,1.81272
-9.36,13,2.09899e-141,10,1.15385,1.81272
-9.32,13,2.87025e-140,10,1.15385,1.81272
-9.28,13,3.90982e-139,10,1.15385,1.81272
-9.24,13,5.30542e-138,10,1.15385,1.81272
-9.2,13,7.17147e-137,10,1.15385,1.81272
-9.16,13,9.65654e-136,10,1.15385,1.81272
-9.12,13,1.29527e-134,10,1.15385,1.81272
-9.08,13,1.7307e-133,10,1.15385,1.81272
-9.04,13,2.30361e-132,10,1.15385,1.81272
-9,13,3.05436e-131,10,1.15385,1.81272
-8.96,13,4.0342e-130,10,1.15385,1.81272
-8.92,13,5.30788e-129,10,1.15385,1.81272
-8.88,13,6.95685e-128,10,1.15385,1.81272
-8.84,13,9.08313e-127,10,1.15385,1.81272
-8.8,13,1.18138e-125,10,1.15385,1.81272
-8.76,13,1.53067e-124,10,1.15385,1.81272
-8.72,13,1.97566e-123,10,1.15385,1.81272
-8.68,13,2.5403e-122,10,1.15385,1.81272
-8.64,13,3.25391e-121,10,1.15385,1.81272
-8.6,13,4.1522e-120,10,1.15385,1.81272
-8.56,13,5.27846e-119,10,1.15385,1.81272
-8.52,13,6.68495e-118,10,1.15385,1.81272
-8.48,13,8.43445e-117,10,1.15385,1.81272
-8.44,13,1.0602e-115,10,1.15385,1.81272
-8.4,13,1.3277e-114,10,1.15385,1.81272
-8.36,13,1.65651e-113,10,1.15385,1.81272
-8.32,13,2.05912e-112,10,1.15385,1.81272
-8.28,13,2.55015e-111,10,1.15385,1.81272
-8.24,13,3.14668e-110,10,1.15385,1.81272
-8.2,13,3.86856e-109,10,1.15385,1.81272
-8.16,13,4.73871e-108,10,1.15385,1.81272
-8.12,13,5.7835e-107,10,1.15385,1.81272
-8.08,13,7.03311e-106,10,1.15385,1.81272
-8.04,13,8.52185e-105,10,1.15385,1.81272
-8,13,1.02886e-103,10,1.15385,1.81272
-7.96,13,1.23771e-102,10,1.15385,1.81272
-7.92,13,1.48362e-101,10,1.15385,1.81272
-7.88,13,1.77205e-100,10,1.15385,1.81272
-7.84,13,2.10903e-99,10,1.15385,1.81272
-7.8,13,2.50117e-98,10,1.15385,1.81272
-7.76,13,2.95572e-97,10,1.15385,1.81272
-7.72,13,3.48052e-96,10,1.15385,1.81272
-7.68,13,4.08404e-95,10,1.15385,1.81272
-7.64,13,4.77532e-94,10,1.15385,1.81272
-7.6,13,5.56397e-93,10,1.15385,1.81272
-7.56,13,6.46011e-92,10,1.15385,1.81272
-7.52,13,7.47427e-91,10,1.15385,1.81272
-7.48,13,8.61737e-90,10,1.15385,1.81272
-7.44,13,9.90056e-89,10,1.15385,1.81272
-7.4,13,1.13351e-87,10,1.15385,1.81272
-7.36,13,1.29324e-86,10,1.15385,1.81272
-7.32,13,1.47034e-85,10,1.15385,1.81272
-7.28,13,1.66589e-84,10,1.15385,1.81272
-7.24,13,1.88092e-83,10,1.15385,1.81272
-7.2,13,2.11638e-82,10,1.15385,1.81272
-7.16,13,2.37314e-81,10,1.15385,1.81272
-7.12,13,2.65193e-80,10,1.15385,1.81272
-7.08,13,2.95339e-79,10,1.15385,1.81272
-7.04,13,3.27799e-78,10,1.15385,1.81272
-7,13,3.62604e-77,10,1.15385,1.81272
-6.96,13,3.99766e-76,10,1.15385,1.81272
-6.92,13,4.3928e-75,10,1.15385,1.81272
-6.88,13,4.81118e-74,10,1.15385,1.81272
-6.84,13,5.25231e-73,10,1.15385,1.81272
-6.8,13,5.71551e-72,10,1.15385,1.81272
-6.76,13,6.19981e-71,10,1.15385,1.81272
-6.72,13,6.70405e-70,10,1.15385,1.81272
-6.68,13,7.2268e-69,10,1.15385,1.81272
-6.64,13,7.76636e-68,10,1.15385,1.81272
-6.6,13,8.32078e-67,10,1.15385,1.81272
-6.56,13,8.88782e-66,10,1.15385,1.81272
-6.52,13,9.46496e-65,10,1.15385,1.81272
-6.48,13,1.00494e-63,10,1.15385,1.81272
-6.44,13,1.06379e-62,10,1.15385,1.81272
-6.4,13,1.12272e-61,10,1.15385,1.81272
-6.36,13,1.18134e-60,10,1.15385,1.81272
-6.32,13,1.23927e-59,10,1.15385,1.81272
-6.28,13,1.29607e-58,10,1.15385,1.81272
-6.24,13,1.35132e-57,10,1.15385,1.81272
-6.2,13,1.40455e-56,10,1.15385,1.81272
-6.16,13,1.45532e-55,10,1.15385,1.81272
-6.12,13,1.50318e-54,10,1.15385,1.81272
-6.08,13,1.54769e-53,10,1.15385,1.81272
-6.04,13,1.58846e-52,10,1.15385,1.81272
-6,13,1.62512e-51,10,1.15385,1.81272
-5.96,13,1.65736e-50,10,1.15385,1.81272
-5.92,13,1.68491e-49,10,1.15385,1.81272
-5.88,13,1.70759e-48,10,1.15385,1.81272
-5.84,13,1.72527e-47,10,1.15385,1.81272
-5.8,13,1.73788e-46,10,1.15385,1.81272
-5.76,13,1.74545e-45,10,1.15385,1.81272
-5.72,13,1.74805e-44,10,1.15385,1.81272
-5.68,13,1.74581e-43,10,1.15385,1.81272
-5.64,13,1.73891e-42,10,1.15385,1.81272
-5.6,13,1.7276e-41,10,1.15385,1.81272
-5.56,13,1.71212e-40,10,1.15385,1.81272
-5.52,13,1.69274e-39,10,1.15385,1.81272
-5.48,13,1.66976e-38,10,1.15385,1.81272
-5.44,13,1.64343e-37,10,1.15385,1.81272
-5.4,13,1.61402e-36,10,1.15385,1.81272
-5.36,13,1.58175e-35,10,1.15385,1.81272
-5.32,13,1.5468e-34,10,1.15385,1.81272
-5.28,13,1.50933e-33,10,1.15385,1.81272
-5.24,13,1.46945e-32,10,1.15385,1.81272
-5.2,13,1.42726e-31,10,1.15385,1.81272
-5.16,13,1.38288e-30,10,1.15385,1.81272
-5.12,13,1.33648e-29,10,1.15385,1.81272
-5.08,13,1.28828e-28,10,1.15385,1.81272
-5.04,13,1.23864e-27,10,1.15385,1.81272
-5,13,1.18793e-26,10,1.15385,1.81272
-4.96,13,1.13661e-25,10,1.15385,1.81272
-4.92,13,1.08511e-24,10,1.15385,1.81272
-4.88,13,1.03389e-23,10,1.15385,1.81272
-4.84,13,9.83365e-23,10,1.15385,1.81272
-4.8,13,9.33689e-22,10,1.15385,1.81272
-4.76,13,8.84632e-21,10,1.15385,1.81272
-4.72,13,8.36032e-20,10,1.15385,1.81272
-4.68,13,7.87678e-19,10,1.15385,1.81272
-4.64,13,7.34506e-18,10,1.15385,1.81272
-4.6,13,6.79305e-17,10,1.15385,1.81272
-4.56,13,5.3428e-16,10,1.15385,1.81272
-4.52,13,1.97002e-15,10,1.15385,1.81272
-4.48,13,5.17415e-15,10,1.15385,1.81272
-4.44,13,1.23815e-14,10,1.15385,1.81272
-4.4,13,2.90394e-14,10,1.15385,1.81272
-4.36,13,6.7141e-14,10,1.15385,1.81272
-4.32,13,1.53088e-13,10,1.15385,1.81272
-4.28,13,3.45104e-13,10,1.15385,1.81272
-4.24,13,7.69833e-13,10,1.15385,1.81272
-4.2,13,1.69901e-12,10,1.15385,1.81272
-4.16,13,3.70951e-12,10,1.15385,1.81272
-4.12,13,8.01255e-12,10,1.15385,1.81272
-4.08,13,1.71217e-11,10,1.15385,1.81272
-4.04,13,3.61915e-11,10,1.15385,1.81272
-4,13,7.5668e-11,10,1.15385,1.81272
-3.96,13,1.56467e-10,10,1.15385,1.81272
-3.92,13,3.1996e-10,10,1.15385,1.81272
-3.88,13,6.46974e-10,10,1.15385,1.81272
-3.84,13,1.29346e-09,10,1.15385,1.81272
-3.8,13,2.55655e-09,10,1.15385,1.81272
-3.76,13,4.99506e-09,10,1.15385,1.81272
-3.72,13,9.64648e-09,10,1.15385,1.81272
-3.68,13,1.84116e-08,10,1.15385,1.81272
-3.64,13,3.47263e-08,10,1.15385,1.81272
-3.6,13,6.47177e-08,10,1.15385,1.81272
-3.56,13,1.19161e-07,10,1.15385,1.81272
-3.52,13,2.16742e-07,10,1.15385,1.81272
-3.48,13,3.89399e-07,9.99999,1.15385,1.81272
-3.44,13,6.90934e-07,9.99999,1.15385,1.81272
-3.4,13,1.21064e-06,9.99998,1.15385,1.81272
-3.36,13,2.09447e-06,9.99997,1.15384,1.81272
-3.32,13,3.57733e-06,9.99995,1.15384,1.81272
-3.28,12.9999,6.03127e-06,9.99991,1.15384,1.81272
-3.24,12.9999,1.00361e-05,9.99985,1.15384,1.81272
-3.2,12.9998,1.64806e-05,9.99976,1.15383,1.81272
-3.16,12.9997,2.67033e-05,9.99961,1.15383,1.81272
-3.12,12.9995,4.26859e-05,9.99937,1.15382,1.81272
-3.08,12.9992,6.73082e-05,9.99901,1.1538,1.81272
-3.04,12.9988,0.000104678,9.99846,1.15378,1.81272
-3,12.9982,0.000160542,9.99764,1.15374,1.81272
-2.96,12.9972,0.000242779,9.99643,1.15368,1.81272
-2.92,12.9958,0.000361963,9.99467,1.1536,1.81272
-2.88,12.9939,0.000531989,9.99217,1.15348,1.81272
-2.84,12.9912,0.000770696,9.98866,1.15332,1.81272
-2.8,12.9874,0.00110046,9.98381,1.1531,1.81272
-2.76,12.9822,0.00154865,9.97722,1.15279,1.81272
-2.72,12.9754,0.00214791,9.96842,1.15239,1.81272
-2.68,12.9663,0.00293611,9.95685,1.15185,1.81272
-2.64,12.9546,0.00395599,9.9419,1.15116,1.81272
-2.6,12.9398,0.00525434,9.92289,1.15028,1.81272
-2.56,12.9212,0.00688082,9.89912,1.14918,1.81272
-2.52,12.8982,0.00888639,9.86986,1.14782,1.81272
-2.48,12.8704,0.0113215,9.83443,1.14617,1.81272
-2.44,12.8372,0.0142342,9.79218,1.14419,1.81272
-2.4,12.7982,0.0176683,9.74256,1.14187,1.81272
-2.36,12.7528,0.0216614,9.6851,1.13917,1.81272
-2.32,12.7009,0.0262441,9.61949,1.13608,1.81272
-2.28,12.6422,0.0314387,9.54554,1.13258,1.81272
-2.24,12.5767,0.0372589,9.46322,1.12866,1.81272
-2.2,12.5043,0.0437101,9.37263,1.12432,1.81272
-2.16,12.4252,0.0507895,9.274,1.11958,1.81272
-2.12,12.3396,0.0584874,9.16769,1.11443,1.81272
-2.08,12.2477,0.0667876,9.05415,1.10888,1.81272
-2.04,12.1498,0.075669,8.93389,1.10297,1.81272
-2,12.0463,0.0851067,8.80749,1.0967,1.81272
-1.96,11.9377,0.095073,8.67555,1.0901,1.81272
-1.92,11.8244,0.105538,8.53869,1.08319,1.81272
-1.88,11.7067,0.116472,8.39754,1.07599,1.81272
-1.84,11.5851,0.127844,8.25271,1.06854,1.81272
-1.8,11.46,0.139624,8.10478,1.06084,1.81272
-1.76,11.3318,0.151783,7.9543,1.05292,1.81272
-1.72,11.2009,0.164293,7.80181,1.0448,1.81272
-1.68,11.0676,0.177127,7.64779,1.03651,1.81272
-1.64,10.9323,0.190261,7.49268,1.02806,1.81272
-1.6,10.7953,0.20367,7.33691,1.01946,1.81272
-1.56,10.6568,0.217334,7.18084,1.01074,1.81272
-1.52,10.5171,0.231232,7.02481,1.00191,1.81272
-1.48,10.3765,0.245346,6.86913,0.992981,1.81272
-1.44,10.2352,0.259659,6.71407,0.983968,1.81272
-1.4,10.0933,0.274155,6.55988,0.974882,1.81272
-1.36,9.95114,0.28882,6.40677,0.965734,1.81272
-1.32,9.80876,0.303641,6.25494,0.956533,1.81272
-1.28,9.66635,0.318605,6.10455,0.947289,1.81272
-1.24,9.52405,0.333702,5.95576,0.938009,1.81272
-1.2,9.38198,0.348921,5.8087,0.928701,1.81272
-1.16,9.24026,0.364252,5.66349,0.919372,1.81272
-1.12,9.099,0.379687,5.52023,0.910028,1.81272
-1.08,8.95829,0.395217,5.37902,0.900677,1.81272
-1.04,8.81823,0.410834,5.23993,0.891323,1.81272
-1,8.6789,0.42653,5.10303,0.881972,1.81272
-0.96,8.54038,0.442297,4.96839,0.872629,1.81272
-0.92,8.40275,0.458128,4.83606,0.8633,1.81272
-0.88,8.26609,0.474016,4.7061,0.85399,1.81272
-0.84,8.13047,0.48995,4.57856,0.844704,1.81272
-0.8,7.99597,0.505924,4.45348,0.835448,1.81272
-0.76,7.86268,0.521928,4.33091,0.826228,1.81272
-0.72,7.73069,0.53795,4.2109,0.81705,1.81272
-0.68,7.60009,0.553977,4.09352,0.807922,1.81272
-0.64,7.471,0.569996,3.97882,0.798852,1.81272
-0.6,7.34355,0.585987,3.86688,0.789852,1.81272
-0.56,7.21792,0.601928,3.7578,0.780932,1.81272
-0.52,7.09431,0.617788,3.65172,0.772109,1.81272
-0.48,6.97297,0.633532,3.5488,0.763404,1.81272
-0.44,6.85426,0.649107,3.44926,0.754842,1.81272
-0.4,6.73864,0.664447,3.35341,0.74646,1.81272
-0.36,6.62672,0.679459,3.26169,0.738304,1.81272
-0.32,6.51936,0.694015,3.17468,0.730441,1.81272
-0.28,6.41775,0.707937,3.0932,0.722963,1.81272
-0.24,6.3235,0.720982,3.01839,0.715993,1.81272
-0.2,6.23873,0.732822,2.95175,0.709699,1.81272
-0.16,6.16607,0.743053,2.89512,0.704286,1.81272
-0.12,6.10816,0.751257,2.85033,0.699965,1.81272
-0.08,6.06658,0.757164,2.81841,0.696869,1.81272
-0.04,6.0402,0.760896,2.79833,0.694925,1.81272
0,6.02474,0.76305,2.78671,0.693817,1.81272
0.04,6.01505,0.764365,2.77957,0.693153,1.81272
0.08,6.0081,0.765278,2.77455,0.692704,1.81272
0.12,6.00287,0.765934,2.77089,0.692392,1.81272
0.16,5.99881,0.766415,2.76815,0.692175,1.81272
0.2,5.99555,0.766773,2.76606,0.692027,1.81272
0.24,5.99286,0.767041,2.76443,0.69193,1.81272
0.28,5.99056,0.767244,2.76313,0.691872,1.81272
0.32,5.98854,0.767399,2.76209,0.691844,1.81272
0.36,5.9867,0.767517,2.76123,0.691841,1.81272
0.4,5.98498,0.767607,2.76051,0.69186,1.81272
0.44,5.98332,0.767676,2.7599,0.691899,1.81272
0.48,5.98166,0.767728,2.75937,0.691956,1.81272
0.52,5.97995,0.767767,2.75889,0.692036,1.81272
0.56,5.97811,0.767795,2.75847,0.692142,1.81272
0.6,5.976,0.767815,2.75807,0.692287,1.81272
0.64,5.97343,0.767829,2.75771,0.692494,1.81272
0.68,5.97001,0.767836,2.75737,0.692805,1.81272
0.72,5.96515,0.767838,2.75704,0.693287,1.81272
0.76,5.95788,0.767836,2.75672,0.694052,1.81272
0.8,5.9468,0.76783,2.75642,0.695268,1.81272
0.84,5.92991,0.767821,2.75611,0.697173,1.81272
0.88,5.90456,0.767809,2.75582,0.70009,1.81272
0.92,5.86751,0.767794,2.75553,0.704436,1.81272
0.96,5.81503,0.767776,2.75524,0.710719,1.81272
1,5.74319,0.767756,2.75495,0.719534,1.81272
1.04,5.6483,0.767733,2.75466,0.731547,1.81272
1.08,5.52736,0.767708,2.75438,0.747477,1.81272
1.12,5.37865,0.767681,2.75411,0.768067,1.81272
1.16,5.20209,0.767652,2.75384,0.794057,1.81272
1.2,4.99961,0.767621,2.75357,0.826136,1.81272
1.24,4.77512,0.767588,2.75331,0.864894,1.81272
1.28,4.53432,0.767553,2.75306,0.910742,1.81272
1.32,4.28425,0.767517,2.75282,0.963817,1.81272
1.36,4.03261,0.767478,2.75259,1.02387,1.81272
1.4,3.78709,0.767438,2.75237,1.09017,1.81272
1.44,3.55463,0.767396,2.75215,1.16137,1.81272
1.48,3.34094,0.767352,2.75195,1.23555,1.81272
1.52,3.15009,0.767306,2.75174,1.31032,1.81272
1.56,2.98436,0.767258,2.75154,1.38298,1.81272
1.6,2.84438,0.767208,2.75135,1.45094,1.81272
1.64,2.7293,0.767156,2.75115,1.51201,1.81272
1.68,2.63718,0.767102,2.75096,1.56471,1.81272
1.72,2.56533,0.767045,2.75076,1.60842,1.81272
1.76,2.51071,0.766986,2.75055,1.64329,1.81272
1.8,2.47021,0.766924,2.75035,1.67011,1.81272
1.84,2.44091,0.76686,2.75013,1.69002,1.81272
1.88,2.42022,0.766793,2.74991,1.70433,1.81272
1.92,2.40594,0.766724,2.74968,1.7143,1.81272
1.96,2.39631,0.766651,2.74944,1.72105,1.81272
2,2.38995,0.766575,2.74919,1.72547,1.81272
2.04,2.38582,0.766496,2.74893,1.72829,1.81272
2.08,2.38318,0.766413,2.74866,1.73004,1.81272
2.12,2.38151,0.766326,2.74837,1.73107,1.81272
2.16,2.38045,0.766234,2.74807,1.73165,1.81272
2.2,2.37975,0.766137,2.74775,1.73196,1.81272
2.24,2.37928,0.766034,2.74742,1.73209,1.81272
2.28,2.37893,0.765924,2.74705,1.73212,1.81272
2.32,2.37863,0.765804,2.74666,1.73208,1.81272
2.36,2.37836,0.76567,2.74622,1.732,1.81272
2.4,2.37807,0.765515,2.74571,1.73189,1.81272
2.44,2.37774,0.765328,2.74509,1.73174,1.81272
2.48,2.37733,0.765088,2.7443,1.73155,1.81272
2.52,2.37675,0.764756,2.7432,1.73127,1.81272
2.56,2.37591,0.764263,2.74158,1.73086,1.81272
2.6,2.37458,0.763488,2.73903,1.73022,1.81272
2.64,2.3724,0.762212,2.73483,1.72916,1.81272
2.68,2.36869,0.760042,2.7277,1.72735,1.81272
2.72,2.36228,0.756288,2.71541,1.72423,1.81272
2.76,2.35113,0.749738,2.69408,1.7188,1.81272
2.8,2.33178,0.738314,2.6572,1.70934,1.81272
2.84,2.29864,0.718577,2.59448,1.69305,1.81272
2.88,2.24345,0.685203,2.49126,1.66569,1.81272
2.92,2.15595,0.631,2.3309,1.62172,1.81272
2.96,2.02823,0.548893,2.10427,1.55624,1.81272
3,1.86406,0.437817,1.82655,1.46982,1.81272
3.04,1.68727,0.310675,1.54555,1.37401,1.81272
3.08,1.5336,0.193175,1.31732,1.28846,1.81272
3.12,1.42599,0.106577,1.16667,1.22723,1.81272
3.16,1.36286,0.0539341,1.08186,1.19073,1.81272
3.2,1.32997,0.0259146,1.03871,1.17151,1.81272
3.24,1.31396,0.0121133,1.01795,1.16209,1.81272
3.28,1.30642,0.00558464,1.00825,1.15764,1.81272
3.32,1.30294,0.00255707,1.00377,1.15558,1.81272
3.36,1.30134,0.00116656,1.00172,1.15464,1.81272
3.4,1.30061,0.000531001,1.00078,1.15421,1.81272
3.44,1.30028,0.00024129,1.00036,1.15401,1.81272
3.48,1.30013,0.000109468,1.00016,1.15392,1.81272
3.52,1.30006,4.95797e-05,1.00007,1.15388,1.81272
3.56,1.30003,2.24132e-05,1.00003,1.15386,1.81272
3.6,1.30001,1.01107e-05,1.00001,1.15385,1.81272
3.64,1.30001,4.55003e-06,1.00001,1.15385,1.81272
3.68,1.3,2.0421e-06,1,1.15385,1.81272
3.72,1.3,9.13763e-07,1,1.15385,1.81272
3.76,1.3,4.07519e-07,1,1.15385,1.81272
3.8,1.3,1.81085e-07,1,1.15385,1.81272
3.84,1.3,8.01496e-08,1,1.15385,1.81272
3.88,1.3,3.53238e-08,1,1.15385,1.81272
3.92,1.3,1.54971e-08,1,1.15385,1.81272
3.96,1.3,6.76583e-09,1,1.15385,1.81272
4,1.3,2.93873e-09,1,1.15385,1.81272
4.04,1.3,1.26954e-09,1,1.15385,1.81272
4.08,1.3,5.45346e-10,1,1.15385,1.81272
4.12,1.3,2.32881e-10,1,1.15385,1.81272
4.16,1.3,9.88403e-11,1,1.15385,1.81272
4.2,1.3,4.16852e-11,1,1.15385,1.81272
4.24,1.3,1.7466e-11,1,1.15385,1.81272
4.28,1.3,7.26932e-12,1,1.15385,1.81272
4.32,1.3,3.00465e-12,1,1.15385,1.81272
4.36,1.3,1.23317e-12,1,1.15385,1.81272
4.4,1.3,5.02507e-13,1,1.15385,1.81272
4.44,1.3,2.0323e-13,1,1.15385,1.81272
4.48,1.3,8.15294e-14,1,1.15385,1.81272
4.52,1.3,3.23969e-14,1,1.15385,1.81272
4.56,1.3,1.26581e-14,1,1.15385,1.81272
4.6,1.3,4.8041e-15,1,1.15385,1.81272
4.64,1.3,1.60276e-15,1,1.15385,1.81272
4.68,1.3,3.43632e-16,1,1.15385,1.81272
4.72,1.3,3.51844e-17,1,1.15385,1.81272
4.76,1.3,3.48801e-18,1,1.15385,1.81272
4.8,1.3,3.48806e-19,1,1.15385,1.81272
4.84,1.3,3.49839e-20,1,1.15385,1.81272
4.88,1.3,3.49915e-21,1,1.15385,1.81272
4.92,1.3,3.49114e-22,1,1.15385,1.81272
4.96,1.3,3.47744e-23,1,1.15385,1.81272
5,1.3,3.45851e-24,1,1.15385,1.81272
5.04,1.3,3.4336e-25,1,1.15385,1.81272
5.08,1.3,3.40171e-26,1,1.15385,1.81272
5.12,1.3,3.362e-27,1,1.15385,1.81272
5.16,1.3,3.31411e-28,1,1.15385,1.81272
5.2,1.3,3.2584e-29,1,1.15385,1.81272
5.24,1.3,3.19572e-30,1,1.15385,1.81272
5.28,1.3,3.12723e-31,1,1.15385,1.81272
5.32,1.3,3.05404e-32,1,1.15385,1.81272
5.36,1.3,2.97702e-33,1,1.15385,1.81272
5.4,1.3,2.89679e-34,1,1.15385,1.81272
5.44,1.3,2.81371e-35,1,1.15385,1.81272
5.48,1.3,2.72801e-36,1,1.15385,1.81272
5.52,1.3,2.6399e-37,1,1.15385,1.81272
5.56,1.3,2.5496e-38,1,1.15385,1.81272
5.6,1.3,2.4574e-39,1,1.15385,1.81272
5.64,1.3,2.36366e-40,1,1.15385,1.81272
5.68,1.3,2.26876e-41,1,1.15385,1.81272
5.72,1.3,2.17306e-42,1,1.15385,1.81272
5.76,1.3,2.07692e-43,1,1.15385,1.81272
5.8,1.3,1.98067e-44,1,1.15385,1.81272
5.84,1.3,1.88459e-45,1,1.15385,1.81272
5.88,1.3,1.78895e-46,1,1.15385,1.81272
5.92,1.3,1.69399e-47,1,1.15385,1.81272
5.96,1.3,1.59998e-48,1,1.15385,1.81272
6,1.3,1.50718e-49,1,1.15385,1.81272
6.04,1.3,1.41588e-50,1,1.15385,1.81272
6.08,1.3,1.32638e-51,1,1.15385,1.81272
6.12,1.3,1.23899e-52,1,1.15385,1.81272
6.16,1.3,1.15399e-53,1,1.15385,1.81272
6.2,1.3,1.07167e-54,1,1.15385,1.81272
6.24,1.3,9.92295e-56,1,1.15385,1.81272
6.28,1.3,9.16086e-57,1,1.15385,1.81272
6.32,1.3,8.4323e-58,1,1.15385,1.81272
6.36,1.3,7.73873e-59,1,1.15385,1.81272
6.4,1.3,7.08119e-60,1,1.15385,1.81272
6.44,1.3,6.46033e-61,1,1.15385,1.81272
6.48,1.3,5.87644e-62,1,1.15385,1.81272
6.52,1.3,5.32945e-63,1,1.15385,1.81272
6.56,1.3,4.81901e-64,1,1.15385,1.81272
6.6,1.3,4.34449e-65,1,1.15385,1.81272
6.64,1.3,3.90502e-66,1,1.15385,1.81272
6.68,1.3,3.49955e-67,1,1.15385,1.81272
6.72,1.3,3.12682e-68,1,1.15385,1.81272
6.76,1.3,2.78546e-69,1,1.15385,1.81272
6.8,1.3,2.47397e-70,1,1.15385,1.81272
6.84,1.3,2.19075e-71,1,1.15385,1.81272
6.88,1.3,1.93416e-72,1,1.15385,1.81272
6.92,1.3,1.70251e-73,1,1.15385,1.81272
6.96,1.3,1.49411e-74,1,1.15385,1.81272
7,1.3,1.30727e-75,1,1.15385,1.81272
7.04,1.3,1.14035e-76,1,1.15385,1.81272
7.08,1.3,9.91718e-78,1,1.15385,1.81272
7.12,1.3,8.59832e-79,1,1.15385,1.81272
7.16,1.3,7.43204e-80,1,1.15385,1.81272
7.2,1.3,6.4042e-81,1,1.15385,1.81272
7.24,1.3,5.50148e-82,1,1.15385,1.81272
7.28,1.3,4.71136e-83,1,1.15385,1.81272
7.32,1.3,4.02218e-84,1,1.15385,1.81272
7.36,1.3,3.42312e-85,1,1.15385,1.81272
7.4,1.3,2.90419e-86,1,1.15385,1.81272
7.44,1.3,2.45623e-87,1,1.15385,1.81272
7.48,1.3,2.07087e-88,1,1.15385,1.81272
7.52,1.3,1.7405e-89,1,1.15385,1.81272
7.56,1.3,1.45825e-90,1,1.15385,1.81272
7.6,1.3,1.21794e-91,1,1.15385,1.81272
7.64,1.3,1.01403e-92,1,1.15385,1.81272
7.68,1.3,8.41605e-94,1,1.15385,1.81272
7.72,1.3,6.96295e-95,1,1.15385,1.81272
7.76,1.3,5.74252e-96,1,1.15385,1.81272
7.8,1.3,4.72096e-97,1,1.15385,1.81272
7.84,1.3,3.86876e-98,1,1.15385,1.81272
7.88,1.3,3.16025e-99,1,1.15385,1.81272
7.92,1.3,2.5732e-100,1,1.15385,1.81272
7.96,1.3,2.08843e-101,1,1.15385,1.81272
8,1.3,1.68948e-102,1,1.15385,1.81272
8.04,1.3,1.36229e-103,1,1.15385,1.81272
8.08,1.3,1.09486e-104,1,1.15385,1.81272
8.12,1.3,8.77036e-106,1,1.15385,1.81272
8.16,1.3,7.00223e-107,1,1.15385,1.81272
8.2,1.3,5.57199e-108,1,1.15385,1.81272
8.24,1.3,4.4191e-109,1,1.15385,1.81272
8.28,1.3,3.49303e-110,1,1.15385,1.81272
8.32,1.3,2.75174e-111,1,1.15385,1.81272
8.36,1.3,2.16047e-112,1,1.15385,1.81272
8.4,1.3,1.69051e-113,1,1.15385,1.81272
8.44,1.3,1.31829e-114,1,1.15385,1.81272
8.48,1.3,1.02452e-115,1,1.15385,1.81272
8.52,1.3,7.93502e-117,1,1.15385,1.81272
8.56,1.3,6.12468e-118,1,1.15385,1.81272
8.6,1.3,4.7111e-119,1,1.15385,1.81272
8.64,1.3,3.61126e-120,1,1.15385,1.81272
8.68,1.3,2.75858e-121,1,1.15385,1.81272
8.72,1.3,2.0999e-122,1,1.15385,1.81272
8.76,1.3,1.5929e-123,1,1.15385,1.81272
8.8,1.3,1.20406e-124,1,1.15385,1.81272
8.84,1.3,9.06929e-126,1,1.15385,1.81272
8.88,1.3,6.80693e-127,1,1.15385,1.81272
8.92,1.3,5.09068e-128,1,1.15385,1.81272
8.96,1.3,3.79349e-129,1,1.15385,1.81272
9,1.3,2.81664e-130,1,1.15385,1.81272
9.04,1.3,2.08376e-131,1,1.15385,1.81272
9.08,1.3,1.53594e-132,1,1.15385,1.81272
9.12,1.3,1.128e-133,1,1.15385,1.81272
9.16,1.3,8.25358e-135,1,1.15385,1.81272
9.2,1.3,6.01681e-136,1,1.15385,1.81272
9.24,1.3,4.36993e-137,1,1.15385,1.81272
9.28,1.3,3.162e-138,1,1.15385,1.81272
9.32,1.3,2.2794e-139,1,1.15385,1.81272
9.36,1.3,1.63699e-140,1,1.15385,1.81272
9.4,1.3,1.17121e-141,1,1.15385,1.81272
9.44,1.3,8.34804e-143,1,1.15385,1.81272
9.48,1.3,5.92772e-144,1,1.15385,1.81272
9.52,1.3,4.19318e-145,1,1.15385,1.81272
9.56,1.3,2.95494e-146,1,1.15385,1.81272
9.6,1.3,2.07444e-147,1,1.15385,1.81272
9.64,1.3,1.45078e-148,1,1.15385,1.81272
9.68,1.3,1.01075e-149,1,1.15385,1.81272
9.72,1.3,7.01507e-151,1,1.15385,1.81272
9.76,1.3,4.85023e-152,1,1.15385,1.81272
9.8,1.3,3.34069e-153,1,1.15385,1.81272
9.84,1.3,2.2922e-154,1,1.15385,1.81272
9.88,1.3,1.56679e-155,1,1.15385,1.81272
9.92,1.3,1.0672e-156,1,1.15385,1.81272
9.96,1.3,7.72594e-158,1,1.15385,1.81272
10,1.3,7.72594e-158,1,1.15385,1.81272
-10,13,1.40332e-152,10,1.15385,1.90559
-9.96,13,1.40332e-152,10,1.15385,1.90559
-9.92,13,1.79888e-151,10,1.15385,1.90559
-9.88,13,2.46209e-150,10,1.15385,1.90559
-9.84,13,3.35861e-149,10,1.15385,1.90559
-9.8,13,4.56463e-148,10,1.15385,1.90559
-9.76,13,6.18074e-147,10,1.15385,1.90559
-9.72,13,8.33804e-146,10,1.15385,1.90559
-9.68,13,1.12066e-144,10,1.15385,1.90559
-9.64,13,1.50063e-143,10,1.15385,1.90559
-9.6,13,2.00199e-142,10,1.15385,1.90559
-9.56,13,2.66094e-141,10,1.15385,1.90559
-9.52,13,3.5237e-140,10,1.15385,1.90559
-9.48,13,4.64892e-139,10,1.15385,1.90559
-9.44,13,6.11076e-138,10,1.15385,1.90559
-9.4,13,8.00258e-137,10,1.15385,1.90559
-9.36,13,1.04414e-135,10,1.15385,1.90559
-9.32,13,1.35732e-134,10,1.15385,1.90559
-9.28,13,1.75795e-133,10,1.15385,1.90559
-9.24,13,2.26846e-132,10,1.15385,1.90559
-9.2,13,2.91649e-131,10,1.15385,1.90559
-9.16,13,3.73593e-130,10,1.15385,1.90559
-9.12,13,4.76813e-129,10,1.15385,1.90559
-9.08,13,6.06337e-128,10,1.15385,1.90559
-9.04,13,7.68247e-127,10,1.15385,1.90559
-9,13,9.69867e-126,10,1.15385,1.90559
-8.96,13,1.21998e-124,10,1.15385,1.90559
-8.92,13,1.52908e-123,10,1.15385,1.90559
-8.88,13,1.90962e-122,10,1.15385,1.90559
-8.84,13,2.37635e-121,10,1.15385,1.90559
-8.8,13,2.94661e-120,10,1.15385,1.90559
-8.76,13,3.64075e-119,10,1.15385,1.90559
-8.72,13,4.48248e-118,10,1.15385,1.90559
-8.68,13,5.49936e-117,10,1.15385,1.90559
-8.64,13,6.7232e-116,10,1.15385,1.90559
-8.6,13,8.19059e-115,10,1.15385,1.90559
-8.56,13,9.94337e-114,10,1.15385,1.90559
-8.52,13,1.20292e-112,10,1.15385,1.90559
-8.48,13,1.45019e-111,10,1.15385,1.90559
-8.44,13,1.74224e-110,10,1.15385,1.90559
-8.4,13,2.08585e-109,10,1.15385,1.90559
-8.36,13,2.48863e-108,10,1.15385,1.90559
-8.32,13,2.95896e-107,10,1.15385,1.90559
-8.28,13,3.50608e-106,10,1.15385,1.90559
-8.24,13,4.14013e-105,10,1.15385,1.90559
-8.2,13,4.87211e-104,10,1.15385,1.90559
-8.16,13,5.71391e-103,10,1.15385,1.90559
-8.12,13,6.6783e-102,10,1.15385,1.90559
-8.08,13,7.77888e-101,10,1.15385,1.90559
-8.04,13,9.03003e-100,10,1.15385,1.90559
-8,13,1.04468e-98,10,1.15385,1.90559
-7.96,13,1.20449e-97,10,1.15385,1.90559
-7.92,13,1.38405e-96,10,1.15385,1.90559
-7.88,13,1.585e-95,10,1.15385,1.90559
-7.84,13,1.80901e-94,10,1.15385,1.90559
-7.8,13,2.05773e-93,10,1.15385,1.90559
-7.76,13,2.33279e-92,10,1.15385,1.90559
-7.72,13,2.63576e-91,10,1.15385,1.90559
-7.68,13,2.96814e-90,10,1.15385,1.90559
-7.64,13,3.33132e-89,10,1.15385,1.90559
-7.6,13,3.72655e-88,10,1.15385,1.90559
-7.56,13,4.15494e-87,10,1.15385,1.90559
-7.52,13,4.61738e-86,10,1.15385,1.90559
-7.48,13,5.11457e-85,10,1.15385,1.90559
-7.44,13,5.64696e-84,10,1.15385,1.90559
-7.4,13,6.21473e-83,10,1.15385,1.90559
-7.36,13,6.81779e-82,10,1.15385,1.90559
-7.32,13,7.45575e-81,10,1.15385,1.90559
-7.28,13,8.12785e-80,10,1.15385,1.90559
-7.24,13,8.83306e-79,10,1.15385,1.90559
-7.2,13,9.56993e-78,10,1.15385,1.90559
-7.16,13,1.03367e-76,10,1.15385,1.90559
-7.12,13,1.11311e-75,10,1.15385,1.90559
-7.08,13,1.19507e-74,10,1.15385,1.90559
-7.04,13,1.27924e-73,10,1.15385,1.90559
-7,13,1.36528e-72,10,1.15385,1.90559
-6.96,13,1.45281e-71,10,1.15385,1.90559
-6.92,13,1.5414e-70,10,1.15385,1.90559
-6.88,13,1.63058e-69,10,1.15385,1.90559
-6.84,13,1.71984e-68,10,1.15385,1.90559
-6.8,13,1.80863e-67,10,1.15385,1.90559
-6.76,13,1.89637e-66,10,1.15385,1.90559
-6.72,13,1.98244e-65,10,1.15385,1.90559
-6.68,13,2.06621e-64,10,1.15385,1.90559
-6.64,13,2.14703e-63,10,1.15385,1.90559
-6.6,13,2.22425e-62,10,1.15385,1.90559
-6.56,13,2.29725e-61,10,1.15385,1.90559
-6.52,13,2.36539e-60,10,1.15385,1.90559
-6.48,13,2.42812e-59,10,1.15385,1.90559
-6.44,13,2.4849e-58,10,1.15385,1.90559
-6.4,13,2.53528e-57,10,1.15385,1.90559
-6.36,13,2.57887e-56,10,1.15385,1.90559
-6.32,13,2.61537e-55,10,1.15385,1.90559
-6.28,13,2.64455e-54,10,1.15385,1.90559
-6.24,13,2.66631e-53,10,1.15385,1.90559
-6.2,13,2.6806e-52,10,1.15385,1.90559
-6.16,13,2.68749e-51,10,1.15385,1.90559
-6.12,13,2.68711e-50,10,1.15385,1.90559
-6.08,13,2.67968e-49,10,1.15385,1.90559
-6.04,13,2.66546e-48,10,1.15385,1.90559
-6,13,2.64476e-47,10,1.15385,1.90559
-5.96,13,2.61794e-46,10,1.15385,1.90559
-5.92,13,2.58536e-45,10,1.15385,1.90559
-5.88,13,2.54738e-44,10,1.15385,1.90559
-5.84,13,2.50436e-43,10,1.15385,1.90559
-5.8,13,2.45662e-42,10,1.15385,1.90559
-5.76,13,2.40449e-41,10,1.15385,1.90559
-5.72,13,2.34825e-40,10,1.15385,1.90559
-5.68,13,2.2882e-39,10,1.15385,1.90559
-5.64,13,2.2246e-38,10,1.15385,1.90559
-5.6,13,2.15777e-37,10,1.15385,1.90559
-5.56,13,2.08803e-36,10,1.15385,1.90559
-5.52,13,2.01577e-35,10,1.15385,1.90559
-5.48,13,1.94141e-34,10,1.15385,1.90559
-5.44,13,1.86542e-33,10,1.15385,1.90559
-5.4,13,1.7883e-32,10,1.15385,1.90559
-5.36,13,1.71054e-31,10,1.15385,1.90559
-5.32,13,1.63263e-30,10,1.15385,1.90559
-5.28,13,1.55502e-29,10,1.15385,1.90559
-5.24,13,1.47818e-28,10,1.15385,1.90559
-5.2,13,1.40257e-27,10,1.15385,1.90559
-5.16,13,1.32872e-26,10,1.15385,1.90559
-5.12,13,1.2571e-25,10,1.15385,1.90559
-5.08,13,1.18807e-24,10,1.15385,1.90559
-5.04,13,1.1216e-23,10,1.15385,1.90559
-5,13,1.0571e-22,10,1.15385,1.90559
-4.96,13,9.93371e-22,10,1.15385,1.90559
-4.92,13,9.29049e-21,10,1.15385,1.90559
-4.88,13,8.63792e-20,10,1.15385,1.90559
-4.84,13,7.98449e-19,10,1.15385,1.90559
-4.8,13,7.30269e-18,10,1.15385,1.90559
-4.76,13,6.65234e-17,10,1.15385,1.90559
-4.72,13,5.17476e-16,10,1.15385,1.90559
-4.68,13,1.9259e-15,10,1.15385,1.90559
-4.64,13,5.02927e-15,10,1.15385,1.90559
-4.6,13,1.19168e-14,10,1.15385,1.90559
-4.56,13,2.75226e-14,10,1.15385,1.90559
-4.52,13,6.24876e-14,10,1.15385,1.90559
-4.48,13,1.40197e-13,10,1.15385,1.90559
-4.44,13,3.11209e-13,10,1.15385,1.90559
-4.4,13,6.8367e-13,10,1.15385,1.90559
-4.36,13,1.48666e-12,10,1.15385,1.90559
-4.32,13,3.20002e-12,10,1.15385,1.90559
-4.28,13,6.81714e-12,10,1.15385,1.90559
-4.24,13,1.4373e-11,10,1.15385,1.90559
-4.2,13,2.99889e-11,10,1.15385,1.90559
-4.16,13,6.19154e-11,10,1.15385,1.90559
-4.12,13,1.26482e-10,10,1.15385,1.90559
-4.08,13,2.55632e-10,10,1.15385,1.90559
-4.04,13,5.11111e-10,10,1.15385,1.90559
-4,13,1.01086e-09,10,1.15385,1.90559
-3.96,13,1.97743e-09,10,1.15385,1.90559
-3.92,13,3.82563e-09,10,1.15385,1.90559
-3.88,13,7.31908e-09,10,1.15385,1.90559
-3.84,13,1.38458e-08,10,1.15385,1.90559
-3.8,13,2.58965e-08,10,1.15385,1.90559
-3.76,13,4.78832e-08,10,1.15385,1.90559
-3.72,13,8.75179e-08,10,1.15385,1.90559
-3.68,13,1.58102e-07,10,1.15385,1.90559
-3.64,13,2.82262e-07,10,1.15385,1.90559
-3.6,13,4.97964e-07,9.99999,1.15385,1.90559
-3.56,13,8.68006e-07,9.99999,1.15385,1.90559
-3.52,13,1.49477e-06,9.99998,1.15385,1.90559
-3.48,13,2.54275e-06,9.99996,1.15384,1.90559
-3.44,13,4.27225e-06,9.99994,1.15384,1.90559
-3.4,12.9999,7.08891e-06,9.9999,1.15384,1.90559
-3.36,12.9999,1.16149e-05,9.99983,1.15384,1.90559
-3.32,12.9998,1.87894e-05,9.99972,1.15383,1.90559
-3.28,12.9997,3.00064e-05,9.99956,1.15383,1.90559
-3.24,12.9995,4.73001e-05,9.9993,1.15381,1.90559
-3.2,12.9992,7.3587e-05,9.99892,1.1538,1.90559
-3.16,12.9987,0.000112973,9.99834,1.15377,1.90559
-3.12,12.998,0.000171132,9.99748,1.15373,1.90559
-3.08,12.9971,0.000255749,9.99624,1.15367,1.90559
-3.04,12.9957,0.000377031,9.99445,1.15359,1.90559
-3,12.9937,0.000548247,9.99193,1.15347,1.90559
-2.96,12.991,0.000786277,9.98843,1.15331,1.90559
-2.92,12.9872,0.00111211,9.98364,1.15309,1.90559
-2.88,12.9822,0.00155121,9.97719,1.15279,1.90559
-2.84,12.9755,0.00213376,9.96863,1.1524,1.90559
-2.8,12.9668,0.00289458,9.95746,1.15188,1.90559
-2.76,12.9556,0.00387277,9.94312,1.15122,1.90559
-2.72,12.9414,0.00511099,9.92499,1.15038,1.90559
-2.68,12.9237,0.00665442,9.90242,1.14933,1.90559
-2.64,12.9021,0.00854943,9.87477,1.14804,1.90559
-2.6,12.8759,0.0108419,9.8414,1.14649,1.90559
-2.56,12.8447,0.0135758,9.80172,1.14464,1.90559
-2.52,12.8081,0.016791,9.75522,1.14246,1.90559
-2.48,12.7657,0.0205226,9.70146,1.13994,1.90559
-2.44,12.7173,0.0247992,9.64014,1.13705,1.90559
-2.4,12.6625,0.0296419,9.57107,1.13379,1.90559
-2.36,12.6014,0.0350647,9.49419,1.13014,1.90559
-2.32,12.5339,0.0410737,9.40957,1.1261,1.90559
-2.28,12.4601,0.0476679,9.3174,1.12167,1.90559
-2.24,12.3801,0.0548396,9.21796,1.11687,1.90559
-2.2,12.2943,0.0625757,9.11165,1.1117,1.90559
-2.16,12.2028,0.0708579,8.9989,1.10617,1.90559
-2.12,12.1059,0.0796646,8.88023,1.10031,1.90559
-2.08,12.0042,0.0889711,8.75618,1.09414,1.90559
-2.04,11.8978,0.098751,8.6273,1.08767,1.90559
-2,11.7873,0.108977,8.49415,1.08093,1.90559
-1.96,11.673,0.119621,8.3573,1.07393,1.90559
-1.92,11.5552,0.130655,8.21728,1.0667,1.90559
-1.88,11.4344,0.142054,8.07461,1.05926,1.90559
-1.84,11.3108,0.153789,7.92978,1.05162,1.90559
-1.8,11.1849,0.165838,7.78324,1.04381,1.90559
-1.76,11.0569,0.178175,7.63543,1.03584,1.90559
-1.72,10.9271,0.190781,7.48672,1.02773,1.90559
-1.68,10.7958,0.203633,7.33748,1.01949,1.90559
-1.64,10.6632,0.216713,7.18803,1.01114,1.90559
-1.6,10.5296,0.230003,7.03867,1.0027,1.90559
-1.56,10.3952,0.243487,6.88967,0.994163,1.90559
-1.52,10.2601,0.25715,6.74126,0.985554,1.90559
-1.48,10.1246,0.270978,6.59365,0.976879,1.90559
-1.44,9.98872,0.284959,6.44704,0.968148,1.90559
-1.4,9.85272,0.29908,6.3016,0.95937,1.90559
-1.36,9.71669,0.313332,6.15747,0.950551,1.90559
-1.32,9.58076,0.327705,6.0148,0.9417,1.90559
-1.28,9.44503,0.342189,5.87369,0.932823,1.90559
-1.24,9.30961,0.356775,5.73426,0.923927,1.90559
-1.2,9.17459,0.371457,5.5966,0.915016,1.90559
-1.16,9.04006,0.386226,5.46078,0.906097,1.90559
-1.12,8.90609,0.401075,5.32687,0.897174,1.90559
-1.08,8.77277,0.415998,5.19495,0.888252,1.90559
-1.04,8.64016,0.430989,5.06507,0.879336,1.90559
-1,8.50833,0.44604,4.93727,0.870431,1.90559
-0.96,8.37734,0.461145,4.81161,0.86154,1.90559
-0.92,8.24726,0.476298,4.68812,0.852668,1.90559
-0.88,8.11816,0.491492,4.56685,0.84382,1.90559
-0.84,7.9901,0.506719,4.44782,0.835,1.90559
-0.8,7.86314,0.521971,4.33109,0.826214,1.90559
-0.76,7.73737,0.53724,4.21669,0.817466,1.90559
-0.72,7.61287,0.552513,4.10467,0.808764,1.90559
-0.68,7.48972,0.56778,3.99508,0.800113,1.90559
-0.64,7.36805,0.583025,3.88799,0.791523,1.90559
-0.6,7.24799,0.59823,3.78347,0.783004,1.90559
-0.56,7.12969,0.613371,3.68162,0.774568,1.90559
-0.52,7.01337,0.628419,3.58258,0.766232,1.90559
-0.48,6.8993,0.643334,3.48651,0.758015,1.90559
-0.44,6.78782,0.658066,3.39366,0.749945,1.90559
-0.4,6.6794,0.672545,3.30433,0.742058,1.90559
-0.36,6.57468,0.686676,3.21897,0.734402,1.90559
-0.32,6.47452,0.70033,3.13818,0.727044,1.90559
-0.28,6.38011,0.713328,3.06278,0.720077,1.90559
-0.24,6.29302,0.72543,2.9939,0.713623,1.90559
-0.2,6.21532,0.73632,2.93298,0.707842,1.90559
-0.16,6.14941,0.745626,2.88171,0.702923,1.90559
-0.12,6.09753,0.752988,2.84165,0.699049,1.90559
-0.08,6.06071,0.758223,2.81341,0.696307,1.90559
-0.04,6.03741,0.76152,2.79569,0.694591,1.90559
0,6.02352,0.763456,2.78525,0.693595,1.90559
0.04,6.01459,0.764667,2.77867,0.692983,1.90559
0.08,6.00815,0.765516,2.77402,0.692564,1.90559
0.12,6.00328,0.766129,2.7706,0.692272,1.90559
0.16,5.9995,0.766581,2.76803,0.692067,1.90559
0.2,5.99646,0.766919,2.76607,0.691925,1.90559
0.24,5.99395,0.767173,2.76453,0.69183,1.90559
0.28,5.99182,0.767366,2.76331,0.691771,1.90559
0.32,5.98996,0.767514,2.76233,0.69174,1.90559
0.36,5.98827,0.767627,2.76152,0.691731,1.90559
0.4,5.98671,0.767715,2.76084,0.691742,1.90559
0.44,5.98521,0.767782,2.76026,0.691769,1.90559
0.48,5.98374,0.767834,2.75975,0.691813,1.90559
0.52,5.98226,0.767873,2.75931,0.691872,1.90559
0.56,5.98072,0.767903,2.7589,0.69195,1.90559
0.6,5.97905,0.767924,2.75854,0.69205,1.90559
0.64,5.97717,0.767939,2.75819,0.692183,1.90559
0.68,5.97488,0.767949,2.75787,0.692367,1.90559
0.72,5.97191,0.767954,2.75757,0.692634,1.90559
0.76,5.96778,0.767955,2.75727,0.69304,1.90559
0.8,5.96173,0.767953,2.75699,0.693672,1.90559
0.84,5.95261,0.767947,2.75671,0.694665,1.90559
0.88,5.93881,0.767939,2.75644,0.69621,1.90559
0.92,5.91815,0.767928,2.75617,0.698572,1.90559
0.96,5.88787,0.767914,2.7559,0.702097,1.90559
1,5.84472,0.767899,2.75564,0.707212,1.90559
1.04,5.78514,0.767881,2.75537,0.714428,1.90559
1.08,5.70554,0.767861,2.75511,0.724326,1.90559
1.12,5.60274,0.767839,2.75485,0.737546,1.90559
1.16,5.47441,0.767815,2.7546,0.754766,1.90559
1.2,5.3195,0.767789,2.75435,0.776674,1.90559
1.24,5.1386,0.767762,2.7541,0.803944,1.90559
1.28,4.93411,0.767733,2.75386,0.837191,1.90559
1.32,4.71018,0.767702,2.75362,0.876917,1.90559
1.36,4.4725,0.76767,2.7534,0.923443,1.90559
1.4,4.22778,0.767636,2.75318,0.976817,1.90559
1.44,3.98322,0.767601,2.75297,1.03671,1.90559
1.48,3.74583,0.767564,2.75277,1.10233,1.90559
1.52,3.52188,0.767525,2.75257,1.17235,1.90559
1.56,3.31641,0.767485,2.75238,1.24489,1.90559
1.6,3.13299,0.767443,2.7522,1.31769,1.90559
1.64,2.97356,0.767399,2.75202,1.38824,1.90559
1.68,2.83859,0.767354,2.75184,1.45415,1.90559
1.72,2.72723,0.767307,2.75166,1.51344,1.90559
1.76,2.63763,0.767257,2.75148,1.56474,1.90559
1.8,2.56732,0.767206,2.7513,1.6075,1.90559
1.84,2.51346,0.767153,2.75112,1.64183,1.90559
1.88,2.47318,0.767098,2.75093,1.66845,1.90559
1.92,2.44376,0.76704,2.75074,1.68842,1.90559
1.96,2.42276,0.76698,2.75054,1.70294,1.90559
2,2.40809,0.766918,2.75033,1.71318,1.90559
2.04,2.39807,0.766853,2.75012,1.7202,1.90559
2.08,2.39136,0.766786,2.7499,1.72489,1.90559
2.12,2.38696,0.766716,2.74966,1.72793,1.90559
2.16,2.3841,0.766642,2.74942,1.72985,1.90559
2.2,2.38228,0.766566,2.74917,1.73102,1.90559
2.24,2.38111,0.766486,2.74891,1.7317,1.90559
2.28,2.38036,0.766402,2.74863,1.73207,1.90559
2.32,2.37985,0.766314,2.74834,1.73226,1.90559
2.36,2.37949,0.766221,2.74804,1.73233,1.90559
2.4,2.37921,0.766122,2.74771,1.73232,1.90559
2.44,2.37897,0.766016,2.74736,1.73228,1.90559
2.48,2.37874,0.765899,2.74698,1.7322,1.90559
2.52,2.3785,0.765769,2.74655,1.73211,1.90559
2.56,2.37824,0.765617,2.74605,1.73198,1.90559
2.6,2.37791,0.765431,2.74543,1.73183,1.90559
2.64,2.37749,0.765187,2.74463,1.73163,1.90559
2.68,2.37691,0.764845,2.7435,1.73135,1.90559
2.72,2.37603,0.764331,2.7418,1.73092,1.90559
2.76,2.37462,0.763511,2.7391,1.73024,1.90559
2.8,2.37229,0.76215,2.73463,1.7291,1.90559
2.84,2.36832,0.759825,2.72699,1.72717,1.90559
2.88,2.36143,0.755794,2.71379,1.72382,1.90559
2.92,2.34945,0.748754,2.69088,1.71798,1.90559
2.96,2.32869,0.736484,2.65133,1.70782,1.90559
3,2.29322,0.715327,2.58428,1.69038,1.90559
3.04,2.23444,0.6797,2.47457,1.6612,1.90559
3.08,2.14206,0.622247,2.30583,1.61468,1.90559
3.12,2.00905,0.536245,2.07102,1.54627,1.90559
3.16,1.84146,0.422017,1.78957,1.45773,1.90559
3.2,1.66563,0.294535,1.51249,1.36209,1.90559
3.24,1.51709,0.180128,1.29371,1.27914,1.90559
3.28,1.41569,0.0980899,1.15266,1.22131,1.90559
3.32,1.3573,0.0492301,1.07452,1.18749,1.90559
3.36,1.32722,0.0235501,1.03513,1.16989,1.90559
3.4,1.31265,0.0109857,1.01627,1.16132,1.90559
3.44,1.30582,0.00506111,1.00747,1.15729,1.90559
3.48,1.30266,0.00231735,1.00342,1.15542,1.90559
3.52,1.30121,0.00105766,1.00156,1.15456,1.90559
3.56,1.30055,0.000481793,1.00071,1.15417,1.90559
3.6,1.30025,0.000219157,1.00032,1.154,1.90559
3.64,1.30011,9.9559e-05,1.00015,1.15391,1.90559
3.68,1.30005,4.51653e-05,1.00007,1.15388,1.90559
3.72,1.30002,2.04579e-05,1.00003,1.15386,1.90559
3.76,1.30001,9.25025e-06,1.00001,1.15385,1.90559
3.8,1.3,4.17425e-06,1.00001,1.15385,1.90559
3.84,1.3,1.87941e-06,1,1.15385,1.90559
3.88,1.3,8.44035e-07,1,1.15385,1.90559
3.92,1.3,3.77982e-07,1,1.15385,1.90559
3.96,1.3,1.68744e-07,1,1.15385,1.90559
4,1.3,7.50757e-08,1,1.15385,1.90559
4.04,1.3,3.32783e-08,1,1.15385,1.90559
4.08,1.3,1.46921e-08,1,1.15385,1.90559
4.12,1.3,6.45876e-09,1,1.15385,1.90559
4.16,1.3,2.8264e-09,1,1.15385,1.90559
4.2,1.3,1.2309e-09,1,1.15385,1.90559
4.24,1.3,5.33344e-10,1,1.15385,1.90559
4.28,1.3,2.2987e-10,1,1.15385,1.90559
4.32,1.3,9.85252e-11,1,1.15385,1.90559
4.36,1.3,4.19868e-11,1,1.15385,1.90559
4.4,1.3,1.77865e-11,1,1.15385,1.90559
4.44,1.3,7.48855e-12,1,1.15385,1.90559
4.48,1.3,3.13291e-12,1,1.15385,1.90559
4.52,1.3,1.30211e-12,1,1.15385,1.90559
4.56,1.3,5.37554e-13,1,1.15385,1.90559
4.6,1.3,2.2043e-13,1,1.15385,1.90559
4.64,1.3,8.96725e-14,1,1.15385,1.90559
4.68,1.3,3.61094e-14,1,1.15385,1.90559
4.72,1.3,1.43634e-14,1,1.15385,1.90559
4.76,1.3,5.56815e-15,1,1.15385,1.90559
4.8,1.3,1.95287e-15,1,1.15385,1.90559
4.84,1.3,4.68722e-16,1,1.15385,1.90559
4.88,1.3,5.09605e-17,1,1.15385,1.90559
4.92,1.3,5.15987e-18,1,1.15385,1.90559
4.96,1.3,5.17234e-19,1,1.15385,1.90559
5,1.3,5.21057e-20,1,1.15385,1.90559
5.04,1.3,5.25615e-21,1,1.15385,1.90559
5.08,1.3,5.29668e-22,1,1.15385,1.90559
5.12,1.3,5.33154e-23,1,1.15385,1.90559
5.16,1.3,5.36071e-24,1,1.15385,1.90559
5.2,1.3,5.383e-25,1,1.15385,1.90559
5.24,1.3,5.39723e-26,1,1.15385,1.90559
5.28,1.3,5.40263e-27,1,1.15385,1.90559
5.32,1.3,5.39868e-28,1,1.15385,1.90559
5.36,1.3,5.38503e-29,1,1.15385,1.90559
5.4,1.3,5.36141e-30,1,1.15385,1.90559
5.44,1.3,5.32757e-31,1,1.15385,1.90559
5.48,1.3,5.28329e-32,1,1.15385,1.90559
5.52,1.3,5.22841e-33,1,1.15385,1.90559
5.56,1.3,5.16293e-34,1,1.15385,1.90559
5.6,1.3,5.08707e-35,1,1.15385,1.90559
5.64,1.3,5.00131e-36,1,1.15385,1.90559
5.68,1.3,4.90633e-37,1,1.15385,1.90559
5.72,1.3,4.80298e-38,1,1.15385,1.90559
5.76,1.3,4.69218e-39,1,1.15385,1.90559
5.8,1.3,4.57485e-40,1,1.15385,1.90559
5.84,1.3,4.4518e-41,1,1.15385,1.90559
5.88,1.3,4.32379e-42,1,1.15385,1.90559
5.92,1.3,4.19146e-43,1,1.15385,1.90559
5.96,1.3,4.0554e-44,1,1.15385,1.90559
6,1.3,3.91615e-45,1,1.15385,1.90559
6.04,1.3,3.77422e-46,1,1.15385,1.90559
6.08,1.3,3.63012e-47,1,1.15385,1.90559
6.12,1.3,3.48437e-48,1,1.15385,1.90559
6.16,1.3,3.33747e-49,1,1.15385,1.90559
6.2,1.3,3.18991e-50,1,1.15385,1.90559
6.24,1.3,3.04216e-51,1,1.15385,1.90559
6.28,1.3,2.8947e-52,1,1.15385,1.90559
6.32,1.3,2.74797e-53,1,1.15385,1.90559
6.36,1.3,2.60241e-54,1,1.15385,1.90559
6.4,1.3,2.45847e-55,1,1.15385,1.90559
6.44,1.3,2.31658e-56,1,1.15385,1.90559
6.48,1.3,2.17718e-57,1,1.15385,1.90559
6.52,1.3,2.0407e-58,1,1.15385,1.90559
6.56,1.3,1.90756e-59,1,1.15385,1.90559
6.6,1.3,1.77818e-60,1,1.15385,1.90559
6.64,1.3,1.65293e-61,1,1.15385,1.90559
6.68,1.3,1.53215e-62,1,1.15385,1.90559
6.72,1.3,1.41616e-63,1,1.15385,1.90559
6.76,1.3,1.3052e-64,1,1.15385,1.90559
6.8,1.3,1.19949e-65,1,1.15385,1.90559
6.84,1.3,1.09916e-66,1,1.15385,1.90559
6.88,1.3,1.00433e-67,1,1.15385,1.90559
6.92,1.3,9.15025e-69,1,1.15385,1.90559
6.96,1.3,8.31256e-70,1,1.15385,1.90559
7,1.3,7.52972e-71,1,1.15385,1.90559
7.04,1.3,6.80087e-72,1,1.15385,1.90559
7.08,1.3,6.12477e-73,1,1.15385,1.90559
7.12,1.3,5.4999e-74,1,1.15385,1.90559
7.16,1.3,4.92445e-75,1,1.15385,1.90559
7.2,1.3,4.39642e-76,1,1.15385,1.90559
7.24,1.3,3.9136e-77,1,1.15385,1.90559
7.28,1.3,3.47368e-78,1,1.15385,1.90559
7.32,1.3,3.07424e-79,1,1.15385,1.90559
7.36,1.3,2.71279e-80,1,1.15385,1.90559
7.4,1.3,2.38686e-81,1,1.15385,1.90559
7.44,1.3,2.09393e-82,1,1.15385,1.90559
7.48,1.3,1.83156e-83,1,1.15385,1.90559
7.52,1.3,1.59735e-84,1,1.15385,1.90559
7.56,1.3,1.38898e-85,1,1.15385,1.90559
7.6,1.3,1.2042e-86,1,1.15385,1.90559
7.64,1.3,1.0409e-87,1,1.15385,1.90559
7.68,1.3,8.97061e-89,1,1.15385,1.90559
7.72,1.3,7.70782e-90,1,1.15385,1.90559
7.76,1.3,6.60289e-91,1,1.15385,1.90559
7.8,1.3,5.63932e-92,1,1.15385,1.90559
7.84,1.3,4.80183e-93,1,1.15385,1.90559
7.88,1.3,4.07634e-94,1,1.15385,1.90559
7.92,1.3,3.44997e-95,1,1.15385,1.90559
7.96,1.3,2.91099e-96,1,1.15385,1.90559
8,1.3,2.44874e-97,1,1.15385,1.90559
8.04,1.3,2.05363e-98,1,1.15385,1.90559
8.08,1.3,1.71702e-99,1,1.15385,1.90559
8.12,1.3,1.43119e-100,1,1.15385,1.90559
8.16,1.3,1.1893e-101,1,1.15385,1.90559
8.2,1.3,9.85264e-103,1,1.15385,1.90559
8.24,1.3,8.13721e-104,1,1.15385,1.90559
8.28,1.3,6.69974e-105,1,1.15385,1.90559
8.32,1.3,5.49914e-106,1,1.15385,1.90559
8.36,1.3,4.49969e-107,1,1.15385,1.90559
8.4,1.3,3.67041e-108,1,1.15385,1.90559
8.44,1.3,2.98461e-109,1,1.15385,1.90559
8.48,1.3,2.41932e-110,1,1.15385,1.90559
8.52,1.3,1.95492e-111,1,1.15385,1.90559
8.56,1.3,1.57466e-112,1,1.15385,1.90559
8.6,1.3,1.26433e-113,1,1.15385,1.90559
8.64,1.3,1.01192e-114,1,1.15385,1.90559
8.68,1.3,8.07303e-116,1,1.15385,1.90559
8.72,1.3,6.41989e-117,1,1.15385,1.90559
8.76,1.3,5.08879e-118,1,1.15385,1.90559
8.8,1.3,4.0206e-119,1,1.15385,1.90559
8.84,1.3,3.16631e-120,1,1.15385,1.90559
8.88,1.3,2.4854e-121,1,1.15385,1.90559
8.92,1.3,1.94453e-122,1,1.15385,1.90559
8.96,1.3,1.51637e-123,1,1.15385,1.90559
9,1.3,1.17859e-124,1,1.15385,1.90559
9.04,1.3,9.13019e-126,1,1.15385,1.90559
9.08,1.3,7.04945e-127,1,1.15385,1.90559
9.12,1.3,5.42479e-128,1,1.15385,1.90559
9.16,1.3,4.16061e-129,1,1.15385,1.90559
9.2,1.3,3.18033e-130,1,1.15385,1.90559
9.24,1.3,2.42282e-131,1,1.15385,1.90559
9.28,1.3,1.8395e-132,1,1.15385,1.90559
9.32,1.3,1.39188e-133,1,1.15385,1.90559
9.36,1.3,1.04959e-134,1,1.15385,1.90559
9.4,1.3,7.88764e-136,1,1.15385,1.90559
9.44,1.3,5.90713e-137,1,1.15385,1.90559
9.48,1.3,4.4086e-138,1,1.15385,1.90559
9.52,1.3,3.27879e-139,1,1.15385,1.90559
9.56,1.3,2.43001e-140,1,1.15385,1.90559
9.6,1.3,1.79464e-141,1,1.15385,1.90559
9.64,1.3,1.32073e-142,1,1.15385,1.90559
9.68,1.3,9.68524e-144,1,1.15385,1.90559
9.72,1.3,7.07722e-145,1,1.15385,1.90559
9.76,1.3,5.15305e-146,1,1.15385,1.90559
9.8,1.3,3.7386e-147,1,1.15385,1.90559
9.84,1.3,2.70266e-148,1,1.15385,1.90559
9.88,1.3,1.94674e-149,1,1.15385,1.90559
9.92,1.3,1.39769e-150,1,1.15385,1.90559
9.96,1.3,1.07032e-151,1,1.15385,1.90559
10,1.3,1.07032e-151,1,1.15385,1.90559
-10,13,7.56268e-147,10,1.15385,1.99845
-9.96,13,7.56268e-147,10,1.15385,1.99845
-9.92,13,9.20028e-146,10,1.15385,1.99845
-9.88,13,1.19913e-144,10,1.15385,1.99845
-9.84,13,1.55804e-143,10,1.15385,1.99845
-9.8,13,2.01718e-142,10,1.15385,1.99845
-9.76,13,2.60238e-141,10,1.15385,1.99845
-9.72,13,3.34549e-140,10,1.15385,1.99845
-9.68,13,4.2856e-139,10,1.15385,1.99845
-9.64,13,5.47057e-138,10,1.15385,1.99845
-9.6,13,6.95864e-137,10,1.15385,1.99845
-9.56,13,8.82047e-136,10,1.15385,1.99845
-9.52,13,1.11414e-134,10,1.15385,1.99845
-9.48,13,1.40239e-133,10,1.15385,1.99845
-9.44,13,1.75908e-132,10,1.15385,1.99845
-9.4,13,2.19884e-131,10,1.15385,1.99845
-9.36,13,2.73904e-130,10,1.15385,1.99845
-9.32,13,3.40019e-129,10,1.15385,1.99845
-9.28,13,4.20643e-128,10,1.15385,1.99845
-9.24,13,5.186e-127,10,1.15385,1.99845
-9.2,13,6.37184e-126,10,1.15385,1.99845
-9.16,13,7.80217e-125,10,1.15385,1.99845
-9.12,13,9.52111e-124,10,1.15385,1.99845
-9.08,13,1.15794e-122,10,1.15385,1.99845
-9.04,13,1.4035e-121,10,1.15385,1.99845
-9,13,1.69541e-120,10,1.15385,1.99845
-8.96,13,2.04114e-119,10,1.15385,1.99845
-8.92,13,2.44912e-118,10,1.15385,1.99845
-8.88,13,2.92882e-117,10,1.15385,1.99845
-8.84,13,3.49077e-116,10,1.15385,1.99845
-8.8,13,4.14667e-115,10,1.15385,1.99845
-8.76,13,4.90942e-114,10,1.15385,1.99845
-8.72,13,5.79316e-113,10,1.15385,1.99845
-8.68,13,6.81332e-112,10,1.15385,1.99845
-8.64,13,7.98659e-111,10,1.15385,1.99845
-8.6,13,9.33096e-110,10,1.15385,1.99845
-8.56,13,1.08656e-108,10,1.15385,1.99845
-8.52,13,1.2611e-107,10,1.15385,1.99845
-8.48,13,1.45887e-106,10,1.15385,1.99845
-8.44,13,1.6821e-105,10,1.15385,1.99845
-8.4,13,1.93312e-104,10,1.15385,1.99845
-8.36,13,2.21434e-103,10,1.15385,1.99845
-8.32,13,2.52818e-102,10,1.15385,1.99845
-8.28,13,2.87709e-101,10,1.15385,1.99845
-8.24,13,3.2635e-100,10,1.15385,1.99845
-8.2,13,3.6898e-99,10,1.15385,1.99845
-8.16,13,4.15829e-98,10,1.15385,1.99845
-8.12,13,4.67116e-97,10,1.15385,1.99845
-8.08,13,5.23045e-96,10,1.15385,1.99845
-8.04,13,5.83798e-95,10,1.15385,1.99845
-8,13,6.49536e-94,10,1.15385,1.99845
-7.96,13,7.20389e-93,10,1.15385,1.99845
-7.92,13,7.96459e-92,10,1.15385,1.99845
-7.88,13,8.7781e-91,10,1.15385,1.99845
-7.84,13,9.64469e-90,10,1.15385,1.99845
-7.8,13,1.05642e-88,10,1.15385,1.99845
-7.76,13,1.1536e-87,10,1.15385,1.99845
-7.72,13,1.2559e-86,10,1.15385,1.99845
-7.68,13,1.36315e-85,10,1.15385,1.99845
-7.64,13,1.47514e-84,10,1.15385,1.99845
-7.6,13,1.59161e-83,10,1.15385,1.99845
-7.56,13,1.71221e-82,10,1.15385,1.99845
-7.52,13,1.83655e-81,10,1.15385,1.99845
-7.48,13,1.9642e-80,10,1.15385,1.99845
-7.44,13,2.09462e-79,10,1.15385,1.99845
-7.4,13,2.22725e-78,10,1.15385,1.99845
-7.36,13,2.36143e-77,10,1.15385,1.99845
-7.32,13,2.49648e-76,10,1.15385,1.99845
-7.28,13,2.63164e-75,10,1.15385,1.99845
-7.24,13,2.76609e-74,10,1.15385,1.99845
-7.2,13,2.89898e-73,10,1.15385,1.99845
-7.16,13,3.02941e-72,10,1.15385,1.99845
-7.12,13,3.15648e-71,10,1.15385,1.99845
-7.08,13,3.27924e-70,10,1.15385,1.99845
-7.04,13,3.39675e-69,10,1.15385,1.99845
-7,13,3.50812e-68,10,1.15385,1.99845
-6.96,13,3.61245e-67,10,1.15385,1.99845
-6.92,13,3.70892e-66,10,1.15385,1.99845
-6.88,13,3.79676e-65,10,1.15385,1.99845
-6.84,13,3.87529e-64,10,1.15385,1.99845
-6.8,13,3.94395e-63,10,1.15385,1.99845
-6.76,13,4.00224e-62,10,1.15385,1.99845
-6.72,13,4.04983e-61,10,1.15385,1.99845
-6.68,13,4.08648e-60,10,1.15385,1.99845
-6.64,13,4.11209e-59,10,1.15385,1.99845
-6.6,13,4.12668e-58,10,1.15385,1.99845
-6.56,13,4.13035e-57,10,1.15385,1.99845
-6.52,13,4.12335e-56,10,1.15385,1.99845
-6.48,13,4.10598e-55,10,1.15385,1.99845
-6.44,13,4.07864e-54,10,1.15385,1.99845
-6.4,13,4.04176e-53,10,1.15385,1.99845
-6.36,13,3.99582e-52,10,1.15385,1.99845
-6.32,13,3.94132e-51,10,1.15385,1.99845
-6.28,13,3.87877e-50,10,1.15385,1.99845
-6.24,13,3.80869e-49,10,1.15385,1.99845
-6.2,13,3.73157e-48,10,1.15385,1.99845
-6.16,13,3.64791e-47,10,1.15385,1.99845
-6.12,13,3.55823e-46,10,1.15385,1.99845
-6.08,13,3.46301e-45,10,1.15385,1.99845
-6.04,13,3.3628e-44,10,1.15385,1.99845
-6,13,3.25814e-43,10,1.15385,1.99845
-5.96,13,3.14962e-42,10,1.15385,1.99845
-5.92,13,3.03785e-41,10,1.15385,1.99845
-5.88,13,2.92349e-40,10,1.15385,1.99845
-5.84,13,2.80723e-39,10,1.15385,1.99845
-5.8,13,2.68977e-38,10,1.15385,1.99845
-5.76,13,2.57181e-37,10,1.15385,1.99845
-5.72,13,2.45405e-36,10,1.15385,1.99845
-5.68,13,2.33714e-35,10,1.15385,1.99845
-5.64,13,2.22166e-34,10,1.15385,1.99845
-5.6,13,2.1081e-33,10,1.15385,1.99845
-5.56,13,1.9968e-32,10,1.15385,1.99845
-5.52,13,1.88793e-31,10,1.15385,1.99845
-5.48,13,1.78149e-30,10,1.15385,1.99845
-5.44,13,1.6774e-29,10,1.15385,1.99845
-5.4,13,1.57553e-28,10,1.15385,1.99845
-5.36,13,1.47584e-27,10,1.15385,1.99845
-5.32,13,1.37844e-26,10,1.15385,1.99845
-5.28,13,1.28359e-25,10,1.15385,1.99845
-5.24,13,1.1916e-24,10,1.15385,1.99845
-5.2,13,1.10276e-23,10,1.15385,1.99845
-5.16,13,1.01731e-22,10,1.15385,1.99845
-5.12,13,9.35649e-22,10,1.15385,1.99845
-5.08,13,8.58808e-21,10,1.15385,1.99845
-5.04,13,7.88871e-20,10,1.15385,1.99845
-5,13,7.2723e-19,10,1.15385,1.99845
-4.96,13,6.68374e-18,10,1.15385,1.99845
-4.92,13,5.93713e-17,10,1.15385,1.99845
-4.88,13,4.81235e-16,10,1.15385,1.99845
-4.84,13,1.814e-15,10,1.15385,1.99845
-4.8,13,4.749e-15,10,1.15385,1.99845
-4.76,13,1.11458e-14,10,1.15385,1.99845
-4.72,13,2.53969e-14,10,1.15385,1.99845
-4.68,13,5.68453e-14,10,1.15385,1.99845
-4.64,13,1.25694e-13,10,1.15385,1.99845
-4.6,13,2.74932e-13,10,1.15385,1.99845
-4.56,13,5.95509e-13,10,1.15385,1.99845
-4.52,13,1.27776e-12,10,1.15385,1.99845
-4.48,13,2.71466e-12,10,1.15385,1.99845
-4.44,13,5.71007e-12,10,1.15385,1.99845
-4.4,13,1.18915e-11,10,1.15385,1.99845
-4.36,13,2.45174e-11,10,1.15385,1.99845
-4.32,13,5.00389e-11,10,1.15385,1.99845
-4.28,13,1.0109e-10,10,1.15385,1.99845
-4.24,13,2.02135e-10,10,1.15385,1.99845
-4.2,13,4.00008e-10,10,1.15385,1.99845
-4.16,13,7.83351e-10,10,1.15385,1.99845
-4.12,13,1.51797e-09,10,1.15385,1.99845
-4.08,13,2.91041e-09,10,1.15385,1.99845
-4.04,13,5.52063e-09,10,1.15385,1.99845
-4,13,1.03592e-08,10,1.15385,1.99845
-3.96,13,1.92276e-08,10,1.15385,1.99845
-3.92,13,3.52976e-08,10,1.15385,1.99845
-3.88,13,6.40832e-08,10,1.15385,1.99845
-3.84,13,1.15048e-07,10,1.15385,1.99845
-3.8,13,2.04223e-07,10,1.15385,1.99845
-3.76,13,3.58408e-07,9.99999,1.15385,1.99845
-3.72,13,6.21801e-07,9.99999,1.15385,1.99845
-3.68,13,1.0663e-06,9.99998,1.15385,1.99845
-3.64,13,1.80723e-06,9.99997,1.15384,1.99845
-3.6,13,3.02696e-06,9.99996,1.15384,1.99845
-3.56,12.9999,5.00966e-06,9.99993,1.15384,1.99845
-3.52,12.9999,8.1916e-06,9.99988,1.15384,1.99845
-3.48,12.9998,1.32324e-05,9.99981,1.15384,1.99845
-3.44,12.9998,2.11136e-05,9.99969,1.15383,1.99845
-3.4,12.9996,3.32729e-05,9.99951,1.15382,1.99845
-3.36,12.9994,5.17811e-05,9.99924,1.15381,1.99845
-3.32,12.9991,7.95705e-05,9.99883,1.15379,1.99845
-3.28,12.9986,0.000120721,9.99822,1.15376,1.99845
-3.24,12.9979,0.000180805,9.99734,1.15372,1.99845
-3.2,12.9969,0.000267295,9.99607,1.15366,1.99845
-3.16,12.9955,0.000390012,9.99426,1.15358,1.99845
-3.12,12.9936,0.000561609,9.99174,1.15346,1.99845
-3.08,12.9908,0.000798042,9.98826,1.1533,1.99845
-3.04,12.9872,0.001119,9.98354,1.15309,1.99845
-3,12.9822,0.00154821,9.97723,1.15279,1.99845
-2.96,12.9757,0.00211362,9.96893,1.15241,1.99845
-2.92,12.9673,0.00284731,9.95816,1.15191,1.99845
-2.88,12.9566,0.00378516,9.9444,1.15128,1.99845
-2.84,12.9431,0.00496623,9.92711,1.15047,1.99845
-2.8,12.9263,0.00643179,9.90568,1.14948,1.99845
-2.76,12.9058,0.00822417,9.87951,1.14826,1.99845
-2.72,12.8811,0.0103854,9.84804,1.1468,1.99845
-2.68,12.8518,0.0129556,9.81071,1.14506,1.99845
-2.64,12.8174,0.0159718,9.76705,1.14302,1.99845
-2.6,12.7777,0.0194663,9.71665,1.14066,1.99845
-2.56,12.7324,0.0234661,9.65922,1.13795,1.99845
-2.52,12.6812,0.0279916,9.59457,1.1349,1.99845
-2.48,12.624,0.0330564,9.52261,1.13149,1.99845
-2.44,12.5609,0.0386675,9.44339,1.12771,1.99845
-2.4,12.4919,0.0448252,9.35705,1.12358,1.99845
-2.36,12.4171,0.0515239,9.26384,1.11909,1.99845
-2.32,12.3367,0.0587526,9.16408,1.11425,1.99845
-2.28,12.2509,0.0664959,9.05816,1.10908,1.99845
-2.24,12.1601,0.0747347,8.94653,1.10359,1.99845
-2.2,12.0645,0.0834472,8.82967,1.09781,1.99845
-2.16,11.9646,0.0926098,8.70808,1.09173,1.99845
-2.12,11.8605,0.102198,8.58228,1.0854,1.99845
-2.08,11.7528,0.112185,8.45276,1.07882,1.99845
-2.04,11.6417,0.122547,8.32004,1.07201,1.99845
-2,11.5276,0.133259,8.18458,1.065,1.99845
-1.96,11.4108,0.144296,8.04685,1.0578,1.99845
-1.92,11.2916,0.155635,7.90728,1.05042,1.99845
-1.88,11.1702,0.167254,7.76625,1.04289,1.99845
-1.84,11.0471,0.179132,7.62416,1.03523,1.99845
-1.8,10.9224,0.191251,7.48133,1.02743,1.99845
-1.76,10.7964,0.203591,7.33809,1.01952,1.99845
-1.72,10.6692,0.216136,7.19471,1.01152,1.99845
-1.68,10.5411,0.228871,7.05145,1.00342,1.99845
-1.64,10.4123,0.24178,6.90855,0.995248,1.99845
-1.6,10.2829,0.254852,6.76622,0.987006,1.99845
-1.56,10.1532,0.268073,6.62464,0.978706,1.99845
-1.52,10.0231,0.281432,6.48398,0.970355,1.99845
-1.48,9.89292,0.29492,6.3444,0.96196,1.99845
-1.44,9.76271,0.308526,6.20602,0.95353,1.99845
-1.4,9.63258,0.322242,6.06897,0.945069,1.99845
-1.36,9.50264,0.33606,5.93334,0.936584,1.99845
-1.32,9.37296,0.349973,5.79924,0.92808,1.99845
-1.28,9.24365,0.363972,5.66675,0.919563,1.99845
-1.24,9.11476,0.378052,5.53593,0.911038,1.99845
-1.2,8.98638,0.392207,5.40685,0.902508,1.99845
-1.16,8.85857,0.406431,5.27958,0.893978,1.99845
-1.12,8.73139,0.420717,5.15415,0.885452,1.99845
-1.08,8.6049,0.435061,5.03062,0.876933,1.99845
-1.04,8.47915,0.449457,4.90902,0.868427,1.99845
-1,8.35421,0.463899,4.78939,0.859935,1.99845
-0.96,8.23012,0.478382,4.67176,0.851463,1.99845
-0.92,8.10694,0.4929,4.55617,0.843013,1.99845
-0.88,7.98472,0.507447,4.44265,0.83459,1.99845
-0.84,7.86353,0.522016,4.33122,0.826199,1.99845
-0.8,7.74342,0.536598,4.22193,0.817843,1.99845
-0.76,7.62446,0.551186,4.11481,0.809527,1.99845
-0.72,7.50674,0.565769,4.0099,0.801259,1.99845
-0.68,7.39035,0.580334,3.90725,0.793045,1.99845
-0.64,7.27539,0.594866,3.80693,0.784893,1.99845
-0.6,7.162,0.609347,3.70902,0.776813,1.99845
-0.56,7.05034,0.623753,3.61361,0.768818,1.99845
-0.52,6.94062,0.638054,3.52085,0.760924,1.99845
-0.48,6.83311,0.652209,3.43092,0.753152,1.99845
-0.44,6.72818,0.666166,3.34404,0.74553,1.99845
-0.4,6.6263,0.679854,3.26056,0.738095,1.99845
-0.36,6.52811,0.693176,3.18091,0.730895,1.99845
-0.32,6.43448,0.706002,3.10571,0.724,1.99845
-0.28,6.3466,0.718153,3.03579,0.717499,1.99845
-0.24,6.26603,0.729391,2.97225,0.711514,1.99845
-0.2,6.19471,0.739416,2.91647,0.706199,1.99845
-0.16,6.13485,0.747886,2.86999,0.701727,1.99845
-0.12,6.08831,0.754502,2.8341,0.698248,1.99845
-0.08,6.05562,0.759153,2.80905,0.695813,1.99845
-0.04,6.03493,0.76208,2.79333,0.694291,1.99845
0,6.02238,0.763828,2.78391,0.693392,1.99845
0.04,6.01415,0.764946,2.77784,0.692826,1.99845
0.08,6.00816,0.765736,2.77351,0.692436,1.99845
0.12,6.00363,0.76631,2.77032,0.692161,1.99845
0.16,6.00009,0.766735,2.76791,0.691967,1.99845
0.2,5.99726,0.767053,2.76606,0.691832,1.99845
0.24,5.99492,0.767294,2.76462,0.691739,1.99845
0.28,5.99294,0.767478,2.76346,0.69168,1.99845
0.32,5.99121,0.767619,2.76253,0.691647,1.99845
0.36,5.98965,0.767728,2.76177,0.691634,1.99845
0.4,5.98822,0.767813,2.76112,0.691639,1.99845
0.44,5.98686,0.767879,2.76057,0.691658,1.99845
0.48,5.98553,0.76793,2.76009,0.691691,1.99845
0.52,5.98422,0.767969,2.75967,0.691737,1.99845
0.56,5.98288,0.767999,2.75929,0.691797,1.99845
0.6,5.98148,0.768022,2.75894,0.691872,1.99845
0.64,5.97996,0.768039,2.75862,0.691967,1.99845
0.68,5.97826,0.76805,2.75832,0.692088,1.99845
0.72,5.97622,0.768057,2.75803,0.692252,1.99845
0.76,5.97362,0.768061,2.75776,0.692485,1.99845
0.8,5.97008,0.768061,2.75749,0.692828,1.99845
0.84,5.965,0.768058,2.75724,0.693354,1.99845
0.88,5.95745,0.768053,2.75698,0.694168,1.99845
0.92,5.94613,0.768045,2.75673,0.695426,1.99845
0.96,5.92924,0.768036,2.75649,0.697345,1.99845
1,5.90446,0.768024,2.75624,0.700209,1.99845
1.04,5.86899,0.76801,2.756,0.704379,1.99845
1.08,5.81963,0.767994,2.75575,0.710291,1.99845
1.12,5.75304,0.767976,2.75551,0.718449,1.99845
1.16,5.66602,0.767957,2.75527,0.72942,1.99845
1.2,5.5559,0.767936,2.75504,0.743814,1.99845
1.24,5.42094,0.767913,2.7548,0.762267,1.99845
1.28,5.26072,0.767889,2.75457,0.785418,1.99845
1.32,5.07635,0.767863,2.75435,0.813877,1.99845
1.36,4.8706,0.767836,2.75413,0.848189,1.99845
1.4,4.6478,0.767808,2.75391,0.888781,1.99845
1.44,4.41352,0.767778,2.75371,0.935888,1.99845
1.48,4.17417,0.767746,2.75351,0.98948,1.99845
1.52,3.93645,0.767713,2.75332,1.04916,1.99845
1.56,3.70677,0.767679,2.75313,1.1141,1.99845
1.6,3.49077,0.767644,2.75295,1.18296,1.99845
1.64,3.29296,0.767607,2.75278,1.25394,1.99845
1.68,3.11645,0.767569,2.75261,1.32488,1.99845
1.72,2.9629,0.767529,2.75245,1.39345,1.99845
1.76,2.83263,0.767487,2.75228,1.45745,1.99845
1.8,2.72478,0.767444,2.75212,1.51505,1.99845
1.84,2.63762,0.767399,2.75196,1.56502,1.99845
1.88,2.56883,0.767353,2.75179,1.60684,1.99845
1.92,2.51578,0.767304,2.75162,1.64062,1.99845
1.96,2.4758,0.767254,2.75145,1.66701,1.99845
2,2.44634,0.767202,2.75128,1.68698,1.99845
2.04,2.42509,0.767148,2.7511,1.70164,1.99845
2.08,2.4101,0.767093,2.75091,1.71211,1.99845
2.12,2.39974,0.767034,2.75072,1.71939,1.99845
2.16,2.39272,0.766974,2.75052,1.72431,1.99845
2.2,2.38805,0.766912,2.75032,1.72755,1.99845
2.24,2.38499,0.766847,2.7501,1.72963,1.99845
2.28,2.38301,0.766779,2.74988,1.73093,1.99845
2.32,2.38174,0.766708,2.74965,1.73171,1.99845
2.36,2.38091,0.766634,2.7494,1.73215,1.99845
2.4,2.38037,0.766557,2.74915,1.73239,1.99845
2.44,2.37999,0.766477,2.74888,1.7325,1.99845
2.48,2.37971,0.766392,2.7486,1.73252,1.99845
2.52,2.37948,0.766302,2.74831,1.7325,1.99845
2.56,2.37928,0.766207,2.74799,1.73245,1.99845
2.6,2.37908,0.766104,2.74765,1.73238,1.99845
2.64,2.37888,0.765991,2.74728,1.73229,1.99845
2.68,2.37866,0.765864,2.74686,1.73219,1.99845
2.72,2.3784,0.765714,2.74637,1.73207,1.99845
2.76,2.37808,0.765528,2.74575,1.73191,1.99845
2.8,2.37765,0.76528,2.74493,1.73171,1.99845
2.84,2.37705,0.764927,2.74377,1.73141,1.99845
2.88,2.37612,0.764387,2.74199,1.73097,1.99845
2.92,2.37463,0.763519,2.73913,1.73024,1.99845
2.96,2.37215,0.762066,2.73435,1.72904,1.99845
3,2.36789,0.759575,2.72617,1.72697,1.99845
3.04,2.3605,0.755246,2.712,1.72337,1.99845
3.08,2.34763,0.747681,2.6874,1.71709,1.99845
3.12,2.32535,0.734506,2.645,1.70619,1.99845
3.16,2.28741,0.711838,2.57336,1.68751,1.99845
3.2,2.22487,0.673831,2.45688,1.65642,1.99845
3.24,2.12746,0.613004,2.27959,1.60726,1.99845
3.28,1.98923,0.523088,2.03689,1.53594,1.99845
3.32,1.81867,0.405946,1.75258,1.44549,1.99845
3.36,1.64441,0.278583,1.48036,1.35036,1.99845
3.4,1.50134,0.167606,1.27135,1.27022,1.99845
3.44,1.40608,0.0901338,1.13965,1.21577,1.99845
3.48,1.35218,0.0448863,1.06778,1.1845,1.99845
3.52,1.3247,0.0213838,1.03186,1.16841,1.99845
3.56,1.31146,0.00995594,1.01474,1.16062,1.99845
3.6,1.30527,0.00458333,1.00676,1.15696,1.99845
3.64,1.30241,0.00209839,1.00309,1.15527,1.99845
3.68,1.3011,0.000957996,1.00141,1.1545,1.99845
3.72,1.3005,0.00043664,1.00064,1.15414,1.99845
3.76,1.30023,0.000198776,1.00029,1.15398,1.99845
3.8,1.3001,9.03938e-05,1.00013,1.15391,1.99845
3.84,1.30005,4.10605e-05,1.00006,1.15387,1.99845
3.88,1.30002,1.86278e-05,1.00003,1.15386,1.99845
3.92,1.30001,8.43867e-06,1.00001,1.15385,1.99845
3.96,1.3,3.81651e-06,1.00001,1.15385,1.99845
4,1.3,1.72282e-06,1,1.15385,1.99845
4.04,1.3,7.76036e-07,1,1.15385,1.99845
4.08,1.3,3.48726e-07,1,1.15385,1.99845
4.12,1.3,1.56289e-07,1,1.15385,1.99845
4.16,1.3,6.98384e-08,1,1.15385,1.99845
4.2,1.3,3.11075e-08,1,1.15385,1.99845
4.24,1.3,1.38077e-08,1,1.15385,1.99845
4.28,1.3,6.10581e-09,1,1.15385,1.99845
4.32,1.3,2.68917e-09,1,1.15385,1.99845
4.36,1.3,1.17932e-09,1,1.15385,1.99845
4.4,1.3,5.14842e-10,1,1.15385,1.99845
4.44,1.3,2.23688e-10,1,1.15385,1.99845
4.48,1.3,9.67028e-11,1,1.15385,1.99845
4.52,1.3,4.1588e-11,1,1.15385,1.99845
4.56,1.3,1.77885e-11,1,1.15385,1.99845
4.6,1.3,7.56605e-12,1,1.15385,1.99845
4.64,1.3,3.19939e-12,1,1.15385,1.99845
4.68,1.3,1.34482e-12,1,1.15385,1.99845
4.72,1.3,5.61829e-13,1,1.15385,1.99845
4.76,1.3,2.3317e-13,1,1.15385,1.99845
4.8,1.3,9.59808e-14,1,1.15385,1.99845
4.84,1.3,3.92061e-14,1,1.15385,1.99845
4.88,1.3,1.58735e-14,1,1.15385,1.99845
4.92,1.3,6.30655e-15,1,1.15385,1.99845
4.96,1.3,2.32756e-15,1,1.15385,1.99845
5,1.3,6.10782e-16,1,1.15385,1.99845
5.04,1.3,7.14462e-17,1,1.15385,1.99845
5.08,1.3,7.49614e-18,1,1.15385,1.99845
5.12,1.3,7.57154e-19,1,1.15385,1.99845
5.16,1.3,7.621e-20,1,1.15385,1.99845
5.2,1.3,7.68941e-21,1,1.15385,1.99845
5.24,1.3,7.76292e-22,1,1.15385,1.99845
5.28,1.3,7.83483e-23,1,1.15385,1.99845
5.32,1.3,7.90529e-24,1,1.15385,1.99845
5.36,1.3,7.97432e-25,1,1.15385,1.99845
5.4,1.3,8.04102e-26,1,1.15385,1.99845
5.44,1.3,8.10424e-27,1,1.15385,1.99845
5.48,1.3,8.16272e-28,1,1.15385,1.99845
5.52,1.3,8.21507e-29,1,1.15385,1.99845
5.56,1.3,8.25982e-30,1,1.15385,1.99845
5.6,1.3,8.2955e-31,1,1.15385,1.99845
5.64,1.3,8.32069e-32,1,1.15385,1.99845
5.68,1.3,8.33414e-33,1,1.15385,1.99845
5.72,1.3,8.33473e-34,1,1.15385,1.99845
5.76,1.3,8.32156e-35,1,1.15385,1.99845
5.8,1.3,8.2939e-36,1,1.15385,1.99845
5.84,1.3,8.25121e-37,1,1.15385,1.99845
5.88,1.3,8.19314e-38,1,1.15385,1.99845
5.92,1.3,8.11953e-39,1,1.15385,1.99845
5.96,1.3,8.03041e-40,1,1.15385,1.99845
6,1.3,7.92606e-41,1,1.15385,1.99845
6.04,1.3,7.80695e-42,1,1.15385,1.99845
6.08,1.3,7.67378e-43,1,1.15385,1.99845
6.12,1.3,7.5274e-44,1,1.15385,1.99845
6.16,1.3,7.36881e-45,1,1.15385,1.99845
6.2,1.3,7.19911e-46,1,1.15385,1.99845
6.24,1.3,7.01941e-47,1,1.15385,1.99845
6.28,1.3,6.83081e-48,1,1.15385,1.99845
6.32,1.3,6.6344e-49,1,1.15385,1.99845
6.36,1.3,6.43118e-50,1,1.15385,1.99845
6.4,1.3,6.22213e-51,1,1.15385,1.99845
6.44,1.3,6.00815e-52,1,1.15385,1.99845
6.48,1.3,5.7901e-53,1,1.15385,1.99845
6.52,1.3,5.56883e-54,1,1.15385,1.99845
6.56,1.3,5.34512e-55,1,1.15385,1.99845
6.6,1.3,5.11975e-56,1,1.15385,1.99845
6.64,1.3,4.89349e-57,1,1.15385,1.99845
6.68,1.3,4.66706e-58,1,1.15385,1.99845
6.72,1.3,4.4412e-59,1,1.15385,1.99845
6.76,1.3,4.21661e-60,1,1.15385,1.99845
6.8,1.3,3.994e-61,1,1.15385,1.99845
6.84,1.3,3.77405e-62,1,1.15385,1.99845
6.88,1.3,3.55743e-63,1,1.15385,1.99845
6.92,1.3,3.34481e-64,1,1.15385,1.99845
6.96,1.3,3.13681e-65,1,1.15385,1.99845
7,1.3,2.93405e-66,1,1.15385,1.99845
7.04,1.3,2.73711e-67,1,1.15385,1.99845
7.08,1.3,2.54652e-68,1,1.15385,1.99845
7.12,1.3,2.36275e-69,1,1.15385,1.99845
7.16,1.3,2.18622e-70,1,1.15385,1.99845
7.2,1.3,2.0173e-71,1,1.15385,1.99845
7.24,1.3,1.85625e-72,1,1.15385,1.99845
7.28,1.3,1.7033e-73,1,1.15385,1.99845
7.32,1.3,1.55857e-74,1,1.15385,1.99845
7.36,1.3,1.42215e-75,1,1.15385,1.99845
7.4,1.3,1.29402e-76,1,1.15385,1.99845
7.44,1.3,1.17412e-77,1,1.15385,1.99845
7.48,1.3,1.06233e-78,1,1.15385,1.99845
7.52,1.3,9.58469e-80,1,1.15385,1.99845
7.56,1.3,8.62325e-81,1,1.15385,1.99845
7.6,1.3,7.73635e-82,1,1.15385,1.99845
7.64,1.3,6.92104e-83,1,1.15385,1.99845
7.68,1.3,6.17414e-84,1,1.15385,1.99845
7.72,1.3,5.49224e-85,1,1.15385,1.99845
7.76,1.3,4.87181e-86,1,1.15385,1.99845
7.8,1.3,4.30919e-87,1,1.15385,1.99845
7.84,1.3,3.80071e-88,1,1.15385,1.99845
7.88,1.3,3.34267e-89,1,1.15385,1.99845
7.92,1.3,2.93144e-90,1,1.15385,1.99845
7.96,1.3,2.56345e-91,1,1.15385,1.99845
8,1.3,2.23521e-92,1,1.15385,1.99845
8.04,1.3,1.9434e-93,1,1.15385,1.99845
8.08,1.3,1.68481e-94,1,1.15385,1.99845
8.12,1.3,1.4564e-95,1,1.15385,1.99845
8.16,1.3,1.2553e-96,1,1.15385,1.99845
8.2,1.3,1.07882e-97,1,1.15385,1.99845
8.24,1.3,9.2444e-99,1,1.15385,1.99845
8.28,1.3,7.89838e-100,1,1.15385,1.99845
8.32,1.3,6.72856e-101,1,1.15385,1.99845
8.36,1.3,5.71516e-102,1,1.15385,1.99845
8.4,1.3,4.84011e-103,1,1.15385,1.99845
8.44,1.3,4.08694e-104,1,1.15385,1.99845
8.48,1.3,3.44079e-105,1,1.15385,1.99845
8.52,1.3,2.88822e-106,1,1.15385,1.99845
8.56,1.3,2.41721e-107,1,1.15385,1.99845
8.6,1.3,2.017e-108,1,1.15385,1.99845
8.64,1.3,1.67805e-109,1,1.15385,1.99845
8.68,1.3,1.3919e-110,1,1.15385,1.99845
8.72,1.3,1.1511e-111,1,1.15385,1.99845
8.76,1.3,9.49102e-113,1,1.15385,1.99845
8.8,1.3,7.80203e-114,1,1.15385,1.99845
8.84,1.3,6.39428e-115,1,1.15385,1.99845
8.88,1.3,5.22471e-116,1,1.15385,1.99845
8.92,1.3,4.25611e-117,1,1.15385,1.99845
8.96,1.3,3.45653e-118,1,1.15385,1.99845
9,1.3,2.79859e-119,1,1.15385,1.99845
9.04,1.3,2.25895e-120,1,1.15385,1.99845
9.08,1.3,1.81775e-121,1,1.15385,1.99845
9.12,1.3,1.4582e-122,1,1.15385,1.99845
9.16,1.3,1.16615e-123,1,1.15385,1.99845
9.2,1.3,9.29692e-125,1,1.15385,1.99845
9.24,1.3,7.38865e-126,1,1.15385,1.99845
9.28,1.3,5.85368e-127,1,1.15385,1.99845
9.32,1.3,4.62303e-128,1,1.15385,1.99845
9.36,1.3,3.63959e-129,1,1.15385,1.99845
9.4,1.3,2.8563e-130,1,1.15385,1.99845
9.44,1.3,2.23446e-131,1,1.15385,1.99845
9.48,1.3,1.74245e-132,1,1.15385,1.99845
9.52,1.3,1.35443e-133,1,1.15385,1.99845
9.56,1.3,1.04945e-134,1,1.15385,1.99845
9.6,1.3,8.10527e-136,1,1.15385,1.99845
9.64,1.3,6.23981e-137,1,1.15385,1.99845
9.68,1.3,4.78816e-138,1,1.15385,1.99845
9.72,1.3,3.66229e-139,1,1.15385,1.99845
9.76,1.3,2.79203e-140,1,1.15385,1.99845
9.8,1.3,2.1216e-141,1,1.15385,1.99845
9.84,1.3,1.60686e-142,1,1.15385,1.99845
9.88,1.3,1.213e-143,1,1.15385,1.99845
9.92,1.3,9.13024e-145,1,1.15385,1.99845
9.96,1.3,7.35528e-146,1,1.15385,1.99845
10,1.3,7.35528e-146,1,1.15385,1.99845
-10,13,2.18274e-141,10,1.15385,2.0913
-9.96,13,2.18274e-141,10,1.15385,2.0913
-9.92,13,2.5305e-140,10,1.15385,2.0913
-9.88,13,3.1536e-139,10,1.15385,2.0913
-9.84,13,3.91896e-138,10,1.15385,2.0913
-9.8,13,4.85386e-137,10,1.15385,2.0913
-9.76,13,5.99183e-136,10,1.15385,2.0913
-9.72,13,7.3721e-135,10,1.15385,2.0913
-9.68,13,9.04034e-134,10,1.15385,2.0913
-9.64,13,1.10496e-132,10,1.15385,2.0913
-9.6,13,1.34609e-131,10,1.15385,2.0913
-9.56,13,1.63448e-130,10,1.15385,2.0913
-9.52,13,1.97815e-129,10,1.15385,2.0913
-9.48,13,2.38626e-128,10,1.15385,2.0913
-9.44,13,2.8692e-127,10,1.15385,2.0913
-9.4,13,3.43867e-126,10,1.15385,2.0913
-9.36,13,4.10779e-125,10,1.15385,2.0913
-9.32,13,4.89122e-124,10,1.15385,2.0913
-9.28,13,5.80524e-123,10,1.15385,2.0913
-9.24,13,6.86783e-122,10,1.15385,2.0913
-9.2,13,8.09875e-121,10,1.15385,2.0913
-9.16,13,9.51957e-120,10,1.15385,2.0913
-9.12,13,1.11537e-118,10,1.15385,2.0913
-9.08,13,1.30265e-117,10,1.15385,2.0913
-9.04,13,1.51651e-116,10,1.15385,2.0913
-9,13,1.75983e-115,10,1.15385,2.0913
-8.96,13,2.03567e-114,10,1.15385,2.0913
-8.92,13,2.34724e-113,10,1.15385,2.0913
-8.88,13,2.6979e-112,10,1.15385,2.0913
-8.84,13,3.09109e-111,10,1.15385,2.0913
-8.8,13,3.53037e-110,10,1.15385,2.0913
-8.76,13,4.01932e-109,10,1.15385,2.0913
-8.72,13,4.56155e-108,10,1.15385,2.0913
-8.68,13,5.16064e-107,10,1.15385,2.0913
-8.64,13,5.8201e-106,10,1.15385,2.0913
-8.6,13,6.54331e-105,10,1.15385,2.0913
-8.56,13,7.33346e-104,10,1.15385,2.0913
-8.52,13,8.19352e-103,10,1.15385,2.0913
-8.48,13,9.12616e-102,10,1.15385,2.0913
-8.44,13,1.01337e-100,10,1.15385,2.0913
-8.4,13,1.12181e-99,10,1.15385,2.0913
-8.36,13,1.23808e-98,10,1.15385,2.0913
-8.32,13,1.36226e-97,10,1.15385,2.0913
-8.28,13,1.4944e-96,10,1.15385,2.0913
-8.24,13,1.63447e-95,10,1.15385,2.0913
-8.2,13,1.78236e-94,10,1.15385,2.0913
-8.16,13,1.93792e-93,10,1.15385,2.0913
-8.12,13,2.10089e-92,10,1.15385,2.0913
-8.08,13,2.27095e-91,10,1.15385,2.0913
-8.04,13,2.44768e-90,10,1.15385,2.0913
-8,13,2.63059e-89,10,1.15385,2.0913
-7.96,13,2.81909e-88,10,1.15385,2.0913
-7.92,13,3.0125e-87,10,1.15385,2.0913
-7.88,13,3.21004e-86,10,1.15385,2.0913
-7.84,13,3.41085e-85,10,1.15385,2.0913
-7.8,13,3.61399e-84,10,1.15385,2.0913
-7.76,13,3.8184e-83,10,1.15385,2.0913
-7.72,13,4.02298e-82,10,1.15385,2.0913
-7.68,13,4.22653e-81,10,1.15385,2.0913
-7.64,13,4.42779e-80,10,1.15385,2.0913
-7.6,13,4.62548e-79,10,1.15385,2.0913
-7.56,13,4.81824e-78,10,1.15385,2.0913
-7.52,13,5.00473e-77,10,1.15385,2.0913
-7.48,13,5.1836e-76,10,1.15385,2.0913
-7.44,13,5.35352e-75,10,1.15385,2.0913
-7.4,13,5.51321e-74,10,1.15385,2.0913
-7.36,13,5.66147e-73,10,1.15385,2.0913
-7.32,13,5.79718e-72,10,1.15385,2.0913
-7.28,13,5.91933e-71,10,1.15385,2.0913
-7.24,13,6.02706e-70,10,1.15385,2.0913
-7.2,13,6.11964e-69,10,1.15385,2.0913
-7.16,13,6.19649e-68,10,1.15385,2.0913
-7.12,13,6.25722e-67,10,1.15385,2.0913
-7.08,13,6.30159e-66,10,1.15385,2.0913
-7.04,13,6.32953e-65,10,1.15385,2.0913
-7,13,6.34112e-64,10,1.15385,2.0913
-6.96,13,6.3366e-63,10,1.15385,2.0913
-6.92,13,6.31633e-62,10,1.15385,2.0913
-6.88,13,6.28077e-61,10,1.15385,2.0913
-6.84,13,6.2305e-60,10,1.15385,2.0913
-6.8,13,6.16615e-59,10,1.15385,2.0913
-6.76,13,6.08841e-58,10,1.15385,2.0913
-6.72,13,5.99802e-57,10,1.15385,2.0913
-6.68,13,5.89574e-56,10,1.15385,2.0913
-6.64,13,5.78234e-55,10,1.15385,2.0913
-6.6,13,5.65862e-54,10,1.15385,2.0913
-6.56,13,5.52539e-53,10,1.15385,2.0913
-6.52,13,5.38346e-52,10,1.15385,2.0913
-6.48,13,5.23369e-51,10,1.15385,2.0913
-6.44,13,5.07695e-50,10,1.15385,2.0913
-6.4,13,4.91414e-49,10,1.15385,2.0913
-6.36,13,4.7462e-48,10,1.15385,2.0913
-6.32,13,4.57411e-47,10,1.15385,2.0913
-6.28,13,4.39883e-46,10,1.15385,2.0913
-6.24,13,4.22137e-45,10,1.15385,2.0913
-6.2,13,4.04269e-44,10,1.15385,2.0913
-6.16,13,3.86375e-43,10,1.15385,2.0913
-6.12,13,3.6854e-42,10,1.15385,2.0913
-6.08,13,3.50844e-41,10,1.15385,2.0913
-6.04,13,3.33354e-40,10,1.15385,2.0913
-6,13,3.16122e-39,10,1.15385,2.0913
-5.96,13,2.99191e-38,10,1.15385,2.0913
-5.92,13,2.82591e-37,10,1.15385,2.0913
-5.88,13,2.66341e-36,10,1.15385,2.0913
-5.84,13,2.50459e-35,10,1.15385,2.0913
-5.8,13,2.34962e-34,10,1.15385,2.0913
-5.76,13,2.1987e-33,10,1.15385,2.0913
-5.72,13,2.05211e-32,10,1.15385,2.0913
-5.68,13,1.91025e-31,10,1.15385,2.0913
-5.64,13,1.77356e-30,10,1.15385,2.0913
-5.6,13,1.64257e-29,10,1.15385,2.0913
-5.56,13,1.5178e-28,10,1.15385,2.0913
-5.52,13,1.39969e-27,10,1.15385,2.0913
-5.48,13,1.28852e-26,10,1.15385,2.0913
-5.44,13,1.18439e-25,10,1.15385,2.0913
-5.4,13,1.08723e-24,10,1.15385,2.0913
-5.36,13,9.96995e-24,10,1.15385,2.0913
-5.32,13,9.13711e-23,10,1.15385,2.0913
-5.28,13,8.37386e-22,10,1.15385,2.0913
-5.24,13,7.67725e-21,10,1.15385,2.0913
-5.2,13,7.04203e-20,10,1.15385,2.0913
-5.16,13,6.46126e-19,10,1.15385,2.0913
-5.12,13,5.90019e-18,10,1.15385,2.0913
-5.08,13,5.23884e-17,10,1.15385,2.0913
-5.04,13,4.2914e-16,10,1.15385,2.0913
-5,13,1.6699e-15,10,1.15385,2.0913
-4.96,13,4.37575e-15,10,1.15385,2.0913
-4.92,13,1.01272e-14,10,1.15385,2.0913
-4.88,13,2.28152e-14,10,1.15385,2.0913
-4.84,13,5.0557e-14,10,1.15385,2.0913
-4.8,13,1.10449e-13,10,1.15385,2.0913
-4.76,13,2.38533e-13,10,1.15385,2.0913
-4.72,13,5.10265e-13,10,1.15385,2.0913
-4.68,13,1.08123e-12,10,1.15385,2.0913
-4.64,13,2.26929e-12,10,1.15385,2.0913
-4.6,13,4.71778e-12,10,1.15385,2.0913
-4.56,13,9.7145e-12,10,1.15385,2.0913
-4.52,13,1.98105e-11,10,1.15385,2.0913
-4.48,13,4.00067e-11,10,1.15385,2.0913
-4.44,13,8.00017e-11,10,1.15385,2.0913
-4.4,13,1.58402e-10,10,1.15385,2.0913
-4.36,13,3.10516e-10,10,1.15385,2.0913
-4.32,13,6.0261e-10,10,1.15385,2.0913
-4.28,13,1.15766e-09,10,1.15385,2.0913
-4.24,13,2.20133e-09,10,1.15385,2.0913
-4.2,13,4.14294e-09,10,1.15385,2.0913
-4.16,13,7.71643e-09,10,1.15385,2.0913
-4.12,13,1.42223e-08,10,1.15385,2.0913
-4.08,13,2.59378e-08,10,1.15385,2.0913
-4.04,13,4.6802e-08,10,1.15385,2.0913
-4,13,8.35458e-08,10,1.15385,2.0913
-3.96,13,1.47528e-07,10,1.15385,2.0913
-3.92,13,2.57673e-07,10,1.15385,2.0913
-3.88,13,4.45111e-07,9.99999,1.15385,2.0913
-3.84,13,7.6038e-07,9.99999,1.15385,2.0913
-3.8,13,1.28443e-06,9.99998,1.15385,2.0913
-3.76,13,2.14518e-06,9.99997,1.15384,2.0913
-3.72,13,3.54196e-06,9.99995,1.15384,2.0913
-3.68,12.9999,5.78104e-06,9.99991,1.15384,2.0913
-3.64,12.9999,9.32617e-06,9.99986,1.15384,2.0913
-3.6,12.9998,1.48692e-05,9.99978,1.15384,2.0913
-3.56,12.9997,2.34267e-05,9.99966,1.15383,2.0913
-3.52,12.9996,3.64692e-05,9.99946,1.15382,2.0913
-3.48,12.9994,5.60897e-05,9.99917,1.15381,2.0913
-3.44,12.999,8.52186e-05,9.99875,1.15379,2.0913
-3.4,12.9985,0.000127889,9.99812,1.15376,2.0913
-3.36,12.9978,0.000189554,9.99721,1.15372,2.0913
-3.32,12.9968,0.000277453,9.99592,1.15366,2.0913
-3.28,12.9954,0.000401019,9.9941,1.15357,2.0913
-3.24,12.9934,0.000572299,9.99158,1.15346,2.0913
-3.2,12.9907,0.00080637,9.98814,1.1533,2.0913
-3.16,12.9871,0.00112171,9.9835,1.15308,2.0913
-3.12,12.9823,0.00154044,9.97735,1.1528,2.0913
-3.08,12.976,0.0020885,9.96929,1.15243,2.0913
-3.04,12.9679,0.0027955,9.95892,1.15195,2.0913
-3,12.9576,0.00369448,9.94573,1.15134,2.0913
-2.96,12.9447,0.00482129,9.92923,1.15057,2.0913
-2.92,12.9288,0.00621379,9.90886,1.14963,2.0913
-2.88,12.9094,0.00791078,9.88408,1.14848,2.0913
-2.84,12.8861,0.00995083,9.85436,1.14709,2.0913
-2.8,12.8585,0.012371,9.81919,1.14546,2.0913
-2.76,12.8262,0.0152053,9.77813,1.14354,2.0913
-2.72,12.7889,0.0184842,9.7308,1.14132,2.0913
-2.68,12.7463,0.0222328,9.67691,1.13879,2.0913
-2.64,12.6984,0.0264708,9.61626,1.13593,2.0913
-2.6,12.6448,0.0312117,9.54877,1.13273,2.0913
-2.56,12.5857,0.0364631,9.47446,1.1292,2.0913
-2.52,12.521,0.0422265,9.39342,1.12532,2.0913
-2.48,12.4508,0.0484979,9.30587,1.12111,2.0913
-2.44,12.3754,0.0552682,9.21207,1.11658,2.0913
-2.4,12.2948,0.0625243,9.11238,1.11173,2.0913
-2.36,12.2095,0.0702497,9.00718,1.10658,2.0913
-2.32,12.1196,0.0784249,8.89691,1.10114,2.0913
-2.28,12.0254,0.0870288,8.78201,1.09543,2.0913
-2.24,11.9273,0.0960388,8.66295,1.08947,2.0913
-2.2,11.8256,0.105432,8.54021,1.08327,2.0913
-2.16,11.7206,0.115184,8.41422,1.07685,2.0913
-2.12,11.6126,0.125273,8.28545,1.07023,2.0913
-2.08,11.502,0.135676,8.15432,1.06342,2.0913
-2.04,11.3889,0.146372,8.02122,1.05645,2.0913
-2,11.2738,0.157339,7.88655,1.04932,2.0913
-1.96,11.1568,0.168557,7.75065,1.04206,2.0913
-1.92,11.0381,0.18001,7.61385,1.03466,2.0913
-1.88,10.9181,0.191678,7.47645,1.02716,2.0913
-1.84,10.7969,0.203547,7.33872,1.01956,2.0913
-1.8,10.6747,0.2156,7.20092,1.01186,2.0913
-1.76,10.5517,0.227825,7.06327,1.00409,2.0913
-1.72,10.4281,0.240209,6.92598,0.996247,2.0913
-1.68,10.304,0.25274,6.78923,0.988343,2.0913
-1.64,10.1794,0.265406,6.65318,0.980385,2.0913
-1.6,10.0547,0.278199,6.518,0.972381,2.0913
-1.56,9.92983,0.291108,6.3838,0.964337,2.0913
-1.52,9.80495,0.304126,6.25072,0.95626,2.0913
-1.48,9.68014,0.317245,6.11885,0.948156,2.0913
-1.44,9.55549,0.330457,5.98829,0.940029,2.0913
-1.4,9.43109,0.343756,5.85912,0.931885,2.0913
-1.36,9.307,0.357135,5.73142,0.923727,2.0913
-1.32,9.1833,0.370589,5.60525,0.915562,2.0913
-1.28,9.06005,0.384112,5.48068,0.907391,2.0913
-1.24,8.93731,0.397699,5.35774,0.89922,2.0913
-1.2,8.81514,0.411344,5.23649,0.891051,2.0913
-1.16,8.69357,0.425044,5.11697,0.882888,2.0913
-1.12,8.57268,0.438794,4.99921,0.874734,2.0913
-1.08,8.45249,0.452588,4.88324,0.866592,2.0913
-1.04,8.33306,0.466423,4.7691,0.858466,2.0913
-1,8.21443,0.480292,4.65681,0.850359,2.0913
-0.96,8.09666,0.494192,4.5464,0.842273,2.0913
-0.92,7.97978,0.508117,4.43789,0.834213,2.0913
-0.88,7.86384,0.52206,4.33131,0.826182,2.0913
-0.84,7.74891,0.536016,4.22669,0.818184,2.0913
-0.8,7.63503,0.549977,4.12406,0.810224,2.0913
-0.76,7.52228,0.563934,4.02344,0.802305,2.0913
-0.72,7.41073,0.577877,3.92489,0.794435,2.0913
-0.68,7.30046,0.591793,3.82846,0.78662,2.0913
-0.64,7.1916,0.605667,3.73421,0.778868,2.0913
-0.6,7.08427,0.619481,3.64221,0.77119,2.0913
-0.56,6.97863,0.633209,3.55258,0.763599,2.0913
-0.52,6.87491,0.646821,3.46546,0.75611,2.0913
-0.48,6.77338,0.660275,3.38103,0.748746,2.0913
-0.44,6.67441,0.673518,3.29954,0.741534,2.0913
-0.4,6.57848,0.686477,3.22132,0.734513,2.0913
-0.36,6.48624,0.699053,3.14683,0.727732,2.0913
-0.32,6.39858,0.711115,3.07669,0.72126,2.0913
-0.28,6.31666,0.722485,3.01173,0.715187,2.0913
-0.24,6.24203,0.73293,2.95303,0.709633,2.0913
-0.2,6.17651,0.742164,2.9019,0.704742,2.0913
-0.16,6.1221,0.74988,2.85972,0.700672,2.0913
-0.12,6.08028,0.755831,2.82751,0.697544,2.0913
-0.08,6.05117,0.759975,2.80523,0.695376,2.0913
-0.04,6.03272,0.762584,2.79122,0.69402,2.0913
0,6.02133,0.76417,2.78268,0.693205,2.0913
0.04,6.01373,0.765205,2.77707,0.692682,2.0913
0.08,6.00816,0.76594,2.77304,0.692318,2.0913
0.12,6.00393,0.766478,2.77005,0.692059,2.0913
0.16,6.00062,0.766878,2.76779,0.691876,2.0913
0.2,5.99797,0.767178,2.76605,0.691746,2.0913
0.24,5.99578,0.767406,2.76468,0.691657,2.0913
0.28,5.99393,0.767581,2.76359,0.691598,2.0913
0.32,5.99232,0.767717,2.76271,0.691564,2.0913
0.36,5.99087,0.767821,2.76198,0.691548,2.0913
0.4,5.98955,0.767903,2.76137,0.691548,2.0913
0.44,5.9883,0.767967,2.76085,0.691561,2.0913
0.48,5.9871,0.768018,2.7604,0.691587,2.0913
0.52,5.98591,0.768057,2.76,0.691623,2.0913
0.56,5.98472,0.768087,2.75964,0.69167,2.0913
0.6,5.9835,0.768111,2.75931,0.691729,2.0913
0.64,5.98222,0.768128,2.759,0.691801,2.0913
0.68,5.98083,0.768141,2.75872,0.69189,2.0913
0.72,5.97928,0.76815,2.75845,0.692002,2.0913
0.76,5.97745,0.768156,2.75819,0.692149,2.0913
0.8,5.97516,0.768158,2.75794,0.692352,2.0913
0.84,5.9721,0.768158,2.7577,0.692645,2.0913
0.88,5.9678,0.768155,2.75746,0.693085,2.0913
0.92,5.96152,0.76815,2.75723,0.693756,2.0913
0.96,5.9522,0.768143,2.757,0.694786,2.0913
1,5.93835,0.768135,2.75677,0.696349,2.0913
1.04,5.91803,0.768124,2.75655,0.698682,2.0913
1.08,5.88886,0.768112,2.75632,0.702086,2.0913
1.12,5.84801,0.768098,2.7561,0.706933,2.0913
1.16,5.79242,0.768082,2.75588,0.713659,2.0913
1.2,5.719,0.768065,2.75565,0.722763,2.0913
1.24,5.62495,0.768046,2.75543,0.734789,2.0913
1.28,5.50809,0.768026,2.75522,0.75032,2.0913
1.32,5.36724,0.768005,2.755,0.76995,2.0913
1.36,5.2025,0.767982,2.75479,0.79427,2.0913
1.4,5.01543,0.767957,2.75458,0.823833,2.0913
1.44,4.80908,0.767932,2.75438,0.859119,2.0913
1.48,4.58785,0.767905,2.75419,0.900482,2.0913
1.52,4.35719,0.767877,2.754,0.948086,2.0913
1.56,4.12319,0.767848,2.75381,1.00183,2.0913
1.6,3.89206,0.767818,2.75364,1.06125,2.0913
1.64,3.66969,0.767786,2.75347,1.12549,2.0913
1.68,3.46117,0.767754,2.7533,1.19323,2.0913
1.72,3.27051,0.76772,2.75315,1.26271,2.0913
1.76,3.10045,0.767684,2.75299,1.3319,2.0913
1.8,2.95239,0.767648,2.75284,1.39861,2.0913
1.84,2.82654,0.767609,2.75269,1.46081,2.0913
1.88,2.72202,0.76757,2.75254,1.51682,2.0913
1.92,2.63721,0.767529,2.75239,1.56551,2.0913
1.96,2.56993,0.767487,2.75224,1.60641,2.0913
2,2.51773,0.767443,2.75209,1.63963,2.0913
2.04,2.4781,0.767397,2.75193,1.66575,2.0913
2.08,2.44866,0.76735,2.75177,1.68568,2.0913
2.12,2.42724,0.767301,2.75161,1.70045,2.0913
2.16,2.41198,0.76725,2.75144,1.71111,2.0913
2.2,2.40132,0.767198,2.75127,1.7186,2.0913
2.24,2.39401,0.767144,2.75109,1.72373,2.0913
2.28,2.38909,0.767088,2.7509,1.72716,2.0913
2.32,2.38584,0.767029,2.75071,1.7294,2.0913
2.36,2.38371,0.766969,2.75051,1.73082,2.0913
2.4,2.38233,0.766906,2.7503,1.73169,2.0913
2.44,2.38143,0.76684,2.75008,1.7322,2.0913
2.48,2.38084,0.766772,2.74986,1.73249,2.0913
2.52,2.38044,0.766701,2.74962,1.73263,2.0913
2.56,2.38016,0.766627,2.74938,1.73269,2.0913
2.6,2.37993,0.766549,2.74912,1.73269,2.0913
2.64,2.37974,0.766467,2.74885,1.73266,2.0913
2.68,2.37957,0.766381,2.74857,1.73261,2.0913
2.72,2.37939,0.766289,2.74826,1.73254,2.0913
2.76,2.37922,0.766189,2.74793,1.73246,2.0913
2.8,2.37903,0.76608,2.74757,1.73237,2.0913
2.84,2.37881,0.765955,2.74716,1.73227,2.0913
2.88,2.37855,0.765807,2.74667,1.73215,2.0913
2.92,2.37823,0.76562,2.74605,1.73199,2.0913
2.96,2.3778,0.765367,2.74522,1.73178,2.0913
3,2.37717,0.765,2.74401,1.73148,2.0913
3.04,2.3762,0.764433,2.74214,1.731,2.0913
3.08,2.37462,0.763512,2.7391,1.73024,2.0913
3.12,2.37196,0.761961,2.734,1.72895,2.0913
3.16,2.36739,0.759291,2.72523,1.72673,2.0913
3.2,2.35946,0.75464,2.71002,1.72287,2.0913
3.24,2.34564,0.746513,2.68361,1.71613,2.0913
3.28,2.32175,0.732369,2.63817,1.70443,2.0913
3.32,2.28119,0.708093,2.56168,1.68444,2.0913
3.36,2.2147,0.667576,2.43813,1.65133,2.0913
3.4,2.11215,0.603255,2.25218,1.59945,2.0913
3.44,1.96881,0.509436,2.00196,1.52525,2.0913
3.48,1.79575,0.389659,1.71571,1.43314,2.0913
3.52,1.62368,0.262882,1.44926,1.33887,2.0913
3.56,1.48637,0.155636,1.25027,1.26173,2.0913
3.6,1.39714,0.0827002,1.12759,1.21061,2.0913
3.64,1.34748,0.0408851,1.0616,1.18176,2.0913
3.68,1.3224,0.0194029,1.02888,1.16706,2.0913
3.72,1.31038,0.00901736,1.01334,1.15998,2.0913
3.76,1.30477,0.00414821,1.00612,1.15667,2.0913
3.8,1.30218,0.00189888,1.0028,1.15514,2.0913
3.84,1.301,0.000867064,1.00128,1.15444,2.0913
3.88,1.30045,0.000395355,1.00058,1.15411,2.0913
3.92,1.30021,0.000180091,1.00027,1.15397,2.0913
3.96,1.30009,8.19621e-05,1.00012,1.1539,2.0913
4,1.30004,3.72683e-05,1.00005,1.15387,2.0913
4.04,1.30002,1.69286e-05,1.00002,1.15386,2.0913
4.08,1.30001,7.68049e-06,1.00001,1.15385,2.0913
4.12,1.3,3.47988e-06,1.00001,1.15385,2.0913
4.16,1.3,1.57419e-06,1,1.15385,2.0913
4.2,1.3,7.10841e-07,1,1.15385,2.0913
4.24,1.3,3.20338e-07,1,1.15385,2.0913
4.28,1.3,1.44032e-07,1,1.15385,2.0913
4.32,1.3,6.45973e-08,1,1.15385,2.0913
4.36,1.3,2.88912e-08,1,1.15385,2.0913
4.4,1.3,1.28825e-08,1,1.15385,2.0913
4.44,1.3,5.72542e-09,1,1.15385,2.0913
4.48,1.3,2.53557e-09,1,1.15385,2.0913
4.52,1.3,1.11866e-09,1,1.15385,2.0913
4.56,1.3,4.91546e-10,1,1.15385,2.0913
4.6,1.3,2.15068e-10,1,1.15385,2.0913
4.64,1.3,9.36768e-11,1,1.15385,2.0913
4.68,1.3,4.06106e-11,1,1.15385,2.0913
4.72,1.3,1.75188e-11,1,1.15385,2.0913
4.76,1.3,7.5187e-12,1,1.15385,2.0913
4.8,1.3,3.20988e-12,1,1.15385,2.0913
4.84,1.3,1.36291e-12,1,1.15385,2.0913
4.88,1.3,5.75273e-13,1,1.15385,2.0913
4.92,1.3,2.41297e-13,1,1.15385,2.0913
4.96,1.3,1.00564e-13,1,1.15385,2.0913
5,1.3,4.15871e-14,1,1.15385,2.0913
5.04,1.3,1.70039e-14,1,1.15385,2.0913
5.08,1.3,6.82211e-15,1,1.15385,2.0913
5.12,1.3,2.55979e-15,1,1.15385,2.0913
5.16,1.3,7.00126e-16,1,1.15385,2.0913
5.2,1.3,8.80879e-17,1,1.15385,2.0913
5.24,1.3,9.31361e-18,1,1.15385,2.0913
5.28,1.3,9.69726e-19,1,1.15385,2.0913
5.32,1.3,1.00101e-19,1,1.15385,2.0913
5.36,1.3,1.03322e-20,1,1.15385,2.0913
5.4,1.3,1.06463e-21,1,1.15385,2.0913
5.44,1.3,1.09355e-22,1,1.15385,2.0913
5.48,1.3,1.11945e-23,1,1.15385,2.0913
5.52,1.3,1.14215e-24,1,1.15385,2.0913
5.56,1.3,1.16169e-25,1,1.15385,2.0913
5.6,1.3,1.17841e-26,1,1.15385,2.0913
5.64,1.3,1.1929e-27,1,1.15385,2.0913
5.68,1.3,1.20577e-28,1,1.15385,2.0913
5.72,1.3,1.2175e-29,1,1.15385,2.0913
5.76,1.3,1.22843e-30,1,1.15385,2.0913
5.8,1.3,1.2387e-31,1,1.15385,2.0913
5.84,1.3,1.2483e-32,1,1.15385,2.0913
5.88,1.3,1.25717e-33,1,1.15385,2.0913
5.92,1.3,1.26515e-34,1,1.15385,2.0913
5.96,1.3,1.27207e-35,1,1.15385,2.0913
6,1.3,1.27776e-36,1,1.15385,2.0913
6.04,1.3,1.28201e-37,1,1.15385,2.0913
6.08,1.3,1.28465e-38,1,1.15385,2.0913
6.12,1.3,1.28551e-39,1,1.15385,2.0913
6.16,1.3,1.28444e-40,1,1.15385,2.0913
6.2,1.3,1.28133e-41,1,1.15385,2.0913
6.24,1.3,1.27606e-42,1,1.15385,2.0913
6.28,1.3,1.26856e-43,1,1.15385,2.0913
6.32,1.3,1.2588e-44,1,1.15385,2.0913
6.36,1.3,1.24677e-45,1,1.15385,2.0913
6.4,1.3,1.23247e-46,1,1.15385,2.0913
6.44,1.3,1.21595e-47,1,1.15385,2.0913
6.48,1.3,1.19729e-48,1,1.15385,2.0913
6.52,1.3,1.17658e-49,1,1.15385,2.0913
6.56,1.3,1.15394e-50,1,1.15385,2.0913
6.6,1.3,1.1295e-51,1,1.15385,2.0913
6.64,1.3,1.10342e-52,1,1.15385,2.0913
6.68,1.3,1.07583e-53,1,1.15385,2.0913
6.72,1.3,1.0469e-54,1,1.15385,2.0913
6.76,1.3,1.01677e-55,1,1.15385,2.0913
6.8,1.3,9.85606e-57,1,1.15385,2.0913
6.84,1.3,9.53544e-58,1,1.15385,2.0913
6.88,1.3,9.20727e-59,1,1.15385,2.0913
6.92,1.3,8.87292e-60,1,1.15385,2.0913
6.96,1.3,8.5337e-61,1,1.15385,2.0913
7,1.3,8.19086e-62,1,1.15385,2.0913
7.04,1.3,7.84562e-63,1,1.15385,2.0913
7.08,1.3,7.49919e-64,1,1.15385,2.0913
7.12,1.3,7.1527e-65,1,1.15385,2.0913
7.16,1.3,6.8073e-66,1,1.15385,2.0913
7.2,1.3,6.46408e-67,1,1.15385,2.0913
7.24,1.3,6.12412e-68,1,1.15385,2.0913
7.28,1.3,5.78846e-69,1,1.15385,2.0913
7.32,1.3,5.45814e-70,1,1.15385,2.0913
7.36,1.3,5.13412e-71,1,1.15385,2.0913
7.4,1.3,4.81736e-72,1,1.15385,2.0913
7.44,1.3,4.50872e-73,1,1.15385,2.0913
7.48,1.3,4.20905e-74,1,1.15385,2.0913
7.52,1.3,3.9191e-75,1,1.15385,2.0913
7.56,1.3,3.63954e-76,1,1.15385,2.0913
7.6,1.3,3.37097e-77,1,1.15385,2.0913
7.64,1.3,3.11387e-78,1,1.15385,2.0913
7.68,1.3,2.86865e-79,1,1.15385,2.0913
7.72,1.3,2.63559e-80,1,1.15385,2.0913
7.76,1.3,2.4149e-81,1,1.15385,2.0913
7.8,1.3,2.20665e-82,1,1.15385,2.0913
7.84,1.3,2.01086e-83,1,1.15385,2.0913
7.88,1.3,1.82743e-84,1,1.15385,2.0913
7.92,1.3,1.65617e-85,1,1.15385,2.0913
7.96,1.3,1.49685e-86,1,1.15385,2.0913
8,1.3,1.34913e-87,1,1.15385,2.0913
8.04,1.3,1.21265e-88,1,1.15385,2.0913
8.08,1.3,1.08697e-89,1,1.15385,2.0913
8.12,1.3,9.71631e-91,1,1.15385,2.0913
8.16,1.3,8.66134e-92,1,1.15385,2.0913
8.2,1.3,7.69958e-93,1,1.15385,2.0913
8.24,1.3,6.82568e-94,1,1.15385,2.0913
8.28,1.3,6.0342e-95,1,1.15385,2.0913
8.32,1.3,5.3197e-96,1,1.15385,2.0913
8.36,1.3,4.67677e-97,1,1.15385,2.0913
8.4,1.3,4.10008e-98,1,1.15385,2.0913
8.44,1.3,3.58448e-99,1,1.15385,2.0913
8.48,1.3,3.12494e-100,1,1.15385,2.0913
8.52,1.3,2.71668e-101,1,1.15385,2.0913
8.56,1.3,2.35512e-102,1,1.15385,2.0913
8.6,1.3,2.03592e-103,1,1.15385,2.0913
8.64,1.3,1.75502e-104,1,1.15385,2.0913
8.68,1.3,1.50858e-105,1,1.15385,2.0913
8.72,1.3,1.29307e-106,1,1.15385,2.0913
8.76,1.3,1.1052e-107,1,1.15385,2.0913
8.8,1.3,9.41924e-109,1,1.15385,2.0913
8.84,1.3,8.0048e-110,1,1.15385,2.0913
8.88,1.3,6.78329e-111,1,1.15385,2.0913
8.92,1.3,5.7317e-112,1,1.15385,2.0913
8.96,1.3,4.82922e-113,1,1.15385,2.0913
9,1.3,4.05714e-114,1,1.15385,2.0913
9.04,1.3,3.39867e-115,1,1.15385,2.0913
9.08,1.3,2.83885e-116,1,1.15385,2.0913
9.12,1.3,2.36439e-117,1,1.15385,2.0913
9.16,1.3,1.96351e-118,1,1.15385,2.0913
9.2,1.3,1.62587e-119,1,1.15385,2.0913
9.24,1.3,1.34237e-120,1,1.15385,2.0913
9.28,1.3,1.10506e-121,1,1.15385,2.0913
9.32,1.3,9.07049e-123,1,1.15385,2.0913
9.36,1.3,7.42331e-124,1,1.15385,2.0913
9.4,1.3,6.05737e-125,1,1.15385,2.0913
9.44,1.3,4.92818e-126,1,1.15385,2.0913
9.48,1.3,3.99762e-127,1,1.15385,2.0913
9.52,1.3,3.23313e-128,1,1.15385,2.0913
9.56,1.3,2.60704e-129,1,1.15385,2.0913
9.6,1.3,2.09591e-130,1,1.15385,2.0913
9.64,1.3,1.67993e-131,1,1.15385,2.0913
9.68,1.3,1.34246e-132,1,1.15385,2.0913
9.72,1.3,1.06954e-133,1,1.15385,2.0913
9.76,1.3,8.49517e-135,1,1.15385,2.0913
9.8,1.3,6.72708e-136,1,1.15385,2.0913
9.84,1.3,5.31074e-137,1,1.15385,2.0913
9.88,1.3,4.17979e-138,1,1.15385,2.0913
9.92,1.3,3.28112e-139,1,1.15385,2.0913
9.96,1.3,2.76536e-140,1,1.15385,2.0913
10,1.3,2.76536e-140,1,1.15385,2.0913
-10,13,3.63298e-136,10,1.15385,2.18413
-9.96,13,3.63298e-136,10,1.15385,2.18413
-9.92,13,4.0309e-135,10,1.15385,2.18413
-9.88,13,4.82287e-134,10,1.15385,2.18413
-9.84,13,5.75552e-133,10,1.15385,2.18413
-9.8,13,6.84698e-132,10,1.15385,2.18413
-9.76,13,8.11988e-131,10,1.15385,2.18413
-9.72,13,9.59926e-130,10,1.15385,2.18413
-9.68,13,1.13127e-128,10,1.15385,2.18413
-9.64,13,1.32904e-127,10,1.15385,2.18413
-9.6,13,1.55651e-126,10,1.15385,2.18413
-9.56,13,1.81725e-125,10,1.15385,2.18413
-9.52,13,2.11507e-124,10,1.15385,2.18413
-9.48,13,2.45406e-123,10,1.15385,2.18413
-9.44,13,2.83856e-122,10,1.15385,2.18413
-9.4,13,3.27315e-121,10,1.15385,2.18413
-9.36,13,3.76261e-120,10,1.15385,2.18413
-9.32,13,4.31194e-119,10,1.15385,2.18413
-9.28,13,4.92627e-118,10,1.15385,2.18413
-9.24,13,5.61084e-117,10,1.15385,2.18413
-9.2,13,6.37097e-116,10,1.15385,2.18413
-9.16,13,7.21197e-115,10,1.15385,2.18413
-9.12,13,8.13911e-114,10,1.15385,2.18413
-9.08,13,9.15755e-113,10,1.15385,2.18413
-9.04,13,1.02722e-111,10,1.15385,2.18413
-9,13,1.14878e-110,10,1.15385,2.18413
-8.96,13,1.28087e-109,10,1.15385,2.18413
-8.92,13,1.42388e-108,10,1.15385,2.18413
-8.88,13,1.57813e-107,10,1.15385,2.18413
-8.84,13,1.74392e-106,10,1.15385,2.18413
-8.8,13,1.92145e-105,10,1.15385,2.18413
-8.76,13,2.11085e-104,10,1.15385,2.18413
-8.72,13,2.31217e-103,10,1.15385,2.18413
-8.68,13,2.52535e-102,10,1.15385,2.18413
-8.64,13,2.75025e-101,10,1.15385,2.18413
-8.6,13,2.9866e-100,10,1.15385,2.18413
-8.56,13,3.23403e-99,10,1.15385,2.18413
-8.52,13,3.49205e-98,10,1.15385,2.18413
-8.48,13,3.76004e-97,10,1.15385,2.18413
-8.44,13,4.03725e-96,10,1.15385,2.18413
-8.4,13,4.32278e-95,10,1.15385,2.18413
-8.36,13,4.61564e-94,10,1.15385,2.18413
-8.32,13,4.91465e-93,10,1.15385,2.18413
-8.28,13,5.21855e-92,10,1.15385,2.18413
-8.24,13,5.52591e-91,10,1.15385,2.18413
-8.2,13,5.8352e-90,10,1.15385,2.18413
-8.16,13,6.14478e-89,10,1.15385,2.18413
-8.12,13,6.45289e-88,10,1.15385,2.18413
-8.08,13,6.75769e-87,10,1.15385,2.18413
-8.04,13,7.05729e-86,10,1.15385,2.18413
-8,13,7.34974e-85,10,1.15385,2.18413
-7.96,13,7.63307e-84,10,1.15385,2.18413
-7.92,13,7.9053e-83,10,1.15385,2.18413
-7.88,13,8.16453e-82,10,1.15385,2.18413
-7.84,13,8.40887e-81,10,1.15385,2.18413
-7.8,13,8.63657e-80,10,1.15385,2.18413
-7.76,13,8.84597e-79,10,1.15385,2.18413
-7.72,13,9.03559e-78,10,1.15385,2.18413
-7.68,13,9.20411e-77,10,1.15385,2.18413
-7.64,13,9.3504e-76,10,1.15385,2.18413
-7.6,13,9.47358e-75,10,1.15385,2.18413
-7.56,13,9.57295e-74,10,1.15385,2.18413
-7.52,13,9.64807e-73,10,1.15385,2.18413
-7.48,13,9.69872e-72,10,1.15385,2.18413
-7.44,13,9.7249e-71,10,1.15385,2.18413
-7.4,13,9.72682e-70,10,1.15385,2.18413
-7.36,13,9.70488e-69,10,1.15385,2.18413
-7.32,13,9.65966e-68,10,1.15385,2.18413
-7.28,13,9.59188e-67,10,1.15385,2.18413
-7.24,13,9.50239e-66,10,1.15385,2.18413
-7.2,13,9.39216e-65,10,1.15385,2.18413
-7.16,13,9.26223e-64,10,1.15385,2.18413
-7.12,13,9.1137e-63,10,1.15385,2.18413
-7.08,13,8.94775e-62,10,1.15385,2.18413
-7.04,13,8.76558e-61,10,1.15385,2.18413
-7,13,8.56845e-60,10,1.15385,2.18413
-6.96,13,8.35762e-59,10,1.15385,2.18413
-6.92,13,8.13443e-58,10,1.15385,2.18413
-6.88,13,7.90022e-57,10,1.15385,2.18413
-6.84,13,7.65638e-56,10,1.15385,2.18413
-6.8,13,7.4043e-55,10,1.15385,2.18413
-6.76,13,7.14544e-54,10,1.15385,2.18413
-6.72,13,6.88121e-53,10,1.15385,2.18413
-6.68,13,6.61304e-52,10,1.15385,2.18413
-6.64,13,6.34232e-51,10,1.15385,2.18413
-6.6,13,6.07039e-50,10,1.15385,2.18413
-6.56,13,5.79851e-49,10,1.15385,2.18413
-6.52,13,5.52781e-48,10,1.15385,2.18413
-6.48,13,5.25932e-47,10,1.15385,2.18413
-6.44,13,4.99395e-46,10,1.15385,2.18413
-6.4,13,4.73246e-45,10,1.15385,2.18413
-6.36,13,4.47549e-44,10,1.15385,2.18413
-6.32,13,4.22361e-43,10,1.15385,2.18413
-6.28,13,3.97729e-42,10,1.15385,2.18413
-6.24,13,3.73699e-41,10,1.15385,2.18413
-6.2,13,3.50316e-40,10,1.15385,2.18413
-6.16,13,3.27629e-39,10,1.15385,2.18413
-6.12,13,3.05687e-38,10,1.15385,2.18413
-6.08,13,2.84545e-37,10,1.15385,2.18413
-6.04,13,2.64257e-36,10,1.15385,2.18413
-6,13,2.44877e-35,10,1.15385,2.18413
-5.96,13,2.2645e-34,10,1.15385,2.18413
-5.92,13,2.09016e-33,10,1.15385,2.18413
-5.88,13,1.926e-32,10,1.15385,2.18413
-5.84,13,1.77211e-31,10,1.15385,2.18413
-5.8,13,1.62844e-30,10,1.15385,2.18413
-5.76,13,1.49473e-29,10,1.15385,2.18413
-5.72,13,1.3705e-28,10,1.15385,2.18413
-5.68,13,1.25509e-27,10,1.15385,2.18413
-5.64,13,1.14766e-26,10,1.15385,2.18413
-5.6,13,1.0473e-25,10,1.15385,2.18413
-5.56,13,9.53144e-25,10,1.15385,2.18413
-5.52,13,8.64491e-24,10,1.15385,2.18413
-5.48,13,7.80942e-23,10,1.15385,2.18413
-5.44,13,7.02388e-22,10,1.15385,2.18413
-5.4,13,6.28879e-21,10,1.15385,2.18413
-5.36,13,5.60675e-20,10,1.15385,2.18413
-5.32,13,4.98928e-19,10,1.15385,2.18413
-5.28,13,4.45411e-18,10,1.15385,2.18413
-5.24,13,3.97434e-17,10,1.15385,2.18413
-5.2,13,3.40047e-16,10,1.15385,2.18413
-5.16,13,1.43988e-15,10,1.15385,2.18413
-5.12,13,3.9075e-15,10,1.15385,2.18413
-5.08,13,9.06723e-15,10,1.15385,2.18413
-5.04,13,2.02293e-14,10,1.15385,2.18413
-5,13,4.42415e-14,10,1.15385,2.18413
-4.96,13,9.53967e-14,10,1.15385,2.18413
-4.92,13,2.03621e-13,10,1.15385,2.18413
-4.88,13,4.30616e-13,10,1.15385,2.18413
-4.84,13,9.02213e-13,10,1.15385,2.18413
-4.8,13,1.87269e-12,10,1.15385,2.18413
-4.76,13,3.85147e-12,10,1.15385,2.18413
-4.72,13,7.84831e-12,10,1.15385,2.18413
-4.68,13,1.5844e-11,10,1.15385,2.18413
-4.64,13,3.16856e-11,10,1.15385,2.18413
-4.6,13,6.27679e-11,10,1.15385,2.18413
-4.56,13,1.23158e-10,10,1.15385,2.18413
-4.52,13,2.39335e-10,10,1.15385,2.18413
-4.48,13,4.60612e-10,10,1.15385,2.18413
-4.44,13,8.77843e-10,10,1.15385,2.18413
-4.4,13,1.6566e-09,10,1.15385,2.18413
-4.36,13,3.09532e-09,10,1.15385,2.18413
-4.32,13,5.7259e-09,10,1.15385,2.18413
-4.28,13,1.04857e-08,10,1.15385,2.18413
-4.24,13,1.90079e-08,10,1.15385,2.18413
-4.2,13,3.41047e-08,10,1.15385,2.18413
-4.16,13,6.05623e-08,10,1.15385,2.18413
-4.12,13,1.06429e-07,10,1.15385,2.18413
-4.08,13,1.85076e-07,10,1.15385,2.18413
-4.04,13,3.18442e-07,10,1.15385,2.18413
-4,13,5.42082e-07,9.99999,1.15385,2.18413
-3.96,13,9.12875e-07,9.99999,1.15385,2.18413
-3.92,13,1.52065e-06,9.99998,1.15385,2.18413
-3.88,13,2.50539e-06,9.99996,1.15384,2.18413
-3.84,13,4.08234e-06,9.99994,1.15384,2.18413
-3.8,12.9999,6.57787e-06,9.9999,1.15384,2.18413
-3.76,12.9999,1.048e-05,9.99985,1.15384,2.18413
-3.72,12.9998,1.65079e-05,9.99976,1.15383,2.18413
-3.68,12.9997,2.57058e-05,9.99962,1.15383,2.18413
-3.64,12.9995,3.95673e-05,9.99942,1.15382,2.18413
-3.6,12.9993,6.01952e-05,9.99911,1.15381,2.18413
-3.56,12.999,9.05028e-05,9.99867,1.15378,2.18413
-3.52,12.9985,0.00013446,9.99802,1.15375,2.18413
-3.48,12.9977,0.000197385,9.99709,1.15371,2.18413
-3.44,12.9967,0.000286276,9.99579,1.15365,2.18413
-3.4,12.9953,0.000410174,9.99396,1.15357,2.18413
-3.36,12.9933,0.000580542,9.99146,1.15345,2.18413
-3.32,12.9907,0.000811623,9.98806,1.15329,2.18413
-3.28,12.9871,0.00112076,9.98351,1.15308,2.18413
-3.24,12.9825,0.00152862,9.97752,1.15281,2.18413
-3.2,12.9764,0.00205929,9.96972,1.15245,2.18413
-3.16,12.9686,0.00274019,9.95973,1.15199,2.18413
-3.12,12.9587,0.0036018,9.94709,1.1514,2.18413
-3.08,12.9464,0.00467715,9.93134,1.15067,2.18413
-3.04,12.9312,0.00600106,9.91197,1.14977,2.18413
-3,12.9128,0.00760925,9.88848,1.14868,2.18413
-2.96,12.8908,0.00953726,9.86038,1.14737,2.18413
-2.92,12.8648,0.0118193,9.8272,1.14583,2.18413
-2.88,12.8343,0.0144871,9.78853,1.14402,2.18413
-2.84,12.7993,0.017569,9.74399,1.14194,2.18413
-2.8,12.7593,0.0210887,9.69333,1.13956,2.18413
-2.76,12.7143,0.0250653,9.63634,1.13687,2.18413
-2.72,12.664,0.029512,9.57293,1.13388,2.18413
-2.68,12.6085,0.0344369,9.50308,1.13056,2.18413
-2.64,12.5477,0.0398425,9.42688,1.12692,2.18413
-2.6,12.4818,0.045726,9.34449,1.12297,2.18413
-2.56,12.4109,0.0520804,9.25615,1.11871,2.18413
-2.52,12.3351,0.0588944,9.16216,1.11416,2.18413
-2.48,12.2547,0.0661535,9.06286,1.10931,2.18413
-2.44,12.17,0.0738406,8.95863,1.10419,2.18413
-2.4,12.0811,0.0819366,8.84989,1.09881,2.18413
-2.36,11.9884,0.0904212,8.73706,1.09319,2.18413
-2.32,11.8923,0.0992731,8.62056,1.08733,2.18413
-2.28,11.7929,0.108471,8.50083,1.08127,2.18413
-2.24,11.6905,0.117993,8.37826,1.07501,2.18413
-2.2,11.5856,0.127818,8.25327,1.06856,2.18413
-2.16,11.4782,0.137927,8.12622,1.06196,2.18413
-2.12,11.3687,0.148299,7.99749,1.0552,2.18413
-2.08,11.2573,0.158916,7.8674,1.0483,2.18413
-2.04,11.1443,0.169761,7.73626,1.04128,2.18413
-2,11.0299,0.180816,7.60437,1.03415,2.18413
-1.96,10.9142,0.192068,7.47199,1.02692,2.18413
-1.92,10.7975,0.2035,7.33937,1.01959,2.18413
-1.88,10.6799,0.2151,7.20671,1.01219,2.18413
-1.84,10.5616,0.226856,7.07423,1.00471,2.18413
-1.8,10.4427,0.238757,6.94211,0.997171,2.18413
-1.76,10.3234,0.250791,6.8105,0.989576,2.18413
-1.72,10.2037,0.262949,6.67957,0.981933,2.18413
-1.68,10.0838,0.275222,6.54943,0.974247,2.18413
-1.64,9.96386,0.287603,6.42021,0.966525,2.18413
-1.6,9.84386,0.300082,6.29202,0.958773,2.18413
-1.56,9.72394,0.312655,6.16495,0.950995,2.18413
-1.52,9.60416,0.325313,6.03908,0.943197,2.18413
-1.48,9.48461,0.338051,5.91449,0.935382,2.18413
-1.44,9.36534,0.350864,5.79124,0.927555,2.18413
-1.4,9.24642,0.363745,5.66941,0.91972,2.18413
-1.36,9.1279,0.376691,5.54903,0.911879,2.18413
-1.32,9.00984,0.389697,5.43015,0.904037,2.18413
-1.28,8.89229,0.402757,5.31282,0.896196,2.18413
-1.24,8.77529,0.415869,5.19708,0.88836,2.18413
-1.2,8.65888,0.429027,5.08294,0.880531,2.18413
-1.16,8.54311,0.442229,4.97045,0.872712,2.18413
-1.12,8.42802,0.455469,4.85963,0.864906,2.18413
-1.08,8.31365,0.468744,4.75051,0.857116,2.18413
-1.04,8.20003,0.48205,4.64309,0.849343,2.18413
-1,8.08721,0.495382,4.53742,0.841592,2.18413
-0.96,7.97522,0.508735,4.4335,0.833865,2.18413
-0.92,7.86411,0.522105,4.33137,0.826165,2.18413
-0.88,7.75392,0.535486,4.23103,0.818496,2.18413
-0.84,7.6447,0.548871,4.13253,0.810861,2.18413
-0.8,7.53652,0.562254,4.03587,0.803264,2.18413
-0.76,7.42942,0.575625,3.94111,0.795711,2.18413
-0.72,7.32349,0.588975,3.84828,0.788206,2.18413
-0.68,7.21882,0.60229,3.75744,0.780758,2.18413
-0.64,7.11551,0.615555,3.66864,0.773374,2.18413
-0.6,7.01371,0.62875,3.58197,0.766065,2.18413
-0.56,6.91357,0.641851,3.49755,0.758844,2.18413
-0.52,6.81533,0.654826,3.41551,0.751728,2.18413
-0.48,6.71925,0.667632,3.33606,0.744738,2.18413
-0.44,6.62573,0.680214,3.25943,0.737904,2.18413
-0.4,6.53524,0.692499,3.18599,0.731263,2.18413
-0.36,6.44846,0.704385,3.11618,0.724868,2.18413
-0.32,6.36626,0.71574,3.05065,0.718785,2.18413
-0.28,6.28982,0.726388,2.99021,0.713107,2.18413
-0.24,6.22061,0.736101,2.93592,0.707948,2.18413
-0.2,6.16038,0.744612,2.889,0.703446,2.18413
-0.16,6.11088,0.751644,2.85068,0.699739,2.18413
-0.12,6.07325,0.757004,2.82173,0.696924,2.18413
-0.08,6.04726,0.760705,2.80185,0.694989,2.18413
-0.04,6.03073,0.763041,2.78932,0.693775,2.18413
0,6.02036,0.764485,2.78154,0.693033,2.18413
0.04,6.01332,0.765444,2.77634,0.692548,2.18413
0.08,6.00813,0.76613,2.77258,0.692208,2.18413
0.12,6.00418,0.766634,2.76979,0.691965,2.18413
0.16,6.00108,0.76701,2.76766,0.691792,2.18413
0.2,5.99859,0.767294,2.76602,0.691668,2.18413
0.24,5.99654,0.767511,2.76473,0.691582,2.18413
0.28,5.99481,0.767677,2.76371,0.691524,2.18413
0.32,5.99331,0.767806,2.76287,0.691489,2.18413
0.36,5.99196,0.767907,2.76218,0.691471,2.18413
0.4,5.99073,0.767986,2.7616,0.691467,2.18413
0.44,5.98958,0.768049,2.7611,0.691476,2.18413
0.48,5.98848,0.768098,2.76067,0.691495,2.18413
0.52,5.9874,0.768137,2.76029,0.691524,2.18413
0.56,5.98633,0.768167,2.75995,0.691562,2.18413
0.6,5.98524,0.768191,2.75963,0.69161,2.18413
0.64,5.98411,0.76821,2.75934,0.691668,2.18413
0.68,5.98293,0.768224,2.75907,0.691737,2.18413
0.72,5.98165,0.768234,2.75882,0.69182,2.18413
0.76,5.98023,0.768241,2.75857,0.691923,2.18413
0.8,5.97858,0.768246,2.75834,0.692055,2.18413
0.84,5.97655,0.768247,2.75811,0.692234,2.18413
0.88,5.97389,0.768247,2.75789,0.692486,2.18413
0.92,5.97023,0.768244,2.75767,0.692856,2.18413
0.96,5.96497,0.76824,2.75746,0.693413,2.18413
1,5.95725,0.768233,2.75725,0.694259,2.18413
1.04,5.94585,0.768225,2.75704,0.695537,2.18413
1.08,5.92916,0.768216,2.75683,0.697441,2.18413
1.12,5.90515,0.768205,2.75662,0.700225,2.18413
1.16,5.87135,0.768193,2.75641,0.704202,2.18413
1.2,5.82503,0.768179,2.7562,0.709749,2.18413
1.24,5.76326,0.768163,2.756,0.717302,2.18413
1.28,5.68325,0.768147,2.75579,0.727346,2.18413
1.32,5.58259,0.768129,2.75559,0.740407,2.18413
1.36,5.45957,0.76811,2.75539,0.757034,2.18413
1.4,5.31352,0.768089,2.75519,0.777786,2.18413
1.44,5.14499,0.768068,2.755,0.803207,2.18413
1.48,4.9559,0.768045,2.7548,0.833795,2.18413
1.52,4.7495,0.768021,2.75462,0.869971,2.18413
1.56,4.53022,0.767996,2.75444,0.912022,2.18413
1.6,4.30334,0.76797,2.75427,0.960045,2.18413
1.64,4.07462,0.767943,2.7541,1.01387,2.18413
1.68,3.84986,0.767915,2.75394,1.073,2.18413
1.72,3.63442,0.767886,2.75378,1.13654,2.18413
1.76,3.43294,0.767855,2.75363,1.20318,2.18413
1.8,3.24898,0.767824,2.75348,1.27124,2.18413
1.84,3.08495,0.767791,2.75334,1.33876,2.18413
1.88,2.94205,0.767757,2.7532,1.40372,2.18413
1.92,2.82035,0.767722,2.75306,1.46421,2.18413
1.96,2.71901,0.767686,2.75292,1.51871,2.18413
2,2.63646,0.767648,2.75279,1.56618,2.18413
2.04,2.57067,0.767609,2.75265,1.60619,2.18413
2.08,2.51933,0.767569,2.75251,1.63883,2.18413
2.12,2.48011,0.767528,2.75237,1.66467,2.18413
2.16,2.45075,0.767485,2.75222,1.68452,2.18413
2.2,2.42921,0.76744,2.75207,1.69936,2.18413
2.24,2.41373,0.767394,2.75192,1.71017,2.18413
2.28,2.40281,0.767347,2.75176,1.71784,2.18413
2.32,2.39524,0.767297,2.75159,1.72316,2.18413
2.36,2.3901,0.767247,2.75143,1.72676,2.18413
2.4,2.38666,0.767194,2.75125,1.72915,2.18413
2.44,2.38438,0.767139,2.75107,1.73068,2.18413
2.48,2.38289,0.767083,2.75089,1.73165,2.18413
2.52,2.38192,0.767024,2.75069,1.73223,2.18413
2.56,2.38129,0.766963,2.75049,1.73257,2.18413
2.6,2.38086,0.7669,2.75028,1.73275,2.18413
2.64,2.38056,0.766834,2.75006,1.73283,2.18413
2.68,2.38033,0.766766,2.74984,1.73285,2.18413
2.72,2.38015,0.766694,2.7496,1.73283,2.18413
2.76,2.37998,0.766619,2.74935,1.7328,2.18413
2.8,2.37983,0.76654,2.74909,1.73274,2.18413
2.84,2.37968,0.766457,2.74881,1.73268,2.18413
2.88,2.37952,0.766368,2.74852,1.73261,2.18413
2.92,2.37935,0.766271,2.7482,1.73253,2.18413
2.96,2.37917,0.766164,2.74785,1.73244,2.18413
3,2.37896,0.766042,2.74744,1.73234,2.18413
3.04,2.3787,0.765895,2.74696,1.73222,2.18413
3.08,2.37838,0.765706,2.74633,1.73206,2.18413
3.12,2.37793,0.765447,2.74548,1.73185,2.18413
3.16,2.37728,0.765066,2.74422,1.73153,2.18413
3.2,2.37625,0.764469,2.74225,1.73103,2.18413
3.24,2.37457,0.76349,2.73903,1.73022,2.18413
3.28,2.37174,0.761832,2.73357,1.72884,2.18413
3.32,2.36684,0.758969,2.72417,1.72646,2.18413
3.36,2.35832,0.753974,2.70785,1.72232,2.18413
3.4,2.34348,0.745242,2.6795,1.71508,2.18413
3.44,2.31787,0.730062,2.63081,1.70252,2.18413
3.48,2.27452,0.704075,2.54919,1.68114,2.18413
3.52,2.20391,0.660916,2.41831,1.64592,2.18413
3.56,2.09612,0.592992,2.22362,1.59124,2.18413
3.6,1.94784,0.495309,1.96633,1.51424,2.18413
3.64,1.77281,0.373214,1.67911,1.42072,2.18413
3.68,1.60353,0.247495,1.41929,1.32765,2.18413
3.72,1.47221,0.144239,1.23045,1.25367,2.18413
3.76,1.38884,0.0757756,1.11645,1.20581,2.18413
3.8,1.34317,0.0372075,1.05594,1.17924,2.18413
3.84,1.3203,0.0175949,1.02616,1.16582,2.18413
3.88,1.30939,0.00816325,1.01207,1.1594,2.18413
3.92,1.30431,0.00375262,1.00554,1.1564,2.18413
3.96,1.30197,0.00171745,1.00253,1.15501,2.18413
4,1.3009,0.000784288,1.00115,1.15438,2.18413
4.04,1.30041,0.000357714,1.00053,1.15409,2.18413
4.08,1.30019,0.000163018,1.00024,1.15396,2.18413
4.12,1.30009,7.42377e-05,1.00011,1.1539,2.18413
4.16,1.30004,3.37827e-05,1.00005,1.15387,2.18413
4.2,1.30002,1.53605e-05,1.00002,1.15386,2.18413
4.24,1.30001,6.97745e-06,1.00001,1.15385,2.18413
4.28,1.3,3.16594e-06,1,1.15385,2.18413
4.32,1.3,1.43465e-06,1,1.15385,2.18413
4.36,1.3,6.49139e-07,1,1.15385,2.18413
4.4,1.3,2.93218e-07,1,1.15385,2.18413
4.44,1.3,1.32193e-07,1,1.15385,2.18413
4.48,1.3,5.94697e-08,1,1.15385,2.18413
4.52,1.3,2.66898e-08,1,1.15385,2.18413
4.56,1.3,1.1947e-08,1,1.15385,2.18413
4.6,1.3,5.33243e-09,1,1.15385,2.18413
4.64,1.3,2.37271e-09,1,1.15385,2.18413
4.68,1.3,1.05223e-09,1,1.15385,2.18413
4.72,1.3,4.64967e-10,1,1.15385,2.18413
4.76,1.3,2.04682e-10,1,1.15385,2.18413
4.8,1.3,8.97393e-11,1,1.15385,2.18413
4.84,1.3,3.91778e-11,1,1.15385,2.18413
4.88,1.3,1.7028e-11,1,1.15385,2.18413
4.92,1.3,7.36668e-12,1,1.15385,2.18413
4.96,1.3,3.17151e-12,1,1.15385,2.18413
5,1.3,1.35843e-12,1,1.15385,2.18413
5.04,1.3,5.78692e-13,1,1.15385,2.18413
5.08,1.3,2.4522e-13,1,1.15385,2.18413
5.12,1.3,1.03267e-13,1,1.15385,2.18413
5.16,1.3,4.30837e-14,1,1.15385,2.18413
5.2,1.3,1.78099e-14,1,1.15385,2.18413
5.24,1.3,7.22762e-15,1,1.15385,2.18413
5.28,1.3,2.71155e-15,1,1.15385,2.18413
5.32,1.3,7.5503e-16,1,1.15385,2.18413
5.36,1.3,1.02862e-16,1,1.15385,2.18413
5.4,1.3,1.07868e-17,1,1.15385,2.18413
5.44,1.3,1.14539e-18,1,1.15385,2.18413
5.48,1.3,1.20183e-19,1,1.15385,2.18413
5.52,1.3,1.25408e-20,1,1.15385,2.18413
5.56,1.3,1.30509e-21,1,1.15385,2.18413
5.6,1.3,1.35583e-22,1,1.15385,2.18413
5.64,1.3,1.40687e-23,1,1.15385,2.18413
5.68,1.3,1.45806e-24,1,1.15385,2.18413
5.72,1.3,1.50867e-25,1,1.15385,2.18413
5.76,1.3,1.55786e-26,1,1.15385,2.18413
5.8,1.3,1.60491e-27,1,1.15385,2.18413
5.84,1.3,1.64924e-28,1,1.15385,2.18413
5.88,1.3,1.6904e-29,1,1.15385,2.18413
5.92,1.3,1.7281e-30,1,1.15385,2.18413
5.96,1.3,1.76221e-31,1,1.15385,2.18413
6,1.3,1.79281e-32,1,1.15385,2.18413
6.04,1.3,1.82011e-33,1,1.15385,2.18413
6.08,1.3,1.84445e-34,1,1.15385,2.18413
6.12,1.3,1.86623e-35,1,1.15385,2.18413
6.16,1.3,1.8858e-36,1,1.15385,2.18413
6.2,1.3,1.90347e-37,1,1.15385,2.18413
6.24,1.3,1.91944e-38,1,1.15385,2.18413
6.28,1.3,1.93381e-39,1,1.15385,2.18413
6.32,1.3,1.94656e-40,1,1.15385,2.18413
6.36,1.3,1.95761e-41,1,1.15385,2.18413
6.4,1.3,1.96679e-42,1,1.15385,2.18413
6.44,1.3,1.97391e-43,1,1.15385,2.18413
6.48,1.3,1.97875e-44,1,1.15385,2.18413
6.52,1.3,1.98109e-45,1,1.15385,2.18413
6.56,1.3,1.9807e-46,1,1.15385,2.18413
6.6,1.3,1.97741e-47,1,1.15385,2.18413
6.64,1.3,1.97106e-48,1,1.15385,2.18413
6.68,1.3,1.96151e-49,1,1.15385,2.18413
6.72,1.3,1.94867e-50,1,1.15385,2.18413
6.76,1.3,1.93249e-51,1,1.15385,2.18413
6.8,1.3,1.91297e-52,1,1.15385,2.18413
6.84,1.3,1.89014e-53,1,1.15385,2.18413
6.88,1.3,1.86407e-54,1,1.15385,2.18413
6.92,1.3,1.83485e-55,1,1.15385,2.18413
6.96,1.3,1.80264e-56,1,1.15385,2.18413
7,1.3,1.76759e-57,1,1.15385,2.18413
7.04,1.3,1.72989e-58,1,1.15385,2.18413
7.08,1.3,1.68974e-59,1,1.15385,2.18413
7.12,1.3,1.64735e-60,1,1.15385,2.18413
7.16,1.3,1.60294e-61,1,1.15385,2.18413
7.2,1.3,1.55674e-62,1,1.15385,2.18413
7.24,1.3,1.50897e-63,1,1.15385,2.18413
7.28,1.3,1.45984e-64,1,1.15385,2.18413
7.32,1.3,1.40957e-65,1,1.15385,2.18413
7.36,1.3,1.35837e-66,1,1.15385,2.18413
7.4,1.3,1.30644e-67,1,1.15385,2.18413
7.44,1.3,1.25397e-68,1,1.15385,2.18413
7.48,1.3,1.20116e-69,1,1.15385,2.18413
7.52,1.3,1.14819e-70,1,1.15385,2.18413
7.56,1.3,1.09525e-71,1,1.15385,2.18413
7.6,1.3,1.0425e-72,1,1.15385,2.18413
7.64,1.3,9.90109e-74,1,1.15385,2.18413
7.68,1.3,9.38253e-75,1,1.15385,2.18413
7.72,1.3,8.87085e-76,1,1.15385,2.18413
7.76,1.3,8.36759e-77,1,1.15385,2.18413
7.8,1.3,7.87421e-78,1,1.15385,2.18413
7.84,1.3,7.3921e-79,1,1.15385,2.18413
7.88,1.3,6.92254e-80,1,1.15385,2.18413
7.92,1.3,6.46675e-81,1,1.15385,2.18413
7.96,1.3,6.0258e-82,1,1.15385,2.18413
8,1.3,5.60066e-83,1,1.15385,2.18413
8.04,1.3,5.19216e-84,1,1.15385,2.18413
8.08,1.3,4.80102e-85,1,1.15385,2.18413
8.12,1.3,4.42777e-86,1,1.15385,2.18413
8.16,1.3,4.07285e-87,1,1.15385,2.18413
8.2,1.3,3.7365e-88,1,1.15385,2.18413
8.24,1.3,3.41886e-89,1,1.15385,2.18413
8.28,1.3,3.11993e-90,1,1.15385,2.18413
8.32,1.3,2.83955e-91,1,1.15385,2.18413
8.36,1.3,2.57747e-92,1,1.15385,2.18413
8.4,1.3,2.33334e-93,1,1.15385,2.18413
8.44,1.3,2.10667e-94,1,1.15385,2.18413
8.48,1.3,1.89692e-95,1,1.15385,2.18413
8.52,1.3,1.70347e-96,1,1.15385,2.18413
8.56,1.3,1.52564e-97,1,1.15385,2.18413
8.6,1.3,1.36269e-98,1,1.15385,2.18413
8.64,1.3,1.21388e-99,1,1.15385,2.18413
8.68,1.3,1.07839e-100,1,1.15385,2.18413
8.72,1.3,9.55447e-102,1,1.15385,2.18413
8.76,1.3,8.44228e-103,1,1.15385,2.18413
8.8,1.3,7.43935e-104,1,1.15385,2.18413
8.84,1.3,6.53778e-105,1,1.15385,2.18413
8.88,1.3,5.72986e-106,1,1.15385,2.18413
8.92,1.3,5.0081e-107,1,1.15385,2.18413
8.96,1.3,4.36532e-108,1,1.15385,2.18413
9,1.3,3.79463e-109,1,1.15385,2.18413
9.04,1.3,3.28951e-110,1,1.15385,2.18413
9.08,1.3,2.8438e-111,1,1.15385,2.18413
9.12,1.3,2.45171e-112,1,1.15385,2.18413
9.16,1.3,2.10785e-113,1,1.15385,2.18413
9.2,1.3,1.80722e-114,1,1.15385,2.18413
9.24,1.3,1.54517e-115,1,1.15385,2.18413
9.28,1.3,1.31745e-116,1,1.15385,2.18413
9.32,1.3,1.12017e-117,1,1.15385,2.18413
9.36,1.3,9.49776e-119,1,1.15385,2.18413
9.4,1.3,8.03056e-120,1,1.15385,2.18413
9.44,1.3,6.77104e-121,1,1.15385,2.18413
9.48,1.3,5.69308e-122,1,1.15385,2.18413
9.52,1.3,4.77331e-123,1,1.15385,2.18413
9.56,1.3,3.99089e-124,1,1.15385,2.18413
9.6,1.3,3.32733e-125,1,1.15385,2.18413
9.64,1.3,2.76628e-126,1,1.15385,2.18413
9.68,1.3,2.29333e-127,1,1.15385,2.18413
9.72,1.3,1.89585e-128,1,1.15385,2.18413
9.76,1.3,1.56282e-129,1,1.15385,2.18413
9.8,1.3,1.28462e-130,1,1.15385,2.18413
9.84,1.3,1.05293e-131,1,1.15385,2.18413
9.88,1.3,8.60568e-133,1,1.15385,2.18413
9.92,1.3,7.01697e-134,1,1.15385,2.18413
9.96,1.3,6.16083e-135,1,1.15385,2.18413
10,1.3,6.16083e-135,1,1.15385,2.18413
-10,13,3.71482e-131,10,1.15385,2.27696
-9.96,13,3.71482e-131,10,1.15385,2.27696
-9.92,13,3.9582e-130,10,1.15385,2.27696
-9.88,13,4.56147e-129,10,1.15385,2.27696
-9.84,13,5.24423e-128,10,1.15385,2.27696
-9.8,13,6.01115e-127,10,1.15385,2.27696
-9.76,13,6.86962e-126,10,1.15385,2.27696
-9.72,13,7.82727e-125,10,1.15385,2.27696
-9.68,13,8.89187e-124,10,1.15385,2.27696
-9.64,13,1.00713e-122,10,1.15385,2.27696
-9.6,13,1.13733e-121,10,1.15385,2.27696
-9.56,13,1.28058e-120,10,1.15385,2.27696
-9.52,13,1.43762e-119,10,1.15385,2.27696
-9.48,13,1.60919e-118,10,1.15385,2.27696
-9.44,13,1.79596e-117,10,1.15385,2.27696
-9.4,13,1.99858e-116,10,1.15385,2.27696
-9.36,13,2.21761e-115,10,1.15385,2.27696
-9.32,13,2.45354e-114,10,1.15385,2.27696
-9.28,13,2.70678e-113,10,1.15385,2.27696
-9.24,13,2.97762e-112,10,1.15385,2.27696
-9.2,13,3.26623e-111,10,1.15385,2.27696
-9.16,13,3.57269e-110,10,1.15385,2.27696
-9.12,13,3.8969e-109,10,1.15385,2.27696
-9.08,13,4.23863e-108,10,1.15385,2.27696
-9.04,13,4.59748e-107,10,1.15385,2.27696
-9,13,4.97289e-106,10,1.15385,2.27696
-8.96,13,5.36411e-105,10,1.15385,2.27696
-8.92,13,5.7702e-104,10,1.15385,2.27696
-8.88,13,6.19004e-103,10,1.15385,2.27696
-8.84,13,6.62232e-102,10,1.15385,2.27696
-8.8,13,7.06551e-101,10,1.15385,2.27696
-8.76,13,7.51791e-100,10,1.15385,2.27696
-8.72,13,7.97761e-99,10,1.15385,2.27696
-8.68,13,8.44251e-98,10,1.15385,2.27696
-8.64,13,8.91035e-97,10,1.15385,2.27696
-8.6,13,9.37871e-96,10,1.15385,2.27696
-8.56,13,9.84502e-95,10,1.15385,2.27696
-8.52,13,1.03066e-93,10,1.15385,2.27696
-8.48,13,1.07606e-92,10,1.15385,2.27696
-8.44,13,1.12043e-91,10,1.15385,2.27696
-8.4,13,1.16347e-90,10,1.15385,2.27696
-8.36,13,1.2049e-89,10,1.15385,2.27696
-8.32,13,1.24443e-88,10,1.15385,2.27696
-8.28,13,1.2818e-87,10,1.15385,2.27696
-8.24,13,1.31675e-86,10,1.15385,2.27696
-8.2,13,1.34902e-85,10,1.15385,2.27696
-8.16,13,1.3784e-84,10,1.15385,2.27696
-8.12,13,1.40469e-83,10,1.15385,2.27696
-8.08,13,1.42771e-82,10,1.15385,2.27696
-8.04,13,1.44734e-81,10,1.15385,2.27696
-8,13,1.46344e-80,10,1.15385,2.27696
-7.96,13,1.47595e-79,10,1.15385,2.27696
-7.92,13,1.48481e-78,10,1.15385,2.27696
-7.88,13,1.49002e-77,10,1.15385,2.27696
-7.84,13,1.49158e-76,10,1.15385,2.27696
-7.8,13,1.48954e-75,10,1.15385,2.27696
-7.76,13,1.48396e-74,10,1.15385,2.27696
-7.72,13,1.47495e-73,10,1.15385,2.27696
-7.68,13,1.46261e-72,10,1.15385,2.27696
-7.64,13,1.44707e-71,10,1.15385,2.27696
-7.6,13,1.42848e-70,10,1.15385,2.27696
-7.56,13,1.40701e-69,10,1.15385,2.27696
-7.52,13,1.38282e-68,10,1.15385,2.27696
-7.48,13,1.3561e-67,10,1.15385,2.27696
-7.44,13,1.32703e-66,10,1.15385,2.27696
-7.4,13,1.2958e-65,10,1.15385,2.27696
-7.36,13,1.26263e-64,10,1.15385,2.27696
-7.32,13,1.2277e-63,10,1.15385,2.27696
-7.28,13,1.19124e-62,10,1.15385,2.27696
-7.24,13,1.15345e-61,10,1.15385,2.27696
-7.2,13,1.11455e-60,10,1.15385,2.27696
-7.16,13,1.07474e-59,10,1.15385,2.27696
-7.12,13,1.03425e-58,10,1.15385,2.27696
-7.08,13,9.93257e-58,10,1.15385,2.27696
-7.04,13,9.51975e-57,10,1.15385,2.27696
-7,13,9.10586e-56,10,1.15385,2.27696
-6.96,13,8.69264e-55,10,1.15385,2.27696
-6.92,13,8.28167e-54,10,1.15385,2.27696
-6.88,13,7.87442e-53,10,1.15385,2.27696
-6.84,13,7.47218e-52,10,1.15385,2.27696
-6.8,13,7.07612e-51,10,1.15385,2.27696
-6.76,13,6.68726e-50,10,1.15385,2.27696
-6.72,13,6.30656e-49,10,1.15385,2.27696
-6.68,13,5.93488e-48,10,1.15385,2.27696
-6.64,13,5.57303e-47,10,1.15385,2.27696
-6.6,13,5.22179e-46,10,1.15385,2.27696
-6.56,13,4.88192e-45,10,1.15385,2.27696
-6.52,13,4.55417e-44,10,1.15385,2.27696
-6.48,13,4.23924e-43,10,1.15385,2.27696
-6.44,13,3.93777e-42,10,1.15385,2.27696
-6.4,13,3.65033e-41,10,1.15385,2.27696
-6.36,13,3.37737e-40,10,1.15385,2.27696
-6.32,13,3.11917e-39,10,1.15385,2.27696
-6.28,13,2.87584e-38,10,1.15385,2.27696
-6.24,13,2.64728e-37,10,1.15385,2.27696
-6.2,13,2.43316e-36,10,1.15385,2.27696
-6.16,13,2.23298e-35,10,1.15385,2.27696
-6.12,13,2.04604e-34,10,1.15385,2.27696
-6.08,13,1.87152e-33,10,1.15385,2.27696
-6.04,13,1.70855e-32,10,1.15385,2.27696
-6,13,1.55631e-31,10,1.15385,2.27696
-5.96,13,1.41403e-30,10,1.15385,2.27696
-5.92,13,1.28116e-29,10,1.15385,2.27696
-5.88,13,1.15729e-28,10,1.15385,2.27696
-5.84,13,1.04226e-27,10,1.15385,2.27696
-5.8,13,9.36055e-27,10,1.15385,2.27696
-5.76,13,8.3879e-26,10,1.15385,2.27696
-5.72,13,7.50606e-25,10,1.15385,2.27696
-5.68,13,6.71544e-24,10,1.15385,2.27696
-5.64,13,6.01396e-23,10,1.15385,2.27696
-5.6,13,5.39546e-22,10,1.15385,2.27696
-5.56,13,4.84831e-21,10,1.15385,2.27696
-5.52,13,4.35664e-20,10,1.15385,2.27696
-5.48,13,3.91061e-19,10,1.15385,2.27696
-5.44,13,3.5174e-18,10,1.15385,2.27696
-5.4,13,3.1636e-17,10,1.15385,2.27696
-5.36,13,2.72419e-16,10,1.15385,2.27696
-5.32,13,1.21732e-15,10,1.15385,2.27696
-5.28,13,3.41926e-15,10,1.15385,2.27696
-5.24,13,7.97269e-15,10,1.15385,2.27696
-5.2,13,1.75971e-14,10,1.15385,2.27696
-5.16,13,3.80367e-14,10,1.15385,2.27696
-5.12,13,8.11497e-14,10,1.15385,2.27696
-5.08,13,1.71349e-13,10,1.15385,2.27696
-5.04,13,3.58611e-13,10,1.15385,2.27696
-5,13,7.43695e-13,10,1.15385,2.27696
-4.96,13,1.52803e-12,10,1.15385,2.27696
-4.92,13,3.11129e-12,10,1.15385,2.27696
-4.88,13,6.27877e-12,10,1.15385,2.27696
-4.84,13,1.25575e-11,10,1.15385,2.27696
-4.8,13,2.48873e-11,10,1.15385,2.27696
-4.76,13,4.88737e-11,10,1.15385,2.27696
-4.72,13,9.5096e-11,10,1.15385,2.27696
-4.68,13,1.8332e-10,10,1.15385,2.27696
-4.64,13,3.501e-10,10,1.15385,2.27696
-4.6,13,6.62329e-10,10,1.15385,2.27696
-4.56,13,1.24116e-09,10,1.15385,2.27696
-4.52,13,2.30366e-09,10,1.15385,2.27696
-4.48,13,4.23464e-09,10,1.15385,2.27696
-4.44,13,7.70884e-09,10,1.15385,2.27696
-4.4,13,1.38964e-08,10,1.15385,2.27696
-4.36,13,2.48041e-08,10,1.15385,2.27696
-4.32,13,4.38345e-08,10,1.15385,2.27696
-4.28,13,7.66916e-08,10,1.15385,2.27696
-4.24,13,1.32826e-07,10,1.15385,2.27696
-4.2,13,2.2771e-07,10,1.15385,2.27696
-4.16,13,3.86376e-07,9.99999,1.15385,2.27696
-4.12,13,6.4883e-07,9.99999,1.15385,2.27696
-4.08,13,1.07822e-06,9.99998,1.15385,2.27696
-4.04,13,1.77294e-06,9.99997,1.15384,2.27696
-4,13,2.88442e-06,9.99996,1.15384,2.27696
-3.96,12.9999,4.64257e-06,9.99993,1.15384,2.27696
-3.92,12.9999,7.39183e-06,9.99989,1.15384,2.27696
-3.88,12.9999,1.16412e-05,9.99983,1.15384,2.27696
-3.84,12.9998,1.81325e-05,9.99973,1.15383,2.27696
-3.8,12.9997,2.7931e-05,9.99959,1.15383,2.27696
-3.76,12.9995,4.25443e-05,9.99937,1.15382,2.27696
-3.72,12.9993,6.40741e-05,9.99906,1.1538,2.27696
-3.68,12.9989,9.54043e-05,9.9986,1.15378,2.27696
-3.64,12.9984,0.000140429,9.99793,1.15375,2.27696
-3.6,12.9977,0.000204319,9.99699,1.15371,2.27696
-3.56,12.9966,0.000293827,9.99568,1.15365,2.27696
-3.52,12.9952,0.000417607,9.99385,1.15356,2.27696
-3.48,12.9933,0.000586557,9.99137,1.15345,2.27696
-3.44,12.9907,0.000814134,9.98802,1.15329,2.27696
-3.4,12.9872,0.00111663,9.98357,1.15309,2.27696
-3.36,12.9826,0.00151336,9.97774,1.15282,2.27696
-3.32,12.9767,0.00202674,9.9702,1.15247,2.27696
-3.28,12.9692,0.00268222,9.96058,1.15202,2.27696
-3.24,12.9598,0.00350798,9.94847,1.15146,2.27696
-3.2,12.948,0.00453453,9.93343,1.15077,2.27696
-3.16,12.9336,0.00579402,9.915,1.14991,2.27696
-3.12,12.9161,0.00731942,9.89271,1.14888,2.27696
-3.08,12.8953,0.0091436,9.86612,1.14764,2.27696
-3.04,12.8707,0.0112983,9.83477,1.14618,2.27696
-3,12.842,0.013813,9.79829,1.14448,2.27696
-2.96,12.809,0.0167144,9.75633,1.14252,2.27696
-2.92,12.7714,0.0200249,9.70862,1.14028,2.27696
-2.88,12.729,0.0237628,9.65498,1.13775,2.27696
-2.84,12.6817,0.0279413,9.59529,1.13493,2.27696
-2.8,12.6295,0.0325687,9.52953,1.13182,2.27696
-2.76,12.5724,0.0376483,9.45776,1.1284,2.27696
-2.72,12.5103,0.0431786,9.3801,1.12468,2.27696
-2.68,12.4435,0.049154,9.29676,1.12068,2.27696
-2.64,12.3721,0.0555651,9.208,1.11638,2.27696
-2.6,12.2963,0.0623991,9.11412,1.11182,2.27696
-2.56,12.2162,0.069641,9.01547,1.10699,2.27696
-2.52,12.1322,0.0772736,8.91241,1.10191,2.27696
-2.48,12.0446,0.0852784,8.80534,1.09659,2.27696
-2.44,11.9535,0.093636,8.69464,1.09106,2.27696
-2.4,11.8592,0.102327,8.5807,1.08532,2.27696
-2.36,11.7621,0.11133,8.46391,1.07939,2.27696
-2.32,11.6624,0.120628,8.34464,1.07328,2.27696
-2.28,11.5602,0.130199,8.22325,1.06701,2.27696
-2.24,11.456,0.140027,8.10008,1.06059,2.27696
-2.2,11.3499,0.150094,7.97545,1.05403,2.27696
-2.16,11.2421,0.160382,7.84965,1.04736,2.27696
-2.12,11.1328,0.170876,7.72296,1.04056,2.27696
-2.08,11.0223,0.181561,7.59564,1.03367,2.27696
-2.04,10.9107,0.192424,7.46792,1.02669,2.27696
-2,10.7981,0.203452,7.34002,1.01963,2.27696
-1.96,10.6847,0.214633,7.21213,1.01249,2.27696
-1.92,10.5708,0.225956,7.08443,1.00529,2.27696
-1.88,10.4562,0.23741,6.95709,0.998029,2.27696
-1.84,10.3413,0.248986,6.83025,0.990719,2.27696
-1.8,10.2262,0.260677,6.70403,0.983365,2.27696
-1.76,10.1108,0.272473,6.57857,0.975973,2.27696
-1.72,9.99532,0.284367,6.45396,0.968547,2.27696
-1.68,9.87984,0.296352,6.3303,0.961094,2.27696
-1.64,9.76442,0.308423,6.20768,0.953617,2.27696
-1.6,9.64914,0.320573,6.08617,0.946121,2.27696
-1.56,9.53406,0.332797,5.96584,0.938609,2.27696
-1.52,9.41924,0.34509,5.84675,0.931086,2.27696
-1.48,9.30473,0.357447,5.72895,0.923555,2.27696
-1.44,9.1906,0.369863,5.6125,0.916018,2.27696
-1.4,9.07687,0.382336,5.49743,0.90848,2.27696
-1.36,8.9636,0.39486,5.38379,0.900942,2.27696
-1.32,8.85083,0.407432,5.2716,0.893407,2.27696
-1.28,8.7386,0.420048,5.16089,0.885878,2.27696
-1.24,8.62694,0.432705,5.0517,0.878358,2.27696
-1.2,8.5159,0.4454,4.94403,0.870848,2.27696
-1.16,8.40549,0.458128,4.83793,0.863351,2.27696
-1.12,8.29577,0.470887,4.7334,0.85587,2.27696
-1.08,8.18676,0.483672,4.63046,0.848407,2.27696
-1.04,8.07849,0.49648,4.52914,0.840963,2.27696
-1,7.971,0.509308,4.42944,0.833543,2.27696
-0.96,7.86432,0.52215,4.33139,0.826148,2.27696
-0.92,7.7585,0.535001,4.23501,0.818781,2.27696
-0.88,7.65358,0.547857,4.14031,0.811446,2.27696
-0.84,7.54961,0.560711,4.04732,0.804145,2.27696
-0.8,7.44663,0.573555,3.95607,0.796885,2.27696
-0.76,7.34471,0.586381,3.86659,0.789668,2.27696
-0.72,7.24393,0.599179,3.77892,0.782501,2.27696
-0.68,7.14438,0.611935,3.69312,0.775391,2.27696
-0.64,7.04616,0.624635,3.60926,0.768346,2.27696
-0.6,6.94941,0.637257,3.52742,0.761377,2.27696
-0.56,6.85431,0.649776,3.44771,0.754497,2.27696
-0.52,6.76109,0.66216,3.37028,0.747724,2.27696
-0.48,6.67002,0.674364,3.29534,0.74108,2.27696
-0.44,6.58149,0.686333,3.22315,0.734594,2.27696
-0.4,6.49601,0.697991,3.15405,0.728305,2.27696
-0.36,6.41424,0.709237,3.08853,0.722266,2.27696
-0.32,6.33708,0.719936,3.0272,0.716544,2.27696
-0.28,6.26568,0.729914,2.9709,0.711231,2.27696
-0.24,6.20146,0.738951,2.92063,0.706436,2.27696
-0.2,6.14605,0.746797,2.87754,0.702289,2.27696
-0.16,6.10098,0.753209,2.8427,0.698912,2.27696
-0.12,6.06708,0.758043,2.81664,0.696374,2.27696
-0.08,6.04381,0.761357,2.79886,0.694642,2.27696
-0.04,6.02895,0.763457,2.78759,0.693552,2.27696
0,6.01947,0.764776,2.78049,0.692874,2.27696
0.04,6.01294,0.765666,2.77567,0.692424,2.27696
0.08,6.00809,0.766307,2.77216,0.692106,2.27696
0.12,6.00439,0.76678,2.76954,0.691878,2.27696
0.16,6.00149,0.767134,2.76754,0.691714,2.27696
0.2,5.99915,0.767403,2.76599,0.691596,2.27696
0.24,5.99723,0.767608,2.76478,0.691513,2.27696
0.28,5.9956,0.767767,2.7638,0.691457,2.27696
0.32,5.99419,0.76789,2.76301,0.691421,2.27696
0.36,5.99294,0.767987,2.76235,0.691401,2.27696
0.4,5.99179,0.768063,2.7618,0.691395,2.27696
0.44,5.99073,0.768124,2.76133,0.6914,2.27696
0.48,5.98971,0.768172,2.76091,0.691414,2.27696
0.52,5.98872,0.76821,2.76055,0.691437,2.27696
0.56,5.98774,0.768241,2.76022,0.691469,2.27696
0.6,5.98676,0.768265,2.75993,0.691508,2.27696
0.64,5.98575,0.768285,2.75965,0.691555,2.27696
0.68,5.98471,0.7683,2.75939,0.691611,2.27696
0.72,5.98362,0.768311,2.75915,0.691676,2.27696
0.76,5.98244,0.768319,2.75892,0.691755,2.27696
0.8,5.98113,0.768325,2.7587,0.69185,2.27696
0.84,5.97963,0.768328,2.75848,0.69197,2.27696
0.88,5.97781,0.768329,2.75827,0.692128,2.27696
0.92,5.97549,0.768329,2.75807,0.692346,2.27696
0.96,5.97234,0.768326,2.75787,0.69266,2.27696
1,5.96791,0.768322,2.75767,0.693125,2.27696
1.04,5.96148,0.768317,2.75747,0.693823,2.27696
1.08,5.95206,0.76831,2.75728,0.694871,2.27696
1.12,5.93832,0.768301,2.75708,0.69643,2.27696
1.16,5.91853,0.768291,2.75689,0.698709,2.27696
1.2,5.89058,0.76828,2.7567,0.701976,2.27696
1.24,5.85201,0.768268,2.7565,0.706552,2.27696
1.28,5.80017,0.768254,2.75631,0.712818,2.27696
1.32,5.73234,0.768239,2.75612,0.721203,2.27696
1.36,5.64602,0.768223,2.75593,0.732179,2.27696
1.4,5.53919,0.768206,2.75574,0.746248,2.27696
1.44,5.41059,0.768188,2.75555,0.763933,2.27696
1.48,5.25999,0.768169,2.75537,0.785753,2.27696
1.52,5.08833,0.768148,2.75519,0.812209,2.27696
1.56,4.89781,0.768127,2.75501,0.843749,2.27696
1.6,4.69183,0.768104,2.75484,0.880736,2.27696
1.64,4.47479,0.768081,2.75468,0.923399,2.27696
1.68,4.25179,0.768057,2.75452,0.971773,2.27696
1.72,4.02829,0.768031,2.75436,1.02563,2.27696
1.76,3.80965,0.768005,2.75421,1.08444,2.27696
1.8,3.60081,0.767978,2.75407,1.14727,2.27696
1.84,3.40597,0.76795,2.75393,1.21284,2.27696
1.88,3.22831,0.76792,2.7538,1.27952,2.27696
1.92,3.06994,0.76789,2.75366,1.34547,2.27696
1.96,2.93187,0.767859,2.75353,1.40876,2.27696
2,2.8141,0.767826,2.75341,1.46765,2.27696
2.04,2.71578,0.767793,2.75328,1.52071,2.27696
2.08,2.63542,0.767758,2.75315,1.56701,2.27696
2.12,2.57108,0.767723,2.75302,1.60615,2.27696
2.16,2.52063,0.767686,2.75289,1.63822,2.27696
2.2,2.48184,0.767647,2.75276,1.66374,2.27696
2.24,2.45262,0.767608,2.75263,1.68349,2.27696
2.28,2.43102,0.767567,2.75249,1.69836,2.27696
2.32,2.41535,0.767525,2.75235,1.70928,2.27696
2.36,2.40421,0.767482,2.75221,1.71712,2.27696
2.4,2.39642,0.767437,2.75206,1.72261,2.27696
2.44,2.39106,0.767391,2.7519,1.72637,2.27696
2.48,2.38744,0.767343,2.75175,1.72889,2.27696
2.52,2.38503,0.767294,2.75158,1.73053,2.27696
2.56,2.38344,0.767243,2.75141,1.73158,2.27696
2.6,2.38239,0.76719,2.75124,1.73223,2.27696
2.64,2.3817,0.767135,2.75106,1.73262,2.27696
2.68,2.38124,0.767078,2.75087,1.73284,2.27696
2.72,2.38092,0.76702,2.75067,1.73295,2.27696
2.76,2.38069,0.766958,2.75047,1.73299,2.27696
2.8,2.38051,0.766895,2.75026,1.73299,2.27696
2.84,2.38035,0.766829,2.75004,1.73296,2.27696
2.88,2.38021,0.766759,2.74981,1.73292,2.27696
2.92,2.38008,0.766687,2.74957,1.73287,2.27696
2.96,2.37994,0.766611,2.74932,1.73281,2.27696
3,2.3798,0.76653,2.74905,1.73275,2.27696
3.04,2.37965,0.766444,2.74877,1.73267,2.27696
3.08,2.37948,0.76635,2.74846,1.7326,2.27696
3.12,2.3793,0.766246,2.74811,1.73251,2.27696
3.16,2.37909,0.766125,2.74771,1.73241,2.27696
3.2,2.37884,0.765978,2.74723,1.73229,2.27696
3.24,2.37851,0.765787,2.7466,1.73213,2.27696
3.28,2.37805,0.765521,2.74572,1.73191,2.27696
3.32,2.37737,0.765124,2.74441,1.73158,2.27696
3.36,2.37629,0.764494,2.74233,1.73106,2.27696
3.4,2.3745,0.763452,2.7389,1.73019,2.27696
3.44,2.37147,0.761679,2.73306,1.72872,2.27696
3.48,2.36622,0.758608,2.72299,1.72616,2.27696
3.52,2.35707,0.753243,2.70546,1.72171,2.27696
3.56,2.34114,0.743862,2.67504,1.71393,2.27696
3.6,2.31368,0.727573,2.6229,1.70047,2.27696
3.64,2.26739,0.699768,2.53587,1.67761,2.27696
3.68,2.19248,0.653833,2.39737,1.64018,2.27696
3.72,2.07936,0.582205,2.19393,1.58265,2.27696
3.76,1.92636,0.480731,1.93009,1.50291,2.27696
3.8,1.74992,0.356673,1.64293,1.40829,2.27696
3.84,1.58401,0.232479,1.3905,1.31676,2.27696
3.88,1.45885,0.133429,1.21187,1.24605,2.27696
3.92,1.38116,0.0693428,1.10617,1.20136,2.27696
3.96,1.33921,0.0338336,1.05077,1.17692,2.27696
4,1.31839,0.0159469,1.02369,1.1647,2.27696
4.04,1.3085,0.00738699,1.01092,1.15887,2.27696
4.08,1.3039,0.00339344,1.005,1.15615,2.27696
4.12,1.30178,0.0015527,1.00229,1.1549,2.27696
4.16,1.30081,0.000709072,1.00104,1.15433,2.27696
4.2,1.30037,0.00032347,1.00048,1.15407,2.27696
4.24,1.30017,0.000147461,1.00022,1.15395,2.27696
4.28,1.30008,6.71843e-05,1.0001,1.15389,2.27696
4.32,1.30004,3.05916e-05,1.00005,1.15387,2.27696
4.36,1.30002,1.39203e-05,1.00002,1.15386,2.27696
4.4,1.30001,6.32932e-06,1.00001,1.15385,2.27696
4.44,1.3,2.8752e-06,1,1.15385,2.27696
4.48,1.3,1.30472e-06,1,1.15385,2.27696
4.52,1.3,5.91323e-07,1,1.15385,2.27696
4.56,1.3,2.67618e-07,1,1.15385,2.27696
4.6,1.3,1.20921e-07,1,1.15385,2.27696
4.64,1.3,5.45377e-08,1,1.15385,2.27696
4.68,1.3,2.45474e-08,1,1.15385,2.27696
4.72,1.3,1.10238e-08,1,1.15385,2.27696
4.76,1.3,4.93835e-09,1,1.15385,2.27696
4.8,1.3,2.20625e-09,1,1.15385,2.27696
4.84,1.3,9.82768e-10,1,1.15385,2.27696
4.88,1.3,4.36389e-10,1,1.15385,2.27696
4.92,1.3,1.9312e-10,1,1.15385,2.27696
4.96,1.3,8.51556e-11,1,1.15385,2.27696
5,1.3,3.74062e-11,1,1.15385,2.27696
5.04,1.3,1.63654e-11,1,1.15385,2.27696
5.08,1.3,7.12974e-12,1,1.15385,2.27696
5.12,1.3,3.09238e-12,1,1.15385,2.27696
5.16,1.3,1.33507e-12,1,1.15385,2.27696
5.2,1.3,5.73479e-13,1,1.15385,2.27696
5.24,1.3,2.45072e-13,1,1.15385,2.27696
5.28,1.3,1.0417e-13,1,1.15385,2.27696
5.32,1.3,4.38679e-14,1,1.15385,2.27696
5.36,1.3,1.82586e-14,1,1.15385,2.27696
5.4,1.3,7.45266e-15,1,1.15385,2.27696
5.44,1.3,2.8336e-15,1,1.15385,2.27696
5.48,1.3,8.12645e-16,1,1.15385,2.27696
5.52,1.3,1.19734e-16,1,1.15385,2.27696
5.56,1.3,1.22269e-17,1,1.15385,2.27696
5.6,1.3,1.28996e-18,1,1.15385,2.27696
5.64,1.3,1.35927e-19,1,1.15385,2.27696
5.68,1.3,1.42884e-20,1,1.15385,2.27696
5.72,1.3,1.50071e-21,1,1.15385,2.27696
5.76,1.3,1.57407e-22,1,1.15385,2.27696
5.8,1.3,1.6486e-23,1,1.15385,2.27696
5.84,1.3,1.72462e-24,1,1.15385,2.27696
5.88,1.3,1.80226e-25,1,1.15385,2.27696
5.92,1.3,1.88119e-26,1,1.15385,2.27696
5.96,1.3,1.9608e-27,1,1.15385,2.27696
6,1.3,2.04045e-28,1,1.15385,2.27696
6.04,1.3,2.11954e-29,1,1.15385,2.27696
6.08,1.3,2.19758e-30,1,1.15385,2.27696
6.12,1.3,2.2741e-31,1,1.15385,2.27696
6.16,1.3,2.34856e-32,1,1.15385,2.27696
6.2,1.3,2.42039e-33,1,1.15385,2.27696
6.24,1.3,2.48902e-34,1,1.15385,2.27696
6.28,1.3,2.55389e-35,1,1.15385,2.27696
6.32,1.3,2.61457e-36,1,1.15385,2.27696
6.36,1.3,2.67078e-37,1,1.15385,2.27696
6.4,1.3,2.72238e-38,1,1.15385,2.27696
6.44,1.3,2.7694e-39,1,1.15385,2.27696
6.48,1.3,2.81201e-40,1,1.15385,2.27696
6.52,1.3,2.85045e-41,1,1.15385,2.27696
6.56,1.3,2.88504e-42,1,1.15385,2.27696
6.6,1.3,2.91606e-43,1,1.15385,2.27696
6.64,1.3,2.94378e-44,1,1.15385,2.27696
6.68,1.3,2.9684e-45,1,1.15385,2.27696
6.72,1.3,2.99e-46,1,1.15385,2.27696
6.76,1.3,3.0086e-47,1,1.15385,2.27696
6.8,1.3,3.02412e-48,1,1.15385,2.27696
6.84,1.3,3.03641e-49,1,1.15385,2.27696
6.88,1.3,3.04525e-50,1,1.15385,2.27696
6.92,1.3,3.05042e-51,1,1.15385,2.27696
6.96,1.3,3.05166e-52,1,1.15385,2.27696
7,1.3,3.04871e-53,1,1.15385,2.27696
7.04,1.3,3.04135e-54,1,1.15385,2.27696
7.08,1.3,3.02938e-55,1,1.15385,2.27696
7.12,1.3,3.01264e-56,1,1.15385,2.27696
7.16,1.3,2.99104e-57,1,1.15385,2.27696
7.2,1.3,2.96451e-58,1,1.15385,2.27696
7.24,1.3,2.93306e-59,1,1.15385,2.27696
7.28,1.3,2.89674e-60,1,1.15385,2.27696
7.32,1.3,2.85566e-61,1,1.15385,2.27696
7.36,1.3,2.80997e-62,1,1.15385,2.27696
7.4,1.3,2.75986e-63,1,1.15385,2.27696
7.44,1.3,2.70558e-64,1,1.15385,2.27696
7.48,1.3,2.64738e-65,1,1.15385,2.27696
7.52,1.3,2.58555e-66,1,1.15385,2.27696
7.56,1.3,2.5204e-67,1,1.15385,2.27696
7.6,1.3,2.45224e-68,1,1.15385,2.27696
7.64,1.3,2.3814e-69,1,1.15385,2.27696
7.68,1.3,2.3082e-70,1,1.15385,2.27696
7.72,1.3,2.23297e-71,1,1.15385,2.27696
7.76,1.3,2.15604e-72,1,1.15385,2.27696
7.8,1.3,2.07771e-73,1,1.15385,2.27696
7.84,1.3,1.9983e-74,1,1.15385,2.27696
7.88,1.3,1.91811e-75,1,1.15385,2.27696
7.92,1.3,1.83743e-76,1,1.15385,2.27696
7.96,1.3,1.75654e-77,1,1.15385,2.27696
8,1.3,1.67573e-78,1,1.15385,2.27696
8.04,1.3,1.59526e-79,1,1.15385,2.27696
8.08,1.3,1.51539e-80,1,1.15385,2.27696
8.12,1.3,1.43636e-81,1,1.15385,2.27696
8.16,1.3,1.35843e-82,1,1.15385,2.27696
8.2,1.3,1.28182e-83,1,1.15385,2.27696
8.24,1.3,1.20674e-84,1,1.15385,2.27696
8.28,1.3,1.13341e-85,1,1.15385,2.27696
8.32,1.3,1.06201e-86,1,1.15385,2.27696
8.36,1.3,9.92714e-88,1,1.15385,2.27696
8.4,1.3,9.25682e-89,1,1.15385,2.27696
8.44,1.3,8.61052e-90,1,1.15385,2.27696
8.48,1.3,7.98944e-91,1,1.15385,2.27696
8.52,1.3,7.39458e-92,1,1.15385,2.27696
8.56,1.3,6.82672e-93,1,1.15385,2.27696
8.6,1.3,6.28644e-94,1,1.15385,2.27696
8.64,1.3,5.77411e-95,1,1.15385,2.27696
8.68,1.3,5.28991e-96,1,1.15385,2.27696
8.72,1.3,4.83381e-97,1,1.15385,2.27696
8.76,1.3,4.4056e-98,1,1.15385,2.27696
8.8,1.3,4.0049e-99,1,1.15385,2.27696
8.84,1.3,3.63117e-100,1,1.15385,2.27696
8.88,1.3,3.28374e-101,1,1.15385,2.27696
8.92,1.3,2.96178e-102,1,1.15385,2.27696
8.96,1.3,2.66441e-103,1,1.15385,2.27696
9,1.3,2.39061e-104,1,1.15385,2.27696
9.04,1.3,2.13932e-105,1,1.15385,2.27696
9.08,1.3,1.90942e-106,1,1.15385,2.27696
9.12,1.3,1.69974e-107,1,1.15385,2.27696
9.16,1.3,1.50911e-108,1,1.15385,2.27696
9.2,1.3,1.33632e-109,1,1.15385,2.27696
9.24,1.3,1.18019e-110,1,1.15385,2.27696
9.28,1.3,1.03955e-111,1,1.15385,2.27696
9.32,1.3,9.13238e-113,1,1.15385,2.27696
9.36,1.3,8.00149e-114,1,1.15385,2.27696
9.4,1.3,6.992e-115,1,1.15385,2.27696
9.44,1.3,6.0936e-116,1,1.15385,2.27696
9.48,1.3,5.29648e-117,1,1.15385,2.27696
9.52,1.3,4.59132e-118,1,1.15385,2.27696
9.56,1.3,3.96939e-119,1,1.15385,2.27696
9.6,1.3,3.4225e-120,1,1.15385,2.27696
9.64,1.3,2.94302e-121,1,1.15385,2.27696
9.68,1.3,2.5239e-122,1,1.15385,2.27696
9.72,1.3,2.15863e-123,1,1.15385,2.27696
9.76,1.3,1.84124e-124,1,1.15385,2.27696
9.8,1.3,1.56625e-125,1,1.15385,2.27696
9.84,1.3,1.32873e-126,1,1.15385,2.27696
9.88,1.3,1.12416e-127,1,1.15385,2.27696
9.92,1.3,9.49054e-129,1,1.15385,2.27696
9.96,1.3,8.6507e-130,1,1.15385,2.27696
10,1.3,8.6507e-130,1,1.15385,2.27696
-10,13,2.45328e-126,10,1.15385,2.36978
-9.96,13,2.45328e-126,10,1.15385,2.36978
-9.92,13,2.51776e-125,10,1.15385,2.36978
-9.88,13,2.80263e-124,10,1.15385,2.36978
-9.84,13,3.11308e-123,10,1.15385,2.36978
-9.8,13,3.44822e-122,10,1.15385,2.36978
-9.76,13,3.80873e-121,10,1.15385,2.36978
-9.72,13,4.1952e-120,10,1.15385,2.36978
-9.68,13,4.60804e-119,10,1.15385,2.36978
-9.64,13,5.04752e-118,10,1.15385,2.36978
-9.6,13,5.51369e-117,10,1.15385,2.36978
-9.56,13,6.00641e-116,10,1.15385,2.36978
-9.52,13,6.52532e-115,10,1.15385,2.36978
-9.48,13,7.06982e-114,10,1.15385,2.36978
-9.44,13,7.63903e-113,10,1.15385,2.36978
-9.4,13,8.23186e-112,10,1.15385,2.36978
-9.36,13,8.84688e-111,10,1.15385,2.36978
-9.32,13,9.48244e-110,10,1.15385,2.36978
-9.28,13,1.01366e-108,10,1.15385,2.36978
-9.24,13,1.0807e-107,10,1.15385,2.36978
-9.2,13,1.14912e-106,10,1.15385,2.36978
-9.16,13,1.21863e-105,10,1.15385,2.36978
-9.12,13,1.28893e-104,10,1.15385,2.36978
-9.08,13,1.35968e-103,10,1.15385,2.36978
-9.04,13,1.43052e-102,10,1.15385,2.36978
-9,13,1.50109e-101,10,1.15385,2.36978
-8.96,13,1.57097e-100,10,1.15385,2.36978
-8.92,13,1.63977e-99,10,1.15385,2.36978
-8.88,13,1.70707e-98,10,1.15385,2.36978
-8.84,13,1.77245e-97,10,1.15385,2.36978
-8.8,13,1.83548e-96,10,1.15385,2.36978
-8.76,13,1.89576e-95,10,1.15385,2.36978
-8.72,13,1.95289e-94,10,1.15385,2.36978
-8.68,13,2.00647e-93,10,1.15385,2.36978
-8.64,13,2.05615e-92,10,1.15385,2.36978
-8.6,13,2.1016e-91,10,1.15385,2.36978
-8.56,13,2.14251e-90,10,1.15385,2.36978
-8.52,13,2.17863e-89,10,1.15385,2.36978
-8.48,13,2.20973e-88,10,1.15385,2.36978
-8.44,13,2.23563e-87,10,1.15385,2.36978
-8.4,13,2.2562e-86,10,1.15385,2.36978
-8.36,13,2.27135e-85,10,1.15385,2.36978
-8.32,13,2.28103e-84,10,1.15385,2.36978
-8.28,13,2.28524e-83,10,1.15385,2.36978
-8.24,13,2.28402e-82,10,1.15385,2.36978
-8.2,13,2.27746e-81,10,1.15385,2.36978
-8.16,13,2.26567e-80,10,1.15385,2.36978
-8.12,13,2.24881e-79,10,1.15385,2.36978
-8.08,13,2.22704e-78,10,1.15385,2.36978
-8.04,13,2.20059e-77,10,1.15385,2.36978
-8,13,2.16967e-76,10,1.15385,2.36978
-7.96,13,2.13454e-75,10,1.15385,2.36978
-7.92,13,2.09546e-74,10,1.15385,2.36978
-7.88,13,2.05272e-73,10,1.15385,2.36978
-7.84,13,2.00659e-72,10,1.15385,2.36978
-7.8,13,1.95739e-71,10,1.15385,2.36978
-7.76,13,1.90542e-70,10,1.15385,2.36978
-7.72,13,1.85099e-69,10,1.15385,2.36978
-7.68,13,1.79442e-68,10,1.15385,2.36978
-7.64,13,1.73603e-67,10,1.15385,2.36978
-7.6,13,1.67613e-66,10,1.15385,2.36978
-7.56,13,1.61503e-65,10,1.15385,2.36978
-7.52,13,1.55305e-64,10,1.15385,2.36978
-7.48,13,1.49046e-63,10,1.15385,2.36978
-7.44,13,1.42756e-62,10,1.15385,2.36978
-7.4,13,1.3646e-61,10,1.15385,2.36978
-7.36,13,1.30184e-60,10,1.15385,2.36978
-7.32,13,1.2395e-59,10,1.15385,2.36978
-7.28,13,1.1778e-58,10,1.15385,2.36978
-7.24,13,1.11693e-57,10,1.15385,2.36978
-7.2,13,1.05707e-56,10,1.15385,2.36978
-7.16,13,9.98384e-56,10,1.15385,2.36978
-7.12,13,9.41012e-55,10,1.15385,2.36978
-7.08,13,8.85096e-54,10,1.15385,2.36978
-7.04,13,8.30762e-53,10,1.15385,2.36978
-7,13,7.78129e-52,10,1.15385,2.36978
-6.96,13,7.27307e-51,10,1.15385,2.36978
-6.92,13,6.78396e-50,10,1.15385,2.36978
-6.88,13,6.31483e-49,10,1.15385,2.36978
-6.84,13,5.86642e-48,10,1.15385,2.36978
-6.8,13,5.43931e-47,10,1.15385,2.36978
-6.76,13,5.03386e-46,10,1.15385,2.36978
-6.72,13,4.65022e-45,10,1.15385,2.36978
-6.68,13,4.2883e-44,10,1.15385,2.36978
-6.64,13,3.94779e-43,10,1.15385,2.36978
-6.6,13,3.62813e-42,10,1.15385,2.36978
-6.56,13,3.32861e-41,10,1.15385,2.36978
-6.52,13,3.04836e-40,10,1.15385,2.36978
-6.48,13,2.78645e-39,10,1.15385,2.36978
-6.44,13,2.54191e-38,10,1.15385,2.36978
-6.4,13,2.31387e-37,10,1.15385,2.36978
-6.36,13,2.10152e-36,10,1.15385,2.36978
-6.32,13,1.90421e-35,10,1.15385,2.36978
-6.28,13,1.72143e-34,10,1.15385,2.36978
-6.24,13,1.55276e-33,10,1.15385,2.36978
-6.2,13,1.39786e-32,10,1.15385,2.36978
-6.16,13,1.25637e-31,10,1.15385,2.36978
-6.12,13,1.12783e-30,10,1.15385,2.36978
-6.08,13,1.01165e-29,10,1.15385,2.36978
-6.04,13,9.07038e-29,10,1.15385,2.36978
-6,13,8.13032e-28,10,1.15385,2.36978
-5.96,13,7.28547e-27,10,1.15385,2.36978
-5.92,13,6.52469e-26,10,1.15385,2.36978
-5.88,13,5.83752e-25,10,1.15385,2.36978
-5.84,13,5.215e-24,10,1.15385,2.36978
-5.8,13,4.65009e-23,10,1.15385,2.36978
-5.76,13,4.13787e-22,10,1.15385,2.36978
-5.72,13,3.67475e-21,10,1.15385,2.36978
-5.68,13,3.25637e-20,10,1.15385,2.36978
-5.64,13,2.87762e-19,10,1.15385,2.36978
-5.6,13,2.54452e-18,10,1.15385,2.36978
-5.56,13,2.27742e-17,10,1.15385,2.36978
-5.52,13,2.0362e-16,10,1.15385,2.36978
-5.48,13,1.00035e-15,10,1.15385,2.36978
-5.44,13,2.95683e-15,10,1.15385,2.36978
-5.4,13,6.88038e-15,10,1.15385,2.36978
-5.36,13,1.50385e-14,10,1.15385,2.36978
-5.32,13,3.22654e-14,10,1.15385,2.36978
-5.28,13,6.81824e-14,10,1.15385,2.36978
-5.24,13,1.42516e-13,10,1.15385,2.36978
-5.2,13,2.95268e-13,10,1.15385,2.36978
-5.16,13,6.0627e-13,10,1.15385,2.36978
-5.12,13,1.23386e-12,10,1.15385,2.36978
-5.08,13,2.48954e-12,10,1.15385,2.36978
-5.04,13,4.97959e-12,10,1.15385,2.36978
-5,13,9.8733e-12,10,1.15385,2.36978
-4.96,13,1.94045e-11,10,1.15385,2.36978
-4.92,13,3.78002e-11,10,1.15385,2.36978
-4.88,13,7.29805e-11,10,1.15385,2.36978
-4.84,13,1.39642e-10,10,1.15385,2.36978
-4.8,13,2.64785e-10,10,1.15385,2.36978
-4.76,13,4.97522e-10,10,1.15385,2.36978
-4.72,13,9.26277e-10,10,1.15385,2.36978
-4.68,13,1.70864e-09,10,1.15385,2.36978
-4.64,13,3.12257e-09,10,1.15385,2.36978
-4.6,13,5.65321e-09,10,1.15385,2.36978
-4.56,13,1.01384e-08,10,1.15385,2.36978
-4.52,13,1.80094e-08,10,1.15385,2.36978
-4.48,13,3.16852e-08,10,1.15385,2.36978
-4.44,13,5.52087e-08,10,1.15385,2.36978
-4.4,13,9.52619e-08,10,1.15385,2.36978
-4.36,13,1.62764e-07,10,1.15385,2.36978
-4.32,13,2.75353e-07,10,1.15385,2.36978
-4.28,13,4.6119e-07,9.99999,1.15385,2.36978
-4.24,13,7.64702e-07,9.99999,1.15385,2.36978
-4.2,13,1.25514e-06,9.99998,1.15385,2.36978
-4.16,13,2.03911e-06,9.99997,1.15384,2.36978
-4.12,13,3.27869e-06,9.99995,1.15384,2.36978
-4.08,12.9999,5.21719e-06,9.99992,1.15384,2.36978
-4.04,12.9999,8.21502e-06,9.99988,1.15384,2.36978
-4,12.9999,1.27991e-05,9.99981,1.15384,2.36978
-3.96,12.9998,1.97291e-05,9.99971,1.15383,2.36978
-3.92,12.9997,3.00853e-05,9.99956,1.15383,2.36978
-3.88,12.9995,4.53819e-05,9.99933,1.15382,2.36978
-3.84,12.9992,6.77097e-05,9.999,1.1538,2.36978
-3.8,12.9989,9.99127e-05,9.99853,1.15378,2.36978
-3.76,12.9983,0.000145799,9.99785,1.15375,2.36978
-3.72,12.9976,0.000210387,9.9969,1.1537,2.36978
-3.68,12.9966,0.000300176,9.99558,1.15364,2.36978
-3.64,12.9951,0.000423446,9.99377,1.15356,2.36978
-3.6,12.9932,0.000590553,9.99131,1.15344,2.36978
-3.56,12.9907,0.000814212,9.98802,1.15329,2.36978
-3.52,12.9873,0.00110974,9.98368,1.15309,2.36978
-3.48,12.9828,0.0014952,9.97801,1.15283,2.36978
-3.44,12.9771,0.00199151,9.97072,1.15249,2.36978
-3.4,12.9699,0.0026223,9.96146,1.15207,2.36978
-3.36,12.9608,0.00341372,9.94985,1.15153,2.36978
-3.32,12.9496,0.00439402,9.93548,1.15086,2.36978
-3.28,12.9359,0.00559295,9.91794,1.15005,2.36978
-3.24,12.9193,0.00704105,9.89678,1.14907,2.36978
-3.2,12.8996,0.0087688,9.87158,1.1479,2.36978
-3.16,12.8763,0.0108057,9.84193,1.14652,2.36978
-3.12,12.8492,0.0131795,9.80747,1.14491,2.36978
-3.08,12.8181,0.0159149,9.76788,1.14306,2.36978
-3.04,12.7826,0.0190336,9.72289,1.14095,2.36978
-3,12.7427,0.0225529,9.67232,1.13857,2.36978
-2.96,12.6982,0.026486,9.61605,1.13592,2.36978
-2.92,12.649,0.0308414,9.55404,1.13298,2.36978
-2.88,12.5951,0.035623,9.48633,1.12976,2.36978
-2.84,12.5366,0.0408304,9.41302,1.12626,2.36978
-2.8,12.4736,0.0464593,9.33428,1.12248,2.36978
-2.76,12.4062,0.0525018,9.25034,1.11843,2.36978
-2.72,12.3345,0.058947,9.16146,1.11412,2.36978
-2.68,12.2588,0.0657813,9.06795,1.10956,2.36978
-2.64,12.1793,0.0729895,8.97016,1.10476,2.36978
-2.6,12.0963,0.0805546,8.86842,1.09973,2.36978
-2.56,12.0099,0.0884591,8.7631,1.09449,2.36978
-2.52,11.9204,0.0966846,8.65456,1.08905,2.36978
-2.48,11.8281,0.105213,8.54316,1.08342,2.36978
-2.44,11.7332,0.114025,8.42924,1.07762,2.36978
-2.4,11.6359,0.123104,8.31315,1.07166,2.36978
-2.36,11.5366,0.132431,8.1952,1.06555,2.36978
-2.32,11.4353,0.141991,8.07569,1.05931,2.36978
-2.28,11.3324,0.151768,7.95492,1.05295,2.36978
-2.24,11.2279,0.161746,7.83315,1.04647,2.36978
-2.2,11.1222,0.171911,7.71062,1.0399,2.36978
-2.16,11.0153,0.182251,7.58756,1.03323,2.36978
-2.12,10.9074,0.192752,7.46418,1.02648,2.36978
-2.08,10.7987,0.203404,7.34067,1.01966,2.36978
-2.04,10.6893,0.214195,7.21721,1.01277,2.36978
-2,10.5793,0.225116,7.09395,1.00583,2.36978
-1.96,10.4689,0.236157,6.97105,0.998826,2.36978
-1.92,10.3581,0.247311,6.84862,0.991781,2.36978
-1.88,10.247,0.258569,6.72679,0.984695,2.36978
-1.84,10.1358,0.269924,6.60566,0.977573,2.36978
-1.8,10.0245,0.28137,6.48533,0.970422,2.36978
-1.76,9.9132,0.2929,6.36589,0.963244,2.36978
-1.72,9.80195,0.304509,6.24741,0.956045,2.36978
-1.68,9.69084,0.316191,6.12996,0.948828,2.36978
-1.64,9.5799,0.327941,6.0136,0.941597,2.36978
-1.6,9.4692,0.339755,5.89839,0.934354,2.36978
-1.56,9.35879,0.35163,5.78438,0.927104,2.36978
-1.52,9.24871,0.363559,5.67161,0.919848,2.36978
-1.48,9.13901,0.375541,5.56011,0.91259,2.36978
-1.44,9.02972,0.387572,5.44993,0.905332,2.36978
-1.4,8.92089,0.399647,5.3411,0.898077,2.36978
-1.36,8.81254,0.411764,5.23363,0.890826,2.36978
-1.32,8.70472,0.42392,5.12756,0.883582,2.36978
-1.28,8.59745,0.436112,5.0229,0.876347,2.36978
-1.24,8.49076,0.448336,4.91968,0.869124,2.36978
-1.2,8.38468,0.46059,4.81791,0.861913,2.36978
-1.16,8.27925,0.472871,4.71761,0.854718,2.36978
-1.12,8.17448,0.485175,4.6188,0.84754,2.36978
-1.08,8.07041,0.497499,4.52148,0.840381,2.36978
-1.04,7.96708,0.50984,4.42568,0.833243,2.36978
-1,7.8645,0.522194,4.3314,0.82613,2.36978
-0.96,7.76272,0.534556,4.23866,0.819043,2.36978
-0.92,7.66177,0.546922,4.14749,0.811985,2.36978
-0.88,7.56168,0.559287,4.0579,0.804959,2.36978
-0.84,7.46252,0.571645,3.96991,0.797969,2.36978
-0.8,7.36433,0.583987,3.88355,0.791019,2.36978
-0.76,7.26717,0.596305,3.79885,0.784113,2.36978
-0.72,7.17111,0.608589,3.71587,0.777258,2.36978
-0.68,7.07626,0.620826,3.63465,0.77046,2.36978
-0.64,6.98271,0.632999,3.55526,0.763729,2.36978
-0.6,6.89062,0.645087,3.4778,0.757074,2.36978
-0.56,6.80015,0.657065,3.40238,0.75051,2.36978
-0.52,6.71153,0.668898,3.32916,0.744054,2.36978
-0.48,6.62507,0.680543,3.25834,0.737729,2.36978
-0.44,6.54116,0.691941,3.19019,0.731566,2.36978
-0.4,6.46029,0.703016,3.12508,0.725604,2.36978
-0.36,6.38317,0.713664,3.06347,0.719895,2.36978
-0.32,6.31066,0.723751,3.00602,0.714509,2.36978
-0.28,6.24391,0.733106,2.95351,0.709533,2.36978
-0.24,6.18428,0.741517,2.90693,0.705076,2.36978
-0.2,6.13328,0.748752,2.86733,0.701255,2.36978
-0.16,6.09222,0.754602,2.83562,0.698175,2.36978
-0.12,6.06164,0.758966,2.81214,0.695886,2.36978
-0.08,6.04075,0.761941,2.79619,0.694332,2.36978
-0.04,6.02733,0.763836,2.78603,0.693349,2.36978
0,6.01864,0.765046,2.77952,0.692728,2.36978
0.04,6.01257,0.765873,2.77504,0.692309,2.36978
0.08,6.00805,0.766472,2.77176,0.692011,2.36978
0.12,6.00458,0.766916,2.7693,0.691797,2.36978
0.16,6.00185,0.76725,2.76742,0.691641,2.36978
0.2,5.99966,0.767504,2.76596,0.691529,2.36978
0.24,5.99785,0.767699,2.76481,0.69145,2.36978
0.28,5.99632,0.76785,2.76388,0.691395,2.36978
0.32,5.99499,0.767968,2.76313,0.691359,2.36978
0.36,5.99382,0.768061,2.7625,0.691338,2.36978
0.4,5.99275,0.768134,2.76198,0.69133,2.36978
0.44,5.99175,0.768193,2.76153,0.691332,2.36978
0.48,5.99081,0.76824,2.76113,0.691342,2.36978
0.52,5.9899,0.768278,2.76079,0.691361,2.36978
0.56,5.989,0.768309,2.76047,0.691386,2.36978
0.6,5.9881,0.768333,2.76019,0.691419,2.36978
0.64,5.98719,0.768353,2.75993,0.691458,2.36978
0.68,5.98626,0.768369,2.75968,0.691504,2.36978
0.72,5.98529,0.768381,2.75945,0.691558,2.36978
0.76,5.98427,0.76839,2.75923,0.69162,2.36978
0.8,5.98318,0.768397,2.75902,0.691694,2.36978
0.84,5.98197,0.768402,2.75882,0.691782,2.36978
0.88,5.9806,0.768405,2.75862,0.691891,2.36978
0.92,5.97896,0.768405,2.75842,0.692032,2.36978
0.96,5.97691,0.768405,2.75823,0.692222,2.36978
1,5.97419,0.768402,2.75805,0.69249,2.36978
1.04,5.97043,0.768399,2.75786,0.692881,2.36978
1.08,5.96505,0.768394,2.75768,0.69346,2.36978
1.12,5.95724,0.768387,2.7575,0.694323,2.36978
1.16,5.94589,0.76838,2.75732,0.695602,2.36978
1.2,5.92956,0.768371,2.75714,0.697472,2.36978
1.24,5.90643,0.768361,2.75696,0.700158,2.36978
1.28,5.87435,0.76835,2.75678,0.703936,2.36978
1.32,5.83091,0.768338,2.7566,0.709133,2.36978
1.36,5.77357,0.768325,2.75642,0.71613,2.36978
1.4,5.69984,0.76831,2.75624,0.725347,2.36978
1.44,5.60752,0.768295,2.75606,0.737241,2.36978
1.48,5.49498,0.768279,2.75589,0.752293,2.36978
1.52,5.36135,0.768261,2.75571,0.770994,2.36978
1.56,5.2068,0.768243,2.75554,0.79383,2.36978
1.6,5.0326,0.768224,2.75538,0.821259,2.36978
1.64,4.84117,0.768203,2.75521,0.853682,2.36978
1.68,4.636,0.768182,2.75506,0.891411,2.36978
1.72,4.42144,0.76816,2.7549,0.934616,2.36978
1.76,4.2024,0.768137,2.75475,0.983279,2.36978
1.8,3.98401,0.768114,2.75461,1.03713,2.36978
1.84,3.77127,0.768089,2.75447,1.09557,2.36978
1.88,3.56872,0.768064,2.75434,1.1577,2.36978
1.92,3.38015,0.768038,2.75421,1.22223,2.36978
1.96,3.20842,0.76801,2.75408,1.28759,2.36978
2,3.05538,0.767982,2.75396,1.35202,2.36978
2.04,2.92187,0.767953,2.75384,1.41374,2.36978
2.08,2.80782,0.767923,2.75372,1.4711,2.36978
2.12,2.71238,0.767892,2.75361,1.5228,2.36978
2.16,2.63412,0.76786,2.75349,1.56798,2.36978
2.2,2.57122,0.767827,2.75337,1.60626,2.36978
2.24,2.52165,0.767793,2.75325,1.63777,2.36978
2.28,2.48334,0.767758,2.75313,1.66296,2.36978
2.32,2.45428,0.767722,2.75301,1.68257,2.36978
2.36,2.43266,0.767684,2.75288,1.69745,2.36978
2.4,2.41686,0.767646,2.75275,1.70846,2.36978
2.44,2.40553,0.767606,2.75262,1.71643,2.36978
2.48,2.39753,0.767565,2.75248,1.72207,2.36978
2.52,2.39199,0.767523,2.75234,1.72598,2.36978
2.56,2.3882,0.767479,2.7522,1.72862,2.36978
2.6,2.38565,0.767434,2.75205,1.73037,2.36978
2.64,2.38396,0.767388,2.75189,1.73151,2.36978
2.68,2.38284,0.76734,2.75173,1.73222,2.36978
2.72,2.3821,0.767291,2.75157,1.73266,2.36978
2.76,2.3816,0.767239,2.7514,1.73291,2.36978
2.8,2.38126,0.767186,2.75122,1.73304,2.36978
2.84,2.38102,0.767131,2.75104,1.73311,2.36978
2.88,2.38084,0.767074,2.75085,1.73312,2.36978
2.92,2.38068,0.767015,2.75066,1.73311,2.36978
2.96,2.38055,0.766954,2.75045,1.73308,2.36978
3,2.38043,0.766889,2.75024,1.73303,2.36978
3.04,2.3803,0.766823,2.75002,1.73298,2.36978
3.08,2.38018,0.766753,2.74979,1.73293,2.36978
3.12,2.38005,0.766679,2.74954,1.73287,2.36978
3.16,2.37991,0.766601,2.74928,1.73281,2.36978
3.2,2.37977,0.766518,2.74901,1.73274,2.36978
3.24,2.37961,0.766426,2.7487,1.73266,2.36978
3.28,2.37943,0.766324,2.74837,1.73258,2.36978
3.32,2.37923,0.766205,2.74797,1.73248,2.36978
3.36,2.37897,0.766058,2.74749,1.73236,2.36978
3.4,2.37864,0.765864,2.74684,1.7322,2.36978
3.44,2.37817,0.765589,2.74594,1.73197,2.36978
3.48,2.37745,0.765173,2.74456,1.73162,2.36978
3.52,2.37631,0.764507,2.74237,1.73107,2.36978
3.56,2.37441,0.763398,2.73871,1.73015,2.36978
3.6,2.37116,0.7615,2.73247,1.72857,2.36978
3.64,2.36552,0.758205,2.72166,1.72583,2.36978
3.68,2.3557,0.752441,2.70284,1.72104,2.36978
3.72,2.3386,0.742364,2.6702,1.71269,2.36978
3.76,2.30918,0.72489,2.61439,1.69826,2.36978
3.8,2.25978,0.695154,2.52166,1.67383,2.36978
3.84,2.18038,0.64631,2.37529,1.63409,2.36978
3.88,2.06189,0.570892,2.16313,1.57365,2.36978
3.92,1.90442,0.465732,1.89338,1.4913,2.36978
3.96,1.72718,0.3401,1.6073,1.39589,2.36978
4,1.56518,0.217887,1.36297,1.30621,2.36978
4.04,1.44629,0.12321,1.19451,1.23887,2.36978
4.08,1.37406,0.0633821,1.09672,1.19724,2.36978
4.12,1.3356,0.0307438,1.04605,1.17481,2.36978
4.16,1.31665,0.0144466,1.02144,1.16368,2.36978
4.2,1.30769,0.00668225,1.00987,1.15839,2.36978
4.24,1.30353,0.00306767,1.00452,1.15593,2.36978
4.28,1.30161,0.00140329,1.00207,1.1548,2.36978
4.32,1.30074,0.000640825,1.00094,1.15428,2.36978
4.36,1.30034,0.000292371,1.00043,1.15404,2.36978
4.4,1.30015,0.000133315,1.0002,1.15394,2.36978
4.44,1.30007,6.07602e-05,1.00009,1.15389,2.36978
4.48,1.30003,2.76794e-05,1.00004,1.15386,2.36978
4.52,1.30001,1.26027e-05,1.00002,1.15385,2.36978
4.56,1.30001,5.73454e-06,1.00001,1.15385,2.36978
4.6,1.3,2.60743e-06,1,1.15385,2.36978
4.64,1.3,1.18453e-06,1,1.15385,2.36978
4.68,1.3,5.37573e-07,1,1.15385,2.36978
4.72,1.3,2.43676e-07,1,1.15385,2.36978
4.76,1.3,1.10306e-07,1,1.15385,2.36978
4.8,1.3,4.98557e-08,1,1.15385,2.36978
4.84,1.3,2.24945e-08,1,1.15385,2.36978
4.88,1.3,1.01297e-08,1,1.15385,2.36978
4.92,1.3,4.55183e-09,1,1.15385,2.36978
4.96,1.3,2.04058e-09,1,1.15385,2.36978
5,1.3,9.12439e-10,1,1.15385,2.36978
5.04,1.3,4.06861e-10,1,1.15385,2.36978
5.08,1.3,1.80879e-10,1,1.15385,2.36978
5.12,1.3,8.01559e-11,1,1.15385,2.36978
5.16,1.3,3.53998e-11,1,1.15385,2.36978
5.2,1.3,1.55772e-11,1,1.15385,2.36978
5.24,1.3,6.82847e-12,1,1.15385,2.36978
5.28,1.3,2.98141e-12,1,1.15385,2.36978
5.32,1.3,1.2962e-12,1,1.15385,2.36978
5.36,1.3,5.60936e-13,1,1.15385,2.36978
5.4,1.3,2.41486e-13,1,1.15385,2.36978
5.44,1.3,1.03343e-13,1,1.15385,2.36978
5.48,1.3,4.39317e-14,1,1.15385,2.36978
5.52,1.3,1.84751e-14,1,1.15385,2.36978
5.56,1.3,7.60911e-15,1,1.15385,2.36978
5.6,1.3,2.9401e-15,1,1.15385,2.36978
5.64,1.3,8.61062e-16,1,1.15385,2.36978
5.68,1.3,1.28617e-16,1,1.15385,2.36978
5.72,1.3,1.35198e-17,1,1.15385,2.36978
5.76,1.3,1.44444e-18,1,1.15385,2.36978
5.8,1.3,1.52345e-19,1,1.15385,2.36978
5.84,1.3,1.59745e-20,1,1.15385,2.36978
5.88,1.3,1.67669e-21,1,1.15385,2.36978
5.92,1.3,1.7627e-22,1,1.15385,2.36978
5.96,1.3,1.85415e-23,1,1.15385,2.36978
6,1.3,1.94988e-24,1,1.15385,2.36978
6.04,1.3,2.04926e-25,1,1.15385,2.36978
6.08,1.3,2.15203e-26,1,1.15385,2.36978
6.12,1.3,2.25811e-27,1,1.15385,2.36978
6.16,1.3,2.36736e-28,1,1.15385,2.36978
6.2,1.3,2.47955e-29,1,1.15385,2.36978
6.24,1.3,2.59433e-30,1,1.15385,2.36978
6.28,1.3,2.71125e-31,1,1.15385,2.36978
6.32,1.3,2.82979e-32,1,1.15385,2.36978
6.36,1.3,2.94938e-33,1,1.15385,2.36978
6.4,1.3,3.06936e-34,1,1.15385,2.36978
6.44,1.3,3.18902e-35,1,1.15385,2.36978
6.48,1.3,3.30762e-36,1,1.15385,2.36978
6.52,1.3,3.42437e-37,1,1.15385,2.36978
6.56,1.3,3.53849e-38,1,1.15385,2.36978
6.6,1.3,3.64919e-39,1,1.15385,2.36978
6.64,1.3,3.75574e-40,1,1.15385,2.36978
6.68,1.3,3.85745e-41,1,1.15385,2.36978
6.72,1.3,3.95376e-42,1,1.15385,2.36978
6.76,1.3,4.0442e-43,1,1.15385,2.36978
6.8,1.3,4.12847e-44,1,1.15385,2.36978
6.84,1.3,4.20642e-45,1,1.15385,2.36978
6.88,1.3,4.27801e-46,1,1.15385,2.36978
6.92,1.3,4.34337e-47,1,1.15385,2.36978
6.96,1.3,4.40266e-48,1,1.15385,2.36978
7,1.3,4.45614e-49,1,1.15385,2.36978
7.04,1.3,4.50404e-50,1,1.15385,2.36978
7.08,1.3,4.54657e-51,1,1.15385,2.36978
7.12,1.3,4.5839e-52,1,1.15385,2.36978
7.16,1.3,4.61609e-53,1,1.15385,2.36978
7.2,1.3,4.64314e-54,1,1.15385,2.36978
7.24,1.3,4.66496e-55,1,1.15385,2.36978
7.28,1.3,4.68137e-56,1,1.15385,2.36978
7.32,1.3,4.69216e-57,1,1.15385,2.36978
7.36,1.3,4.69705e-58,1,1.15385,2.36978
7.4,1.3,4.69576e-59,1,1.15385,2.36978
7.44,1.3,4.68799e-60,1,1.15385,2.36978
7.48,1.3,4.67349e-61,1,1.15385,2.36978
7.52,1.3,4.65203e-62,1,1.15385,2.36978
7.56,1.3,4.62344e-63,1,1.15385,2.36978
7.6,1.3,4.5876e-64,1,1.15385,2.36978
7.64,1.3,4.54446e-65,1,1.15385,2.36978
7.68,1.3,4.49405e-66,1,1.15385,2.36978
7.72,1.3,4.43646e-67,1,1.15385,2.36978
7.76,1.3,4.37185e-68,1,1.15385,2.36978
7.8,1.3,4.30046e-69,1,1.15385,2.36978
7.84,1.3,4.22257e-70,1,1.15385,2.36978
7.88,1.3,4.13851e-71,1,1.15385,2.36978
7.92,1.3,4.04866e-72,1,1.15385,2.36978
7.96,1.3,3.95345e-73,1,1.15385,2.36978
8,1.3,3.85331e-74,1,1.15385,2.36978
8.04,1.3,3.7487e-75,1,1.15385,2.36978
8.08,1.3,3.64011e-76,1,1.15385,2.36978
8.12,1.3,3.52801e-77,1,1.15385,2.36978
8.16,1.3,3.41289e-78,1,1.15385,2.36978
8.2,1.3,3.29523e-79,1,1.15385,2.36978
8.24,1.3,3.17551e-80,1,1.15385,2.36978
8.28,1.3,3.0542e-81,1,1.15385,2.36978
8.32,1.3,2.93175e-82,1,1.15385,2.36978
8.36,1.3,2.80861e-83,1,1.15385,2.36978
8.4,1.3,2.68522e-84,1,1.15385,2.36978
8.44,1.3,2.562e-85,1,1.15385,2.36978
8.48,1.3,2.43936e-86,1,1.15385,2.36978
8.52,1.3,2.3177e-87,1,1.15385,2.36978
8.56,1.3,2.19738e-88,1,1.15385,2.36978
8.6,1.3,2.07878e-89,1,1.15385,2.36978
8.64,1.3,1.96223e-90,1,1.15385,2.36978
8.68,1.3,1.84806e-91,1,1.15385,2.36978
8.72,1.3,1.73658e-92,1,1.15385,2.36978
8.76,1.3,1.62805e-93,1,1.15385,2.36978
8.8,1.3,1.52275e-94,1,1.15385,2.36978
8.84,1.3,1.42089e-95,1,1.15385,2.36978
8.88,1.3,1.32267e-96,1,1.15385,2.36978
8.92,1.3,1.22828e-97,1,1.15385,2.36978
8.96,1.3,1.13784e-98,1,1.15385,2.36978
9,1.3,1.05148e-99,1,1.15385,2.36978
9.04,1.3,9.69274e-101,1,1.15385,2.36978
9.08,1.3,8.91275e-102,1,1.15385,2.36978
9.12,1.3,8.17505e-103,1,1.15385,2.36978
9.16,1.3,7.47959e-104,1,1.15385,2.36978
9.2,1.3,6.82606e-105,1,1.15385,2.36978
9.24,1.3,6.21389e-106,1,1.15385,2.36978
9.28,1.3,5.64229e-107,1,1.15385,2.36978
9.32,1.3,5.11025e-108,1,1.15385,2.36978
9.36,1.3,4.61659e-109,1,1.15385,2.36978
9.4,1.3,4.15999e-110,1,1.15385,2.36978
9.44,1.3,3.73897e-111,1,1.15385,2.36978
9.48,1.3,3.35196e-112,1,1.15385,2.36978
9.52,1.3,2.99731e-113,1,1.15385,2.36978
9.56,1.3,2.67331e-114,1,1.15385,2.36978
9.6,1.3,2.3782e-115,1,1.15385,2.36978
9.64,1.3,2.11023e-116,1,1.15385,2.36978
9.68,1.3,1.86764e-117,1,1.15385,2.36978
9.72,1.3,1.64866e-118,1,1.15385,2.36978
9.76,1.3,1.45161e-119,1,1.15385,2.36978
9.8,1.3,1.2748e-120,1,1.15385,2.36978
9.84,1.3,1.11662e-121,1,1.15385,2.36978
9.88,1.3,9.75542e-123,1,1.15385,2.36978
9.92,1.3,8.50615e-124,1,1.15385,2.36978
9.96,1.3,8.02838e-125,1,1.15385,2.36978
10,1.3,8.02838e-125,1,1.15385,2.36978
-10,13,1.09603e-121,10,1.15385,2.46259
-9.96,13,1.09603e-121,10,1.15385,2.46259
-9.92,13,1.08697e-120,10,1.15385,2.46259
-9.88,13,1.17239e-119,10,1.15385,2.46259
-9.84,13,1.26217e-118,10,1.15385,2.46259
-9.8,13,1.35527e-117,10,1.15385,2.46259
-9.76,13,1.45144e-116,10,1.15385,2.46259
-9.72,13,1.55038e-115,10,1.15385,2.46259
-9.68,13,1.65176e-114,10,1.15385,2.46259
-9.64,13,1.7552e-113,10,1.15385,2.46259
-9.6,13,1.86028e-112,10,1.15385,2.46259
-9.56,13,1.96655e-111,10,1.15385,2.46259
-9.52,13,2.07353e-110,10,1.15385,2.46259
-9.48,13,2.18067e-109,10,1.15385,2.46259
-9.44,13,2.28743e-108,10,1.15385,2.46259
-9.4,13,2.39323e-107,10,1.15385,2.46259
-9.36,13,2.49748e-106,10,1.15385,2.46259
-9.32,13,2.59955e-105,10,1.15385,2.46259
-9.28,13,2.69884e-104,10,1.15385,2.46259
-9.24,13,2.79473e-103,10,1.15385,2.46259
-9.2,13,2.8866e-102,10,1.15385,2.46259
-9.16,13,2.97388e-101,10,1.15385,2.46259
-9.12,13,3.05598e-100,10,1.15385,2.46259
-9.08,13,3.13238e-99,10,1.15385,2.46259
-9.04,13,3.20258e-98,10,1.15385,2.46259
-9,13,3.26612e-97,10,1.15385,2.46259
-8.96,13,3.32261e-96,10,1.15385,2.46259
-8.92,13,3.3717e-95,10,1.15385,2.46259
-8.88,13,3.4131e-94,10,1.15385,2.46259
-8.84,13,3.44659e-93,10,1.15385,2.46259
-8.8,13,3.47201e-92,10,1.15385,2.46259
-8.76,13,3.48927e-91,10,1.15385,2.46259
-8.72,13,3.49835e-90,10,1.15385,2.46259
-8.68,13,3.49926e-89,10,1.15385,2.46259
-8.64,13,3.49211e-88,10,1.15385,2.46259
-8.6,13,3.47703e-87,10,1.15385,2.46259
-8.56,13,3.45424e-86,10,1.15385,2.46259
-8.52,13,3.42396e-85,10,1.15385,2.46259
-8.48,13,3.38649e-84,10,1.15385,2.46259
-8.44,13,3.34215e-83,10,1.15385,2.46259
-8.4,13,3.2913e-82,10,1.15385,2.46259
-8.36,13,3.23432e-81,10,1.15385,2.46259
-8.32,13,3.17163e-80,10,1.15385,2.46259
-8.28,13,3.10366e-79,10,1.15385,2.46259
-8.24,13,3.03084e-78,10,1.15385,2.46259
-8.2,13,2.95364e-77,10,1.15385,2.46259
-8.16,13,2.87253e-76,10,1.15385,2.46259
-8.12,13,2.78798e-75,10,1.15385,2.46259
-8.08,13,2.70046e-74,10,1.15385,2.46259
-8.04,13,2.61044e-73,10,1.15385,2.46259
-8,13,2.5184e-72,10,1.15385,2.46259
-7.96,13,2.42478e-71,10,1.15385,2.46259
-7.92,13,2.33003e-70,10,1.15385,2.46259
-7.88,13,2.23458e-69,10,1.15385,2.46259
-7.84,13,2.13883e-68,10,1.15385,2.46259
-7.8,13,2.04317e-67,10,1.15385,2.46259
-7.76,13,1.94795e-66,10,1.15385,2.46259
-7.72,13,1.85353e-65,10,1.15385,2.46259
-7.68,13,1.76019e-64,10,1.15385,2.46259
-7.64,13,1.66825e-63,10,1.15385,2.46259
-7.6,13,1.57796e-62,10,1.15385,2.46259
-7.56,13,1.48956e-61,10,1.15385,2.46259
-7.52,13,1.40328e-60,10,1.15385,2.46259
-7.48,13,1.31933e-59,10,1.15385,2.46259
-7.44,13,1.23789e-58,10,1.15385,2.46259
-7.4,13,1.15913e-57,10,1.15385,2.46259
-7.36,13,1.0832e-56,10,1.15385,2.46259
-7.32,13,1.01023e-55,10,1.15385,2.46259
-7.28,13,9.40329e-55,10,1.15385,2.46259
-7.24,13,8.73574e-54,10,1.15385,2.46259
-7.2,13,8.10024e-53,10,1.15385,2.46259
-7.16,13,7.49704e-52,10,1.15385,2.46259
-7.12,13,6.92615e-51,10,1.15385,2.46259
-7.08,13,6.38725e-50,10,1.15385,2.46259
-7.04,13,5.87979e-49,10,1.15385,2.46259
-7,13,5.40298e-48,10,1.15385,2.46259
-6.96,13,4.95586e-47,10,1.15385,2.46259
-6.92,13,4.53735e-46,10,1.15385,2.46259
-6.88,13,4.14629e-45,10,1.15385,2.46259
-6.84,13,3.78152e-44,10,1.15385,2.46259
-6.8,13,3.44194e-43,10,1.15385,2.46259
-6.76,13,3.12649e-42,10,1.15385,2.46259
-6.72,13,2.8342e-41,10,1.15385,2.46259
-6.68,13,2.56417e-40,10,1.15385,2.46259
-6.64,13,2.31554e-39,10,1.15385,2.46259
-6.6,13,2.08743e-38,10,1.15385,2.46259
-6.56,13,1.87893e-37,10,1.15385,2.46259
-6.52,13,1.68903e-36,10,1.15385,2.46259
-6.48,13,1.51665e-35,10,1.15385,2.46259
-6.44,13,1.36057e-34,10,1.15385,2.46259
-6.4,13,1.21951e-33,10,1.15385,2.46259
-6.36,13,1.09215e-32,10,1.15385,2.46259
-6.32,13,9.77208e-32,10,1.15385,2.46259
-6.28,13,8.7345e-31,10,1.15385,2.46259
-6.24,13,7.79767e-30,10,1.15385,2.46259
-6.2,13,6.95182e-29,10,1.15385,2.46259
-6.16,13,6.18858e-28,10,1.15385,2.46259
-6.12,13,5.50077e-27,10,1.15385,2.46259
-6.08,13,4.88221e-26,10,1.15385,2.46259
-6.04,13,4.32736e-25,10,1.15385,2.46259
-6,13,3.8311e-24,10,1.15385,2.46259
-5.96,13,3.38847e-23,10,1.15385,2.46259
-5.92,13,2.99474e-22,10,1.15385,2.46259
-5.88,13,2.64565e-21,10,1.15385,2.46259
-5.84,13,2.33678e-20,10,1.15385,2.46259
-5.8,13,2.06127e-19,10,1.15385,2.46259
-5.76,13,1.81277e-18,10,1.15385,2.46259
-5.72,13,1.60631e-17,10,1.15385,2.46259
-5.68,13,1.46567e-16,10,1.15385,2.46259
-5.64,13,8.07157e-16,10,1.15385,2.46259
-5.6,13,2.52582e-15,10,1.15385,2.46259
-5.56,13,5.8717e-15,10,1.15385,2.46259
-5.52,13,1.26762e-14,10,1.15385,2.46259
-5.48,13,2.69632e-14,10,1.15385,2.46259
-5.44,13,5.65688e-14,10,1.15385,2.46259
-5.4,13,1.17197e-13,10,1.15385,2.46259
-5.36,13,2.4053e-13,10,1.15385,2.46259
-5.32,13,4.89492e-13,10,1.15385,2.46259
-5.28,13,9.87609e-13,10,1.15385,2.46259
-5.24,13,1.97568e-12,10,1.15385,2.46259
-5.2,13,3.91886e-12,10,1.15385,2.46259
-5.16,13,7.70763e-12,10,1.15385,2.46259
-5.12,13,1.50307e-11,10,1.15385,2.46259
-5.08,13,2.90611e-11,10,1.15385,2.46259
-5.04,13,5.57046e-11,10,1.15385,2.46259
-5,13,1.0585e-10,10,1.15385,2.46259
-4.96,13,1.99382e-10,10,1.15385,2.46259
-4.92,13,3.72263e-10,10,1.15385,2.46259
-4.88,13,6.889e-10,10,1.15385,2.46259
-4.84,13,1.2635e-09,10,1.15385,2.46259
-4.8,13,2.29659e-09,10,1.15385,2.46259
-4.76,13,4.13664e-09,10,1.15385,2.46259
-4.72,13,7.38313e-09,10,1.15385,2.46259
-4.68,13,1.30567e-08,10,1.15385,2.46259
-4.64,13,2.28768e-08,10,1.15385,2.46259
-4.6,13,3.97097e-08,10,1.15385,2.46259
-4.56,13,6.82819e-08,10,1.15385,2.46259
-4.52,13,1.16303e-07,10,1.15385,2.46259
-4.48,13,1.96211e-07,10,1.15385,2.46259
-4.44,13,3.27843e-07,10,1.15385,2.46259
-4.4,13,5.42486e-07,9.99999,1.15385,2.46259
-4.36,13,8.88907e-07,9.99999,1.15385,2.46259
-4.32,13,1.44224e-06,9.99998,1.15385,2.46259
-4.28,13,2.31682e-06,9.99997,1.15384,2.46259
-4.24,13,3.68461e-06,9.99995,1.15384,2.46259
-4.2,12.9999,5.80091e-06,9.99991,1.15384,2.46259
-4.16,12.9999,9.04006e-06,9.99987,1.15384,2.46259
-4.12,12.9998,1.39437e-05,9.99979,1.15384,2.46259
-4.08,12.9998,2.12855e-05,9.99969,1.15383,2.46259
-4.04,12.9996,3.21551e-05,9.99953,1.15382,2.46259
-4,12.9994,4.80659e-05,9.99929,1.15381,2.46259
-3.96,12.9992,7.10904e-05,9.99895,1.1538,2.46259
-3.92,12.9988,0.000104024,9.99847,1.15378,2.46259
-3.88,12.9983,0.000150582,9.99778,1.15374,2.46259
-3.84,12.9975,0.000215623,9.99683,1.1537,2.46259
-3.8,12.9965,0.000305399,9.99551,1.15364,2.46259
-3.76,12.9951,0.000427821,9.9937,1.15356,2.46259
-3.72,12.9932,0.000592729,9.99128,1.15344,2.46259
-3.68,12.9907,0.000812139,9.98805,1.15329,2.46259
-3.64,12.9874,0.00110046,9.98381,1.1531,2.46259
-3.6,12.9831,0.00147462,9.97831,1.15284,2.46259
-3.56,12.9776,0.00195414,9.97127,1.15252,2.46259
-3.52,12.9706,0.00256103,9.96236,1.15211,2.46259
-3.48,12.9619,0.00331959,9.95123,1.15159,2.46259
-3.44,12.9512,0.00425605,9.93751,1.15096,2.46259
-3.4,12.9381,0.00539801,9.92079,1.15018,2.46259
-3.36,12.9224,0.00677384,9.90068,1.14925,2.46259
-3.32,12.9037,0.00841188,9.87678,1.14814,2.46259
-3.28,12.8816,0.0103397,9.84871,1.14683,2.46259
-3.24,12.856,0.0125831,9.81612,1.14531,2.46259
-3.2,12.8266,0.0151657,9.77871,1.14356,2.46259
-3.16,12.7932,0.0181079,9.73623,1.14157,2.46259
-3.12,12.7555,0.0214265,9.68849,1.13933,2.46259
-3.08,12.7135,0.0251344,9.63536,1.13683,2.46259
-3.04,12.6671,0.0292402,9.57681,1.13406,2.46259
-3,12.6162,0.0337484,9.51283,1.13102,2.46259
-2.96,12.561,0.0386597,9.44353,1.12772,2.46259
-2.92,12.5015,0.0439708,9.36903,1.12415,2.46259
-2.88,12.4377,0.0496752,9.28954,1.12033,2.46259
-2.84,12.3699,0.0557633,9.20529,1.11625,2.46259
-2.8,12.2982,0.0622233,9.11655,1.11194,2.46259
-2.76,12.2229,0.0690415,9.02363,1.10739,2.46259
-2.72,12.144,0.0762025,8.92685,1.10262,2.46259
-2.68,12.062,0.0836901,8.82654,1.09765,2.46259
-2.64,11.9769,0.0914875,8.72304,1.09248,2.46259
-2.6,11.889,0.0995776,8.61667,1.08714,2.46259
-2.56,11.7986,0.107943,8.50776,1.08162,2.46259
-2.52,11.7059,0.116568,8.39663,1.07595,2.46259
-2.48,11.6111,0.125434,8.28359,1.07013,2.46259
-2.44,11.5144,0.134528,8.16892,1.06418,2.46259
-2.4,11.4159,0.143832,8.05289,1.05811,2.46259
-2.36,11.316,0.153334,7.93577,1.05193,2.46259
-2.32,11.2147,0.16302,7.81777,1.04565,2.46259
-2.28,11.1122,0.172876,7.69914,1.03928,2.46259
-2.24,11.0087,0.182892,7.58006,1.03282,2.46259
-2.2,10.9044,0.193055,7.46073,1.02629,2.46259
-2.16,10.7993,0.203355,7.34132,1.0197,2.46259
-2.12,10.6935,0.213784,7.22198,1.01304,2.46259
-2.08,10.5873,0.224331,7.10286,1.00633,2.46259
-2.04,10.4806,0.23499,6.98408,0.99957,2.46259
-2,10.3736,0.245751,6.86576,0.99277,2.46259
-1.96,10.2664,0.256609,6.748,0.985932,2.46259
-1.92,10.1591,0.267556,6.63091,0.979062,2.46259
-1.88,10.0517,0.278586,6.51457,0.972164,2.46259
-1.84,9.94423,0.289695,6.39906,0.965243,2.46259
-1.8,9.83686,0.300877,6.28444,0.958301,2.46259
-1.76,9.7296,0.312126,6.17079,0.951342,2.46259
-1.72,9.62251,0.323439,6.05815,0.94437,2.46259
-1.68,9.51565,0.334812,5.94657,0.937388,2.46259
-1.64,9.40904,0.34624,5.8361,0.930398,2.46259
-1.6,9.30274,0.35772,5.72678,0.923403,2.46259
-1.56,9.19678,0.369249,5.61865,0.916405,2.46259
-1.52,9.0912,0.380824,5.51173,0.909407,2.46259
-1.48,8.98604,0.392441,5.40606,0.902411,2.46259
-1.44,8.88132,0.404097,5.30166,0.895418,2.46259
-1.4,8.77707,0.41579,5.19855,0.888431,2.46259
-1.36,8.67333,0.427517,5.09675,0.881452,2.46259
-1.32,8.57012,0.439275,4.99628,0.874483,2.46259
-1.28,8.46747,0.451063,4.89716,0.867524,2.46259
-1.24,8.3654,0.462876,4.79939,0.860579,2.46259
-1.2,8.26393,0.474713,4.70299,0.853649,2.46259
-1.16,8.1631,0.48657,4.60799,0.846735,2.46259
-1.12,8.06292,0.498446,4.51437,0.839839,2.46259
-1.08,7.96343,0.510336,4.42217,0.832964,2.46259
-1.04,7.86464,0.522237,4.33138,0.826112,2.46259
-1,7.7666,0.534146,4.24203,0.819284,2.46259
-0.96,7.66933,0.546059,4.15413,0.812483,2.46259
-0.92,7.57286,0.557971,4.0677,0.805712,2.46259
-0.88,7.47724,0.569877,3.98274,0.798973,2.46259
-0.84,7.38251,0.58177,3.8993,0.79227,2.46259
-0.8,7.28872,0.593643,3.81739,0.785608,2.46259
-0.76,7.19594,0.605487,3.73705,0.778991,2.46259
-0.72,7.10424,0.617292,3.65833,0.772425,2.46259
-0.68,7.01372,0.629043,3.58128,0.765917,2.46259
-0.64,6.92448,0.640724,3.50598,0.759476,2.46259
-0.6,6.83667,0.652315,3.43252,0.753113,2.46259
-0.56,6.75047,0.663788,3.36102,0.746841,2.46259
-0.52,6.66612,0.675108,3.29164,0.74068,2.46259
-0.48,6.58392,0.68623,3.2246,0.734653,2.46259
-0.44,6.50427,0.697095,3.16016,0.728789,2.46259
-0.4,6.42769,0.707624,3.09871,0.723131,2.46259
-0.36,6.35486,0.717713,3.04072,0.71773,2.46259
-0.32,6.28667,0.72723,2.98682,0.712656,2.46259
-0.28,6.22423,0.736003,2.93781,0.707995,2.46259
-0.24,6.16884,0.743834,2.89462,0.703849,2.46259
-0.2,6.12189,0.750506,2.85822,0.700327,2.46259
-0.16,6.08445,0.755845,2.82934,0.697518,2.46259
-0.12,6.05682,0.75979,2.80815,0.69545,2.46259
-0.08,6.03802,0.762468,2.7938,0.694052,2.46259
-0.04,6.02587,0.764184,2.7846,0.693162,2.46259
0,6.01787,0.765296,2.77862,0.692591,2.46259
0.04,6.01222,0.766066,2.77445,0.692202,2.46259
0.08,6.008,0.766627,2.77138,0.691923,2.46259
0.12,6.00474,0.767044,2.76907,0.691721,2.46259
0.16,6.00218,0.767359,2.7673,0.691574,2.46259
0.2,6.00011,0.767599,2.76592,0.691467,2.46259
0.24,5.99841,0.767784,2.76483,0.691391,2.46259
0.28,5.99697,0.767928,2.76395,0.691338,2.46259
0.32,5.99572,0.76804,2.76324,0.691302,2.46259
0.36,5.99462,0.76813,2.76264,0.691281,2.46259
0.4,5.99361,0.768201,2.76214,0.691271,2.46259
0.44,5.99268,0.768258,2.76171,0.69127,2.46259
0.48,5.9918,0.768304,2.76133,0.691278,2.46259
0.52,5.99096,0.768341,2.761,0.691292,2.46259
0.56,5.99013,0.768372,2.7607,0.691313,2.46259
0.6,5.9893,0.768396,2.76043,0.69134,2.46259
0.64,5.98847,0.768416,2.76018,0.691373,2.46259
0.68,5.98763,0.768433,2.75994,0.691412,2.46259
0.72,5.98676,0.768446,2.75972,0.691457,2.46259
0.76,5.98585,0.768456,2.75951,0.691508,2.46259
0.8,5.9849,0.768464,2.75931,0.691568,2.46259
0.84,5.98388,0.768469,2.75912,0.691637,2.46259
0.88,5.98276,0.768473,2.75893,0.691719,2.46259
0.92,5.9815,0.768476,2.75874,0.691819,2.46259
0.96,5.98002,0.768476,2.75857,0.691945,2.46259
1,5.9782,0.768475,2.75839,0.692112,2.46259
1.04,5.97583,0.768473,2.75821,0.692343,2.46259
1.08,5.97261,0.76847,2.75804,0.692673,2.46259
1.12,5.96808,0.768466,2.75787,0.693156,2.46259
1.16,5.96157,0.76846,2.7577,0.693869,2.46259
1.2,5.95217,0.768453,2.75753,0.694922,2.46259
1.24,5.93867,0.768445,2.75736,0.69646,2.46259
1.28,5.91951,0.768436,2.75719,0.698671,2.46259
1.32,5.89284,0.768426,2.75703,0.70179,2.46259
1.36,5.8565,0.768416,2.75686,0.706102,2.46259
1.4,5.80814,0.768404,2.75669,0.711938,2.46259
1.44,5.74537,0.768391,2.75652,0.719673,2.46259
1.48,5.66594,0.768377,2.75636,0.729717,2.46259
1.52,5.56796,0.768362,2.75619,0.742513,2.46259
1.56,5.45015,0.768346,2.75603,0.758519,2.46259
1.6,5.31202,0.76833,2.75587,0.778197,2.46259
1.64,5.15407,0.768312,2.75571,0.801999,2.46259
1.68,4.97786,0.768294,2.75555,0.830342,2.46259
1.72,4.78598,0.768275,2.7554,0.863585,2.46259
1.76,4.58196,0.768255,2.75525,0.901989,2.46259
1.8,4.37007,0.768235,2.75511,0.945675,2.46259
1.84,4.15502,0.768213,2.75498,0.994571,2.46259
1.88,3.94165,0.768191,2.75484,1.04836,2.46259
1.92,3.7346,0.768168,2.75471,1.10643,2.46259
1.96,3.53804,0.768144,2.75459,1.16785,2.46259
2,3.35541,0.76812,2.75447,1.23136,2.46259
2.04,3.18927,0.768094,2.75435,1.29545,2.46259
2.08,3.04125,0.768068,2.75424,1.35844,2.46259
2.12,2.91205,0.768041,2.75413,1.41866,2.46259
2.16,2.80152,0.768013,2.75402,1.47457,2.46259
2.2,2.70883,0.767984,2.75391,1.52496,2.46259
2.24,2.6326,0.767955,2.7538,1.56906,2.46259
2.28,2.5711,0.767924,2.75369,1.60652,2.46259
2.32,2.52242,0.767893,2.75358,1.63746,2.46259
2.36,2.48461,0.76786,2.75347,1.66232,2.46259
2.4,2.45576,0.767827,2.75335,1.68177,2.46259
2.44,2.43416,0.767792,2.75323,1.69663,2.46259
2.48,2.41826,0.767757,2.75312,1.70771,2.46259
2.52,2.40676,0.76772,2.75299,1.71579,2.46259
2.56,2.39859,0.767683,2.75287,1.72156,2.46259
2.6,2.39287,0.767644,2.75274,1.72559,2.46259
2.64,2.38893,0.767604,2.75261,1.72835,2.46259
2.68,2.38625,0.767563,2.75247,1.7302,2.46259
2.72,2.38446,0.767521,2.75233,1.73142,2.46259
2.76,2.38326,0.767477,2.75218,1.73219,2.46259
2.8,2.38247,0.767432,2.75203,1.73268,2.46259
2.84,2.38194,0.767385,2.75188,1.73297,2.46259
2.88,2.38158,0.767337,2.75172,1.73313,2.46259
2.92,2.38132,0.767287,2.75155,1.73321,2.46259
2.96,2.38114,0.767236,2.75138,1.73324,2.46259
3,2.38099,0.767183,2.75121,1.73324,2.46259
3.04,2.38086,0.767127,2.75102,1.73321,2.46259
3.08,2.38074,0.76707,2.75083,1.73318,2.46259
3.12,2.38063,0.767011,2.75064,1.73314,2.46259
3.16,2.38051,0.766949,2.75043,1.73309,2.46259
3.2,2.3804,0.766884,2.75022,1.73304,2.46259
3.24,2.38028,0.766816,2.74999,1.73298,2.46259
3.28,2.38016,0.766745,2.74975,1.73293,2.46259
3.32,2.38002,0.76667,2.7495,1.73286,2.46259
3.36,2.37988,0.766588,2.74924,1.7328,2.46259
3.4,2.37973,0.7665,2.74894,1.73272,2.46259
3.44,2.37956,0.766399,2.74861,1.73264,2.46259
3.48,2.37935,0.766281,2.74822,1.73254,2.46259
3.52,2.3791,0.766133,2.74773,1.73242,2.46259
3.56,2.37876,0.765936,2.74708,1.73226,2.46259
3.6,2.37827,0.765651,2.74614,1.73202,2.46259
3.64,2.37752,0.765215,2.7447,1.73166,2.46259
3.68,2.37631,0.76451,2.74237,1.73107,2.46259
3.72,2.37428,0.763326,2.73847,1.73009,2.46259
3.76,2.3708,0.761294,2.73179,1.7284,2.46259
3.8,2.36475,0.757757,2.72019,1.72546,2.46259
3.84,2.3542,0.751565,2.69998,1.72032,2.46259
3.88,2.33585,0.740741,2.66497,1.71135,2.46259
3.92,2.30434,0.722001,2.60525,1.69588,2.46259
3.96,2.25165,0.690216,2.50653,1.66979,2.46259
4,2.16761,0.638329,2.35206,1.62764,2.46259
4.04,2.04371,0.559051,2.13128,1.56427,2.46259
4.08,1.8821,0.45035,1.85632,1.47945,2.46259
4.12,1.70468,0.323563,1.57237,1.38357,2.46259
4.16,1.54709,0.203763,1.33674,1.29605,2.46259
4.2,1.43452,0.113583,1.17834,1.23213,2.46259
4.24,1.36752,0.0578714,1.08803,1.19344,2.46259
4.28,1.33231,0.0279182,1.04175,1.17288,2.46259
4.32,1.31508,0.0130822,1.0194,1.16275,2.46259
4.36,1.30695,0.00604299,1.00893,1.15795,2.46259
4.4,1.30319,0.00277247,1.00409,1.15573,2.46259
4.44,1.30146,0.00126793,1.00187,1.15471,2.46259
4.48,1.30066,0.000578971,1.00085,1.15424,2.46259
4.52,1.3003,0.000264167,1.00039,1.15403,2.46259
4.56,1.30014,0.000120473,1.00018,1.15393,2.46259
4.6,1.30006,5.49213e-05,1.00008,1.15388,2.46259
4.64,1.30003,2.50282e-05,1.00004,1.15386,2.46259
4.68,1.30001,1.14008e-05,1.00002,1.15385,2.46259
4.72,1.30001,5.1907e-06,1.00001,1.15385,2.46259
4.76,1.3,2.36188e-06,1,1.15385,2.46259
4.8,1.3,1.07394e-06,1,1.15385,2.46259
4.84,1.3,4.87911e-07,1,1.15385,2.46259
4.88,1.3,2.21449e-07,1,1.15385,2.46259
4.92,1.3,1.00396e-07,1,1.15385,2.46259
4.96,1.3,4.54563e-08,1,1.15385,2.46259
5,1.3,2.0551e-08,1,1.15385,2.46259
5.04,1.3,9.27589e-09,1,1.15385,2.46259
5.08,1.3,4.17905e-09,1,1.15385,2.46259
5.12,1.3,1.87894e-09,1,1.15385,2.46259
5.16,1.3,8.42906e-10,1,1.15385,2.46259
5.2,1.3,3.77212e-10,1,1.15385,2.46259
5.24,1.3,1.68363e-10,1,1.15385,2.46259
5.28,1.3,7.49325e-11,1,1.15385,2.46259
5.32,1.3,3.32485e-11,1,1.15385,2.46259
5.36,1.3,1.4705e-11,1,1.15385,2.46259
5.4,1.3,6.48135e-12,1,1.15385,2.46259
5.44,1.3,2.84632e-12,1,1.15385,2.46259
5.48,1.3,1.24503e-12,1,1.15385,2.46259
5.52,1.3,5.42227e-13,1,1.15385,2.46259
5.56,1.3,2.35163e-13,1,1.15385,2.46259
5.6,1.3,1.0147e-13,1,1.15385,2.46259
5.64,1.3,4.33886e-14,1,1.15385,2.46259
5.68,1.3,1.83474e-14,1,1.15385,2.46259
5.72,1.3,7.61253e-15,1,1.15385,2.46259
5.76,1.3,2.94843e-15,1,1.15385,2.46259
5.8,1.3,8.6435e-16,1,1.15385,2.46259
5.84,1.3,1.29538e-16,1,1.15385,2.46259
5.88,1.3,1.37275e-17,1,1.15385,2.46259
5.92,1.3,1.48366e-18,1,1.15385,2.46259
5.96,1.3,1.58739e-19,1,1.15385,2.46259
6,1.3,1.68997e-20,1,1.15385,2.46259
6.04,1.3,1.79864e-21,1,1.15385,2.46259
6.08,1.3,1.91265e-22,1,1.15385,2.46259
6.12,1.3,2.02981e-23,1,1.15385,2.46259
6.16,1.3,2.14916e-24,1,1.15385,2.46259
6.2,1.3,2.27081e-25,1,1.15385,2.46259
6.24,1.3,2.39532e-26,1,1.15385,2.46259
6.28,1.3,2.5234e-27,1,1.15385,2.46259
6.32,1.3,2.65576e-28,1,1.15385,2.46259
6.36,1.3,2.79301e-29,1,1.15385,2.46259
6.4,1.3,2.93558e-30,1,1.15385,2.46259
6.44,1.3,3.08366e-31,1,1.15385,2.46259
6.48,1.3,3.23724e-32,1,1.15385,2.46259
6.52,1.3,3.3961e-33,1,1.15385,2.46259
6.56,1.3,3.5599e-34,1,1.15385,2.46259
6.6,1.3,3.7282e-35,1,1.15385,2.46259
6.64,1.3,3.90045e-36,1,1.15385,2.46259
6.68,1.3,4.07605e-37,1,1.15385,2.46259
6.72,1.3,4.25427e-38,1,1.15385,2.46259
6.76,1.3,4.43434e-39,1,1.15385,2.46259
6.8,1.3,4.61534e-40,1,1.15385,2.46259
6.84,1.3,4.79633e-41,1,1.15385,2.46259
6.88,1.3,4.97627e-42,1,1.15385,2.46259
6.92,1.3,5.15409e-43,1,1.15385,2.46259
6.96,1.3,5.32871e-44,1,1.15385,2.46259
7,1.3,5.49904e-45,1,1.15385,2.46259
7.04,1.3,5.66406e-46,1,1.15385,2.46259
7.08,1.3,5.82281e-47,1,1.15385,2.46259
7.12,1.3,5.97444e-48,1,1.15385,2.46259
7.16,1.3,6.11824e-49,1,1.15385,2.46259
7.2,1.3,6.25363e-50,1,1.15385,2.46259
7.24,1.3,6.38024e-51,1,1.15385,2.46259
7.28,1.3,6.4978e-52,1,1.15385,2.46259
7.32,1.3,6.60622e-53,1,1.15385,2.46259
7.36,1.3,6.70553e-54,1,1.15385,2.46259
7.4,1.3,6.79583e-55,1,1.15385,2.46259
7.44,1.3,6.8773e-56,1,1.15385,2.46259
7.48,1.3,6.95009e-57,1,1.15385,2.46259
7.52,1.3,7.01437e-58,1,1.15385,2.46259
7.56,1.3,7.07023e-59,1,1.15385,2.46259
7.6,1.3,7.11771e-60,1,1.15385,2.46259
7.64,1.3,7.15674e-61,1,1.15385,2.46259
7.68,1.3,7.18721e-62,1,1.15385,2.46259
7.72,1.3,7.20891e-63,1,1.15385,2.46259
7.76,1.3,7.22155e-64,1,1.15385,2.46259
7.8,1.3,7.22485e-65,1,1.15385,2.46259
7.84,1.3,7.21846e-66,1,1.15385,2.46259
7.88,1.3,7.20208e-67,1,1.15385,2.46259
7.92,1.3,7.17539e-68,1,1.15385,2.46259
7.96,1.3,7.13817e-69,1,1.15385,2.46259
8,1.3,7.09021e-70,1,1.15385,2.46259
8.04,1.3,7.03142e-71,1,1.15385,2.46259
8.08,1.3,6.96178e-72,1,1.15385,2.46259
8.12,1.3,6.88135e-73,1,1.15385,2.46259
8.16,1.3,6.79031e-74,1,1.15385,2.46259
8.2,1.3,6.68891e-75,1,1.15385,2.46259
8.24,1.3,6.57749e-76,1,1.15385,2.46259
8.28,1.3,6.45648e-77,1,1.15385,2.46259
8.32,1.3,6.32636e-78,1,1.15385,2.46259
8.36,1.3,6.1877e-79,1,1.15385,2.46259
8.4,1.3,6.0411e-80,1,1.15385,2.46259
8.44,1.3,5.88722e-81,1,1.15385,2.46259
8.48,1.3,5.72672e-82,1,1.15385,2.46259
8.52,1.3,5.56031e-83,1,1.15385,2.46259
8.56,1.3,5.38871e-84,1,1.15385,2.46259
8.6,1.3,5.21264e-85,1,1.15385,2.46259
8.64,1.3,5.03282e-86,1,1.15385,2.46259
8.68,1.3,4.84996e-87,1,1.15385,2.46259
8.72,1.3,4.66478e-88,1,1.15385,2.46259
8.76,1.3,4.47796e-89,1,1.15385,2.46259
8.8,1.3,4.29019e-90,1,1.15385,2.46259
8.84,1.3,4.10213e-91,1,1.15385,2.46259
8.88,1.3,3.91441e-92,1,1.15385,2.46259
8.92,1.3,3.72766e-93,1,1.15385,2.46259
8.96,1.3,3.54248e-94,1,1.15385,2.46259
9,1.3,3.35942e-95,1,1.15385,2.46259
9.04,1.3,3.17905e-96,1,1.15385,2.46259
9.08,1.3,3.00186e-97,1,1.15385,2.46259
9.12,1.3,2.82834e-98,1,1.15385,2.46259
9.16,1.3,2.65894e-99,1,1.15385,2.46259
9.2,1.3,2.49407e-100,1,1.15385,2.46259
9.24,1.3,2.33411e-101,1,1.15385,2.46259
9.28,1.3,2.17938e-102,1,1.15385,2.46259
9.32,1.3,2.03019e-103,1,1.15385,2.46259
9.36,1.3,1.88677e-104,1,1.15385,2.46259
9.4,1.3,1.74934e-105,1,1.15385,2.46259
9.44,1.3,1.61804e-106,1,1.15385,2.46259
9.48,1.3,1.49301e-107,1,1.15385,2.46259
9.52,1.3,1.37432e-108,1,1.15385,2.46259
9.56,1.3,1.26198e-109,1,1.15385,2.46259
9.6,1.3,1.156e-110,1,1.15385,2.46259
9.64,1.3,1.05632e-111,1,1.15385,2.46259
9.68,1.3,9.62861e-113,1,1.15385,2.46259
9.72,1.3,8.75504e-114,1,1.15385,2.46259
9.76,1.3,7.94102e-115,1,1.15385,2.46259
9.8,1.3,7.18481e-116,1,1.15385,2.46259
9.84,1.3,6.48444e-117,1,1.15385,2.46259
9.88,1.3,5.83779e-118,1,1.15385,2.46259
9.92,1.3,5.24619e-119,1,1.15385,2.46259
9.96,1.3,5.11569e-120,1,1.15385,2.46259
10,1.3,5.11569e-120,1,1.15385,2.46259
-10,13,3.46026e-117,10,1.15385,2.55539
-9.96,13,3.46026e-117,10,1.15385,2.55539
-9.92,13,3.32525e-116,10,1.15385,2.55539
-9.88,13,3.48395e-115,10,1.15385,2.55539
-9.84,13,3.64408e-114,10,1.15385,2.55539
-9.8,13,3.80201e-113,10,1.15385,2.55539
-9.76,13,3.9568e-112,10,1.15385,2.55539
-9.72,13,4.10756e-111,10,1.15385,2.55539
-9.68,13,4.25338e-110,10,1.15385,2.55539
-9.64,13,4.39336e-109,10,1.15385,2.55539
-9.6,13,4.52664e-108,10,1.15385,2.55539
-9.56,13,4.65236e-107,10,1.15385,2.55539
-9.52,13,4.76973e-106,10,1.15385,2.55539
-9.48,13,4.87801e-105,10,1.15385,2.55539
-9.44,13,4.97651e-104,10,1.15385,2.55539
-9.4,13,5.06463e-103,10,1.15385,2.55539
-9.36,13,5.14182e-102,10,1.15385,2.55539
-9.32,13,5.20766e-101,10,1.15385,2.55539
-9.28,13,5.26176e-100,10,1.15385,2.55539
-9.24,13,5.30387e-99,10,1.15385,2.55539
-9.2,13,5.3338e-98,10,1.15385,2.55539
-9.16,13,5.35149e-97,10,1.15385,2.55539
-9.12,13,5.35692e-96,10,1.15385,2.55539
-9.08,13,5.3502e-95,10,1.15385,2.55539
-9.04,13,5.3315e-94,10,1.15385,2.55539
-9,13,5.30108e-93,10,1.15385,2.55539
-8.96,13,5.25928e-92,10,1.15385,2.55539
-8.92,13,5.20648e-91,10,1.15385,2.55539
-8.88,13,5.14314e-90,10,1.15385,2.55539
-8.84,13,5.06978e-89,10,1.15385,2.55539
-8.8,13,4.98694e-88,10,1.15385,2.55539
-8.76,13,4.89523e-87,10,1.15385,2.55539
-8.72,13,4.79527e-86,10,1.15385,2.55539
-8.68,13,4.68772e-85,10,1.15385,2.55539
-8.64,13,4.57326e-84,10,1.15385,2.55539
-8.6,13,4.45259e-83,10,1.15385,2.55539
-8.56,13,4.3264e-82,10,1.15385,2.55539
-8.52,13,4.19542e-81,10,1.15385,2.55539
-8.48,13,4.06034e-80,10,1.15385,2.55539
-8.44,13,3.92186e-79,10,1.15385,2.55539
-8.4,13,3.78067e-78,10,1.15385,2.55539
-8.36,13,3.63745e-77,10,1.15385,2.55539
-8.32,13,3.49283e-76,10,1.15385,2.55539
-8.28,13,3.34745e-75,10,1.15385,2.55539
-8.24,13,3.20189e-74,10,1.15385,2.55539
-8.2,13,3.05672e-73,10,1.15385,2.55539
-8.16,13,2.91247e-72,10,1.15385,2.55539
-8.12,13,2.76964e-71,10,1.15385,2.55539
-8.08,13,2.62867e-70,10,1.15385,2.55539
-8.04,13,2.49e-69,10,1.15385,2.55539
-8,13,2.35403e-68,10,1.15385,2.55539
-7.96,13,2.2211e-67,10,1.15385,2.55539
-7.92,13,2.09155e-66,10,1.15385,2.55539
-7.88,13,1.96568e-65,10,1.15385,2.55539
-7.84,13,1.84375e-64,10,1.15385,2.55539
-7.8,13,1.726e-63,10,1.15385,2.55539
-7.76,13,1.61261e-62,10,1.15385,2.55539
-7.72,13,1.50376e-61,10,1.15385,2.55539
-7.68,13,1.39958e-60,10,1.15385,2.55539
-7.64,13,1.30016e-59,10,1.15385,2.55539
-7.6,13,1.20555e-58,10,1.15385,2.55539
-7.56,13,1.11576e-57,10,1.15385,2.55539
-7.52,13,1.03078e-56,10,1.15385,2.55539
-7.48,13,9.50539e-56,10,1.15385,2.55539
-7.44,13,8.74965e-55,10,1.15385,2.55539
-7.4,13,8.0394e-54,10,1.15385,2.55539
-7.36,13,7.37334e-53,10,1.15385,2.55539
-7.32,13,6.75001e-52,10,1.15385,2.55539
-7.28,13,6.16787e-51,10,1.15385,2.55539
-7.24,13,5.62534e-50,10,1.15385,2.55539
-7.2,13,5.12085e-49,10,1.15385,2.55539
-7.16,13,4.65284e-48,10,1.15385,2.55539
-7.12,13,4.21976e-47,10,1.15385,2.55539
-7.08,13,3.82012e-46,10,1.15385,2.55539
-7.04,13,3.45238e-45,10,1.15385,2.55539
-7,13,3.115e-44,10,1.15385,2.55539
-6.96,13,2.80638e-43,10,1.15385,2.55539
-6.92,13,2.52486e-42,10,1.15385,2.55539
-6.88,13,2.26873e-41,10,1.15385,2.55539
-6.84,13,2.03623e-40,10,1.15385,2.55539
-6.8,13,1.82556e-39,10,1.15385,2.55539
-6.76,13,1.63496e-38,10,1.15385,2.55539
-6.72,13,1.4627e-37,10,1.15385,2.55539
-6.68,13,1.30716e-36,10,1.15385,2.55539
-6.64,13,1.16682e-35,10,1.15385,2.55539
-6.6,13,1.04029e-34,10,1.15385,2.55539
-6.56,13,9.26325e-34,10,1.15385,2.55539
-6.52,13,8.238e-33,10,1.15385,2.55539
-6.48,13,7.31709e-32,10,1.15385,2.55539
-6.44,13,6.49135e-31,10,1.15385,2.55539
-6.4,13,5.75234e-30,10,1.15385,2.55539
-6.36,13,5.09212e-29,10,1.15385,2.55539
-6.32,13,4.50305e-28,10,1.15385,2.55539
-6.28,13,3.97764e-27,10,1.15385,2.55539
-6.24,13,3.50854e-26,10,1.15385,2.55539
-6.2,13,3.08865e-25,10,1.15385,2.55539
-6.16,13,2.71153e-24,10,1.15385,2.55539
-6.12,13,2.37186e-23,10,1.15385,2.55539
-6.08,13,2.0659e-22,10,1.15385,2.55539
-6.04,13,1.7917e-21,10,1.15385,2.55539
-6,13,1.54901e-20,10,1.15385,2.55539
-5.96,13,1.33816e-19,10,1.15385,2.55539
-5.92,13,1.15531e-18,10,1.15385,2.55539
-5.88,13,9.90517e-18,10,1.15385,2.55539
-5.84,13,8.6344e-17,10,1.15385,2.55539
-5.8,13,5.89709e-16,10,1.15385,2.55539
-5.76,13,2.03915e-15,10,1.15385,2.55539
-5.72,13,4.92412e-15,10,1.15385,2.55539
-5.68,13,1.06577e-14,10,1.15385,2.55539
-5.64,13,2.24145e-14,10,1.15385,2.55539
-5.6,13,4.64395e-14,10,1.15385,2.55539
-5.56,13,9.5346e-14,10,1.15385,2.55539
-5.52,13,1.94062e-13,10,1.15385,2.55539
-5.48,13,3.91699e-13,10,1.15385,2.55539
-5.44,13,7.84022e-13,10,1.15385,2.55539
-5.4,13,1.55611e-12,10,1.15385,2.55539
-5.36,13,3.06293e-12,10,1.15385,2.55539
-5.32,13,5.97902e-12,10,1.15385,2.55539
-5.28,13,1.15752e-11,10,1.15385,2.55539
-5.24,13,2.22239e-11,10,1.15385,2.55539
-5.2,13,4.23131e-11,10,1.15385,2.55539
-5.16,13,7.98856e-11,10,1.15385,2.55539
-5.12,13,1.49547e-10,10,1.15385,2.55539
-5.08,13,2.77572e-10,10,1.15385,2.55539
-5.04,13,5.10786e-10,10,1.15385,2.55539
-5,13,9.3184e-10,10,1.15385,2.55539
-4.96,13,1.68522e-09,10,1.15385,2.55539
-4.92,13,3.02104e-09,10,1.15385,2.55539
-4.88,13,5.36803e-09,10,1.15385,2.55539
-4.84,13,9.45376e-09,10,1.15385,2.55539
-4.8,13,1.65005e-08,10,1.15385,2.55539
-4.76,13,2.85407e-08,10,1.15385,2.55539
-4.72,13,4.8919e-08,10,1.15385,2.55539
-4.68,13,8.3082e-08,10,1.15385,2.55539
-4.64,13,1.39805e-07,10,1.15385,2.55539
-4.6,13,2.33074e-07,10,1.15385,2.55539
-4.56,13,3.84938e-07,9.99999,1.15385,2.55539
-4.52,13,6.2977e-07,9.99999,1.15385,2.55539
-4.48,13,1.02055e-06,9.99998,1.15385,2.55539
-4.44,13,1.63801e-06,9.99998,1.15385,2.55539
-4.4,13,2.60374e-06,9.99996,1.15384,2.55539
-4.36,13,4.09865e-06,9.99994,1.15384,2.55539
-4.32,12.9999,6.38873e-06,9.99991,1.15384,2.55539
-4.28,12.9999,9.86017e-06,9.99985,1.15384,2.55539
-4.24,12.9998,1.50666e-05,9.99978,1.15384,2.55539
-4.2,12.9997,2.27915e-05,9.99966,1.15383,2.55539
-4.16,12.9996,3.4129e-05,9.9995,1.15382,2.55539
-4.12,12.9994,5.05861e-05,9.99926,1.15381,2.55539
-4.08,12.9991,7.42098e-05,9.99891,1.1538,2.55539
-4.04,12.9988,0.000107741,9.99841,1.15377,2.55539
-4,12.9982,0.000154795,9.99772,1.15374,2.55539
-3.96,12.9975,0.00022007,9.99676,1.1537,2.55539
-3.92,12.9964,0.000309571,9.99544,1.15364,2.55539
-3.88,12.9951,0.000430854,9.99366,1.15355,2.55539
-3.84,12.9932,0.000593268,9.99127,1.15344,2.55539
-3.8,12.9907,0.000808172,9.98811,1.1533,2.55539
-3.76,12.9875,0.00108913,9.98398,1.15311,2.55539
-3.72,12.9833,0.00145202,9.97864,1.15286,2.55539
-3.68,12.978,0.0019151,9.97184,1.15255,2.55539
-3.64,12.9713,0.0024989,9.96327,1.15215,2.55539
-3.6,12.963,0.00322604,9.9526,1.15166,2.55539
-3.56,12.9527,0.00412094,9.93948,1.15105,2.55539
-3.52,12.9403,0.00520926,9.92355,1.15031,2.55539
-3.48,12.9253,0.00651743,9.90442,1.14942,2.55539
-3.44,12.9075,0.00807187,9.88174,1.14837,2.55539
-3.4,12.8867,0.00989835,9.85513,1.14713,2.55539
-3.36,12.8625,0.0120212,9.82427,1.14569,2.55539
-3.32,12.8346,0.0144626,9.78888,1.14404,2.55539
-3.28,12.803,0.017242,9.74872,1.14216,2.55539
-3.24,12.7674,0.0203756,9.70358,1.14004,2.55539
-3.2,12.7277,0.0238761,9.65337,1.13768,2.55539
-3.16,12.6839,0.0277523,9.598,1.13506,2.55539
-3.12,12.6358,0.0320092,9.53748,1.13219,2.55539
-3.08,12.5836,0.0366481,9.47187,1.12907,2.55539
-3.04,12.5273,0.0416668,9.4013,1.1257,2.55539
-3,12.4669,0.0470599,9.32592,1.12208,2.55539
-2.96,12.4027,0.0528193,9.24596,1.11822,2.55539
-2.92,12.3347,0.0589345,9.16165,1.11413,2.55539
-2.88,12.2632,0.0653931,9.07327,1.10982,2.55539
-2.84,12.1883,0.0721814,8.98111,1.1053,2.55539
-2.8,12.1102,0.0792844,8.88547,1.10058,2.55539
-2.76,12.0292,0.0866867,8.78667,1.09566,2.55539
-2.72,11.9455,0.0943722,8.68501,1.09058,2.55539
-2.68,11.8593,0.102325,8.58081,1.08532,2.55539
-2.64,11.7708,0.11053,8.47435,1.07992,2.55539
-2.6,11.6802,0.11897,8.36592,1.07437,2.55539
-2.56,11.5877,0.127632,8.25581,1.06869,2.55539
-2.52,11.4935,0.1365,8.14426,1.0629,2.55539
-2.48,11.3977,0.145561,8.03153,1.05699,2.55539
-2.44,11.3006,0.154803,7.91784,1.05098,2.55539
-2.4,11.2023,0.164212,7.80341,1.04488,2.55539
-2.36,11.103,0.173777,7.68843,1.0387,2.55539
-2.32,11.0027,0.183488,7.57309,1.03244,2.55539
-2.28,10.9016,0.193334,7.45755,1.02612,2.55539
-2.24,10.7998,0.203307,7.34196,1.01973,2.55539
-2.2,10.6975,0.213397,7.22647,1.01329,2.55539
-2.16,10.5948,0.223597,7.1112,1.0068,2.55539
-2.12,10.4916,0.233898,6.99627,1.00027,2.55539
-2.08,10.3882,0.244295,6.88179,0.993693,2.55539
-2.04,10.2846,0.25478,6.76784,0.987087,2.55539
-2,10.1808,0.265348,6.65452,0.980451,2.55539
-1.96,10.077,0.275994,6.5419,0.973789,2.55539
-1.92,9.97317,0.286712,6.43006,0.967105,2.55539
-1.88,9.8694,0.297497,6.31906,0.960402,2.55539
-1.84,9.76574,0.308346,6.20895,0.953684,2.55539
-1.8,9.66224,0.319254,6.09979,0.946953,2.55539
-1.76,9.55894,0.330217,5.99162,0.940212,2.55539
-1.72,9.45588,0.341232,5.88448,0.933464,2.55539
-1.68,9.3531,0.352296,5.77841,0.926711,2.55539
-1.64,9.25063,0.363406,5.67345,0.919955,2.55539
-1.6,9.14852,0.374558,5.56961,0.913199,2.55539
-1.56,9.04678,0.38575,5.46693,0.906443,2.55539
-1.52,8.94545,0.396979,5.36543,0.899691,2.55539
-1.48,8.84456,0.408244,5.26513,0.892944,2.55539
-1.44,8.74413,0.41954,5.16605,0.886203,2.55539
-1.4,8.64418,0.430867,5.0682,0.879471,2.55539
-1.36,8.54474,0.442221,4.9716,0.872748,2.55539
-1.32,8.44583,0.453601,4.87626,0.866036,2.55539
-1.28,8.34747,0.465004,4.7822,0.859338,2.55539
-1.24,8.24969,0.476428,4.68942,0.852654,2.55539
-1.2,8.15251,0.48787,4.59794,0.845986,2.55539
-1.16,8.05594,0.499328,4.50776,0.839335,2.55539
-1.12,7.96002,0.510799,4.41889,0.832704,2.55539
-1.08,7.86476,0.52228,4.33135,0.826094,2.55539
-1.04,7.77019,0.533768,4.24515,0.819507,2.55539
-1,7.67634,0.545259,4.16029,0.812945,2.55539
-0.96,7.58324,0.55675,4.0768,0.80641,2.55539
-0.92,7.49092,0.568236,3.99468,0.799906,2.55539
-0.88,7.39942,0.579711,3.91397,0.793434,2.55539
-0.84,7.30878,0.591169,3.83467,0.786999,2.55539
-0.8,7.21906,0.602603,3.75682,0.780604,2.55539
-0.76,7.13033,0.614004,3.68046,0.774255,2.55539
-0.72,7.04265,0.62536,3.60564,0.767958,2.55539
-0.68,6.95613,0.636657,3.53241,0.761719,2.55539
-0.64,6.87087,0.647879,3.46085,0.755548,2.55539
-0.6,6.78703,0.659004,3.39105,0.749456,2.55539
-0.56,6.70478,0.670005,3.32315,0.743457,2.55539
-0.52,6.62438,0.680844,3.2573,0.73757,2.55539
-0.48,6.54614,0.691477,3.19373,0.731819,2.55539
-0.44,6.47045,0.701842,3.13271,0.726236,2.55539
-0.4,6.39784,0.711859,3.07464,0.720861,2.55539
-0.36,6.32901,0.721425,3.01999,0.715748,2.55539
-0.32,6.26484,0.730407,2.96939,0.710965,2.55539
-0.28,6.2064,0.738638,2.92361,0.706597,2.55539
-0.24,6.15494,0.745928,2.88355,0.70274,2.55539
-0.2,6.11169,0.752083,2.85006,0.699494,2.55539
-0.16,6.07754,0.756958,2.82375,0.696931,2.55539
-0.12,6.05255,0.760528,2.80459,0.69506,2.55539
-0.08,6.03558,0.762944,2.79166,0.693799,2.55539
-0.04,6.02453,0.764503,2.7833,0.692991,2.55539
0,6.01716,0.765528,2.77778,0.692465,2.55539
0.04,6.0119,0.766246,2.7739,0.692102,2.55539
0.08,6.00794,0.766771,2.77102,0.691841,2.55539
0.12,6.00489,0.767163,2.76885,0.69165,2.55539
0.16,6.00247,0.76746,2.76719,0.691511,2.55539
0.2,6.00053,0.767688,2.76588,0.69141,2.55539
0.24,5.99892,0.767863,2.76485,0.691337,2.55539
0.28,5.99756,0.768,2.76401,0.691285,2.55539
0.32,5.99638,0.768108,2.76333,0.69125,2.55539
0.36,5.99534,0.768194,2.76277,0.691228,2.55539
0.4,5.9944,0.768263,2.76229,0.691217,2.55539
0.44,5.99352,0.768318,2.76187,0.691214,2.55539
0.48,5.9927,0.768363,2.76151,0.691219,2.55539
0.52,5.99191,0.7684,2.76119,0.69123,2.55539
0.56,5.99114,0.76843,2.76091,0.691248,2.55539
0.6,5.99038,0.768455,2.76065,0.69127,2.55539
0.64,5.98962,0.768475,2.76041,0.691298,2.55539
0.68,5.98884,0.768492,2.76018,0.691331,2.55539
0.72,5.98805,0.768505,2.75997,0.691369,2.55539
0.76,5.98724,0.768516,2.75977,0.691412,2.55539
0.8,5.98639,0.768525,2.75958,0.691462,2.55539
0.84,5.9855,0.768531,2.75939,0.691519,2.55539
0.88,5.98454,0.768536,2.75921,0.691584,2.55539
0.92,5.9835,0.76854,2.75904,0.691661,2.55539
0.96,5.98234,0.768542,2.75887,0.691752,2.55539
1,5.98099,0.768542,2.7587,0.691866,2.55539
1.04,5.97936,0.768541,2.75853,0.692014,2.55539
1.08,5.97728,0.76854,2.75837,0.692213,2.55539
1.12,5.97451,0.768537,2.75821,0.692494,2.55539
1.16,5.97067,0.768533,2.75805,0.692899,2.55539
1.2,5.96522,0.768528,2.75789,0.693492,2.55539
1.24,5.95741,0.768521,2.75773,0.694362,2.55539
1.28,5.94622,0.768514,2.75757,0.695629,2.55539
1.32,5.93034,0.768506,2.75741,0.697451,2.55539
1.36,5.90816,0.768498,2.75726,0.700029,2.55539
1.4,5.87778,0.768488,2.7571,0.703607,2.55539
1.44,5.83708,0.768477,2.75694,0.708473,2.55539
1.48,5.78379,0.768465,2.75678,0.714959,2.55539
1.52,5.71571,0.768453,2.75663,0.723434,2.55539
1.56,5.63081,0.768439,2.75647,0.7343,2.55539
1.6,5.52752,0.768425,2.75632,0.74798,2.55539
1.64,5.40488,0.76841,2.75616,0.76491,2.55539
1.68,5.26275,0.768395,2.75601,0.785525,2.55539
1.72,5.10192,0.768378,2.75587,0.810244,2.55539
1.76,4.92417,0.768361,2.75572,0.839447,2.55539
1.8,4.73223,0.768343,2.75558,0.87345,2.55539
1.84,4.52965,0.768324,2.75544,0.912469,2.55539
1.88,4.32058,0.768304,2.75531,0.956577,2.55539
1.92,4.10953,0.768284,2.75518,1.00566,2.55539
1.96,3.90106,0.768263,2.75506,1.05935,2.55539
2,3.6995,0.768242,2.75494,1.11702,2.55539
2.04,3.50865,0.76822,2.75483,1.17773,2.55539
2.08,3.33166,0.768197,2.75471,1.24025,2.55539
2.12,3.17081,0.768173,2.75461,1.30311,2.55539
2.16,3.02754,0.768148,2.7545,1.36472,2.55539
2.2,2.90241,0.768123,2.7544,1.4235,2.55539
2.24,2.79523,0.768097,2.75429,1.47803,2.55539
2.28,2.70516,0.76807,2.75419,1.52719,2.55539
2.32,2.63089,0.768043,2.75409,1.57024,2.55539
2.36,2.57076,0.768014,2.75399,1.60691,2.55539
2.4,2.52298,0.767985,2.75388,1.63728,2.55539
2.44,2.48567,0.767955,2.75378,1.66179,2.55539
2.48,2.45707,0.767924,2.75367,1.68107,2.55539
2.52,2.43551,0.767892,2.75356,1.69588,2.55539
2.56,2.41955,0.767859,2.75345,1.707,2.55539
2.6,2.40792,0.767826,2.75334,1.71518,2.55539
2.64,2.39959,0.767791,2.75322,1.72106,2.55539
2.68,2.39371,0.767755,2.7531,1.72521,2.55539
2.72,2.38963,0.767719,2.75298,1.72808,2.55539
2.76,2.38683,0.767681,2.75286,1.73003,2.55539
2.8,2.38494,0.767642,2.75273,1.73132,2.55539
2.84,2.38367,0.767602,2.75259,1.73216,2.55539
2.88,2.38283,0.767561,2.75246,1.73269,2.55539
2.92,2.38226,0.767518,2.75232,1.73301,2.55539
2.96,2.38187,0.767475,2.75217,1.7332,2.55539
3,2.38161,0.767429,2.75202,1.7333,2.55539
3.04,2.38141,0.767383,2.75186,1.73334,2.55539
3.08,2.38126,0.767334,2.7517,1.73335,2.55539
3.12,2.38113,0.767284,2.75154,1.73334,2.55539
3.16,2.38102,0.767233,2.75137,1.73331,2.55539
3.2,2.38092,0.767179,2.75119,1.73328,2.55539
3.24,2.38081,0.767124,2.751,1.73323,2.55539
3.28,2.38071,0.767066,2.75081,1.73319,2.55539
3.32,2.3806,0.767006,2.75061,1.73314,2.55539
3.36,2.38049,0.766943,2.75041,1.73309,2.55539
3.4,2.38038,0.766878,2.75019,1.73304,2.55539
3.44,2.38026,0.766809,2.74996,1.73298,2.55539
3.48,2.38013,0.766736,2.74972,1.73292,2.55539
3.52,2.38,0.766657,2.74946,1.73285,2.55539
3.56,2.37985,0.76657,2.74917,1.73278,2.55539
3.6,2.37967,0.766472,2.74884,1.7327,2.55539
3.64,2.37947,0.766354,2.74845,1.7326,2.55539
3.68,2.37921,0.766205,2.74796,1.73248,2.55539
3.72,2.37886,0.766003,2.74729,1.73231,2.55539
3.76,2.37836,0.765708,2.74632,1.73207,2.55539
3.8,2.37757,0.765249,2.7448,1.73169,2.55539
3.84,2.37628,0.7645,2.74233,1.73106,2.55539
3.88,2.37412,0.763237,2.73817,1.73001,2.55539
3.92,2.37039,0.76106,2.73101,1.7282,2.55539
3.96,2.3639,0.757262,2.71856,1.72505,2.55539
4,2.35257,0.750608,2.69687,1.71953,2.55539
4.04,2.33287,0.738983,2.65932,1.7099,2.55539
4.08,2.29914,0.718891,2.59545,1.69332,2.55539
4.12,2.24298,0.684938,2.49043,1.66548,2.55539
4.16,2.15414,0.629875,2.32765,1.62082,2.55539
4.2,2.02486,0.546686,2.09843,1.5545,2.55539
4.24,1.85947,0.434624,1.81903,1.46738,2.55539
4.28,1.6825,0.307126,1.53824,1.37139,2.55539
4.32,1.52976,0.19015,1.31182,1.2863,2.55539
4.36,1.42351,0.104543,1.1633,1.22581,2.55539
4.4,1.3615,0.0527876,1.08007,1.18994,2.55539
4.44,1.3293,0.0253378,1.03784,1.17111,2.55539
4.48,1.31364,0.0118427,1.01755,1.1619,2.55539
4.52,1.30628,0.00546356,1.00807,1.15756,2.55539
4.56,1.30288,0.00250516,1.00369,1.15555,2.55539
4.6,1.30132,0.00114538,1.00169,1.15462,2.55539
4.64,1.3006,0.000522964,1.00077,1.1542,2.55539
4.68,1.30027,0.000238616,1.00035,1.15401,2.55539
4.72,1.30012,0.000108832,1.00016,1.15392,2.55539
4.76,1.30006,4.96227e-05,1.00007,1.15388,2.55539
4.8,1.30003,2.26193e-05,1.00003,1.15386,2.55539
4.84,1.30001,1.03071e-05,1.00002,1.15385,2.55539
4.88,1.30001,4.69486e-06,1.00001,1.15385,2.55539
4.92,1.3,2.13749e-06,1,1.15385,2.55539
4.96,1.3,9.72603e-07,1,1.15385,2.55539
5,1.3,4.42253e-07,1,1.15385,2.55539
5.04,1.3,2.00935e-07,1,1.15385,2.55539
5.08,1.3,9.12081e-08,1,1.15385,2.55539
5.12,1.3,4.13561e-08,1,1.15385,2.55539
5.16,1.3,1.87287e-08,1,1.15385,2.55539
5.2,1.3,8.46967e-09,1,1.15385,2.55539
5.24,1.3,3.8242e-09,1,1.15385,2.55539
5.28,1.3,1.72367e-09,1,1.15385,2.55539
5.32,1.3,7.75396e-10,1,1.15385,2.55539
5.36,1.3,3.48073e-10,1,1.15385,2.55539
5.4,1.3,1.55887e-10,1,1.15385,2.55539
5.44,1.3,6.96403e-11,1,1.15385,2.55539
5.48,1.3,3.10268e-11,1,1.15385,2.55539
5.52,1.3,1.37835e-11,1,1.15385,2.55539
5.56,1.3,6.10426e-12,1,1.15385,2.55539
5.6,1.3,2.69437e-12,1,1.15385,2.55539
5.64,1.3,1.18504e-12,1,1.15385,2.55539
5.68,1.3,5.1927e-13,1,1.15385,2.55539
5.72,1.3,2.26533e-13,1,1.15385,2.55539
5.76,1.3,9.82579e-14,1,1.15385,2.55539
5.8,1.3,4.23624e-14,1,1.15385,2.55539
5.84,1.3,1.80484e-14,1,1.15385,2.55539
5.88,1.3,7.531e-15,1,1.15385,2.55539
5.92,1.3,2.93652e-15,1,1.15385,2.55539
5.96,1.3,8.63419e-16,1,1.15385,2.55539
6,1.3,1.29467e-16,1,1.15385,2.55539
6.04,1.3,1.3727e-17,1,1.15385,2.55539
6.08,1.3,1.48505e-18,1,1.15385,2.55539
6.12,1.3,1.5916e-19,1,1.15385,2.55539
6.16,1.3,1.69917e-20,1,1.15385,2.55539
6.2,1.3,1.81595e-21,1,1.15385,2.55539
6.24,1.3,1.94216e-22,1,1.15385,2.55539
6.28,1.3,2.07634e-23,1,1.15385,2.55539
6.32,1.3,2.21788e-24,1,1.15385,2.55539
6.36,1.3,2.36668e-25,1,1.15385,2.55539
6.4,1.3,2.52259e-26,1,1.15385,2.55539
6.44,1.3,2.68525e-27,1,1.15385,2.55539
6.48,1.3,2.85415e-28,1,1.15385,2.55539
6.52,1.3,3.02885e-29,1,1.15385,2.55539
6.56,1.3,3.20904e-30,1,1.15385,2.55539
6.6,1.3,3.3946e-31,1,1.15385,2.55539
6.64,1.3,3.58562e-32,1,1.15385,2.55539
6.68,1.3,3.78237e-33,1,1.15385,2.55539
6.72,1.3,3.98527e-34,1,1.15385,2.55539
6.76,1.3,4.19476e-35,1,1.15385,2.55539
6.8,1.3,4.41124e-36,1,1.15385,2.55539
6.84,1.3,4.63501e-37,1,1.15385,2.55539
6.88,1.3,4.86623e-38,1,1.15385,2.55539
6.92,1.3,5.10482e-39,1,1.15385,2.55539
6.96,1.3,5.35055e-40,1,1.15385,2.55539
7,1.3,5.60294e-41,1,1.15385,2.55539
7.04,1.3,5.86138e-42,1,1.15385,2.55539
7.08,1.3,6.12504e-43,1,1.15385,2.55539
7.12,1.3,6.39298e-44,1,1.15385,2.55539
7.16,1.3,6.66408e-45,1,1.15385,2.55539
7.2,1.3,6.93713e-46,1,1.15385,2.55539
7.24,1.3,7.21079e-47,1,1.15385,2.55539
7.28,1.3,7.48365e-48,1,1.15385,2.55539
7.32,1.3,7.75422e-49,1,1.15385,2.55539
7.36,1.3,8.021e-50,1,1.15385,2.55539
7.4,1.3,8.28249e-51,1,1.15385,2.55539
7.44,1.3,8.53723e-52,1,1.15385,2.55539
7.48,1.3,8.78383e-53,1,1.15385,2.55539
7.52,1.3,9.02102e-54,1,1.15385,2.55539
7.56,1.3,9.2477e-55,1,1.15385,2.55539
7.6,1.3,9.46291e-56,1,1.15385,2.55539
7.64,1.3,9.66588e-57,1,1.15385,2.55539
7.68,1.3,9.85604e-58,1,1.15385,2.55539
7.72,1.3,1.0033e-58,1,1.15385,2.55539
7.76,1.3,1.01965e-59,1,1.15385,2.55539
7.8,1.3,1.03465e-60,1,1.15385,2.55539
7.84,1.3,1.04829e-61,1,1.15385,2.55539
7.88,1.3,1.06058e-62,1,1.15385,2.55539
7.92,1.3,1.07152e-63,1,1.15385,2.55539
7.96,1.3,1.08113e-64,1,1.15385,2.55539
8,1.3,1.08941e-65,1,1.15385,2.55539
8.04,1.3,1.09634e-66,1,1.15385,2.55539
8.08,1.3,1.10193e-67,1,1.15385,2.55539
8.12,1.3,1.10614e-68,1,1.15385,2.55539
8.16,1.3,1.10895e-69,1,1.15385,2.55539
8.2,1.3,1.11032e-70,1,1.15385,2.55539
8.24,1.3,1.11023e-71,1,1.15385,2.55539
8.28,1.3,1.10863e-72,1,1.15385,2.55539
8.32,1.3,1.1055e-73,1,1.15385,2.55539
8.36,1.3,1.10078e-74,1,1.15385,2.55539
8.4,1.3,1.09447e-75,1,1.15385,2.55539
8.44,1.3,1.08654e-76,1,1.15385,2.55539
8.48,1.3,1.07698e-77,1,1.15385,2.55539
8.52,1.3,1.06581e-78,1,1.15385,2.55539
8.56,1.3,1.05303e-79,1,1.15385,2.55539
8.6,1.3,1.03868e-80,1,1.15385,2.55539
8.64,1.3,1.0228e-81,1,1.15385,2.55539
8.68,1.3,1.00543e-82,1,1.15385,2.55539
8.72,1.3,9.86647e-84,1,1.15385,2.55539
8.76,1.3,9.66519e-85,1,1.15385,2.55539
8.8,1.3,9.45128e-86,1,1.15385,2.55539
8.84,1.3,9.22565e-87,1,1.15385,2.55539
8.88,1.3,8.98925e-88,1,1.15385,2.55539
8.92,1.3,8.74308e-89,1,1.15385,2.55539
8.96,1.3,8.48819e-90,1,1.15385,2.55539
9,1.3,8.22562e-91,1,1.15385,2.55539
9.04,1.3,7.95646e-92,1,1.15385,2.55539
9.08,1.3,7.68179e-93,1,1.15385,2.55539
9.12,1.3,7.40268e-94,1,1.15385,2.55539
9.16,1.3,7.1202e-95,1,1.15385,2.55539
9.2,1.3,6.83538e-96,1,1.15385,2.55539
9.24,1.3,6.54926e-97,1,1.15385,2.55539
9.28,1.3,6.26284e-98,1,1.15385,2.55539
9.32,1.3,5.97708e-99,1,1.15385,2.55539
9.36,1.3,5.69291e-100,1,1.15385,2.55539
9.4,1.3,5.41124e-101,1,1.15385,2.55539
9.44,1.3,5.13292e-102,1,1.15385,2.55539
9.48,1.3,4.85876e-103,1,1.15385,2.55539
9.52,1.3,4.58953e-104,1,1.15385,2.55539
9.56,1.3,4.32594e-105,1,1.15385,2.55539
9.6,1.3,4.06867e-106,1,1.15385,2.55539
9.64,1.3,3.8183e-107,1,1.15385,2.55539
9.68,1.3,3.57541e-108,1,1.15385,2.55539
9.72,1.3,3.34047e-109,1,1.15385,2.55539
9.76,1.3,3.1139e-110,1,1.15385,2.55539
9.8,1.3,2.89608e-111,1,1.15385,2.55539
9.84,1.3,2.68729e-112,1,1.15385,2.55539
9.88,1.3,2.48779e-113,1,1.15385,2.55539
9.92,1.3,2.29947e-114,1,1.15385,2.55539
9.96,1.3,2.31174e-115,1,1.15385,2.55539
10,1.3,2.31174e-115,1,1.15385,2.55539
-10,13,7.96781e-113,10,1.15385,2.64819
-9.96,13,7.96781e-113,10,1.15385,2.64819
-9.92,13,7.43354e-112,10,1.15385,2.64819
-9.88,13,7.57917e-111,10,1.15385,2.64819
-9.84,13,7.71625e-110,10,1.15385,2.64819
-9.8,13,7.8373e-109,10,1.15385,2.64819
-9.76,13,7.94152e-108,10,1.15385,2.64819
-9.72,13,8.02837e-107,10,1.15385,2.64819
-9.68,13,8.09737e-106,10,1.15385,2.64819
-9.64,13,8.14824e-105,10,1.15385,2.64819
-9.6,13,8.18078e-104,10,1.15385,2.64819
-9.56,13,8.19496e-103,10,1.15385,2.64819
-9.52,13,8.19086e-102,10,1.15385,2.64819
-9.48,13,8.16868e-101,10,1.15385,2.64819
-9.44,13,8.12876e-100,10,1.15385,2.64819
-9.4,13,8.07154e-99,10,1.15385,2.64819
-9.36,13,7.99755e-98,10,1.15385,2.64819
-9.32,13,7.90745e-97,10,1.15385,2.64819
-9.28,13,7.80194e-96,10,1.15385,2.64819
-9.24,13,7.68182e-95,10,1.15385,2.64819
-9.2,13,7.54797e-94,10,1.15385,2.64819
-9.16,13,7.40129e-93,10,1.15385,2.64819
-9.12,13,7.24274e-92,10,1.15385,2.64819
-9.08,13,7.07334e-91,10,1.15385,2.64819
-9.04,13,6.89411e-90,10,1.15385,2.64819
-9,13,6.70609e-89,10,1.15385,2.64819
-8.96,13,6.51034e-88,10,1.15385,2.64819
-8.92,13,6.30792e-87,10,1.15385,2.64819
-8.88,13,6.09989e-86,10,1.15385,2.64819
-8.84,13,5.88726e-85,10,1.15385,2.64819
-8.8,13,5.67107e-84,10,1.15385,2.64819
-8.76,13,5.4523e-83,10,1.15385,2.64819
-8.72,13,5.23189e-82,10,1.15385,2.64819
-8.68,13,5.01077e-81,10,1.15385,2.64819
-8.64,13,4.7898e-80,10,1.15385,2.64819
-8.6,13,4.5698e-79,10,1.15385,2.64819
-8.56,13,4.35156e-78,10,1.15385,2.64819
-8.52,13,4.13579e-77,10,1.15385,2.64819
-8.48,13,3.92317e-76,10,1.15385,2.64819
-8.44,13,3.71432e-75,10,1.15385,2.64819
-8.4,13,3.50982e-74,10,1.15385,2.64819
-8.36,13,3.31019e-73,10,1.15385,2.64819
-8.32,13,3.1159e-72,10,1.15385,2.64819
-8.28,13,2.92736e-71,10,1.15385,2.64819
-8.24,13,2.74496e-70,10,1.15385,2.64819
-8.2,13,2.569e-69,10,1.15385,2.64819
-8.16,13,2.39974e-68,10,1.15385,2.64819
-8.12,13,2.23741e-67,10,1.15385,2.64819
-8.08,13,2.08214e-66,10,1.15385,2.64819
-8.04,13,1.93405e-65,10,1.15385,2.64819
-8,13,1.79319e-64,10,1.15385,2.64819
-7.96,13,1.65954e-63,10,1.15385,2.64819
-7.92,13,1.53306e-62,10,1.15385,2.64819
-7.88,13,1.41366e-61,10,1.15385,2.64819
-7.84,13,1.30121e-60,10,1.15385,2.64819
-7.8,13,1.19554e-59,10,1.15385,2.64819
-7.76,13,1.09646e-58,10,1.15385,2.64819
-7.72,13,1.00378e-57,10,1.15385,2.64819
-7.68,13,9.17257e-57,10,1.15385,2.64819
-7.64,13,8.36676e-56,10,1.15385,2.64819
-7.6,13,7.61799e-55,10,1.15385,2.64819
-7.56,13,6.92385e-54,10,1.15385,2.64819
-7.52,13,6.28195e-53,10,1.15385,2.64819
-7.48,13,5.68986e-52,10,1.15385,2.64819
-7.44,13,5.14512e-51,10,1.15385,2.64819
-7.4,13,4.64524e-50,10,1.15385,2.64819
-7.36,13,4.1877e-49,10,1.15385,2.64819
-7.32,13,3.76993e-48,10,1.15385,2.64819
-7.28,13,3.38935e-47,10,1.15385,2.64819
-7.24,13,3.04337e-46,10,1.15385,2.64819
-7.2,13,2.72945e-45,10,1.15385,2.64819
-7.16,13,2.44507e-44,10,1.15385,2.64819
-7.12,13,2.18784e-43,10,1.15385,2.64819
-7.08,13,1.95544e-42,10,1.15385,2.64819
-7.04,13,1.74574e-41,10,1.15385,2.64819
-7,13,1.55673e-40,10,1.15385,2.64819
-6.96,13,1.38656e-39,10,1.15385,2.64819
-6.92,13,1.23353e-38,10,1.15385,2.64819
-6.88,13,1.09608e-37,10,1.15385,2.64819
-6.84,13,9.72783e-37,10,1.15385,2.64819
-6.8,13,8.62293e-36,10,1.15385,2.64819
-6.76,13,7.6337e-35,10,1.15385,2.64819
-6.72,13,6.74857e-34,10,1.15385,2.64819
-6.68,13,5.95682e-33,10,1.15385,2.64819
-6.64,13,5.24864e-32,10,1.15385,2.64819
-6.6,13,4.61527e-31,10,1.15385,2.64819
-6.56,13,4.04905e-30,10,1.15385,2.64819
-6.52,13,3.54348e-29,10,1.15385,2.64819
-6.48,13,3.09312e-28,10,1.15385,2.64819
-6.44,13,2.69331e-27,10,1.15385,2.64819
-6.4,13,2.33985e-26,10,1.15385,2.64819
-6.36,13,2.0286e-25,10,1.15385,2.64819
-6.32,13,1.75537e-24,10,1.15385,2.64819
-6.28,13,1.5159e-23,10,1.15385,2.64819
-6.24,13,1.30622e-22,10,1.15385,2.64819
-6.2,13,1.12296e-21,10,1.15385,2.64819
-6.16,13,9.63516e-21,10,1.15385,2.64819
-6.12,13,8.26499e-20,10,1.15385,2.64819
-6.08,13,7.1142e-19,10,1.15385,2.64819
-6.04,13,6.1446e-18,10,1.15385,2.64819
-6,13,5.20818e-17,10,1.15385,2.64819
-5.96,13,4.08991e-16,10,1.15385,2.64819
-5.92,13,1.59022e-15,10,1.15385,2.64819
-5.88,13,4.05202e-15,10,1.15385,2.64819
-5.84,13,8.80111e-15,10,1.15385,2.64819
-5.8,13,1.8344e-14,10,1.15385,2.64819
-5.76,13,3.77801e-14,10,1.15385,2.64819
-5.72,13,7.6964e-14,10,1.15385,2.64819
-5.68,13,1.55369e-13,10,1.15385,2.64819
-5.64,13,3.11125e-13,10,1.15385,2.64819
-5.6,13,6.1795e-13,10,1.15385,2.64819
-5.56,13,1.21743e-12,10,1.15385,2.64819
-5.52,13,2.37896e-12,10,1.15385,2.64819
-5.48,13,4.61143e-12,10,1.15385,2.64819
-5.44,13,8.86746e-12,10,1.15385,2.64819
-5.4,13,1.69142e-11,10,1.15385,2.64819
-5.36,13,3.20019e-11,10,1.15385,2.64819
-5.32,13,6.00549e-11,10,1.15385,2.64819
-5.28,13,1.11776e-10,10,1.15385,2.64819
-5.24,13,2.06325e-10,10,1.15385,2.64819
-5.2,13,3.77689e-10,10,1.15385,2.64819
-5.16,13,6.85603e-10,10,1.15385,2.64819
-5.12,13,1.23408e-09,10,1.15385,2.64819
-5.08,13,2.2025e-09,10,1.15385,2.64819
-5.04,13,3.89736e-09,10,1.15385,2.64819
-5,13,6.83722e-09,10,1.15385,2.64819
-4.96,13,1.18909e-08,10,1.15385,2.64819
-4.92,13,2.05e-08,10,1.15385,2.64819
-4.88,13,3.50321e-08,10,1.15385,2.64819
-4.84,13,5.93369e-08,10,1.15385,2.64819
-4.8,13,9.96098e-08,10,1.15385,2.64819
-4.76,13,1.65718e-07,10,1.15385,2.64819
-4.72,13,2.73211e-07,10,1.15385,2.64819
-4.68,13,4.46334e-07,9.99999,1.15385,2.64819
-4.64,13,7.22477e-07,9.99999,1.15385,2.64819
-4.6,13,1.15867e-06,9.99998,1.15385,2.64819
-4.56,13,1.84093e-06,9.99997,1.15384,2.64819
-4.52,13,2.89751e-06,9.99996,1.15384,2.64819
-4.48,12.9999,4.51743e-06,9.99993,1.15384,2.64819
-4.44,12.9999,6.97599e-06,9.9999,1.15384,2.64819
-4.4,12.9999,1.06693e-05,9.99984,1.15384,2.64819
-4.36,12.9998,1.61602e-05,9.99976,1.15384,2.64819
-4.32,12.9997,2.42385e-05,9.99964,1.15383,2.64819
-4.28,12.9996,3.59985e-05,9.99947,1.15382,2.64819
-4.24,12.9994,5.29354e-05,9.99922,1.15381,2.64819
-4.2,12.9991,7.70654e-05,9.99887,1.15379,2.64819
-4.16,12.9987,0.000111069,9.99837,1.15377,2.64819
-4.12,12.9982,0.000158459,9.99767,1.15374,2.64819
-4.08,12.9974,0.000223771,9.99671,1.15369,2.64819
-4.04,12.9964,0.000312768,9.9954,1.15363,2.64819
-4,12.995,0.000432666,9.99363,1.15355,2.64819
-3.96,12.9932,0.000592344,9.99128,1.15344,2.64819
-3.92,12.9908,0.000802547,9.98819,1.1533,2.64819
-3.88,12.9876,0.00107605,9.98417,1.15312,2.64819
-3.84,12.9836,0.00142777,9.979,1.15288,2.64819
-3.8,12.9785,0.0018748,9.97243,1.15257,2.64819
-3.76,12.972,0.00243632,9.96419,1.15219,2.64819
-3.72,12.9641,0.00313345,9.95396,1.15172,2.64819
-3.68,12.9543,0.00398893,9.94142,1.15114,2.64819
-3.64,12.9424,0.00502672,9.92622,1.15043,2.64819
-3.6,12.9281,0.00627146,9.90802,1.14959,2.64819
-3.56,12.9112,0.00774786,9.88646,1.14859,2.64819
-3.52,12.8914,0.00948007,9.86122,1.14741,2.64819
-3.48,12.8685,0.011491,9.83197,1.14605,2.64819
-3.44,12.8422,0.0138016,9.79846,1.14449,2.64819
-3.4,12.8122,0.0164305,9.76043,1.14271,2.64819
-3.36,12.7786,0.0193934,9.71771,1.14071,2.64819
-3.32,12.741,0.0227025,9.67018,1.13847,2.64819
-3.28,12.6995,0.0263669,9.61776,1.136,2.64819
-3.24,12.6541,0.0303919,9.56044,1.13328,2.64819
-3.2,12.6046,0.0347795,9.49826,1.13033,2.64819
-3.16,12.5513,0.0395283,9.43132,1.12714,2.64819
-3.12,12.494,0.0446342,9.35977,1.12371,2.64819
-3.08,12.4331,0.05009,9.28379,1.12005,2.64819
-3.04,12.3685,0.0558866,9.2036,1.11617,2.64819
-3,12.3006,0.062013,9.11945,1.11208,2.64819
-2.96,12.2293,0.0684566,9.0316,1.10778,2.64819
-2.92,12.155,0.0752038,8.94033,1.10329,2.64819
-2.88,12.0779,0.0822402,8.84593,1.09861,2.64819
-2.84,11.998,0.0895511,8.74869,1.09377,2.64819
-2.8,11.9157,0.0971215,8.6489,1.08876,2.64819
-2.76,11.8311,0.104937,8.54683,1.0836,2.64819
-2.72,11.7445,0.112982,8.44276,1.07831,2.64819
-2.68,11.6559,0.121243,8.33695,1.07288,2.64819
-2.64,11.5656,0.129706,8.22964,1.06734,2.64819
-2.6,11.4738,0.138359,8.12108,1.06169,2.64819
-2.56,11.3807,0.147188,8.01148,1.05593,2.64819
-2.52,11.2862,0.156182,7.90104,1.05009,2.64819
-2.48,11.1907,0.165329,7.78997,1.04416,2.64819
-2.44,11.0943,0.17462,7.67843,1.03816,2.64819
-2.4,10.997,0.184045,7.56659,1.03209,2.64819
-2.36,10.899,0.193594,7.4546,1.02596,2.64819
-2.32,10.8004,0.203259,7.34259,1.01977,2.64819
-2.28,10.7013,0.213032,7.2307,1.01353,2.64819
-2.24,10.6018,0.222907,7.11904,1.00724,2.64819
-2.2,10.5019,0.232875,7.00771,1.00092,2.64819
-2.16,10.4018,0.242932,6.89681,0.994558,2.64819
-2.12,10.3015,0.25307,6.78643,0.988167,2.64819
-2.08,10.2011,0.263286,6.67663,0.981749,2.64819
-2.04,10.1007,0.273573,6.5675,0.975307,2.64819
-2,10.0002,0.283927,6.4591,0.968844,2.64819
-1.96,9.89982,0.294344,6.35149,0.962364,2.64819
-1.92,9.79952,0.30482,6.24471,0.95587,2.64819
-1.88,9.69936,0.315351,6.13881,0.949364,2.64819
-1.84,9.59939,0.325934,6.03384,0.942848,2.64819
-1.8,9.49964,0.336566,5.92984,0.936326,2.64819
-1.76,9.40016,0.347243,5.82683,0.929798,2.64819
-1.72,9.30096,0.357963,5.72485,0.923268,2.64819
-1.68,9.20208,0.368724,5.62392,0.916737,2.64819
-1.64,9.10356,0.379521,5.52407,0.910206,2.64819
-1.6,9.0054,0.390354,5.42533,0.903678,2.64819
-1.56,8.90765,0.40122,5.32769,0.897154,2.64819
-1.52,8.81032,0.412117,5.2312,0.890636,2.64819
-1.48,8.71344,0.423043,5.13585,0.884125,2.64819
-1.44,8.61703,0.433995,5.04167,0.877623,2.64819
-1.4,8.5211,0.444972,4.94866,0.87113,2.64819
-1.36,8.42567,0.455971,4.85683,0.864649,2.64819
-1.32,8.33078,0.466991,4.76621,0.85818,2.64819
-1.28,8.23643,0.478029,4.67678,0.851726,2.64819
-1.24,8.14264,0.489083,4.58857,0.845286,2.64819
-1.2,8.04943,0.500152,4.50159,0.838864,2.64819
-1.16,7.95683,0.511232,4.41583,0.83246,2.64819
-1.12,7.86485,0.522322,4.33131,0.826076,2.64819
-1.08,7.77352,0.533418,4.24804,0.819713,2.64819
-1.04,7.68286,0.544516,4.16602,0.813374,2.64819
-1,7.59289,0.555615,4.08528,0.80706,2.64819
-0.96,7.50365,0.566709,4.00582,0.800774,2.64819
-0.92,7.41517,0.577795,3.92766,0.794518,2.64819
-0.88,7.32748,0.588866,3.85081,0.788295,2.64819
-0.84,7.24064,0.599916,3.77532,0.782109,2.64819
-0.8,7.15469,0.610938,3.70119,0.775964,2.64819
-0.76,7.06971,0.621922,3.62848,0.769865,2.64819
-0.72,6.98576,0.632858,3.55723,0.763818,2.64819
-0.68,6.90294,0.64373,3.4875,0.75783,2.64819
-0.64,6.82138,0.654521,3.41937,0.75191,2.64819
-0.6,6.74121,0.66521,3.35295,0.746071,2.64819
-0.56,6.66265,0.675767,3.28835,0.740326,2.64819
-0.52,6.58592,0.686156,3.22576,0.734696,2.64819
-0.48,6.51135,0.696329,3.1654,0.729204,2.64819
-0.44,6.43935,0.706224,3.10755,0.723883,2.64819
-0.4,6.37045,0.715761,3.05261,0.718773,2.64819
-0.36,6.30536,0.724835,3.00105,0.713929,2.64819
-0.32,6.24493,0.733314,2.95351,0.709419,2.64819
-0.28,6.19022,0.741037,2.91074,0.705324,2.64819
-0.24,6.14239,0.747825,2.87356,0.701737,2.64819
-0.2,6.10255,0.753502,2.84275,0.698744,2.64819
-0.16,6.07138,0.757955,2.81876,0.696404,2.64819
-0.12,6.04874,0.76119,2.80141,0.694709,2.64819
-0.08,6.03339,0.763376,2.78972,0.69357,2.64819
-0.04,6.02332,0.764797,2.7821,0.692833,2.64819
0,6.0165,0.765745,2.77701,0.692347,2.64819
0.04,6.01159,0.766414,2.77338,0.692009,2.64819
0.08,6.00788,0.766906,2.77069,0.691764,2.64819
0.12,6.00501,0.767276,2.76865,0.691584,2.64819
0.16,6.00274,0.767556,2.76707,0.691453,2.64819
0.2,6.0009,0.767771,2.76584,0.691356,2.64819
0.24,5.99938,0.767938,2.76486,0.691286,2.64819
0.28,5.9981,0.768069,2.76407,0.691236,2.64819
0.32,5.99699,0.768172,2.76342,0.691202,2.64819
0.36,5.996,0.768255,2.76288,0.691179,2.64819
0.4,5.99511,0.768321,2.76242,0.691167,2.64819
0.44,5.99429,0.768375,2.76202,0.691163,2.64819
0.48,5.99352,0.768419,2.76168,0.691166,2.64819
0.52,5.99278,0.768455,2.76137,0.691175,2.64819
0.56,5.99206,0.768484,2.7611,0.691189,2.64819
0.6,5.99135,0.768509,2.76085,0.691207,2.64819
0.64,5.99065,0.768529,2.76061,0.691231,2.64819
0.68,5.98994,0.768546,2.7604,0.691259,2.64819
0.72,5.98921,0.76856,2.76019,0.691291,2.64819
0.76,5.98847,0.768572,2.76,0.691329,2.64819
0.8,5.98771,0.768581,2.75982,0.691371,2.64819
0.84,5.98691,0.768589,2.75964,0.691419,2.64819
0.88,5.98607,0.768595,2.75947,0.691473,2.64819
0.92,5.98517,0.768599,2.7593,0.691534,2.64819
0.96,5.9842,0.768602,2.75914,0.691606,2.64819
1,5.98312,0.768603,2.75898,0.69169,2.64819
1.04,5.98189,0.768604,2.75882,0.691793,2.64819
1.08,5.98042,0.768603,2.75867,0.691925,2.64819
1.12,5.97858,0.768602,2.75851,0.692099,2.64819
1.16,5.97618,0.768599,2.75836,0.69234,2.64819
1.2,5.9729,0.768595,2.75821,0.692681,2.64819
1.24,5.96832,0.768591,2.75806,0.693176,2.64819
1.28,5.96179,0.768585,2.75791,0.693897,2.64819
1.32,5.95249,0.768579,2.75776,0.694943,2.64819
1.36,5.93931,0.768572,2.75762,0.696448,2.64819
1.4,5.92086,0.768564,2.75747,0.698581,2.64819
1.44,5.89549,0.768555,2.75732,0.70155,2.64819
1.48,5.86128,0.768545,2.75717,0.705606,2.64819
1.52,5.81615,0.768535,2.75702,0.711043,2.64819
1.56,5.75798,0.768523,2.75687,0.718188,2.64819
1.6,5.68472,0.768511,2.75673,0.727404,2.64819
1.64,5.59461,0.768499,2.75658,0.739081,2.64819
1.68,5.48636,0.768485,2.75644,0.753624,2.64819
1.72,5.35932,0.768471,2.75629,0.771448,2.64819
1.76,5.21366,0.768456,2.75615,0.792961,2.64819
1.8,5.05042,0.76844,2.75602,0.818551,2.64819
1.84,4.87156,0.768423,2.75588,0.848562,2.64819
1.88,4.67991,0.768406,2.75575,0.88327,2.64819
1.92,4.479,0.768389,2.75562,0.922847,2.64819
1.96,4.27287,0.76837,2.7555,0.967324,2.64819
2,4.06582,0.768351,2.75538,1.01654,2.64819
2.04,3.86214,0.768332,2.75527,1.07011,2.64819
2.08,3.66585,0.768311,2.75515,1.12736,2.64819
2.12,3.48047,0.76829,2.75505,1.18736,2.64819
2.16,3.30883,0.768269,2.75494,1.24891,2.64819
2.2,3.153,0.768247,2.75484,1.31058,2.64819
2.24,3.01422,0.768224,2.75474,1.37087,2.64819
2.28,2.89296,0.7682,2.75464,1.42829,2.64819
2.32,2.78896,0.768176,2.75455,1.48149,2.64819
2.36,2.7014,0.768151,2.75445,1.52946,2.64819
2.4,2.62901,0.768125,2.75436,1.57152,2.64819
2.44,2.57023,0.768098,2.75426,1.6074,2.64819
2.48,2.52333,0.768071,2.75417,1.63722,2.64819
2.52,2.48656,0.768043,2.75407,1.66137,2.64819
2.56,2.45822,0.768014,2.75397,1.68047,2.64819
2.6,2.43674,0.767985,2.75387,1.69522,2.64819
2.64,2.42074,0.767954,2.75377,1.70636,2.64819
2.68,2.409,0.767923,2.75366,1.71461,2.64819
2.72,2.40053,0.767891,2.75355,1.72059,2.64819
2.76,2.39452,0.767858,2.75344,1.72484,2.64819
2.8,2.3903,0.767824,2.75333,1.72781,2.64819
2.84,2.38739,0.76779,2.75321,1.72985,2.64819
2.88,2.38541,0.767754,2.75309,1.73121,2.64819
2.92,2.38407,0.767717,2.75297,1.73211,2.64819
2.96,2.38317,0.767679,2.75285,1.73268,2.64819
3,2.38256,0.76764,2.75272,1.73304,2.64819
3.04,2.38215,0.7676,2.75258,1.73325,2.64819
3.08,2.38187,0.767559,2.75245,1.73337,2.64819
3.12,2.38167,0.767516,2.7523,1.73343,2.64819
3.16,2.38151,0.767472,2.75216,1.73345,2.64819
3.2,2.38139,0.767427,2.75201,1.73345,2.64819
3.24,2.38128,0.76738,2.75185,1.73343,2.64819
3.28,2.38118,0.767332,2.75169,1.7334,2.64819
3.32,2.38108,0.767281,2.75152,1.73336,2.64819
3.36,2.38099,0.767229,2.75135,1.73332,2.64819
3.4,2.38089,0.767176,2.75117,1.73328,2.64819
3.44,2.3808,0.76712,2.75099,1.73324,2.64819
3.48,2.38069,0.767062,2.75079,1.73319,2.64819
3.52,2.38059,0.767001,2.75059,1.73314,2.64819
3.56,2.38048,0.766938,2.75038,1.73309,2.64819
3.6,2.38036,0.766871,2.75016,1.73303,2.64819
3.64,2.38024,0.7668,2.74992,1.73297,2.64819
3.68,2.3801,0.766723,2.74967,1.73291,2.64819
3.72,2.37996,0.766638,2.74939,1.73284,2.64819
3.76,2.37979,0.766541,2.74906,1.73276,2.64819
3.8,2.37958,0.766424,2.74868,1.73266,2.64819
3.84,2.37932,0.766273,2.74818,1.73254,2.64819
3.88,2.37897,0.766065,2.74749,1.73237,2.64819
3.92,2.37844,0.765758,2.74648,1.73211,2.64819
3.96,2.37761,0.765274,2.74488,1.73171,2.64819
4,2.37624,0.764479,2.74226,1.73105,2.64819
4.04,2.37393,0.763129,2.73781,1.72993,2.64819
4.08,2.36993,0.760795,2.73014,1.72799,2.64819
4.12,2.36297,0.756716,2.71677,1.7246,2.64819
4.16,2.35079,0.749567,2.69348,1.71866,2.64819
4.2,2.32966,0.737083,2.65322,1.70833,2.64819
4.24,2.29355,0.715548,2.58494,1.69057,2.64819
4.28,2.23376,0.6793,2.47334,1.66088,2.64819
4.32,2.13996,0.620934,2.30207,1.61363,2.64819
4.36,2.00535,0.533805,2.06465,1.54436,2.64819
4.4,1.8366,0.418604,1.78166,1.45513,2.64819
4.44,1.66072,0.290857,1.50504,1.35938,2.64819
4.48,1.51324,0.177078,1.28824,1.27696,2.64819
4.52,1.41326,0.0960792,1.14936,1.21991,2.64819
4.56,1.35598,0.0481068,1.07277,1.18672,2.64819
4.6,1.32656,0.0229841,1.03428,1.1695,2.64819
4.64,1.31234,0.0107173,1.01587,1.16114,2.64819
4.68,1.30568,0.00493869,1.00729,1.1572,2.64819
4.72,1.3026,0.00226323,1.00334,1.15538,2.64819
4.76,1.30119,0.0010345,1.00152,1.15455,2.64819
4.8,1.30054,0.000472287,1.0007,1.15417,2.64819
4.84,1.30025,0.00021549,1.00032,1.15399,2.64819
4.88,1.30011,9.82887e-05,1.00014,1.15391,2.64819
4.92,1.30005,4.48206e-05,1.00007,1.15388,2.64819
4.96,1.30002,2.04341e-05,1.00003,1.15386,2.64819
5,1.30001,9.31371e-06,1.00001,1.15385,2.64819
5.04,1.3,4.24383e-06,1.00001,1.15385,2.64819
5.08,1.3,1.93299e-06,1,1.15385,2.64819
5.12,1.3,8.80043e-07,1,1.15385,2.64819
5.16,1.3,4.00441e-07,1,1.15385,2.64819
5.2,1.3,1.8209e-07,1,1.15385,2.64819
5.24,1.3,8.27369e-08,1,1.15385,2.64819
5.28,1.3,3.75595e-08,1,1.15385,2.64819
5.32,1.3,1.70329e-08,1,1.15385,2.64819
5.36,1.3,7.71516e-09,1,1.15385,2.64819
5.4,1.3,3.48994e-09,1,1.15385,2.64819
5.44,1.3,1.5763e-09,1,1.15385,2.64819
5.48,1.3,7.10774e-10,1,1.15385,2.64819
5.52,1.3,3.19907e-10,1,1.15385,2.64819
5.56,1.3,1.43693e-10,1,1.15385,2.64819
5.6,1.3,6.44006e-11,1,1.15385,2.64819
5.64,1.3,2.87942e-11,1,1.15385,2.64819
5.68,1.3,1.28411e-11,1,1.15385,2.64819
5.72,1.3,5.71093e-12,1,1.15385,2.64819
5.76,1.3,2.53233e-12,1,1.15385,2.64819
5.8,1.3,1.11917e-12,1,1.15385,2.64819
5.84,1.3,4.92778e-13,1,1.15385,2.64819
5.88,1.3,2.16069e-13,1,1.15385,2.64819
5.92,1.3,9.42847e-14,1,1.15385,2.64819
5.96,1.3,4.08786e-14,1,1.15385,2.64819
6,1.3,1.75657e-14,1,1.15385,2.64819
6.04,1.3,7.40461e-15,1,1.15385,2.64819
6.08,1.3,2.90559e-15,1,1.15385,2.64819
6.12,1.3,8.60369e-16,1,1.15385,2.64819
6.16,1.3,1.29181e-16,1,1.15385,2.64819
6.2,1.3,1.36987e-17,1,1.15385,2.64819
6.24,1.3,1.48223e-18,1,1.15385,2.64819
6.28,1.3,1.58894e-19,1,1.15385,2.64819
6.32,1.3,1.69693e-20,1,1.15385,2.64819
6.36,1.3,1.81454e-21,1,1.15385,2.64819
6.4,1.3,1.94223e-22,1,1.15385,2.64819
6.44,1.3,2.07895e-23,1,1.15385,2.64819
6.48,1.3,2.22466e-24,1,1.15385,2.64819
6.52,1.3,2.37996e-25,1,1.15385,2.64819
6.56,1.3,2.54549e-26,1,1.15385,2.64819
6.6,1.3,2.72172e-27,1,1.15385,2.64819
6.64,1.3,2.90892e-28,1,1.15385,2.64819
6.68,1.3,3.10724e-29,1,1.15385,2.64819
6.72,1.3,3.31667e-30,1,1.15385,2.64819
6.76,1.3,3.53711e-31,1,1.15385,2.64819
6.8,1.3,3.76833e-32,1,1.15385,2.64819
6.84,1.3,4.01001e-33,1,1.15385,2.64819
6.88,1.3,4.26178e-34,1,1.15385,2.64819
6.92,1.3,4.52329e-35,1,1.15385,2.64819
6.96,1.3,4.79426e-36,1,1.15385,2.64819
7,1.3,5.07451e-37,1,1.15385,2.64819
7.04,1.3,5.36402e-38,1,1.15385,2.64819
7.08,1.3,5.66287e-39,1,1.15385,2.64819
7.12,1.3,5.97129e-40,1,1.15385,2.64819
7.16,1.3,6.28956e-41,1,1.15385,2.64819
7.2,1.3,6.61796e-42,1,1.15385,2.64819
7.24,1.3,6.95673e-43,1,1.15385,2.64819
7.28,1.3,7.30598e-44,1,1.15385,2.64819
7.32,1.3,7.66566e-45,1,1.15385,2.64819
7.36,1.3,8.0355e-46,1,1.15385,2.64819
7.4,1.3,8.41499e-47,1,1.15385,2.64819
7.44,1.3,8.8034e-48,1,1.15385,2.64819
7.48,1.3,9.19972e-49,1,1.15385,2.64819
7.52,1.3,9.60273e-50,1,1.15385,2.64819
7.56,1.3,1.0011e-50,1,1.15385,2.64819
7.6,1.3,1.04228e-51,1,1.15385,2.64819
7.64,1.3,1.08365e-52,1,1.15385,2.64819
7.68,1.3,1.12499e-53,1,1.15385,2.64819
7.72,1.3,1.16612e-54,1,1.15385,2.64819
7.76,1.3,1.20682e-55,1,1.15385,2.64819
7.8,1.3,1.24687e-56,1,1.15385,2.64819
7.84,1.3,1.28608e-57,1,1.15385,2.64819
7.88,1.3,1.32423e-58,1,1.15385,2.64819
7.92,1.3,1.36114e-59,1,1.15385,2.64819
7.96,1.3,1.39664e-60,1,1.15385,2.64819
8,1.3,1.43058e-61,1,1.15385,2.64819
8.04,1.3,1.46281e-62,1,1.15385,2.64819
8.08,1.3,1.49324e-63,1,1.15385,2.64819
8.12,1.3,1.52178e-64,1,1.15385,2.64819
8.16,1.3,1.54836e-65,1,1.15385,2.64819
8.2,1.3,1.57293e-66,1,1.15385,2.64819
8.24,1.3,1.59546e-67,1,1.15385,2.64819
8.28,1.3,1.61594e-68,1,1.15385,2.64819
8.32,1.3,1.63436e-69,1,1.15385,2.64819
8.36,1.3,1.65069e-70,1,1.15385,2.64819
8.4,1.3,1.66494e-71,1,1.15385,2.64819
8.44,1.3,1.6771e-72,1,1.15385,2.64819
8.48,1.3,1.68714e-73,1,1.15385,2.64819
8.52,1.3,1.69504e-74,1,1.15385,2.64819
8.56,1.3,1.70078e-75,1,1.15385,2.64819
8.6,1.3,1.70431e-76,1,1.15385,2.64819
8.64,1.3,1.7056e-77,1,1.15385,2.64819
8.68,1.3,1.7046e-78,1,1.15385,2.64819
8.72,1.3,1.70127e-79,1,1.15385,2.64819
8.76,1.3,1.69556e-80,1,1.15385,2.64819
8.8,1.3,1.68746e-81,1,1.15385,2.64819
8.84,1.3,1.67693e-82,1,1.15385,2.64819
8.88,1.3,1.66395e-83,1,1.15385,2.64819
8.92,1.3,1.64854e-84,1,1.15385,2.64819
8.96,1.3,1.63071e-85,1,1.15385,2.64819
9,1.3,1.61049e-86,1,1.15385,2.64819
9.04,1.3,1.58792e-87,1,1.15385,2.64819
9.08,1.3,1.56309e-88,1,1.15385,2.64819
9.12,1.3,1.53606e-89,1,1.15385,2.64819
9.16,1.3,1.50693e-90,1,1.15385,2.64819
9.2,1.3,1.47581e-91,1,1.15385,2.64819
9.24,1.3,1.44283e-92,1,1.15385,2.64819
9.28,1.3,1.40812e-93,1,1.15385,2.64819
9.32,1.3,1.37182e-94,1,1.15385,2.64819
9.36,1.3,1.33408e-95,1,1.15385,2.64819
9.4,1.3,1.29505e-96,1,1.15385,2.64819
9.44,1.3,1.2549e-97,1,1.15385,2.64819
9.48,1.3,1.21377e-98,1,1.15385,2.64819
9.52,1.3,1.17184e-99,1,1.15385,2.64819
9.56,1.3,1.12926e-100,1,1.15385,2.64819
9.6,1.3,1.08619e-101,1,1.15385,2.64819
9.64,1.3,1.0428e-102,1,1.15385,2.64819
9.68,1.3,9.99229e-104,1,1.15385,2.64819
9.72,1.3,9.55634e-105,1,1.15385,2.64819
9.76,1.3,9.1216e-106,1,1.15385,2.64819
9.8,1.3,8.68947e-107,1,1.15385,2.64819
9.84,1.3,8.26129e-108,1,1.15385,2.64819
9.88,1.3,7.83841e-109,1,1.15385,2.64819
9.92,1.3,7.42809e-110,1,1.15385,2.64819
9.96,1.3,7.67426e-111,1,1.15385,2.64819
10,1.3,7.67426e-111,1,1.15385,2.64819
-10,13,1.3784e-108,10,1.15385,2.74098
-9.96,13,1.3784e-108,10,1.15385,2.74098
-9.92,13,1.25192e-107,10,1.15385,2.74098
-9.88,13,1.24556e-106,10,1.15385,2.74098
-9.84,13,1.23779e-105,10,1.15385,2.74098
-9.8,13,1.22749e-104,10,1.15385,2.74098
-9.76,13,1.21472e-103,10,1.15385,2.74098
-9.72,13,1.1996e-102,10,1.15385,2.74098
-9.68,13,1.18223e-101,10,1.15385,2.74098
-9.64,13,1.16274e-100,10,1.15385,2.74098
-9.6,13,1.14126e-99,10,1.15385,2.74098
-9.56,13,1.11793e-98,10,1.15385,2.74098
-9.52,13,1.0929e-97,10,1.15385,2.74098
-9.48,13,1.06632e-96,10,1.15385,2.74098
-9.44,13,1.03835e-95,10,1.15385,2.74098
-9.4,13,1.00914e-94,10,1.15385,2.74098
-9.36,13,9.78852e-94,10,1.15385,2.74098
-9.32,13,9.47642e-93,10,1.15385,2.74098
-9.28,13,9.15667e-92,10,1.15385,2.74098
-9.24,13,8.8308e-91,10,1.15385,2.74098
-9.2,13,8.50031e-90,10,1.15385,2.74098
-9.16,13,8.16665e-89,10,1.15385,2.74098
-9.12,13,7.83122e-88,10,1.15385,2.74098
-9.08,13,7.49537e-87,10,1.15385,2.74098
-9.04,13,7.16036e-86,10,1.15385,2.74098
-9,13,6.8274e-85,10,1.15385,2.74098
-8.96,13,6.49762e-84,10,1.15385,2.74098
-8.92,13,6.17209e-83,10,1.15385,2.74098
-8.88,13,5.85179e-82,10,1.15385,2.74098
-8.84,13,5.53762e-81,10,1.15385,2.74098
-8.8,13,5.23041e-80,10,1.15385,2.74098
-8.76,13,4.93091e-79,10,1.15385,2.74098
-8.72,13,4.63978e-78,10,1.15385,2.74098
-8.68,13,4.35761e-77,10,1.15385,2.74098
-8.64,13,4.08491e-76,10,1.15385,2.74098
-8.6,13,3.8221e-75,10,1.15385,2.74098
-8.56,13,3.56954e-74,10,1.15385,2.74098
-8.52,13,3.3275e-73,10,1.15385,2.74098
-8.48,13,3.09615e-72,10,1.15385,2.74098
-8.44,13,2.87561e-71,10,1.15385,2.74098
-8.4,13,2.66592e-70,10,1.15385,2.74098
-8.36,13,2.46705e-69,10,1.15385,2.74098
-8.32,13,2.27891e-68,10,1.15385,2.74098
-8.28,13,2.10134e-67,10,1.15385,2.74098
-8.24,13,1.93413e-66,10,1.15385,2.74098
-8.2,13,1.77706e-65,10,1.15385,2.74098
-8.16,13,1.62984e-64,10,1.15385,2.74098
-8.12,13,1.49216e-63,10,1.15385,2.74098
-8.08,13,1.3637e-62,10,1.15385,2.74098
-8.04,13,1.2441e-61,10,1.15385,2.74098
-8,13,1.13302e-60,10,1.15385,2.74098
-7.96,13,1.03008e-59,10,1.15385,2.74098
-7.92,13,9.34922e-59,10,1.15385,2.74098
-7.88,13,8.47161e-58,10,1.15385,2.74098
-7.84,13,7.66415e-57,10,1.15385,2.74098
-7.8,13,6.92301e-56,10,1.15385,2.74098
-7.76,13,6.24432e-55,10,1.15385,2.74098
-7.72,13,5.62422e-54,10,1.15385,2.74098
-7.68,13,5.05885e-53,10,1.15385,2.74098
-7.64,13,4.54442e-52,10,1.15385,2.74098
-7.6,13,4.07721e-51,10,1.15385,2.74098
-7.56,13,3.65361e-50,10,1.15385,2.74098
-7.52,13,3.27015e-49,10,1.15385,2.74098
-7.48,13,2.92353e-48,10,1.15385,2.74098
-7.44,13,2.61062e-47,10,1.15385,2.74098
-7.4,13,2.3285e-46,10,1.15385,2.74098
-7.36,13,2.07445e-45,10,1.15385,2.74098
-7.32,13,1.84592e-44,10,1.15385,2.74098
-7.28,13,1.64057e-43,10,1.15385,2.74098
-7.24,13,1.45624e-42,10,1.15385,2.74098
-7.2,13,1.29093e-41,10,1.15385,2.74098
-7.16,13,1.1428e-40,10,1.15385,2.74098
-7.12,13,1.01017e-39,10,1.15385,2.74098
-7.08,13,8.915e-39,10,1.15385,2.74098
-7.04,13,7.85408e-38,10,1.15385,2.74098
-7,13,6.90646e-37,10,1.15385,2.74098
-6.96,13,6.06101e-36,10,1.15385,2.74098
-6.92,13,5.30784e-35,10,1.15385,2.74098
-6.88,13,4.63815e-34,10,1.15385,2.74098
-6.84,13,4.04402e-33,10,1.15385,2.74098
-6.8,13,3.5183e-32,10,1.15385,2.74098
-6.76,13,3.05443e-31,10,1.15385,2.74098
-6.72,13,2.64636e-30,10,1.15385,2.74098
-6.68,13,2.28854e-29,10,1.15385,2.74098
-6.64,13,1.97585e-28,10,1.15385,2.74098
-6.6,13,1.70356e-27,10,1.15385,2.74098
-6.56,13,1.46727e-26,10,1.15385,2.74098
-6.52,13,1.26282e-25,10,1.15385,2.74098
-6.48,13,1.08618e-24,10,1.15385,2.74098
-6.44,13,9.33487e-24,10,1.15385,2.74098
-6.4,13,8.01252e-23,10,1.15385,2.74098
-6.36,13,6.86567e-22,10,1.15385,2.74098
-6.32,13,5.87199e-21,10,1.15385,2.74098
-6.28,13,5.0149e-20,10,1.15385,2.74098
-6.24,13,4.28715e-19,10,1.15385,2.74098
-6.2,13,3.6945e-18,10,1.15385,2.74098
-6.16,13,3.21467e-17,10,1.15385,2.74098
-6.12,13,2.70823e-16,10,1.15385,2.74098
-6.08,13,1.17839e-15,10,1.15385,2.74098
-6.04,13,3.25633e-15,10,1.15385,2.74098
-6,13,7.18309e-15,10,1.15385,2.74098
-5.96,13,1.48938e-14,10,1.15385,2.74098
-5.92,13,3.04686e-14,10,1.15385,2.74098
-5.88,13,6.16379e-14,10,1.15385,2.74098
-5.84,13,1.2355e-13,10,1.15385,2.74098
-5.8,13,2.45514e-13,10,1.15385,2.74098
-5.76,13,4.83917e-13,10,1.15385,2.74098
-5.72,13,9.46673e-13,10,1.15385,2.74098
-5.68,13,1.83747e-12,10,1.15385,2.74098
-5.64,13,3.53853e-12,10,1.15385,2.74098
-5.6,13,6.76131e-12,10,1.15385,2.74098
-5.56,13,1.28181e-11,10,1.15385,2.74098
-5.52,13,2.41094e-11,10,1.15385,2.74098
-5.48,13,4.49888e-11,10,1.15385,2.74098
-5.44,13,8.32828e-11,10,1.15385,2.74098
-5.4,13,1.52938e-10,10,1.15385,2.74098
-5.36,13,2.7859e-10,10,1.15385,2.74098
-5.32,13,5.03361e-10,10,1.15385,2.74098
-5.28,13,9.0206e-10,10,1.15385,2.74098
-5.24,13,1.60328e-09,10,1.15385,2.74098
-5.2,13,2.82603e-09,10,1.15385,2.74098
-5.16,13,4.93986e-09,10,1.15385,2.74098
-5.12,13,8.56244e-09,10,1.15385,2.74098
-5.08,13,1.47163e-08,10,1.15385,2.74098
-5.04,13,2.50783e-08,10,1.15385,2.74098
-5,13,4.23705e-08,10,1.15385,2.74098
-4.96,13,7.09695e-08,10,1.15385,2.74098
-4.92,13,1.17841e-07,10,1.15385,2.74098
-4.88,13,1.93958e-07,10,1.15385,2.74098
-4.84,13,3.16434e-07,10,1.15385,2.74098
-4.8,13,5.11671e-07,9.99999,1.15385,2.74098
-4.76,13,8.19982e-07,9.99999,1.15385,2.74098
-4.72,13,1.30225e-06,9.99998,1.15385,2.74098
-4.68,13,2.04942e-06,9.99997,1.15384,2.74098
-4.64,13,3.19585e-06,9.99995,1.15384,2.74098
-4.6,12.9999,4.93775e-06,9.99993,1.15384,2.74098
-4.56,12.9999,7.5584e-06,9.99989,1.15384,2.74098
-4.52,12.9999,1.14619e-05,9.99983,1.15384,2.74098
-4.48,12.9998,1.7218e-05,9.99975,1.15383,2.74098
-4.44,12.9997,2.56196e-05,9.99962,1.15383,2.74098
-4.4,12.9996,3.7757e-05,9.99944,1.15382,2.74098
-4.36,12.9994,5.51095e-05,9.99919,1.15381,2.74098
-4.32,12.9991,7.96579e-05,9.99883,1.15379,2.74098
-4.28,12.9987,0.000114018,9.99832,1.15377,2.74098
-4.24,12.9981,0.000161598,9.99762,1.15374,2.74098
-4.2,12.9974,0.000226771,9.99666,1.15369,2.74098
-4.16,12.9964,0.000315066,9.99536,1.15363,2.74098
-4.12,12.995,0.000433369,9.99362,1.15355,2.74098
-4.08,12.9932,0.000590115,9.99132,1.15345,2.74098
-4.04,12.9909,0.000795474,9.9883,1.15331,2.74098
-4,12.9878,0.00106149,9.98438,1.15313,2.74098
-3.96,12.9839,0.00140219,9.97938,1.15289,2.74098
-3.92,12.979,0.00183358,9.97304,1.1526,2.74098
-3.88,12.9728,0.00237364,9.96511,1.15223,2.74098
-3.84,12.9651,0.0030421,9.9553,1.15178,2.74098
-3.8,12.9557,0.00386021,9.94331,1.15122,2.74098
-3.76,12.9444,0.00485034,9.9288,1.15055,2.74098
-3.72,12.9308,0.00603554,9.91147,1.14975,2.74098
-3.68,12.9148,0.00743897,9.89097,1.1488,2.74098
-3.64,12.896,0.00908331,9.86699,1.14768,2.74098
-3.6,12.8742,0.0109902,9.83925,1.14639,2.74098
-3.56,12.8492,0.0131794,9.80747,1.14491,2.74098
-3.52,12.8209,0.0156689,9.77144,1.14322,2.74098
-3.48,12.789,0.0184736,9.73096,1.14133,2.74098
-3.44,12.7535,0.0216057,9.68592,1.13921,2.74098
-3.4,12.7142,0.0250742,9.63623,1.13687,2.74098
-3.36,12.6711,0.0288847,9.58187,1.1343,2.74098
-3.32,12.6242,0.0330399,9.52288,1.1315,2.74098
-3.28,12.5736,0.0375392,9.45932,1.12847,2.74098
-3.24,12.5193,0.0423792,9.39132,1.12522,2.74098
-3.2,12.4614,0.047554,9.31905,1.12175,2.74098
-3.16,12.4,0.0530556,9.24271,1.11806,2.74098
-3.12,12.3354,0.058874,9.1625,1.11417,2.74098
-3.08,12.2675,0.064998,9.07868,1.11009,2.74098
-3.04,12.1967,0.071415,8.9915,1.10581,2.74098
-3,12.1231,0.0781119,8.90124,1.10136,2.74098
-2.96,12.0469,0.0850749,8.80815,1.09673,2.74098
-2.92,11.9682,0.09229,8.7125,1.09196,2.74098
-2.88,11.8873,0.0997433,8.61457,1.08703,2.74098
-2.84,11.8043,0.107421,8.51461,1.08197,2.74098
-2.8,11.7195,0.11531,8.41287,1.07678,2.74098
-2.76,11.6329,0.123396,8.30957,1.07147,2.74098
-2.72,11.5448,0.131668,8.20496,1.06606,2.74098
-2.68,11.4553,0.140113,8.09924,1.06054,2.74098
-2.64,11.3646,0.148721,7.99261,1.05494,2.74098
-2.6,11.2727,0.157479,7.88526,1.04925,2.74098
-2.56,11.1799,0.166379,7.77735,1.04349,2.74098
-2.52,11.0862,0.175411,7.66905,1.03765,2.74098
-2.48,10.9917,0.184566,7.56051,1.03176,2.74098
-2.44,10.8966,0.193835,7.45185,1.0258,2.74098
-2.4,10.801,0.203212,7.34321,1.0198,2.74098
-2.36,10.7049,0.212688,7.2347,1.01375,2.74098
-2.32,10.6084,0.222258,7.12642,1.00766,2.74098
-2.28,10.5116,0.231915,7.01847,1.00153,2.74098
-2.24,10.4146,0.241653,6.91093,0.99537,2.74098
-2.2,10.3175,0.251468,6.80388,0.98918,2.74098
-2.16,10.2202,0.261354,6.6974,0.982965,2.74098
-2.12,10.1229,0.271306,6.59154,0.976729,2.74098
-2.08,10.0256,0.281321,6.48636,0.970473,2.74098
-2.04,9.92832,0.291395,6.38193,0.964201,2.74098
-2,9.83116,0.301524,6.27828,0.957916,2.74098
-1.96,9.73413,0.311704,6.17546,0.951619,2.74098
-1.92,9.63728,0.321933,6.07351,0.945314,2.74098
-1.88,9.54064,0.332208,5.97245,0.939002,2.74098
-1.84,9.44423,0.342525,5.87233,0.932686,2.74098
-1.8,9.3481,0.352882,5.77317,0.926366,2.74098
-1.76,9.25226,0.363277,5.675,0.920045,2.74098
-1.72,9.15674,0.373708,5.57783,0.913725,2.74098
-1.68,9.06157,0.384172,5.48169,0.907407,2.74098
-1.64,8.96677,0.394667,5.38659,0.901092,2.74098
-1.6,8.87236,0.405191,5.29256,0.894782,2.74098
-1.56,8.77837,0.415743,5.1996,0.888479,2.74098
-1.52,8.6848,0.426321,5.10772,0.882183,2.74098
-1.48,8.59168,0.436922,5.01694,0.875895,2.74098
-1.44,8.49902,0.447544,4.92727,0.869618,2.74098
-1.4,8.40685,0.458187,4.83872,0.863352,2.74098
-1.36,8.31518,0.468849,4.75129,0.857098,2.74098
-1.32,8.22403,0.479527,4.66499,0.850858,2.74098
-1.28,8.13341,0.490219,4.57983,0.844633,2.74098
-1.24,8.04334,0.500924,4.49581,0.838423,2.74098
-1.2,7.95384,0.511639,4.41295,0.832231,2.74098
-1.16,7.86492,0.522363,4.33125,0.826058,2.74098
-1.12,7.77661,0.533092,4.25072,0.819905,2.74098
-1.08,7.68893,0.543825,4.17137,0.813774,2.74098
-1.04,7.60189,0.554557,4.0932,0.807666,2.74098
-1,7.51554,0.565285,4.01623,0.801585,2.74098
-0.96,7.42988,0.576006,3.94047,0.795531,2.74098
-0.92,7.34497,0.586715,3.86593,0.789507,2.74098
-0.88,7.26082,0.597406,3.79265,0.783517,2.74098
-0.84,7.1775,0.608073,3.72064,0.777563,2.74098
-0.8,7.09506,0.618708,3.64994,0.771651,2.74098
-0.76,7.01355,0.629302,3.58058,0.765785,2.74098
-0.72,6.93306,0.639842,3.51262,0.759972,2.74098
-0.68,6.85369,0.650315,3.44612,0.754218,2.74098
-0.64,6.77556,0.660701,3.38116,0.748534,2.74098
-0.6,6.69883,0.67098,3.31784,0.742931,2.74098
-0.56,6.62368,0.68112,3.25631,0.737424,2.74098
-0.52,6.55038,0.691085,3.19673,0.732034,2.74098
-0.48,6.47924,0.700825,3.13934,0.726784,2.74098
-0.44,6.41069,0.710279,3.08443,0.721709,2.74098
-0.4,6.34527,0.719363,3.0324,0.716849,2.74098
-0.36,6.28367,0.727973,2.98373,0.712258,2.74098
-0.32,6.22674,0.73598,2.93904,0.708003,2.74098
-0.28,6.17551,0.743226,2.89905,0.704164,2.74098
-0.24,6.13105,0.749545,2.86454,0.700827,2.74098
-0.2,6.09434,0.754783,2.83618,0.698068,2.74098
-0.16,6.06588,0.758852,2.81429,0.69593,2.74098
-0.12,6.04534,0.761788,2.79856,0.694393,2.74098
-0.08,6.03142,0.763769,2.78797,0.69336,2.74098
-0.04,6.0222,0.765069,2.781,0.692687,2.74098
0,6.01589,0.765946,2.77628,0.692238,2.74098
0.04,6.0113,0.766571,2.7729,0.691921,2.74098
0.08,6.00782,0.767033,2.77037,0.691691,2.74098
0.12,6.00512,0.767381,2.76845,0.691522,2.74098
0.16,6.00298,0.767646,2.76697,0.691398,2.74098
0.2,6.00125,0.76785,2.7658,0.691306,2.74098
0.24,5.99981,0.768009,2.76487,0.691239,2.74098
0.28,5.99859,0.768133,2.76411,0.69119,2.74098
0.32,5.99754,0.768232,2.76349,0.691157,2.74098
0.36,5.99661,0.768312,2.76298,0.691135,2.74098
0.4,5.99577,0.768376,2.76254,0.691122,2.74098
0.44,5.995,0.768428,2.76216,0.691116,2.74098
0.48,5.99427,0.76847,2.76183,0.691117,2.74098
0.52,5.99357,0.768506,2.76153,0.691124,2.74098
0.56,5.9929,0.768535,2.76127,0.691135,2.74098
0.6,5.99224,0.76856,2.76103,0.691151,2.74098
0.64,5.99158,0.76858,2.7608,0.691171,2.74098
0.68,5.99092,0.768597,2.7606,0.691195,2.74098
0.72,5.99026,0.768612,2.7604,0.691223,2.74098
0.76,5.98958,0.768624,2.76022,0.691255,2.74098
0.8,5.98888,0.768634,2.76004,0.691291,2.74098
0.84,5.98816,0.768642,2.75987,0.691332,2.74098
0.88,5.9874,0.768648,2.7597,0.691377,2.74098
0.92,5.98661,0.768653,2.75954,0.691429,2.74098
0.96,5.98577,0.768657,2.75939,0.691487,2.74098
1,5.98486,0.76866,2.75924,0.691554,2.74098
1.04,5.98386,0.768661,2.75909,0.691632,2.74098
1.08,5.98272,0.768662,2.75894,0.691726,2.74098
1.12,5.98139,0.768661,2.75879,0.691844,2.74098
1.16,5.97975,0.76866,2.75865,0.691997,2.74098
1.2,5.97765,0.768657,2.75851,0.692205,2.74098
1.24,5.97484,0.768654,2.75836,0.692495,2.74098
1.28,5.97096,0.76865,2.75822,0.69291,2.74098
1.32,5.96549,0.768645,2.75808,0.69351,2.74098
1.36,5.95774,0.76864,2.75794,0.694377,2.74098
1.4,5.94677,0.768633,2.7578,0.695622,2.74098
1.44,5.93142,0.768626,2.75766,0.697387,2.74098
1.48,5.91022,0.768618,2.75752,0.699852,2.74098
1.52,5.88151,0.768609,2.75738,0.703234,2.74098
1.56,5.84337,0.7686,2.75724,0.707788,2.74098
1.6,5.79381,0.768589,2.7571,0.713806,2.74098
1.64,5.73082,0.768578,2.75696,0.721615,2.74098
1.68,5.65256,0.768567,2.75683,0.73157,2.74098
1.72,5.55751,0.768554,2.75669,0.744045,2.74098
1.76,5.44465,0.768541,2.75655,0.759431,2.74098
1.8,5.31362,0.768528,2.75642,0.778119,2.74098
1.84,5.16486,0.768513,2.75629,0.800492,2.74098
1.88,4.99964,0.768498,2.75616,0.826908,2.74098
1.92,4.82005,0.768483,2.75603,0.857677,2.74098
1.96,4.62899,0.768466,2.75591,0.893038,2.74098
2,4.42995,0.76845,2.75579,0.933123,2.74098
2.04,4.22684,0.768432,2.75568,0.97792,2.74098
2.08,4.02377,0.768414,2.75557,1.02723,2.74098
2.12,3.82477,0.768396,2.75546,1.08064,2.74098
2.16,3.63357,0.768377,2.75535,1.13746,2.74098
2.2,3.45341,0.768357,2.75525,1.19676,2.74098
2.24,3.28686,0.768337,2.75516,1.25735,2.74098
2.28,3.13579,0.768316,2.75506,1.31788,2.74098
2.32,3.00128,0.768294,2.75497,1.3769,2.74098
2.36,2.88368,0.768272,2.75488,1.433,2.74098
2.4,2.78272,0.768249,2.75479,1.48494,2.74098
2.44,2.69757,0.768226,2.7547,1.53177,2.74098
2.48,2.627,0.768202,2.75461,1.57286,2.74098
2.52,2.56952,0.768177,2.75452,1.60799,2.74098
2.56,2.5235,0.768152,2.75443,1.63727,2.74098
2.6,2.48727,0.768126,2.75434,1.66106,2.74098
2.64,2.45922,0.768099,2.75425,1.67995,2.74098
2.68,2.43785,0.768071,2.75415,1.69462,2.74098
2.72,2.42183,0.768043,2.75406,1.70577,2.74098
2.76,2.41001,0.768014,2.75396,1.71407,2.74098
2.8,2.40142,0.767984,2.75386,1.72014,2.74098
2.84,2.39528,0.767954,2.75376,1.72449,2.74098
2.88,2.39095,0.767922,2.75365,1.72755,2.74098
2.92,2.38793,0.76789,2.75354,1.72966,2.74098
2.96,2.38586,0.767857,2.75343,1.7311,2.74098
3,2.38445,0.767823,2.75332,1.73205,2.74098
3.04,2.38349,0.767788,2.7532,1.73267,2.74098
3.08,2.38285,0.767753,2.75308,1.73306,2.74098
3.12,2.38242,0.767716,2.75296,1.7333,2.74098
3.16,2.38212,0.767678,2.75284,1.73344,2.74098
3.2,2.3819,0.767639,2.7527,1.73351,2.74098
3.24,2.38175,0.767598,2.75257,1.73354,2.74098
3.28,2.38162,0.767557,2.75243,1.73355,2.74098
3.32,2.38152,0.767514,2.75229,1.73353,2.74098
3.36,2.38142,0.76747,2.75214,1.73351,2.74098
3.4,2.38133,0.767424,2.75199,1.73348,2.74098
3.44,2.38124,0.767377,2.75184,1.73344,2.74098
3.48,2.38116,0.767329,2.75167,1.73341,2.74098
3.52,2.38107,0.767278,2.75151,1.73337,2.74098
3.56,2.38097,0.767226,2.75133,1.73332,2.74098
3.6,2.38088,0.767172,2.75115,1.73328,2.74098
3.64,2.38078,0.767116,2.75097,1.73323,2.74098
3.68,2.38068,0.767057,2.75077,1.73319,2.74098
3.72,2.38057,0.766995,2.75057,1.73313,2.74098
3.76,2.38046,0.766931,2.75035,1.73308,2.74098
3.8,2.38034,0.766861,2.75012,1.73302,2.74098
3.84,2.38021,0.766787,2.74987,1.73296,2.74098
3.88,2.38006,0.766703,2.7496,1.73289,2.74098
3.92,2.37989,0.766607,2.74928,1.73282,2.74098
3.96,2.37969,0.76649,2.74889,1.73272,2.74098
4,2.37943,0.766337,2.74838,1.73259,2.74098
4.04,2.37906,0.766123,2.74768,1.73241,2.74098
4.08,2.37851,0.765802,2.74662,1.73215,2.74098
4.12,2.37763,0.765291,2.74493,1.73172,2.74098
4.16,2.37618,0.764445,2.74214,1.73102,2.74098
4.2,2.3737,0.763002,2.73739,1.72982,2.74098
4.24,2.36942,0.760498,2.72916,1.72774,2.74098
4.28,2.36194,0.756116,2.71481,1.7241,2.74098
4.32,2.34886,0.748434,2.6898,1.71773,2.74098
4.36,2.32619,0.735029,2.64663,1.70663,2.74098
4.4,2.28757,0.711956,2.57369,1.68762,2.74098
4.44,2.22395,0.673286,2.45522,1.65598,2.74098
4.48,2.12506,0.611493,2.27531,1.60605,2.74098
4.52,1.98522,0.520419,2.03002,1.53385,2.74098
4.56,1.81357,0.402338,1.74435,1.44275,2.74098
4.6,1.63942,0.27482,1.47286,1.3476,2.74098
4.64,1.49754,0.164576,1.26599,1.26807,2.74098
4.68,1.40372,0.0881773,1.13646,1.21441,2.74098
4.72,1.35091,0.0438047,1.0661,1.18376,2.74098
4.76,1.32407,0.0208394,1.03104,1.16804,2.74098
4.8,1.31116,0.00969628,1.01435,1.16044,2.74098
4.84,1.30513,0.00446347,1.00659,1.15688,2.74098
4.88,1.30235,0.00204439,1.00301,1.15524,2.74098
4.92,1.30107,0.000934228,1.00138,1.15448,2.74098
4.96,1.30049,0.000426459,1.00063,1.15414,2.74098
5,1.30022,0.000194571,1.00029,1.15398,2.74098
5.04,1.3001,8.87487e-05,1.00013,1.15391,2.74098
5.08,1.30005,4.04729e-05,1.00006,1.15387,2.74098
5.12,1.30002,1.84541e-05,1.00003,1.15386,2.74098
5.16,1.30001,8.41279e-06,1.00001,1.15385,2.74098
5.2,1.3,3.83429e-06,1.00001,1.15385,2.74098
5.24,1.3,1.74704e-06,1,1.15385,2.74098
5.28,1.3,7.95727e-07,1,1.15385,2.74098
5.32,1.3,3.62271e-07,1,1.15385,2.74098
5.36,1.3,1.64843e-07,1,1.15385,2.74098
5.4,1.3,7.49609e-08,1,1.15385,2.74098
5.44,1.3,3.40623e-08,1,1.15385,2.74098
5.48,1.3,1.54646e-08,1,1.15385,2.74098
5.52,1.3,7.01407e-09,1,1.15385,2.74098
5.56,1.3,3.17767e-09,1,1.15385,2.74098
5.6,1.3,1.43778e-09,1,1.15385,2.74098
5.64,1.3,6.49608e-10,1,1.15385,2.74098
5.68,1.3,2.93034e-10,1,1.15385,2.74098
5.72,1.3,1.31953e-10,1,1.15385,2.74098
5.76,1.3,5.93039e-11,1,1.15385,2.74098
5.8,1.3,2.65969e-11,1,1.15385,2.74098
5.84,1.3,1.19009e-11,1,1.15385,2.74098
5.88,1.3,5.31202e-12,1,1.15385,2.74098
5.92,1.3,2.36476e-12,1,1.15385,2.74098
5.96,1.3,1.0496e-12,1,1.15385,2.74098
6,1.3,4.6427e-13,1,1.15385,2.74098
6.04,1.3,2.04591e-13,1,1.15385,2.74098
6.08,1.3,8.97437e-14,1,1.15385,2.74098
6.12,1.3,3.91662e-14,1,1.15385,2.74098
6.16,1.3,1.69584e-14,1,1.15385,2.74098
6.2,1.3,7.21001e-15,1,1.15385,2.74098
6.24,1.3,2.83598e-15,1,1.15385,2.74098
6.28,1.3,8.21003e-16,1,1.15385,2.74098
6.32,1.3,1.23179e-16,1,1.15385,2.74098
6.36,1.3,1.29578e-17,1,1.15385,2.74098
6.4,1.3,1.41359e-18,1,1.15385,2.74098
6.44,1.3,1.53958e-19,1,1.15385,2.74098
6.48,1.3,1.6676e-20,1,1.15385,2.74098
6.52,1.3,1.7986e-21,1,1.15385,2.74098
6.56,1.3,1.93301e-22,1,1.15385,2.74098
6.6,1.3,2.07253e-23,1,1.15385,2.74098
6.64,1.3,2.21948e-24,1,1.15385,2.74098
6.68,1.3,2.37575e-25,1,1.15385,2.74098
6.72,1.3,2.54265e-26,1,1.15385,2.74098
6.76,1.3,2.7211e-27,1,1.15385,2.74098
6.8,1.3,2.91186e-28,1,1.15385,2.74098
6.84,1.3,3.11562e-29,1,1.15385,2.74098
6.88,1.3,3.33309e-30,1,1.15385,2.74098
6.92,1.3,3.56495e-31,1,1.15385,2.74098
6.96,1.3,3.81181e-32,1,1.15385,2.74098
7,1.3,4.07422e-33,1,1.15385,2.74098
7.04,1.3,4.3526e-34,1,1.15385,2.74098
7.08,1.3,4.64724e-35,1,1.15385,2.74098
7.12,1.3,4.9583e-36,1,1.15385,2.74098
7.16,1.3,5.28578e-37,1,1.15385,2.74098
7.2,1.3,5.62957e-38,1,1.15385,2.74098
7.24,1.3,5.98946e-39,1,1.15385,2.74098
7.28,1.3,6.36517e-40,1,1.15385,2.74098
7.32,1.3,6.75642e-41,1,1.15385,2.74098
7.36,1.3,7.16294e-42,1,1.15385,2.74098
7.4,1.3,7.58451e-43,1,1.15385,2.74098
7.44,1.3,8.02104e-44,1,1.15385,2.74098
7.48,1.3,8.4725e-45,1,1.15385,2.74098
7.52,1.3,8.93896e-46,1,1.15385,2.74098
7.56,1.3,9.42054e-47,1,1.15385,2.74098
7.6,1.3,9.91739e-48,1,1.15385,2.74098
7.64,1.3,1.04296e-48,1,1.15385,2.74098
7.68,1.3,1.09571e-49,1,1.15385,2.74098
7.72,1.3,1.14998e-50,1,1.15385,2.74098
7.76,1.3,1.20573e-51,1,1.15385,2.74098
7.8,1.3,1.26288e-52,1,1.15385,2.74098
7.84,1.3,1.32135e-53,1,1.15385,2.74098
7.88,1.3,1.38101e-54,1,1.15385,2.74098
7.92,1.3,1.44169e-55,1,1.15385,2.74098
7.96,1.3,1.50321e-56,1,1.15385,2.74098
8,1.3,1.56535e-57,1,1.15385,2.74098
8.04,1.3,1.62786e-58,1,1.15385,2.74098
8.08,1.3,1.69049e-59,1,1.15385,2.74098
8.12,1.3,1.75295e-60,1,1.15385,2.74098
8.16,1.3,1.81495e-61,1,1.15385,2.74098
8.2,1.3,1.87618e-62,1,1.15385,2.74098
8.24,1.3,1.93636e-63,1,1.15385,2.74098
8.28,1.3,1.99519e-64,1,1.15385,2.74098
8.32,1.3,2.05239e-65,1,1.15385,2.74098
8.36,1.3,2.10769e-66,1,1.15385,2.74098
8.4,1.3,2.16087e-67,1,1.15385,2.74098
8.44,1.3,2.2117e-68,1,1.15385,2.74098
8.48,1.3,2.25999e-69,1,1.15385,2.74098
8.52,1.3,2.30559e-70,1,1.15385,2.74098
8.56,1.3,2.34836e-71,1,1.15385,2.74098
8.6,1.3,2.38819e-72,1,1.15385,2.74098
8.64,1.3,2.42501e-73,1,1.15385,2.74098
8.68,1.3,2.45874e-74,1,1.15385,2.74098
8.72,1.3,2.48934e-75,1,1.15385,2.74098
8.76,1.3,2.51677e-76,1,1.15385,2.74098
8.8,1.3,2.541e-77,1,1.15385,2.74098
8.84,1.3,2.56199e-78,1,1.15385,2.74098
8.88,1.3,2.57971e-79,1,1.15385,2.74098
8.92,1.3,2.59413e-80,1,1.15385,2.74098
8.96,1.3,2.60521e-81,1,1.15385,2.74098
9,1.3,2.61289e-82,1,1.15385,2.74098
9.04,1.3,2.61713e-83,1,1.15385,2.74098
9.08,1.3,2.61788e-84,1,1.15385,2.74098
9.12,1.3,2.61509e-85,1,1.15385,2.74098
9.16,1.3,2.60871e-86,1,1.15385,2.74098
9.2,1.3,2.5987e-87,1,1.15385,2.74098
9.24,1.3,2.58502e-88,1,1.15385,2.74098
9.28,1.3,2.56766e-89,1,1.15385,2.74098
9.32,1.3,2.54662e-90,1,1.15385,2.74098
9.36,1.3,2.52191e-91,1,1.15385,2.74098
9.4,1.3,2.49358e-92,1,1.15385,2.74098
9.44,1.3,2.46167e-93,1,1.15385,2.74098
9.48,1.3,2.42629e-94,1,1.15385,2.74098
9.52,1.3,2.38753e-95,1,1.15385,2.74098
9.56,1.3,2.34551e-96,1,1.15385,2.74098
9.6,1.3,2.30039e-97,1,1.15385,2.74098
9.64,1.3,2.25233e-98,1,1.15385,2.74098
9.68,1.3,2.20152e-99,1,1.15385,2.74098
9.72,1.3,2.14815e-100,1,1.15385,2.74098
9.76,1.3,2.09243e-101,1,1.15385,2.74098
9.8,1.3,2.0346e-102,1,1.15385,2.74098
9.84,1.3,1.97487e-103,1,1.15385,2.74098
9.88,1.3,1.91349e-104,1,1.15385,2.74098
9.92,1.3,1.85233e-105,1,1.15385,2.74098
9.96,1.3,1.95886e-106,1,1.15385,2.74098
10,1.3,1.95886e-106,1,1.15385,2.74098
-10,13,1.85943e-104,10,1.15385,2.83376
-9.96,13,1.85943e-104,10,1.15385,2.83376
-9.92,13,1.64944e-103,10,1.15385,2.83376
-9.88,13,1.60614e-102,10,1.15385,2.83376
-9.84,13,1.5626e-101,10,1.15385,2.83376
-9.8,13,1.51734e-100,10,1.15385,2.83376
-9.76,13,1.47058e-99,10,1.15385,2.83376
-9.72,13,1.42256e-98,10,1.15385,2.83376
-9.68,13,1.37351e-97,10,1.15385,2.83376
-9.64,13,1.32365e-96,10,1.15385,2.83376
-9.6,13,1.27321e-95,10,1.15385,2.83376
-9.56,13,1.2224e-94,10,1.15385,2.83376
-9.52,13,1.17142e-93,10,1.15385,2.83376
-9.48,13,1.12048e-92,10,1.15385,2.83376
-9.44,13,1.06976e-91,10,1.15385,2.83376
-9.4,13,1.01942e-90,10,1.15385,2.83376
-9.36,13,9.69654e-90,10,1.15385,2.83376
-9.32,13,9.20598e-89,10,1.15385,2.83376
-9.28,13,8.72399e-88,10,1.15385,2.83376
-9.24,13,8.25186e-87,10,1.15385,2.83376
-9.2,13,7.79078e-86,10,1.15385,2.83376
-9.16,13,7.34182e-85,10,1.15385,2.83376
-9.12,13,6.90592e-84,10,1.15385,2.83376
-9.08,13,6.48388e-83,10,1.15385,2.83376
-9.04,13,6.07642e-82,10,1.15385,2.83376
-9,13,5.6841e-81,10,1.15385,2.83376
-8.96,13,5.30739e-80,10,1.15385,2.83376
-8.92,13,4.94661e-79,10,1.15385,2.83376
-8.88,13,4.60201e-78,10,1.15385,2.83376
-8.84,13,4.27369e-77,10,1.15385,2.83376
-8.8,13,3.96166e-76,10,1.15385,2.83376
-8.76,13,3.66586e-75,10,1.15385,2.83376
-8.72,13,3.38612e-74,10,1.15385,2.83376
-8.68,13,3.12218e-73,10,1.15385,2.83376
-8.64,13,2.87374e-72,10,1.15385,2.83376
-8.6,13,2.64042e-71,10,1.15385,2.83376
-8.56,13,2.42181e-70,10,1.15385,2.83376
-8.52,13,2.21743e-69,10,1.15385,2.83376
-8.48,13,2.02679e-68,10,1.15385,2.83376
-8.44,13,1.84937e-67,10,1.15385,2.83376
-8.4,13,1.68463e-66,10,1.15385,2.83376
-8.36,13,1.53201e-65,10,1.15385,2.83376
-8.32,13,1.39093e-64,10,1.15385,2.83376
-8.28,13,1.26083e-63,10,1.15385,2.83376
-8.24,13,1.14112e-62,10,1.15385,2.83376
-8.2,13,1.03121e-61,10,1.15385,2.83376
-8.16,13,9.30528e-61,10,1.15385,2.83376
-8.12,13,8.38491e-60,10,1.15385,2.83376
-8.08,13,7.54526e-59,10,1.15385,2.83376
-8.04,13,6.78076e-58,10,1.15385,2.83376
-8,13,6.08595e-57,10,1.15385,2.83376
-7.96,13,5.45556e-56,10,1.15385,2.83376
-7.92,13,4.88453e-55,10,1.15385,2.83376
-7.88,13,4.36805e-54,10,1.15385,2.83376
-7.84,13,3.90155e-53,10,1.15385,2.83376
-7.8,13,3.48075e-52,10,1.15385,2.83376
-7.76,13,3.10163e-51,10,1.15385,2.83376
-7.72,13,2.76045e-50,10,1.15385,2.83376
-7.68,13,2.45374e-49,10,1.15385,2.83376
-7.64,13,2.17831e-48,10,1.15385,2.83376
-7.6,13,1.9312e-47,10,1.15385,2.83376
-7.56,13,1.70971e-46,10,1.15385,2.83376
-7.52,13,1.51137e-45,10,1.15385,2.83376
-7.48,13,1.33393e-44,10,1.15385,2.83376
-7.44,13,1.17535e-43,10,1.15385,2.83376
-7.4,13,1.0338e-42,10,1.15385,2.83376
-7.36,13,9.07601e-42,10,1.15385,2.83376
-7.32,13,7.95273e-41,10,1.15385,2.83376
-7.28,13,6.95466e-40,10,1.15385,2.83376
-7.24,13,6.06966e-39,10,1.15385,2.83376
-7.2,13,5.2867e-38,10,1.15385,2.83376
-7.16,13,4.59575e-37,10,1.15385,2.83376
-7.12,13,3.98763e-36,10,1.15385,2.83376
-7.08,13,3.4539e-35,10,1.15385,2.83376
-7.04,13,2.98677e-34,10,1.15385,2.83376
-7,13,2.57903e-33,10,1.15385,2.83376
-6.96,13,2.22401e-32,10,1.15385,2.83376
-6.92,13,1.91558e-31,10,1.15385,2.83376
-6.88,13,1.64811e-30,10,1.15385,2.83376
-6.84,13,1.41652e-29,10,1.15385,2.83376
-6.8,13,1.21624e-28,10,1.15385,2.83376
-6.76,13,1.04324e-27,10,1.15385,2.83376
-6.72,13,8.93921e-27,10,1.15385,2.83376
-6.68,13,7.65137e-26,10,1.15385,2.83376
-6.64,13,6.54092e-25,10,1.15385,2.83376
-6.6,13,5.58342e-24,10,1.15385,2.83376
-6.56,13,4.75762e-23,10,1.15385,2.83376
-6.52,13,4.04528e-22,10,1.15385,2.83376
-6.48,13,3.43082e-21,10,1.15385,2.83376
-6.44,13,2.90079e-20,10,1.15385,2.83376
-6.4,13,2.44246e-19,10,1.15385,2.83376
-6.36,13,2.04781e-18,10,1.15385,2.83376
-6.32,13,1.73322e-17,10,1.15385,2.83376
-6.28,13,1.5225e-16,10,1.15385,2.83376
-6.24,13,8.26422e-16,10,1.15385,2.83376
-6.2,13,2.55851e-15,10,1.15385,2.83376
-6.16,13,5.80523e-15,10,1.15385,2.83376
-6.12,13,1.20106e-14,10,1.15385,2.83376
-6.08,13,2.44301e-14,10,1.15385,2.83376
-6.04,13,4.89807e-14,10,1.15385,2.83376
-6,13,9.74312e-14,10,1.15385,2.83376
-5.96,13,1.92473e-13,10,1.15385,2.83376
-5.92,13,3.76935e-13,10,1.15385,2.83376
-5.88,13,7.32282e-13,10,1.15385,2.83376
-5.84,13,1.4121e-12,10,1.15385,2.83376
-5.8,13,2.70261e-12,10,1.15385,2.83376
-5.76,13,5.13342e-12,10,1.15385,2.83376
-5.72,13,9.67628e-12,10,1.15385,2.83376
-5.68,13,1.80997e-11,10,1.15385,2.83376
-5.64,13,3.35959e-11,10,1.15385,2.83376
-5.6,13,6.18778e-11,10,1.15385,2.83376
-5.56,13,1.13082e-10,10,1.15385,2.83376
-5.52,13,2.05042e-10,10,1.15385,2.83376
-5.48,13,3.68857e-10,10,1.15385,2.83376
-5.44,13,6.58294e-10,10,1.15385,2.83376
-5.4,13,1.16548e-09,10,1.15385,2.83376
-5.36,13,2.04689e-09,10,1.15385,2.83376
-5.32,13,3.56582e-09,10,1.15385,2.83376
-5.28,13,6.16141e-09,10,1.15385,2.83376
-5.24,13,1.05592e-08,10,1.15385,2.83376
-5.2,13,1.79471e-08,10,1.15385,2.83376
-5.16,13,3.02508e-08,10,1.15385,2.83376
-5.12,13,5.05637e-08,10,1.15385,2.83376
-5.08,13,8.38058e-08,10,1.15385,2.83376
-5.04,13,1.37727e-07,10,1.15385,2.83376
-5,13,2.24411e-07,10,1.15385,2.83376
-4.96,13,3.62516e-07,9.99999,1.15385,2.83376
-4.92,13,5.80549e-07,9.99999,1.15385,2.83376
-4.88,13,9.21625e-07,9.99999,1.15385,2.83376
-4.84,13,1.45026e-06,9.99998,1.15385,2.83376
-4.8,13,2.26195e-06,9.99997,1.15384,2.83376
-4.76,13,3.49656e-06,9.99995,1.15384,2.83376
-4.72,12.9999,5.35662e-06,9.99992,1.15384,2.83376
-4.68,12.9999,8.13211e-06,9.99988,1.15384,2.83376
-4.64,12.9999,1.22335e-05,9.99982,1.15384,2.83376
-4.6,12.9998,1.82348e-05,9.99973,1.15383,2.83376
-4.56,12.9997,2.69294e-05,9.9996,1.15383,2.83376
-4.52,12.9995,3.94002e-05,9.99942,1.15382,2.83376
-4.48,12.9993,5.71067e-05,9.99916,1.15381,2.83376
-4.44,12.9991,8.19908e-05,9.99879,1.15379,2.83376
-4.4,12.9987,0.000116601,9.99828,1.15377,2.83376
-4.36,12.9981,0.000164239,9.99758,1.15373,2.83376
-4.32,12.9974,0.000229117,9.99663,1.15369,2.83376
-4.28,12.9964,0.000316537,9.99534,1.15363,2.83376
-4.24,12.995,0.000433069,9.99363,1.15355,2.83376
-4.2,12.9933,0.000586729,9.99137,1.15345,2.83376
-4.16,12.991,0.000787144,9.98842,1.15331,2.83376
-4.12,12.988,0.00104568,9.98462,1.15314,2.83376
-4.08,12.9842,0.00137553,9.97977,1.15291,2.83376
-4.04,12.9794,0.00179174,9.97365,1.15263,2.83376
-4,12.9735,0.00231115,9.96603,1.15228,2.83376
-3.96,12.9661,0.00295223,9.95662,1.15184,2.83376
-3.92,12.9572,0.00373488,9.94514,1.15131,2.83376
-3.88,12.9463,0.00468003,9.9313,1.15067,2.83376
-3.84,12.9334,0.00580929,9.91477,1.1499,2.83376
-3.8,12.9181,0.00714439,9.89527,1.149,2.83376
-3.76,12.9003,0.00870669,9.87248,1.14794,2.83376
-3.72,12.8796,0.0105166,9.84614,1.14671,2.83376
-3.68,12.8559,0.012593,9.81598,1.14531,2.83376
-3.64,12.829,0.0149529,9.78179,1.14371,2.83376
-3.6,12.7988,0.0176109,9.7434,1.14191,2.83376
-3.56,12.7651,0.0205788,9.70067,1.1399,2.83376
-3.52,12.7278,0.0238657,9.65352,1.13768,2.83376
-3.48,12.687,0.0274775,9.60192,1.13525,2.83376
-3.44,12.6425,0.0314172,9.54588,1.13259,2.83376
-3.4,12.5944,0.0356851,9.48547,1.12972,2.83376
-3.36,12.5429,0.0402785,9.42079,1.12663,2.83376
-3.32,12.4878,0.0451925,9.35198,1.12333,2.83376
-3.28,12.4294,0.0504201,9.27922,1.11983,2.83376
-3.24,12.3678,0.0559525,9.20271,1.11613,2.83376
-3.2,12.3032,0.0617794,9.12267,1.11223,2.83376
-3.16,12.2356,0.0678895,9.03933,1.10816,2.83376
-3.12,12.1653,0.0742704,8.95294,1.10391,2.83376
-3.08,12.0925,0.0809095,8.86376,1.0995,2.83376
-3.04,12.0172,0.0877938,8.77203,1.09493,2.83376
-3,11.9397,0.09491,8.678,1.09022,2.83376
-2.96,11.8602,0.102245,8.58192,1.08538,2.83376
-2.92,11.7789,0.109787,8.48403,1.08041,2.83376
-2.88,11.6958,0.117522,8.38454,1.07533,2.83376
-2.84,11.6112,0.125439,8.28368,1.07014,2.83376
-2.8,11.5251,0.133526,8.18165,1.06485,2.83376
-2.76,11.4378,0.141772,8.07864,1.05946,2.83376
-2.72,11.3494,0.150168,7.97484,1.054,2.83376
-2.68,11.26,0.158703,7.8704,1.04846,2.83376
-2.64,11.1696,0.167368,7.76549,1.04285,2.83376
-2.6,11.0785,0.176154,7.66025,1.03718,2.83376
-2.56,10.9867,0.185054,7.55481,1.03144,2.83376
-2.52,10.8944,0.19406,7.4493,1.02566,2.83376
-2.48,10.8015,0.203165,7.34382,1.01983,2.83376
-2.44,10.7082,0.212363,7.23848,1.01396,2.83376
-2.4,10.6146,0.221647,7.13338,1.00805,2.83376
-2.36,10.5207,0.231011,7.0286,1.00211,2.83376
-2.32,10.4267,0.240452,6.92422,0.996133,2.83376
-2.28,10.3324,0.249963,6.82031,0.990132,2.83376
-2.24,10.2381,0.25954,6.71693,0.984108,2.83376
-2.2,10.1437,0.26918,6.61415,0.978064,2.83376
-2.16,10.0494,0.278878,6.51201,0.972002,2.83376
-2.12,9.95507,0.288631,6.41057,0.965925,2.83376
-2.08,9.86086,0.298435,6.30987,0.959835,2.83376
-2.04,9.76677,0.308288,6.20994,0.953735,2.83376
-2,9.67285,0.318186,6.11083,0.947627,2.83376
-1.96,9.57911,0.328127,6.01257,0.941512,2.83376
-1.92,9.4856,0.338108,5.91518,0.935393,2.83376
-1.88,9.39234,0.348127,5.81868,0.92927,2.83376
-1.84,9.29936,0.358181,5.72312,0.923147,2.83376
-1.8,9.20667,0.368269,5.62849,0.917024,2.83376
-1.76,9.11431,0.378388,5.53483,0.910902,2.83376
-1.72,9.02229,0.388537,5.44214,0.904783,2.83376
-1.68,8.93063,0.398714,5.35045,0.898669,2.83376
-1.64,8.83935,0.408917,5.25977,0.89256,2.83376
-1.6,8.74847,0.419145,5.1701,0.886458,2.83376
-1.56,8.658,0.429395,5.08146,0.880363,2.83376
-1.52,8.56796,0.439666,4.99385,0.874277,2.83376
-1.48,8.47837,0.449957,4.90729,0.868202,2.83376
-1.44,8.38924,0.460266,4.82178,0.862137,2.83376
-1.4,8.30059,0.470591,4.73733,0.856084,2.83376
-1.36,8.21242,0.480931,4.65395,0.850045,2.83376
-1.32,8.12476,0.491284,4.57164,0.844019,2.83376
-1.28,8.03763,0.501648,4.4904,0.838009,2.83376
-1.24,7.95102,0.512022,4.41025,0.832016,2.83376
-1.2,7.86497,0.522403,4.33119,0.82604,2.83376
-1.16,7.77949,0.532789,4.25322,0.820084,2.83376
-1.12,7.6946,0.543179,4.17636,0.814147,2.83376
-1.08,7.61031,0.553568,4.10061,0.808233,2.83376
-1.04,7.52666,0.563954,4.02597,0.802343,2.83376
-1,7.44366,0.574334,3.95247,0.796478,2.83376
-0.96,7.36134,0.584703,3.88012,0.790641,2.83376
-0.92,7.27974,0.595057,3.80893,0.784835,2.83376
-0.88,7.1989,0.60539,3.73893,0.779063,2.83376
-0.84,7.11885,0.615696,3.67013,0.773327,2.83376
-0.8,7.03967,0.625967,3.60259,0.767633,2.83376
-0.76,6.9614,0.636193,3.53632,0.761985,2.83376
-0.72,6.88414,0.646361,3.4714,0.75639,2.83376
-0.68,6.80798,0.656458,3.40788,0.750856,2.83376
-0.64,6.73306,0.666463,3.34584,0.745392,2.83376
-0.6,6.65952,0.676355,3.28541,0.740011,2.83376
-0.56,6.58757,0.686103,3.22671,0.734727,2.83376
-0.52,6.51747,0.695668,3.16993,0.729562,2.83376
-0.48,6.44954,0.705,3.11531,0.724541,2.83376
-0.44,6.38423,0.714036,3.06314,0.719696,2.83376
-0.4,6.32206,0.722692,3.01382,0.715071,2.83376
-0.36,6.26374,0.730865,2.96784,0.710719,2.83376
-0.32,6.2101,0.738426,2.9258,0.706705,2.83376
-0.28,6.16211,0.745226,2.88841,0.703106,2.83376
-0.24,6.12079,0.751108,2.85637,0.700001,2.83376
-0.2,6.08696,0.75594,2.83026,0.697457,2.83376
-0.16,6.06096,0.75966,2.81028,0.695504,2.83376
-0.12,6.0423,0.762328,2.796,0.694108,2.83376
-0.08,6.02964,0.764129,2.78637,0.693169,2.83376
-0.04,6.02118,0.765321,2.77999,0.692552,2.83376
0,6.01532,0.766134,2.77561,0.692136,2.83376
0.04,6.01103,0.766719,2.77245,0.69184,2.83376
0.08,6.00777,0.767153,2.77008,0.691624,2.83376
0.12,6.00522,0.76748,2.76827,0.691464,2.83376
0.16,6.0032,0.767731,2.76686,0.691346,2.83376
0.2,6.00156,0.767924,2.76575,0.691259,2.83376
0.24,6.0002,0.768075,2.76487,0.691195,2.83376
0.28,5.99905,0.768194,2.76415,0.691148,2.83376
0.32,5.99805,0.768289,2.76356,0.691115,2.83376
0.36,5.99717,0.768365,2.76307,0.691093,2.83376
0.4,5.99637,0.768427,2.76265,0.69108,2.83376
0.44,5.99564,0.768477,2.76228,0.691073,2.83376
0.48,5.99495,0.768519,2.76197,0.691073,2.83376
0.52,5.9943,0.768554,2.76168,0.691077,2.83376
0.56,5.99367,0.768583,2.76143,0.691086,2.83376
0.6,5.99305,0.768607,2.76119,0.691099,2.83376
0.64,5.99243,0.768627,2.76098,0.691116,2.83376
0.68,5.99182,0.768645,2.76078,0.691137,2.83376
0.72,5.9912,0.76866,2.76059,0.691161,2.83376
0.76,5.99058,0.768672,2.76041,0.691189,2.83376
0.8,5.98993,0.768682,2.76024,0.69122,2.83376
0.84,5.98927,0.768691,2.76008,0.691255,2.83376
0.88,5.98859,0.768698,2.75992,0.691294,2.83376
0.92,5.98788,0.768704,2.75977,0.691338,2.83376
0.96,5.98713,0.768709,2.75962,0.691387,2.83376
1,5.98633,0.768712,2.75947,0.691442,2.83376
1.04,5.98548,0.768715,2.75933,0.691505,2.83376
1.08,5.98455,0.768716,2.75919,0.691578,2.83376
1.12,5.9835,0.768716,2.75905,0.691664,2.83376
1.16,5.98228,0.768716,2.75891,0.69177,2.83376
1.2,5.98081,0.768715,2.75877,0.691906,2.83376
1.24,5.97896,0.768712,2.75864,0.692086,2.83376
1.28,5.97653,0.76871,2.75851,0.692334,2.83376
1.32,5.97322,0.768706,2.75837,0.692685,2.83376
1.36,5.96862,0.768702,2.75824,0.693186,2.83376
1.4,5.96213,0.768696,2.75811,0.693906,2.83376
1.44,5.95299,0.768691,2.75798,0.694938,2.83376
1.48,5.9402,0.768684,2.75784,0.696402,2.83376
1.52,5.9225,0.768677,2.75771,0.69845,2.83376
1.56,5.89841,0.768669,2.75758,0.701269,2.83376
1.6,5.86623,0.76866,2.75745,0.705082,2.83376
1.64,5.8241,0.768651,2.75732,0.710148,2.83376
1.68,5.77012,0.768641,2.75718,0.716758,2.83376
1.72,5.70241,0.76863,2.75705,0.725233,2.83376
1.76,5.61934,0.768619,2.75692,0.73592,2.83376
1.8,5.51962,0.768607,2.75679,0.74918,2.83376
1.84,5.4025,0.768595,2.75667,0.765386,2.83376
1.88,5.26789,0.768581,2.75654,0.784908,2.83376
1.92,5.11644,0.768568,2.75642,0.808105,2.83376
1.96,4.94962,0.768553,2.7563,0.835305,2.83376
2,4.76965,0.768539,2.75618,0.866786,2.83376
2.04,4.57944,0.768523,2.75606,0.902751,2.83376
2.08,4.38244,0.768507,2.75595,0.943294,2.83376
2.12,4.18242,0.768491,2.75584,0.988367,2.83376
2.16,3.98329,0.768474,2.75574,1.03774,2.83376
2.2,3.78885,0.768456,2.75564,1.09095,2.83376
2.24,3.60255,0.768438,2.75554,1.14733,2.83376
2.28,3.42739,0.76842,2.75545,1.20592,2.83376
2.32,3.26571,0.768401,2.75536,1.26559,2.83376
2.36,3.11916,0.768381,2.75527,1.32501,2.83376
2.4,2.9887,0.768361,2.75518,1.3828,2.83376
2.44,2.87459,0.76834,2.7551,1.43764,2.83376
2.48,2.77652,0.768319,2.75501,1.48838,2.83376
2.52,2.69368,0.768297,2.75493,1.53411,2.83376
2.56,2.62486,0.768274,2.75484,1.57428,2.83376
2.6,2.56866,0.768251,2.75476,1.60867,2.83376
2.64,2.52351,0.768227,2.75468,1.6374,2.83376
2.68,2.48783,0.768203,2.75459,1.66084,2.83376
2.72,2.46008,0.768178,2.7545,1.67952,2.83376
2.76,2.43884,0.768152,2.75442,1.6941,2.83376
2.8,2.42283,0.768126,2.75433,1.70523,2.83376
2.84,2.41095,0.768099,2.75424,1.71358,2.83376
2.88,2.40226,0.768071,2.75414,1.71972,2.83376
2.92,2.39601,0.768043,2.75405,1.72415,2.83376
2.96,2.39156,0.768013,2.75395,1.72729,2.83376
3,2.38845,0.767984,2.75385,1.72948,2.83376
3.04,2.38629,0.767953,2.75375,1.73098,2.83376
3.08,2.38481,0.767922,2.75364,1.73198,2.83376
3.12,2.38381,0.767889,2.75353,1.73265,2.83376
3.16,2.38313,0.767856,2.75342,1.73307,2.83376
3.2,2.38267,0.767822,2.75331,1.73334,2.83376
3.24,2.38235,0.767787,2.75319,1.73349,2.83376
3.28,2.38213,0.767751,2.75307,1.73358,2.83376
3.32,2.38196,0.767714,2.75295,1.73362,2.83376
3.36,2.38184,0.767676,2.75282,1.73363,2.83376
3.4,2.38173,0.767637,2.75269,1.73363,2.83376
3.44,2.38164,0.767597,2.75256,1.73361,2.83376
3.48,2.38156,0.767555,2.75242,1.73359,2.83376
3.52,2.38147,0.767512,2.75228,1.73355,2.83376
3.56,2.38139,0.767468,2.75213,1.73352,2.83376
3.6,2.38131,0.767422,2.75198,1.73348,2.83376
3.64,2.38123,0.767375,2.75182,1.73345,2.83376
3.68,2.38114,0.767326,2.75166,1.73341,2.83376
3.72,2.38105,0.767275,2.75149,1.73337,2.83376
3.76,2.38096,0.767223,2.75131,1.73332,2.83376
3.8,2.38086,0.767168,2.75113,1.73328,2.83376
3.84,2.38076,0.767111,2.75094,1.73323,2.83376
3.88,2.38066,0.767051,2.75075,1.73318,2.83376
3.92,2.38055,0.766988,2.75054,1.73313,2.83376
3.96,2.38043,0.766921,2.75031,1.73308,2.83376
4,2.38031,0.766848,2.75007,1.73302,2.83376
4.04,2.38016,0.766766,2.7498,1.73295,2.83376
4.08,2.38,0.766671,2.74948,1.73287,2.83376
4.12,2.37979,0.766553,2.74909,1.73277,2.83376
4.16,2.37952,0.766398,2.74858,1.73264,2.83376
4.2,2.37914,0.766176,2.74785,1.73246,2.83376
4.24,2.37856,0.76584,2.74674,1.73218,2.83376
4.28,2.37764,0.7653,2.74495,1.73173,2.83376
4.32,2.37609,0.764398,2.74198,1.73098,2.83376
4.36,2.37344,0.762854,2.73689,1.7297,2.83376
4.4,2.36885,0.760167,2.72807,1.72747,2.83376
4.44,2.36081,0.755459,2.71266,1.72355,2.83376
4.48,2.34677,0.747203,2.68581,1.71671,2.83376
4.52,2.32245,0.732812,2.63955,1.7048,2.83376
4.56,2.28116,0.708101,2.56167,1.68445,2.83376
4.6,2.21353,0.666878,2.43602,1.65077,2.83376
4.64,2.10945,0.601543,2.24738,1.59808,2.83376
4.68,1.9645,0.506546,1.99462,1.523,2.83376
4.72,1.79047,0.385885,1.70725,1.43029,2.83376
4.76,1.61868,0.259076,1.4418,1.33609,2.83376
4.8,1.48267,0.152661,1.24507,1.25962,2.83376
4.84,1.39488,0.0808196,1.12456,1.2093,2.83376
4.88,1.34627,0.0398569,1.06001,1.18105,2.83376
4.92,1.3218,0.018887,1.0281,1.16671,2.83376
4.96,1.31009,0.00877053,1.01297,1.15981,2.83376
5,1.30464,0.0040334,1.00595,1.15659,2.83376
5.04,1.30212,0.00184651,1.00272,1.1551,2.83376
5.08,1.30097,0.000843591,1.00124,1.15442,2.83376
5.12,1.30044,0.000385035,1.00057,1.15411,2.83376
5.16,1.3002,0.000175661,1.00026,1.15397,2.83376
5.2,1.30009,8.01219e-05,1.00012,1.1539,2.83376
5.24,1.30004,3.65398e-05,1.00005,1.15387,2.83376
5.28,1.30002,1.6662e-05,1.00002,1.15386,2.83376
5.32,1.30001,7.59672e-06,1.00001,1.15385,2.83376
5.36,1.3,3.46297e-06,1.00001,1.15385,2.83376
5.4,1.3,1.57825e-06,1,1.15385,2.83376
5.44,1.3,7.19084e-07,1,1.15385,2.83376
5.48,1.3,3.27515e-07,1,1.15385,2.83376
5.52,1.3,1.49107e-07,1,1.15385,2.83376
5.56,1.3,6.78487e-08,1,1.15385,2.83376
5.6,1.3,3.08546e-08,1,1.15385,2.83376
5.64,1.3,1.40213e-08,1,1.15385,2.83376
5.68,1.3,6.36639e-09,1,1.15385,2.83376
5.72,1.3,2.88792e-09,1,1.15385,2.83376
5.76,1.3,1.3086e-09,1,1.15385,2.83376
5.8,1.3,5.92234e-10,1,1.15385,2.83376
5.84,1.3,2.67661e-10,1,1.15385,2.83376
5.88,1.3,1.20786e-10,1,1.15385,2.83376
5.92,1.3,5.44145e-11,1,1.15385,2.83376
5.96,1.3,2.44688e-11,1,1.15385,2.83376
6,1.3,1.09807e-11,1,1.15385,2.83376
6.04,1.3,4.91691e-12,1,1.15385,2.83376
6.08,1.3,2.19642e-12,1,1.15385,2.83376
6.12,1.3,9.78562e-13,1,1.15385,2.83376
6.16,1.3,4.34721e-13,1,1.15385,2.83376
6.2,1.3,1.925e-13,1,1.15385,2.83376
6.24,1.3,8.49606e-14,1,1.15385,2.83376
6.28,1.3,3.73105e-14,1,1.15385,2.83376
6.32,1.3,1.61802e-14,1,1.15385,2.83376
6.36,1.3,6.87596e-15,1,1.15385,2.83376
6.4,1.3,2.68862e-15,1,1.15385,2.83376
6.44,1.3,7.68237e-16,1,1.15385,2.83376
6.48,1.3,1.07593e-16,1,1.15385,2.83376
6.52,1.3,1.17037e-17,1,1.15385,2.83376
6.56,1.3,1.28439e-18,1,1.15385,2.83376
6.6,1.3,1.3954e-19,1,1.15385,2.83376
6.64,1.3,1.51631e-20,1,1.15385,2.83376
6.68,1.3,1.65088e-21,1,1.15385,2.83376
6.72,1.3,1.79685e-22,1,1.15385,2.83376
6.76,1.3,1.95231e-23,1,1.15385,2.83376
6.8,1.3,2.11676e-24,1,1.15385,2.83376
6.84,1.3,2.29047e-25,1,1.15385,2.83376
6.88,1.3,2.47385e-26,1,1.15385,2.83376
6.92,1.3,2.66721e-27,1,1.15385,2.83376
6.96,1.3,2.8709e-28,1,1.15385,2.83376
7,1.3,3.08547e-29,1,1.15385,2.83376
7.04,1.3,3.31176e-30,1,1.15385,2.83376
7.08,1.3,3.55093e-31,1,1.15385,2.83376
7.12,1.3,3.80439e-32,1,1.15385,2.83376
7.16,1.3,4.07363e-33,1,1.15385,2.83376
7.2,1.3,4.36012e-34,1,1.15385,2.83376
7.24,1.3,4.66523e-35,1,1.15385,2.83376
7.28,1.3,4.99023e-36,1,1.15385,2.83376
7.32,1.3,5.33624e-37,1,1.15385,2.83376
7.36,1.3,5.70422e-38,1,1.15385,2.83376
7.4,1.3,6.095e-39,1,1.15385,2.83376
7.44,1.3,6.50927e-40,1,1.15385,2.83376
7.48,1.3,6.94755e-41,1,1.15385,2.83376
7.52,1.3,7.4102e-42,1,1.15385,2.83376
7.56,1.3,7.89742e-43,1,1.15385,2.83376
7.6,1.3,8.40929e-44,1,1.15385,2.83376
7.64,1.3,8.94572e-45,1,1.15385,2.83376
7.68,1.3,9.50656e-46,1,1.15385,2.83376
7.72,1.3,1.00916e-46,1,1.15385,2.83376
7.76,1.3,1.07006e-47,1,1.15385,2.83376
7.8,1.3,1.13334e-48,1,1.15385,2.83376
7.84,1.3,1.19897e-49,1,1.15385,2.83376
7.88,1.3,1.26696e-50,1,1.15385,2.83376
7.92,1.3,1.33728e-51,1,1.15385,2.83376
7.96,1.3,1.40994e-52,1,1.15385,2.83376
8,1.3,1.48493e-53,1,1.15385,2.83376
8.04,1.3,1.56223e-54,1,1.15385,2.83376
8.08,1.3,1.64184e-55,1,1.15385,2.83376
8.12,1.3,1.72369e-56,1,1.15385,2.83376
8.16,1.3,1.80774e-57,1,1.15385,2.83376
8.2,1.3,1.89387e-58,1,1.15385,2.83376
8.24,1.3,1.98196e-59,1,1.15385,2.83376
8.28,1.3,2.07183e-60,1,1.15385,2.83376
8.32,1.3,2.16328e-61,1,1.15385,2.83376
8.36,1.3,2.25605e-62,1,1.15385,2.83376
8.4,1.3,2.34985e-63,1,1.15385,2.83376
8.44,1.3,2.44435e-64,1,1.15385,2.83376
8.48,1.3,2.53919e-65,1,1.15385,2.83376
8.52,1.3,2.63398e-66,1,1.15385,2.83376
8.56,1.3,2.72832e-67,1,1.15385,2.83376
8.6,1.3,2.82178e-68,1,1.15385,2.83376
8.64,1.3,2.91396e-69,1,1.15385,2.83376
8.68,1.3,3.00441e-70,1,1.15385,2.83376
8.72,1.3,3.09274e-71,1,1.15385,2.83376
8.76,1.3,3.17854e-72,1,1.15385,2.83376
8.8,1.3,3.26145e-73,1,1.15385,2.83376
8.84,1.3,3.34113e-74,1,1.15385,2.83376
8.88,1.3,3.41727e-75,1,1.15385,2.83376
8.92,1.3,3.48959e-76,1,1.15385,2.83376
8.96,1.3,3.55786e-77,1,1.15385,2.83376
9,1.3,3.62187e-78,1,1.15385,2.83376
9.04,1.3,3.68146e-79,1,1.15385,2.83376
9.08,1.3,3.73647e-80,1,1.15385,2.83376
9.12,1.3,3.7868e-81,1,1.15385,2.83376
9.16,1.3,3.83234e-82,1,1.15385,2.83376
9.2,1.3,3.87302e-83,1,1.15385,2.83376
9.24,1.3,3.90876e-84,1,1.15385,2.83376
9.28,1.3,3.9395e-85,1,1.15385,2.83376
9.32,1.3,3.96516e-86,1,1.15385,2.83376
9.36,1.3,3.98569e-87,1,1.15385,2.83376
9.4,1.3,4.00102e-88,1,1.15385,2.83376
9.44,1.3,4.01109e-89,1,1.15385,2.83376
9.48,1.3,4.01582e-90,1,1.15385,2.83376
9.52,1.3,4.01516e-91,1,1.15385,2.83376
9.56,1.3,4.00903e-92,1,1.15385,2.83376
9.6,1.3,3.9974e-93,1,1.15385,2.83376
9.64,1.3,3.98021e-94,1,1.15385,2.83376
9.68,1.3,3.95744e-95,1,1.15385,2.83376
9.72,1.3,3.9291e-96,1,1.15385,2.83376
9.76,1.3,3.8952e-97,1,1.15385,2.83376
9.8,1.3,3.85579e-98,1,1.15385,2.83376
9.84,1.3,3.81095e-99,1,1.15385,2.83376
9.88,1.3,3.76081e-100,1,1.15385,2.83376
9.92,1.3,3.70891e-101,1,1.15385,2.83376
9.96,1.3,4.00299e-102,1,1.15385,2.83376
10,1.3,4.00299e-102,1,1.15385,2.83376
-10,13,2.01915e-100,10,1.15385,2.92654
-9.96,13,2.01915e-100,10,1.15385,2.92654
-9.92,13,1.75318e-99,10,1.15385,2.92654
-9.88,13,1.67404e-98,10,1.15385,2.92654
-9.84,13,1.5973e-97,10,1.15385,2.92654
-9.8,13,1.52131e-96,10,1.15385,2.92654
-9.76,13,1.44628e-95,10,1.15385,2.92654
-9.72,13,1.37243e-94,10,1.15385,2.92654
-9.68,13,1.29997e-93,10,1.15385,2.92654
-9.64,13,1.22908e-92,10,1.15385,2.92654
-9.6,13,1.15994e-91,10,1.15385,2.92654
-9.56,13,1.09269e-90,10,1.15385,2.92654
-9.52,13,1.02746e-89,10,1.15385,2.92654
-9.48,13,9.64379e-89,10,1.15385,2.92654
-9.44,13,9.03529e-88,10,1.15385,2.92654
-9.4,13,8.4499e-87,10,1.15385,2.92654
-9.36,13,7.88823e-86,10,1.15385,2.92654
-9.32,13,7.3507e-85,10,1.15385,2.92654
-9.28,13,6.83759e-84,10,1.15385,2.92654
-9.24,13,6.34899e-83,10,1.15385,2.92654
-9.2,13,5.88488e-82,10,1.15385,2.92654
-9.16,13,5.44509e-81,10,1.15385,2.92654
-9.12,13,5.02934e-80,10,1.15385,2.92654
-9.08,13,4.63722e-79,10,1.15385,2.92654
-9.04,13,4.26826e-78,10,1.15385,2.92654
-9,13,3.92187e-77,10,1.15385,2.92654
-8.96,13,3.5974e-76,10,1.15385,2.92654
-8.92,13,3.29416e-75,10,1.15385,2.92654
-8.88,13,3.01138e-74,10,1.15385,2.92654
-8.84,13,2.74827e-73,10,1.15385,2.92654
-8.8,13,2.50401e-72,10,1.15385,2.92654
-8.76,13,2.27774e-71,10,1.15385,2.92654
-8.72,13,2.06862e-70,10,1.15385,2.92654
-8.68,13,1.87575e-69,10,1.15385,2.92654
-8.64,13,1.69826e-68,10,1.15385,2.92654
-8.6,13,1.53528e-67,10,1.15385,2.92654
-8.56,13,1.38593e-66,10,1.15385,2.92654
-8.52,13,1.24935e-65,10,1.15385,2.92654
-8.48,13,1.12468e-64,10,1.15385,2.92654
-8.44,13,1.01112e-63,10,1.15385,2.92654
-8.4,13,9.07844e-63,10,1.15385,2.92654
-8.36,13,8.1409e-62,10,1.15385,2.92654
-8.32,13,7.29114e-61,10,1.15385,2.92654
-8.28,13,6.52211e-60,10,1.15385,2.92654
-8.24,13,5.82713e-59,10,1.15385,2.92654
-8.2,13,5.1999e-58,10,1.15385,2.92654
-8.16,13,4.63452e-57,10,1.15385,2.92654
-8.12,13,4.12551e-56,10,1.15385,2.92654
-8.08,13,3.66775e-55,10,1.15385,2.92654
-8.04,13,3.25653e-54,10,1.15385,2.92654
-8,13,2.88751e-53,10,1.15385,2.92654
-7.96,13,2.55669e-52,10,1.15385,2.92654
-7.92,13,2.26044e-51,10,1.15385,2.92654
-7.88,13,1.99543e-50,10,1.15385,2.92654
-7.84,13,1.75864e-49,10,1.15385,2.92654
-7.8,13,1.54734e-48,10,1.15385,2.92654
-7.76,13,1.35905e-47,10,1.15385,2.92654
-7.72,13,1.19151e-46,10,1.15385,2.92654
-7.68,13,1.04271e-45,10,1.15385,2.92654
-7.64,13,9.10791e-45,10,1.15385,2.92654
-7.6,13,7.94086e-44,10,1.15385,2.92654
-7.56,13,6.91068e-43,10,1.15385,2.92654
-7.52,13,6.00346e-42,10,1.15385,2.92654
-7.48,13,5.20643e-41,10,1.15385,2.92654
-7.44,13,4.50792e-40,10,1.15385,2.92654
-7.4,13,3.89719e-39,10,1.15385,2.92654
-7.36,13,3.36443e-38,10,1.15385,2.92654
-7.32,13,2.90067e-37,10,1.15385,2.92654
-7.28,13,2.49774e-36,10,1.15385,2.92654
-7.24,13,2.14825e-35,10,1.15385,2.92654
-7.2,13,1.84556e-34,10,1.15385,2.92654
-7.16,13,1.58372e-33,10,1.15385,2.92654
-7.12,13,1.35743e-32,10,1.15385,2.92654
-7.08,13,1.16203e-31,10,1.15385,2.92654
-7.04,13,9.93417e-31,10,1.15385,2.92654
-7,13,8.48003e-30,10,1.15385,2.92654
-6.96,13,7.22688e-29,10,1.15385,2.92654
-6.92,13,6.148e-28,10,1.15385,2.92654
-6.88,13,5.22037e-27,10,1.15385,2.92654
-6.84,13,4.42418e-26,10,1.15385,2.92654
-6.8,13,3.7422e-25,10,1.15385,2.92654
-6.76,13,3.15942e-24,10,1.15385,2.92654
-6.72,13,2.6627e-23,10,1.15385,2.92654
-6.68,13,2.24051e-22,10,1.15385,2.92654
-6.64,13,1.88249e-21,10,1.15385,2.92654
-6.6,13,1.57936e-20,10,1.15385,2.92654
-6.56,13,1.3233e-19,10,1.15385,2.92654
-6.52,13,1.1067e-18,10,1.15385,2.92654
-6.48,13,9.16505e-18,10,1.15385,2.92654
-6.44,13,7.52036e-17,10,1.15385,2.92654
-6.4,13,5.32888e-16,10,1.15385,2.92654
-6.36,13,1.90448e-15,10,1.15385,2.92654
-6.32,13,4.58846e-15,10,1.15385,2.92654
-6.28,13,9.60841e-15,10,1.15385,2.92654
-6.24,13,1.93741e-14,10,1.15385,2.92654
-6.2,13,3.8656e-14,10,1.15385,2.92654
-6.16,13,7.65016e-14,10,1.15385,2.92654
-6.12,13,1.49925e-13,10,1.15385,2.92654
-6.08,13,2.91696e-13,10,1.15385,2.92654
-6.04,13,5.63505e-13,10,1.15385,2.92654
-6,13,1.0804e-12,10,1.15385,2.92654
-5.96,13,2.05579e-12,10,1.15385,2.92654
-5.92,13,3.88274e-12,10,1.15385,2.92654
-5.88,13,7.2791e-12,10,1.15385,2.92654
-5.84,13,1.3545e-11,10,1.15385,2.92654
-5.8,13,2.50167e-11,10,1.15385,2.92654
-5.76,13,4.58571e-11,10,1.15385,2.92654
-5.72,13,8.34235e-11,10,1.15385,2.92654
-5.68,13,1.50611e-10,10,1.15385,2.92654
-5.64,13,2.69829e-10,10,1.15385,2.92654
-5.6,13,4.79697e-10,10,1.15385,2.92654
-5.56,13,8.46191e-10,10,1.15385,2.92654
-5.52,13,1.48106e-09,10,1.15385,2.92654
-5.48,13,2.57192e-09,10,1.15385,2.92654
-5.44,13,4.43098e-09,10,1.15385,2.92654
-5.4,13,7.5732e-09,10,1.15385,2.92654
-5.36,13,1.28402e-08,10,1.15385,2.92654
-5.32,13,2.15952e-08,10,1.15385,2.92654
-5.28,13,3.60255e-08,10,1.15385,2.92654
-5.24,13,5.96083e-08,10,1.15385,2.92654
-5.2,13,9.78192e-08,10,1.15385,2.92654
-5.16,13,1.59198e-07,10,1.15385,2.92654
-5.12,13,2.56934e-07,10,1.15385,2.92654
-5.08,13,4.112e-07,9.99999,1.15385,2.92654
-5.04,13,6.52537e-07,9.99999,1.15385,2.92654
-5,13,1.02672e-06,9.99998,1.15385,2.92654
-4.96,13,1.60166e-06,9.99998,1.15385,2.92654
-4.92,13,2.47703e-06,9.99996,1.15384,2.92654
-4.88,13,3.79759e-06,9.99994,1.15384,2.92654
-4.84,12.9999,5.77131e-06,9.99992,1.15384,2.92654
-4.8,12.9999,8.69368e-06,9.99987,1.15384,2.92654
-4.76,12.9999,1.29798e-05,9.99981,1.15384,2.92654
-4.72,12.9998,1.9206e-05,9.99972,1.15383,2.92654
-4.68,12.9997,2.81636e-05,9.99959,1.15383,2.92654
-4.64,12.9995,4.09251e-05,9.9994,1.15382,2.92654
-4.6,12.9993,5.89272e-05,9.99913,1.15381,2.92654
-4.56,12.999,8.40697e-05,9.99876,1.15379,2.92654
-4.52,12.9986,0.000118832,9.99825,1.15377,2.92654
-4.48,12.9981,0.000166408,9.99755,1.15373,2.92654
-4.44,12.9973,0.000230854,9.9966,1.15369,2.92654
-4.4,12.9964,0.000317251,9.99533,1.15363,2.92654
-4.36,12.995,0.000431865,9.99364,1.15355,2.92654
-4.32,12.9933,0.000582319,9.99143,1.15345,2.92654
-4.28,12.9911,0.000777729,9.98856,1.15332,2.92654
-4.24,12.9882,0.00102883,9.98486,1.15315,2.92654
-4.2,12.9845,0.00134805,9.98017,1.15293,2.92654
-4.16,12.9799,0.00174953,9.97427,1.15266,2.92654
-4.12,12.9742,0.00224908,9.96694,1.15232,2.92654
-4.08,12.9671,0.00286402,9.95791,1.1519,2.92654
-4.04,12.9586,0.003613,9.94693,1.15139,2.92654
-4,12.9482,0.00451568,9.9337,1.15078,2.92654
-3.96,12.9359,0.00559231,9.91795,1.15005,2.92654
-3.92,12.9214,0.00686334,9.89937,1.14919,2.92654
-3.88,12.9044,0.00834891,9.8777,1.14818,2.92654
-3.84,12.8847,0.0100683,9.85266,1.14702,2.92654
-3.8,12.8622,0.0120396,9.82401,1.14568,2.92654
-3.76,12.8367,0.014279,9.79154,1.14416,2.92654
-3.72,12.808,0.0168005,9.75509,1.14246,2.92654
-3.68,12.776,0.0196159,9.71452,1.14055,2.92654
-3.64,12.7407,0.0227341,9.66973,1.13845,2.92654
-3.6,12.7019,0.0261612,9.6207,1.13614,2.92654
-3.56,12.6596,0.0299008,9.56742,1.13362,2.92654
-3.52,12.6139,0.0339535,9.50995,1.13089,2.92654
-3.48,12.5649,0.0383177,9.44836,1.12795,2.92654
-3.44,12.5125,0.0429892,9.38279,1.12481,2.92654
-3.4,12.4569,0.0479619,9.31339,1.12148,2.92654
-3.36,12.3981,0.0532279,9.24034,1.11795,2.92654
-3.32,12.3365,0.0587781,9.16383,1.11424,2.92654
-3.28,12.2719,0.064602,9.0841,1.11035,2.92654
-3.24,12.2048,0.0706884,9.00137,1.10629,2.92654
-3.2,12.1351,0.0770253,8.91586,1.10208,2.92654
-3.16,12.063,0.0836007,8.82782,1.09771,2.92654
-3.12,11.9888,0.0904021,8.73749,1.09321,2.92654
-3.08,11.9125,0.0974173,8.64508,1.08857,2.92654
-3.04,11.8344,0.104634,8.55084,1.08381,2.92654
-3,11.7546,0.112041,8.45496,1.07893,2.92654
-2.96,11.6733,0.119626,8.35767,1.07395,2.92654
-2.92,11.5905,0.127378,8.25915,1.06887,2.92654
-2.88,11.5065,0.135287,8.1596,1.0637,2.92654
-2.84,11.4213,0.143343,8.05918,1.05844,2.92654
-2.8,11.3351,0.151537,7.95806,1.05311,2.92654
-2.76,11.2479,0.159858,7.85639,1.04771,2.92654
-2.72,11.16,0.1683,7.75432,1.04225,2.92654
-2.68,11.0713,0.176854,7.65197,1.03673,2.92654
-2.64,10.9821,0.185514,7.54946,1.03115,2.92654
-2.6,10.8923,0.194271,7.44691,1.02553,2.92654
-2.56,10.802,0.20312,7.34441,1.01986,2.92654
-2.52,10.7114,0.212054,7.24207,1.01416,2.92654
-2.48,10.6205,0.221069,7.13996,1.00842,2.92654
-2.44,10.5293,0.230159,7.03816,1.00265,2.92654
-2.4,10.438,0.23932,6.93675,0.996851,2.92654
-2.36,10.3465,0.248546,6.83579,0.991028,2.92654
-2.32,10.255,0.257835,6.73534,0.985183,2.92654
-2.28,10.1634,0.267181,6.63545,0.97932,2.92654
-2.24,10.0718,0.276582,6.53618,0.973439,2.92654
-2.2,9.98025,0.286035,6.43756,0.967545,2.92654
-2.16,9.8888,0.295535,6.33964,0.961639,2.92654
-2.12,9.79747,0.305081,6.24245,0.955723,2.92654
-2.08,9.7063,0.314669,6.14602,0.949799,2.92654
-2.04,9.6153,0.324298,6.0504,0.94387,2.92654
-2,9.52452,0.333964,5.95559,0.937935,2.92654
-1.96,9.43396,0.343666,5.86163,0.931998,2.92654
-1.92,9.34366,0.353402,5.76853,0.92606,2.92654
-1.88,9.25364,0.363169,5.67632,0.920122,2.92654
-1.84,9.16392,0.372966,5.58501,0.914185,2.92654
-1.8,9.07452,0.382792,5.49462,0.90825,2.92654
-1.76,8.98545,0.392643,5.40517,0.902319,2.92654
-1.72,8.89674,0.40252,5.31665,0.896393,2.92654
-1.68,8.8084,0.41242,5.22909,0.890473,2.92654
-1.64,8.72044,0.422341,5.1425,0.88456,2.92654
-1.6,8.63287,0.432284,5.05688,0.878655,2.92654
-1.56,8.54573,0.442245,4.97224,0.872758,2.92654
-1.52,8.459,0.452223,4.88858,0.866872,2.92654
-1.48,8.37272,0.462218,4.80592,0.860996,2.92654
-1.44,8.28689,0.472228,4.72426,0.855132,2.92654
-1.4,8.20153,0.48225,4.6436,0.849281,2.92654
-1.36,8.11665,0.492285,4.56396,0.843443,2.92654
-1.32,8.03226,0.502329,4.48532,0.837621,2.92654
-1.28,7.94837,0.512383,4.40771,0.831813,2.92654
-1.24,7.86501,0.522442,4.33112,0.826023,2.92654
-1.2,7.78218,0.532507,4.25556,0.82025,2.92654
-1.16,7.69991,0.542574,4.18103,0.814497,2.92654
-1.12,7.6182,0.552642,4.10755,0.808764,2.92654
-1.08,7.53708,0.562707,4.03512,0.803054,2.92654
-1.04,7.45658,0.572766,3.96375,0.797367,2.92654
-1,7.37671,0.582816,3.89346,0.791706,2.92654
-0.96,7.29751,0.592854,3.82425,0.786073,2.92654
-0.92,7.219,0.602873,3.75614,0.780471,2.92654
-0.88,7.14123,0.612869,3.68917,0.774902,2.92654
-0.84,7.06425,0.622835,3.62335,0.76937,2.92654
-0.8,6.9881,0.632762,3.55872,0.763881,2.92654
-0.76,6.91286,0.64264,3.49532,0.758438,2.92654
-0.72,6.83861,0.652458,3.4332,0.753048,2.92654
-0.68,6.76546,0.6622,3.37245,0.74772,2.92654
-0.64,6.69353,0.671846,3.31313,0.742463,2.92654
-0.6,6.62298,0.681373,3.25537,0.73729,2.92654
-0.56,6.55403,0.69075,3.19931,0.732217,2.92654
-0.52,6.48693,0.699937,3.14514,0.727264,2.92654
-0.48,6.42202,0.708883,3.09309,0.722457,2.92654
-0.44,6.35975,0.717524,3.04348,0.717831,2.92654
-0.4,6.30064,0.725776,2.9967,0.713427,2.92654
-0.36,6.2454,0.733535,2.95324,0.709299,2.92654
-0.32,6.19485,0.740675,2.91369,0.705512,2.92654
-0.28,6.14991,0.747055,2.87872,0.702138,2.92654
-0.24,6.1115,0.752529,2.84898,0.69925,2.92654
-0.2,6.08032,0.756987,2.82493,0.696904,2.92654
-0.16,6.05654,0.76039,2.80667,0.695118,2.92654
-0.12,6.03956,0.762818,2.79369,0.693848,2.92654
-0.08,6.02802,0.764459,2.78492,0.692994,2.92654
-0.04,6.02024,0.765554,2.77905,0.692427,2.92654
0,6.0148,0.76631,2.77499,0.69204,2.92654
0.04,6.01078,0.766857,2.77202,0.691763,2.92654
0.08,6.00771,0.767265,2.7698,0.69156,2.92654
0.12,6.00532,0.767574,2.76809,0.69141,2.92654
0.16,6.00341,0.767811,2.76676,0.691298,2.92654
0.2,6.00185,0.767994,2.76571,0.691215,2.92654
0.24,6.00056,0.768138,2.76487,0.691153,2.92654
0.28,5.99947,0.768252,2.76419,0.691108,2.92654
0.32,5.99852,0.768343,2.76362,0.691076,2.92654
0.36,5.99769,0.768416,2.76315,0.691054,2.92654
0.4,5.99693,0.768475,2.76275,0.69104,2.92654
0.44,5.99624,0.768524,2.7624,0.691033,2.92654
0.48,5.99559,0.768565,2.76209,0.691032,2.92654
0.52,5.99497,0.768599,2.76182,0.691035,2.92654
0.56,5.99437,0.768627,2.76157,0.691042,2.92654
0.6,5.99379,0.768651,2.76135,0.691053,2.92654
0.64,5.99321,0.768672,2.76114,0.691067,2.92654
0.68,5.99264,0.768689,2.76095,0.691085,2.92654
0.72,5.99206,0.768704,2.76077,0.691105,2.92654
0.76,5.99148,0.768717,2.76059,0.691129,2.92654
0.8,5.99089,0.768728,2.76043,0.691157,2.92654
0.84,5.99028,0.768737,2.76027,0.691187,2.92654
0.88,5.98966,0.768745,2.76012,0.691221,2.92654
0.92,5.98901,0.768751,2.75997,0.691259,2.92654
0.96,5.98833,0.768757,2.75983,0.691301,2.92654
1,5.98762,0.768761,2.75969,0.691348,2.92654
1.04,5.98687,0.768764,2.75955,0.6914,2.92654
1.08,5.98607,0.768766,2.75941,0.691459,2.92654
1.12,5.98519,0.768767,2.75928,0.691527,2.92654
1.16,5.98422,0.768768,2.75915,0.691606,2.92654
1.2,5.98311,0.768767,2.75902,0.691703,2.92654
1.24,5.98178,0.768766,2.75889,0.691824,2.92654
1.28,5.98014,0.768764,2.75876,0.691982,2.92654
1.32,5.97802,0.768762,2.75864,0.692195,2.92654
1.36,5.97518,0.768759,2.75851,0.692492,2.92654
1.4,5.97128,0.768755,2.75839,0.692913,2.92654
1.44,5.96584,0.76875,2.75826,0.693514,2.92654
1.48,5.9582,0.768745,2.75814,0.694371,2.92654
1.52,5.94752,0.768739,2.75801,0.695587,2.92654
1.56,5.93273,0.768732,2.75789,0.69729,2.92654
1.6,5.91253,0.768725,2.75776,0.69964,2.92654
1.64,5.88541,0.768717,2.75764,0.702832,2.92654
1.68,5.84968,0.768708,2.75751,0.707093,2.92654
1.72,5.80354,0.768699,2.75739,0.712682,2.92654
1.76,5.74517,0.76869,2.75726,0.719891,2.92654
1.8,5.67287,0.768679,2.75714,0.729032,2.92654
1.84,5.5852,0.768669,2.75702,0.740444,2.92654
1.88,5.4811,0.768657,2.7569,0.754474,2.92654
1.92,5.36006,0.768645,2.75678,0.771477,2.92654
1.96,5.22223,0.768632,2.75666,0.791804,2.92654
2,5.06848,0.768619,2.75654,0.815789,2.92654
2.04,4.90042,0.768606,2.75643,0.843732,2.92654
2.08,4.72037,0.768592,2.75632,0.87588,2.92654
2.12,4.53123,0.768577,2.75621,0.912404,2.92654
2.16,4.3364,0.768562,2.75611,0.953361,2.92654
2.2,4.13952,0.768546,2.756,0.998668,2.92654
2.24,3.9443,0.76853,2.75591,1.04806,2.92654
2.28,3.75429,0.768514,2.75581,1.10107,2.92654
2.32,3.57273,0.768497,2.75572,1.15698,2.92654
2.36,3.40235,0.768479,2.75563,1.21488,2.92654
2.4,3.2453,0.768461,2.75555,1.27363,2.92654
2.44,3.10307,0.768442,2.75546,1.33197,2.92654
2.48,2.97646,0.768423,2.75538,1.38859,2.92654
2.52,2.86568,0.768404,2.7553,1.44222,2.92654
2.56,2.77038,0.768384,2.75522,1.49179,2.92654
2.6,2.68974,0.768363,2.75514,1.53647,2.92654
2.64,2.62263,0.768342,2.75506,1.57575,2.92654
2.68,2.56767,0.76832,2.75499,1.60943,2.92654
2.72,2.52338,0.768298,2.75491,1.63763,2.92654
2.76,2.48825,0.768275,2.75483,1.6607,2.92654
2.8,2.46082,0.768251,2.75474,1.67917,2.92654
2.84,2.43972,0.768227,2.75466,1.69363,2.92654
2.88,2.42374,0.768203,2.75458,1.70475,2.92654
2.92,2.41182,0.768178,2.75449,1.71312,2.92654
2.96,2.40305,0.768152,2.75441,1.71932,2.92654
3,2.3967,0.768125,2.75432,1.72382,2.92654
3.04,2.39215,0.768098,2.75423,1.72704,2.92654
3.08,2.38895,0.76807,2.75413,1.7293,2.92654
3.12,2.38671,0.768042,2.75404,1.73086,2.92654
3.16,2.38517,0.768013,2.75394,1.73191,2.92654
3.2,2.38411,0.767983,2.75384,1.73262,2.92654
3.24,2.3834,0.767952,2.75374,1.73308,2.92654
3.28,2.38291,0.767921,2.75363,1.73336,2.92654
3.32,2.38257,0.767888,2.75352,1.73354,2.92654
3.36,2.38234,0.767855,2.75341,1.73364,2.92654
3.4,2.38217,0.767821,2.7533,1.73369,2.92654
3.44,2.38204,0.767786,2.75318,1.73372,2.92654
3.48,2.38193,0.76775,2.75306,1.73372,2.92654
3.52,2.38184,0.767713,2.75294,1.7337,2.92654
3.56,2.38176,0.767675,2.75281,1.73368,2.92654
3.6,2.38169,0.767635,2.75268,1.73366,2.92654
3.64,2.38161,0.767595,2.75255,1.73363,2.92654
3.68,2.38153,0.767553,2.75241,1.73359,2.92654
3.72,2.38146,0.76751,2.75226,1.73356,2.92654
3.76,2.38138,0.767466,2.75212,1.73352,2.92654
3.8,2.3813,0.76742,2.75196,1.73349,2.92654
3.84,2.38121,0.767372,2.7518,1.73345,2.92654
3.88,2.38113,0.767323,2.75164,1.73341,2.92654
3.92,2.38104,0.767272,2.75147,1.73336,2.92654
3.96,2.38095,0.767219,2.7513,1.73332,2.92654
4,2.38085,0.767164,2.75111,1.73328,2.92654
4.04,2.38075,0.767106,2.75092,1.73323,2.92654
4.08,2.38064,0.767045,2.75072,1.73318,2.92654
4.12,2.38053,0.766979,2.7505,1.73312,2.92654
4.16,2.3804,0.766908,2.75026,1.73307,2.92654
4.2,2.38026,0.766827,2.74999,1.733,2.92654
4.24,2.3801,0.766732,2.74968,1.73292,2.92654
4.28,2.37989,0.766614,2.74929,1.73282,2.92654
4.32,2.37962,0.766454,2.74876,1.73269,2.92654
4.36,2.37922,0.766225,2.748,1.7325,2.92654
4.4,2.37861,0.765872,2.74684,1.73221,2.92654
4.44,2.37763,0.765299,2.74495,1.73173,2.92654
4.48,2.37598,0.764338,2.74178,1.73093,2.92654
4.52,2.37315,0.762684,2.73633,1.72956,2.92654
4.56,2.36821,0.7598,2.72686,1.72716,2.92654
4.6,2.35958,0.75474,2.71031,1.72296,2.92654
4.64,2.3445,0.745868,2.68149,1.7156,2.92654
4.68,2.31843,0.730421,2.63192,1.70283,2.92654
4.72,2.27431,0.703967,2.54883,1.68106,2.92654
4.76,2.20249,0.660058,2.41574,1.64523,2.92654
4.8,2.09311,0.591075,2.21831,1.58972,2.92654
4.84,1.94324,0.492207,1.95856,1.51183,2.92654
4.88,1.76738,0.369303,1.6705,1.41778,2.92654
4.92,1.59856,0.243683,1.41194,1.32488,2.92654
4.96,1.46863,0.141348,1.22546,1.25163,2.92654
5,1.3867,0.0739855,1.11358,1.20457,2.92654
5.04,1.34203,0.0362398,1.05445,1.17857,2.92654
5.08,1.31974,0.0171112,1.02543,1.16549,2.92654
5.12,1.30913,0.00793158,1.01173,1.15924,2.92654
5.16,1.30419,0.00364432,1.00538,1.15632,2.92654
5.2,1.30192,0.00166764,1.00246,1.15498,2.92654
5.24,1.30087,0.000761688,1.00112,1.15436,2.92654
5.28,1.3004,0.000347605,1.00051,1.15408,2.92654
5.32,1.30018,0.000158572,1.00023,1.15395,2.92654
5.36,1.30008,7.2325e-05,1.00011,1.1539,2.92654
5.4,1.30004,3.2984e-05,1.00005,1.15387,2.92654
5.44,1.30002,1.50411e-05,1.00002,1.15386,2.92654
5.48,1.30001,6.8582e-06,1.00001,1.15385,2.92654
5.52,1.3,3.1267e-06,1,1.15385,2.92654
5.56,1.3,1.42525e-06,1,1.15385,2.92654
5.6,1.3,6.49533e-07,1,1.15385,2.92654
5.64,1.3,2.95933e-07,1,1.15385,2.92654
5.68,1.3,1.34784e-07,1,1.15385,2.92654
5.72,1.3,6.13624e-08,1,1.15385,2.92654
5.76,1.3,2.79223e-08,1,1.15385,2.92654
5.8,1.3,1.26983e-08,1,1.15385,2.92654
5.84,1.3,5.77085e-09,1,1.15385,2.92654
5.88,1.3,2.62052e-09,1,1.15385,2.92654
5.92,1.3,1.18888e-09,1,1.15385,2.92654
5.96,1.3,5.38812e-10,1,1.15385,2.92654
6,1.3,2.43908e-10,1,1.15385,2.92654
6.04,1.3,1.10267e-10,1,1.15385,2.92654
6.08,1.3,4.97771e-11,1,1.15385,2.92654
6.12,1.3,2.24344e-11,1,1.15385,2.92654
6.16,1.3,1.00933e-11,1,1.15385,2.92654
6.2,1.3,4.53229e-12,1,1.15385,2.92654
6.24,1.3,2.03093e-12,1,1.15385,2.92654
6.28,1.3,9.08001e-13,1,1.15385,2.92654
6.32,1.3,4.04914e-13,1,1.15385,2.92654
6.36,1.3,1.79917e-13,1,1.15385,2.92654
6.4,1.3,7.96442e-14,1,1.15385,2.92654
6.44,1.3,3.50854e-14,1,1.15385,2.92654
6.48,1.3,1.52386e-14,1,1.15385,2.92654
6.52,1.3,6.49788e-15,1,1.15385,2.92654
6.56,1.3,2.53823e-15,1,1.15385,2.92654
6.6,1.3,7.03239e-16,1,1.15385,2.92654
6.64,1.3,9.27059e-17,1,1.15385,2.92654
6.68,1.3,1.03928e-17,1,1.15385,2.92654
6.72,1.3,1.14533e-18,1,1.15385,2.92654
6.76,1.3,1.2468e-19,1,1.15385,2.92654
6.8,1.3,1.3562e-20,1,1.15385,2.92654
6.84,1.3,1.47663e-21,1,1.15385,2.92654
6.88,1.3,1.60893e-22,1,1.15385,2.92654
6.92,1.3,1.75371e-23,1,1.15385,2.92654
6.96,1.3,1.91125e-24,1,1.15385,2.92654
7,1.3,2.08177e-25,1,1.15385,2.92654
7.04,1.3,2.26564e-26,1,1.15385,2.92654
7.08,1.3,2.46343e-27,1,1.15385,2.92654
7.12,1.3,2.67572e-28,1,1.15385,2.92654
7.16,1.3,2.90293e-29,1,1.15385,2.92654
7.2,1.3,3.1453e-30,1,1.15385,2.92654
7.24,1.3,3.40303e-31,1,1.15385,2.92654
7.28,1.3,3.67633e-32,1,1.15385,2.92654
7.32,1.3,3.96559e-33,1,1.15385,2.92654
7.36,1.3,4.2714e-34,1,1.15385,2.92654
7.4,1.3,4.59461e-35,1,1.15385,2.92654
7.44,1.3,4.93633e-36,1,1.15385,2.92654
7.48,1.3,5.29793e-37,1,1.15385,2.92654
7.52,1.3,5.68099e-38,1,1.15385,2.92654
7.56,1.3,6.08726e-39,1,1.15385,2.92654
7.6,1.3,6.51855e-40,1,1.15385,2.92654
7.64,1.3,6.97674e-41,1,1.15385,2.92654
7.68,1.3,7.46362e-42,1,1.15385,2.92654
7.72,1.3,7.98091e-43,1,1.15385,2.92654
7.76,1.3,8.53016e-44,1,1.15385,2.92654
7.8,1.3,9.11274e-45,1,1.15385,2.92654
7.84,1.3,9.72983e-46,1,1.15385,2.92654
7.88,1.3,1.03824e-46,1,1.15385,2.92654
7.92,1.3,1.10712e-47,1,1.15385,2.92654
7.96,1.3,1.17967e-48,1,1.15385,2.92654
8,1.3,1.25593e-49,1,1.15385,2.92654
8.04,1.3,1.33592e-50,1,1.15385,2.92654
8.08,1.3,1.41964e-51,1,1.15385,2.92654
8.12,1.3,1.50709e-52,1,1.15385,2.92654
8.16,1.3,1.59824e-53,1,1.15385,2.92654
8.2,1.3,1.69308e-54,1,1.15385,2.92654
8.24,1.3,1.79159e-55,1,1.15385,2.92654
8.28,1.3,1.89375e-56,1,1.15385,2.92654
8.32,1.3,1.99953e-57,1,1.15385,2.92654
8.36,1.3,2.10892e-58,1,1.15385,2.92654
8.4,1.3,2.22188e-59,1,1.15385,2.92654
8.44,1.3,2.33837e-60,1,1.15385,2.92654
8.48,1.3,2.45835e-61,1,1.15385,2.92654
8.52,1.3,2.58172e-62,1,1.15385,2.92654
8.56,1.3,2.70838e-63,1,1.15385,2.92654
8.6,1.3,2.83818e-64,1,1.15385,2.92654
8.64,1.3,2.97093e-65,1,1.15385,2.92654
8.68,1.3,3.10639e-66,1,1.15385,2.92654
8.72,1.3,3.24427e-67,1,1.15385,2.92654
8.76,1.3,3.38422e-68,1,1.15385,2.92654
8.8,1.3,3.52585e-69,1,1.15385,2.92654
8.84,1.3,3.6687e-70,1,1.15385,2.92654
8.88,1.3,3.8123e-71,1,1.15385,2.92654
8.92,1.3,3.95609e-72,1,1.15385,2.92654
8.96,1.3,4.09952e-73,1,1.15385,2.92654
9,1.3,4.242e-74,1,1.15385,2.92654
9.04,1.3,4.38293e-75,1,1.15385,2.92654
9.08,1.3,4.52169e-76,1,1.15385,2.92654
9.12,1.3,4.6577e-77,1,1.15385,2.92654
9.16,1.3,4.79036e-78,1,1.15385,2.92654
9.2,1.3,4.91911e-79,1,1.15385,2.92654
9.24,1.3,5.04343e-80,1,1.15385,2.92654
9.28,1.3,5.16282e-81,1,1.15385,2.92654
9.32,1.3,5.27684e-82,1,1.15385,2.92654
9.36,1.3,5.38509e-83,1,1.15385,2.92654
9.4,1.3,5.4872e-84,1,1.15385,2.92654
9.44,1.3,5.58287e-85,1,1.15385,2.92654
9.48,1.3,5.67183e-86,1,1.15385,2.92654
9.52,1.3,5.75384e-87,1,1.15385,2.92654
9.56,1.3,5.8287e-88,1,1.15385,2.92654
9.6,1.3,5.89624e-89,1,1.15385,2.92654
9.64,1.3,5.95632e-90,1,1.15385,2.92654
9.68,1.3,6.0088e-91,1,1.15385,2.92654
9.72,1.3,6.05355e-92,1,1.15385,2.92654
9.76,1.3,6.09048e-93,1,1.15385,2.92654
9.8,1.3,6.11946e-94,1,1.15385,2.92654
9.84,1.3,6.14041e-95,1,1.15385,2.92654
9.88,1.3,6.15327e-96,1,1.15385,2.92654
9.92,1.3,6.16391e-97,1,1.15385,2.92654
9.96,1.3,6.76825e-98,1,1.15385,2.92654
10,1.3,6.76825e-98,1,1.15385,2.92654
-10,13,1.79822e-96,10,1.15385,3.01931
-9.96,13,1.79822e-96,10,1.15385,3.01931
-9.92,13,1.52989e-95,10,1.15385,3.01931
-9.88,13,1.43384e-94,10,1.15385,3.01931
-9.84,13,1.34299e-93,10,1.15385,3.01931
-9.8,13,1.25569e-92,10,1.15385,3.01931
-9.76,13,1.17198e-91,10,1.15385,3.01931
-9.72,13,1.09192e-90,10,1.15385,3.01931
-9.68,13,1.01555e-89,10,1.15385,3.01931
-9.64,13,9.42868e-89,10,1.15385,3.01931
-9.6,13,8.73862e-88,10,1.15385,3.01931
-9.56,13,8.08502e-87,10,1.15385,3.01931
-9.52,13,7.46739e-86,10,1.15385,3.01931
-9.48,13,6.88511e-85,10,1.15385,3.01931
-9.44,13,6.33739e-84,10,1.15385,3.01931
-9.4,13,5.82335e-83,10,1.15385,3.01931
-9.36,13,5.34198e-82,10,1.15385,3.01931
-9.32,13,4.89221e-81,10,1.15385,3.01931
-9.28,13,4.47289e-80,10,1.15385,3.01931
-9.24,13,4.08281e-79,10,1.15385,3.01931
-9.2,13,3.72073e-78,10,1.15385,3.01931
-9.16,13,3.38535e-77,10,1.15385,3.01931
-9.12,13,3.07538e-76,10,1.15385,3.01931
-9.08,13,2.7895e-75,10,1.15385,3.01931
-9.04,13,2.52638e-74,10,1.15385,3.01931
-9,13,2.28472e-73,10,1.15385,3.01931
-8.96,13,2.0632e-72,10,1.15385,3.01931
-8.92,13,1.86056e-71,10,1.15385,3.01931
-8.88,13,1.67552e-70,10,1.15385,3.01931
-8.84,13,1.50688e-69,10,1.15385,3.01931
-8.8,13,1.35344e-68,10,1.15385,3.01931
-8.76,13,1.21407e-67,10,1.15385,3.01931
-8.72,13,1.08769e-66,10,1.15385,3.01931
-8.68,13,9.73253e-66,10,1.15385,3.01931
-8.64,13,8.69781e-65,10,1.15385,3.01931
-8.6,13,7.76352e-64,10,1.15385,3.01931
-8.56,13,6.92099e-63,10,1.15385,3.01931
-8.52,13,6.16214e-62,10,1.15385,3.01931
-8.48,13,5.47946e-61,10,1.15385,3.01931
-8.44,13,4.86601e-60,10,1.15385,3.01931
-8.4,13,4.31539e-59,10,1.15385,3.01931
-8.36,13,3.82172e-58,10,1.15385,3.01931
-8.32,13,3.3796e-57,10,1.15385,3.01931
-8.28,13,2.98413e-56,10,1.15385,3.01931
-8.24,13,2.63081e-55,10,1.15385,3.01931
-8.2,13,2.31557e-54,10,1.15385,3.01931
-8.16,13,2.03471e-53,10,1.15385,3.01931
-8.12,13,1.78486e-52,10,1.15385,3.01931
-8.08,13,1.56297e-51,10,1.15385,3.01931
-8.04,13,1.36627e-50,10,1.15385,3.01931
-8,13,1.19222e-49,10,1.15385,3.01931
-7.96,13,1.03854e-48,10,1.15385,3.01931
-7.92,13,9.03123e-48,10,1.15385,3.01931
-7.88,13,7.84059e-47,10,1.15385,3.01931
-7.84,13,6.79603e-46,10,1.15385,3.01931
-7.8,13,5.8816e-45,10,1.15385,3.01931
-7.76,13,5.08277e-44,10,1.15385,3.01931
-7.72,13,4.38633e-43,10,1.15385,3.01931
-7.68,13,3.78027e-42,10,1.15385,3.01931
-7.64,13,3.25379e-41,10,1.15385,3.01931
-7.6,13,2.79712e-40,10,1.15385,3.01931
-7.56,13,2.40156e-39,10,1.15385,3.01931
-7.52,13,2.05935e-38,10,1.15385,3.01931
-7.48,13,1.76361e-37,10,1.15385,3.01931
-7.44,13,1.50829e-36,10,1.15385,3.01931
-7.4,13,1.28809e-35,10,1.15385,3.01931
-7.36,13,1.09837e-34,10,1.15385,3.01931
-7.32,13,9.35093e-34,10,1.15385,3.01931
-7.28,13,7.9476e-33,10,1.15385,3.01931
-7.24,13,6.74326e-32,10,1.15385,3.01931
-7.2,13,5.71144e-31,10,1.15385,3.01931
-7.16,13,4.8291e-30,10,1.15385,3.01931
-7.12,13,4.07613e-29,10,1.15385,3.01931
-7.08,13,3.43497e-28,10,1.15385,3.01931
-7.04,13,2.89026e-27,10,1.15385,3.01931
-7,13,2.42854e-26,10,1.15385,3.01931
-6.96,13,2.03806e-25,10,1.15385,3.01931
-6.92,13,1.70846e-24,10,1.15385,3.01931
-6.88,13,1.43077e-23,10,1.15385,3.01931
-6.84,13,1.19727e-22,10,1.15385,3.01931
-6.8,13,1.00138e-21,10,1.15385,3.01931
-6.76,13,8.37299e-21,10,1.15385,3.01931
-6.72,13,6.99611e-20,10,1.15385,3.01931
-6.68,13,5.8409e-19,10,1.15385,3.01931
-6.64,13,4.88225e-18,10,1.15385,3.01931
-6.6,13,4.06363e-17,10,1.15385,3.01931
-6.56,13,3.22458e-16,10,1.15385,3.01931
-6.52,13,1.3296e-15,10,1.15385,3.01931
-6.48,13,3.52664e-15,10,1.15385,3.01931
-6.44,13,7.56193e-15,10,1.15385,3.01931
-6.4,13,1.52738e-14,10,1.15385,3.01931
-6.36,13,3.03429e-14,10,1.15385,3.01931
-6.32,13,5.96782e-14,10,1.15385,3.01931
-6.28,13,1.16289e-13,10,1.15385,3.01931
-6.24,13,2.2484e-13,10,1.15385,3.01931
-6.2,13,4.31677e-13,10,1.15385,3.01931
-6.16,13,8.22929e-13,10,1.15385,3.01931
-6.12,13,1.55746e-12,10,1.15385,3.01931
-6.08,13,2.92625e-12,10,1.15385,3.01931
-6.04,13,5.45832e-12,10,1.15385,3.01931
-6,13,1.01074e-11,10,1.15385,3.01931
-5.96,13,1.85802e-11,10,1.15385,3.01931
-5.92,13,3.39059e-11,10,1.15385,3.01931
-5.88,13,6.14179e-11,10,1.15385,3.01931
-5.84,13,1.10431e-10,10,1.15385,3.01931
-5.8,13,1.97082e-10,10,1.15385,3.01931
-5.76,13,3.49092e-10,10,1.15385,3.01931
-5.72,13,6.13691e-10,10,1.15385,3.01931
-5.68,13,1.07068e-09,10,1.15385,3.01931
-5.64,13,1.85372e-09,10,1.15385,3.01931
-5.6,13,3.18482e-09,10,1.15385,3.01931
-5.56,13,5.42953e-09,10,1.15385,3.01931
-5.52,13,9.18446e-09,10,1.15385,3.01931
-5.48,13,1.54148e-08,10,1.15385,3.01931
-5.44,13,2.5668e-08,10,1.15385,3.01931
-5.4,13,4.24028e-08,10,1.15385,3.01931
-5.36,13,6.94901e-08,10,1.15385,3.01931
-5.32,13,1.12968e-07,10,1.15385,3.01931
-5.28,13,1.82166e-07,10,1.15385,3.01931
-5.24,13,2.91363e-07,10,1.15385,3.01931
-5.2,13,4.62204e-07,9.99999,1.15385,3.01931
-5.16,13,7.27181e-07,9.99999,1.15385,3.01931
-5.12,13,1.13458e-06,9.99998,1.15385,3.01931
-5.08,13,1.75544e-06,9.99997,1.15384,3.01931
-5.04,13,2.69322e-06,9.99996,1.15384,3.01931
-5,13,4.097e-06,9.99994,1.15384,3.01931
-4.96,12.9999,6.17934e-06,9.99991,1.15384,3.01931
-4.92,12.9999,9.24007e-06,9.99986,1.15384,3.01931
-4.88,12.9998,1.36974e-05,9.9998,1.15384,3.01931
-4.84,12.9998,2.01283e-05,9.9997,1.15383,3.01931
-4.8,12.9997,2.93194e-05,9.99957,1.15383,3.01931
-4.76,12.9995,4.23305e-05,9.99938,1.15382,3.01931
-4.72,12.9993,6.05728e-05,9.99911,1.15381,3.01931
-4.68,12.999,8.59019e-05,9.99874,1.15379,3.01931
-4.64,12.9986,0.000120727,9.99822,1.15376,3.01931
-4.6,12.9981,0.000168135,9.99753,1.15373,3.01931
-4.56,12.9973,0.000232028,9.99659,1.15369,3.01931
-4.52,12.9964,0.000317273,9.99533,1.15363,3.01931
-4.48,12.9951,0.000429852,9.99367,1.15355,3.01931
-4.44,12.9934,0.000577008,9.99151,1.15345,3.01931
-4.4,12.9912,0.000767383,9.98871,1.15332,3.01931
-4.36,12.9884,0.00101112,9.98513,1.15316,3.01931
-4.32,12.9849,0.00131994,9.98059,1.15295,3.01931
-4.28,12.9804,0.00170716,9.9749,1.15269,3.01931
-4.24,12.9749,0.00218762,9.96784,1.15236,3.01931
-4.2,12.9681,0.00277761,9.95918,1.15196,3.01931
-4.16,12.9599,0.00349463,9.94866,1.15147,3.01931
-4.12,12.95,0.00435715,9.93603,1.15089,3.01931
-4.08,12.9383,0.00538421,9.92099,1.15019,3.01931
-4.04,12.9244,0.0065951,9.90329,1.14937,3.01931
-4,12.9083,0.00800881,9.88266,1.14841,3.01931
-3.96,12.8896,0.00964366,9.85884,1.1473,3.01931
-3.92,12.8682,0.0115168,9.8316,1.14603,3.01931
-3.88,12.844,0.0136438,9.80074,1.14459,3.01931
-3.84,12.8167,0.0160383,9.7661,1.14297,3.01931
-3.8,12.7863,0.0187116,9.72753,1.14117,3.01931
-3.76,12.7527,0.0216727,9.68496,1.13917,3.01931
-3.72,12.7158,0.0249279,9.63832,1.13697,3.01931
-3.68,12.6756,0.0284812,9.58762,1.13457,3.01931
-3.64,12.6322,0.0323336,9.53289,1.13198,3.01931
-3.6,12.5855,0.0364842,9.4742,1.12918,3.01931
-3.56,12.5356,0.0409296,9.41166,1.1262,3.01931
-3.52,12.4825,0.0456645,9.34541,1.12302,3.01931
-3.48,12.4265,0.0506821,9.2756,1.11966,3.01931
-3.44,12.3676,0.055974,9.20243,1.11611,3.01931
-3.4,12.3059,0.0615306,9.12609,1.1124,3.01931
-3.36,12.2417,0.0673417,9.0468,1.10852,3.01931
-3.32,12.1749,0.0733961,8.96476,1.10449,3.01931
-3.28,12.1059,0.0796826,8.88021,1.10031,3.01931
-3.24,12.0347,0.0861894,8.79337,1.096,3.01931
-3.2,11.9616,0.0929051,8.70445,1.09155,3.01931
-3.16,11.8865,0.099818,8.61366,1.08698,3.01931
-3.12,11.8098,0.106917,8.52122,1.0823,3.01931
-3.08,11.7316,0.114191,8.42732,1.07752,3.01931
-3.04,11.6519,0.121629,8.33214,1.07264,3.01931
-3,11.5709,0.129222,8.23588,1.06766,3.01931
-2.96,11.4888,0.13696,8.1387,1.06261,3.01931
-2.92,11.4056,0.144833,8.04076,1.05747,3.01931
-2.88,11.3215,0.152833,7.9422,1.05227,3.01931
-2.84,11.2366,0.160951,7.84316,1.04701,3.01931
-2.8,11.1509,0.169181,7.74378,1.04168,3.01931
-2.76,11.0646,0.177515,7.64416,1.0363,3.01931
-2.72,10.9777,0.185946,7.54443,1.03088,3.01931
-2.68,10.8903,0.194468,7.44467,1.02541,3.01931
-2.64,10.8026,0.203075,7.34499,1.0199,3.01931
-2.6,10.7145,0.211762,7.24547,1.01435,3.01931
-2.56,10.6261,0.220523,7.14618,1.00877,3.01931
-2.52,10.5375,0.229355,7.0472,1.00316,3.01931
-2.48,10.4487,0.238252,6.94859,0.99753,3.01931
-2.44,10.3598,0.247211,6.85042,0.991873,3.01931
-2.4,10.2709,0.256228,6.75273,0.986197,3.01931
-2.36,10.1819,0.265299,6.65557,0.980503,3.01931
-2.32,10.0929,0.274421,6.559,0.974794,3.01931
-2.28,10.004,0.283591,6.46305,0.969071,3.01931
-2.24,9.91514,0.292806,6.36775,0.963338,3.01931
-2.2,9.82641,0.302064,6.27315,0.957595,3.01931
-2.16,9.73782,0.311362,6.17927,0.951845,3.01931
-2.12,9.64941,0.320697,6.08613,0.946089,3.01931
-2.08,9.56118,0.330069,5.99377,0.940329,3.01931
-2.04,9.47318,0.339474,5.90221,0.934566,3.01931
-2,9.38542,0.348911,5.81146,0.928802,3.01931
-1.96,9.29791,0.358377,5.72155,0.923037,3.01931
-1.92,9.21068,0.367872,5.63248,0.917274,3.01931
-1.88,9.12375,0.377394,5.54428,0.911513,3.01931
-1.84,9.03714,0.386941,5.45695,0.905755,3.01931
-1.8,8.95085,0.396512,5.37052,0.900001,3.01931
-1.76,8.8649,0.406104,5.28498,0.894253,3.01931
-1.72,8.77932,0.415718,5.20034,0.88851,3.01931
-1.68,8.6941,0.425351,5.11663,0.882775,3.01931
-1.64,8.60927,0.435003,5.03383,0.877048,3.01931
-1.6,8.52483,0.444672,4.95196,0.87133,3.01931
-1.56,8.44081,0.454356,4.87103,0.865621,3.01931
-1.52,8.3572,0.464056,4.79103,0.859923,3.01931
-1.48,8.27403,0.473768,4.71198,0.854237,3.01931
-1.44,8.19129,0.483492,4.63388,0.848563,3.01931
-1.4,8.10902,0.493227,4.55673,0.842901,3.01931
-1.36,8.02721,0.502971,4.48054,0.837254,3.01931
-1.32,7.94587,0.512723,4.40531,0.831622,3.01931
-1.28,7.86503,0.522481,4.33104,0.826006,3.01931
-1.24,7.7847,0.532243,4.25774,0.820406,3.01931
-1.2,7.70488,0.542008,4.18542,0.814825,3.01931
-1.16,7.62561,0.551773,4.11408,0.809263,3.01931
-1.12,7.54688,0.561535,4.04373,0.803721,3.01931
-1.08,7.46872,0.571294,3.97437,0.798202,3.01931
-1.04,7.39116,0.581044,3.90602,0.792707,3.01931
-1,7.31422,0.590783,3.83868,0.787237,3.01931
-0.96,7.23792,0.600506,3.77239,0.781796,3.01931
-0.92,7.16231,0.61021,3.70714,0.776385,3.01931
-0.88,7.08742,0.619887,3.64297,0.771008,3.01931
-0.84,7.01329,0.629531,3.5799,0.765668,3.01931
-0.8,6.93999,0.639133,3.51797,0.76037,3.01931
-0.76,6.86758,0.648684,3.45723,0.75512,3.01931
-0.72,6.79616,0.658171,3.39773,0.749923,3.01931
-0.68,6.72582,0.667577,3.33954,0.744789,3.01931
-0.64,6.65669,0.676884,3.28276,0.739727,3.01931
-0.6,6.58896,0.686066,3.22749,0.73475,3.01931
-0.56,6.52281,0.695092,3.17389,0.729875,3.01931
-0.52,6.45854,0.703921,3.12215,0.725122,3.01931
-0.48,6.39647,0.712501,3.07252,0.720519,3.01931
-0.44,6.33706,0.720767,3.02531,0.716099,3.01931
-0.4,6.28084,0.728635,2.98091,0.711904,3.01931
-0.36,6.22851,0.736002,2.93981,0.707989,3.01931
-0.32,6.18085,0.742745,2.90259,0.704415,3.01931
-0.28,6.13876,0.748729,2.86988,0.701252,3.01931
-0.24,6.10306,0.753824,2.84226,0.698566,3.01931
-0.2,6.07432,0.757936,2.82012,0.696404,3.01931
-0.16,6.05257,0.761051,2.80343,0.694769,3.01931
-0.12,6.03709,0.763263,2.7916,0.693613,3.01931
-0.08,6.02655,0.764762,2.78359,0.692833,3.01931
-0.04,6.01938,0.765771,2.77819,0.692311,3.01931
0,6.01431,0.766474,2.7744,0.691951,3.01931
0.04,6.01054,0.766987,2.77163,0.691691,3.01931
0.08,6.00766,0.767371,2.76953,0.6915,3.01931
0.12,6.0054,0.767662,2.76792,0.691358,3.01931
0.16,6.00359,0.767886,2.76666,0.691252,3.01931
0.2,6.00212,0.768061,2.76567,0.691173,3.01931
0.24,6.0009,0.768198,2.76487,0.691114,3.01931
0.28,5.99986,0.768306,2.76422,0.691071,3.01931
0.32,5.99896,0.768393,2.76368,0.69104,3.01931
0.36,5.99816,0.768464,2.76323,0.691018,3.01931
0.4,5.99745,0.768521,2.76284,0.691004,3.01931
0.44,5.99679,0.768569,2.7625,0.690996,3.01931
0.48,5.99617,0.768608,2.76221,0.690993,3.01931
0.52,5.99558,0.768641,2.76195,0.690995,3.01931
0.56,5.99502,0.76867,2.76171,0.691001,3.01931
0.6,5.99447,0.768693,2.76149,0.69101,3.01931
0.64,5.99393,0.768714,2.76129,0.691022,3.01931
0.68,5.99339,0.768731,2.7611,0.691037,3.01931
0.72,5.99285,0.768746,2.76093,0.691055,3.01931
0.76,5.99231,0.768759,2.76076,0.691076,3.01931
0.8,5.99176,0.768771,2.7606,0.6911,3.01931
0.84,5.9912,0.76878,2.76045,0.691126,3.01931
0.88,5.99062,0.768788,2.7603,0.691156,3.01931
0.92,5.99002,0.768795,2.76016,0.691189,3.01931
0.96,5.98941,0.768801,2.76002,0.691225,3.01931
1,5.98877,0.768806,2.75989,0.691266,3.01931
1.04,5.98809,0.76881,2.75975,0.69131,3.01931
1.08,5.98738,0.768813,2.75962,0.69136,3.01931
1.12,5.98662,0.768815,2.7595,0.691416,3.01931
1.16,5.9858,0.768816,2.75937,0.691479,3.01931
1.2,5.9849,0.768816,2.75925,0.691553,3.01931
1.24,5.98387,0.768816,2.75912,0.69164,3.01931
1.28,5.98267,0.768815,2.759,0.691749,3.01931
1.32,5.9812,0.768813,2.75888,0.691888,3.01931
1.36,5.97934,0.768811,2.75876,0.692073,3.01931
1.4,5.97689,0.768808,2.75864,0.692327,3.01931
1.44,5.97357,0.768805,2.75852,0.692682,3.01931
1.48,5.96898,0.7688,2.7584,0.693185,3.01931
1.52,5.96258,0.768796,2.75829,0.6939,3.01931
1.56,5.95365,0.76879,2.75817,0.694911,3.01931
1.6,5.94127,0.768784,2.75805,0.696328,3.01931
1.64,5.92434,0.768778,2.75793,0.698288,3.01931
1.68,5.90151,0.76877,2.75781,0.70096,3.01931
1.72,5.87125,0.768763,2.75769,0.704542,3.01931
1.76,5.83191,0.768754,2.75758,0.709265,3.01931
1.8,5.78174,0.768746,2.75746,0.715388,3.01931
1.84,5.71906,0.768736,2.75734,0.723198,3.01931
1.88,5.64231,0.768726,2.75722,0.733004,3.01931
1.92,5.55025,0.768716,2.75711,0.745131,3.01931
1.96,5.44205,0.768705,2.75699,0.759914,3.01931
2,5.31742,0.768693,2.75688,0.777692,3.01931
2.04,5.17674,0.768681,2.75677,0.798795,3.01931
2.08,5.02104,0.768668,2.75666,0.823533,3.01931
2.12,4.85206,0.768655,2.75655,0.85218,3.01931
2.16,4.67219,0.768642,2.75645,0.884955,3.01931
2.2,4.48433,0.768628,2.75635,0.921993,3.01931
2.24,4.29179,0.768614,2.75625,0.963322,3.01931
2.28,4.09807,0.768599,2.75616,1.00882,3.01931
2.32,3.90669,0.768584,2.75606,1.05821,3.01931
2.36,3.72101,0.768568,2.75598,1.11098,3.01931
2.4,3.54401,0.768552,2.75589,1.16643,3.01931
2.44,3.37823,0.768535,2.75581,1.22363,3.01931
2.48,3.22561,0.768518,2.75573,1.28149,3.01931
2.52,3.08749,0.7685,2.75565,1.33878,3.01931
2.56,2.96456,0.768482,2.75557,1.39426,3.01931
2.6,2.85695,0.768464,2.75549,1.44673,3.01931
2.64,2.76429,0.768445,2.75542,1.49519,3.01931
2.68,2.68577,0.768426,2.75535,1.53886,3.01931
2.72,2.6203,0.768406,2.75527,1.57727,3.01931
2.76,2.56655,0.768385,2.7552,1.61025,3.01931
2.8,2.52311,0.768364,2.75512,1.63793,3.01931
2.84,2.48854,0.768343,2.75505,1.66064,3.01931
2.88,2.46144,0.768321,2.75497,1.67888,3.01931
2.92,2.4405,0.768298,2.75489,1.69323,3.01931
2.96,2.42458,0.768275,2.75481,1.70431,3.01931
3,2.41263,0.768252,2.75473,1.7127,3.01931
3.04,2.40379,0.768227,2.75465,1.71894,3.01931
3.08,2.39735,0.768203,2.75457,1.72351,3.01931
3.12,2.39272,0.768177,2.75448,1.72679,3.01931
3.16,2.38943,0.768152,2.7544,1.72912,3.01931
3.2,2.38712,0.768125,2.75431,1.73073,3.01931
3.24,2.38551,0.768098,2.75422,1.73184,3.01931
3.28,2.38441,0.76807,2.75412,1.73258,3.01931
3.32,2.38365,0.768041,2.75403,1.73307,3.01931
3.36,2.38314,0.768012,2.75393,1.73339,3.01931
3.4,2.38278,0.767982,2.75383,1.73358,3.01931
3.44,2.38254,0.767951,2.75373,1.7337,3.01931
3.48,2.38236,0.76792,2.75362,1.73376,3.01931
3.52,2.38222,0.767887,2.75351,1.73379,3.01931
3.56,2.38212,0.767854,2.7534,1.73379,3.01931
3.6,2.38203,0.76782,2.75329,1.73379,3.01931
3.64,2.38195,0.767785,2.75317,1.73377,3.01931
3.68,2.38188,0.767749,2.75305,1.73375,3.01931
3.72,2.38181,0.767711,2.75293,1.73372,3.01931
3.76,2.38174,0.767673,2.7528,1.73369,3.01931
3.8,2.38167,0.767634,2.75267,1.73366,3.01931
3.84,2.3816,0.767593,2.75253,1.73363,3.01931
3.88,2.38152,0.767551,2.75239,1.73359,3.01931
3.92,2.38145,0.767508,2.75225,1.73356,3.01931
3.96,2.38137,0.767463,2.7521,1.73352,3.01931
4,2.38129,0.767417,2.75195,1.73348,3.01931
4.04,2.3812,0.767369,2.75179,1.73345,3.01931
4.08,2.38111,0.76732,2.75162,1.73341,3.01931
4.12,2.38102,0.767268,2.75145,1.73336,3.01931
4.16,2.38093,0.767215,2.75127,1.73332,3.01931
4.2,2.38083,0.767158,2.75109,1.73327,3.01931
4.24,2.38073,0.767099,2.75089,1.73322,3.01931
4.28,2.38062,0.767035,2.75068,1.73317,3.01931
4.32,2.38049,0.766965,2.75045,1.73311,3.01931
4.36,2.38036,0.766885,2.75018,1.73305,3.01931
4.4,2.38019,0.766791,2.74987,1.73297,3.01931
4.44,2.37998,0.766671,2.74947,1.73287,3.01931
4.48,2.3797,0.766508,2.74893,1.73274,3.01931
4.52,2.37929,0.766269,2.74814,1.73254,3.01931
4.56,2.37865,0.765897,2.74692,1.73223,3.01931
4.6,2.37761,0.76529,2.74491,1.73173,3.01931
4.64,2.37585,0.764263,2.74152,1.73087,3.01931
4.68,2.37281,0.76249,2.73569,1.7294,3.01931
4.72,2.36751,0.759393,2.72552,1.72682,3.01931
4.76,2.35824,0.753956,2.70774,1.72231,3.01931
4.8,2.34205,0.744422,2.67681,1.7144,3.01931
4.84,2.3141,0.727845,2.62373,1.7007,3.01931
4.88,2.26698,0.699539,2.53513,1.67743,3.01931
4.92,2.1908,0.65281,2.39433,1.63935,3.01931
4.96,2.07605,0.580084,2.18811,1.58096,3.01931
5,1.9215,0.47743,1.92196,1.50036,3.01931
5.04,1.74439,0.352655,1.63424,1.40528,3.01931
5.08,1.57911,0.228695,1.38332,1.31402,3.01931
5.12,1.45542,0.130642,1.20712,1.24409,3.01931
5.16,1.37914,0.0676525,1.10349,1.20019,3.01931
5.2,1.33816,0.0329301,1.04939,1.1763,3.01931
5.24,1.31787,0.0154972,1.02301,1.16439,3.01931
5.28,1.30825,0.0071716,1.0106,1.15872,3.01931
5.32,1.30378,0.00329244,1.00486,1.15608,3.01931
5.36,1.30173,0.00150598,1.00222,1.15487,3.01931
5.4,1.30079,0.000687694,1.00101,1.15431,3.01931
5.44,1.30036,0.000313794,1.00046,1.15406,3.01931
5.48,1.30016,0.000143136,1.00021,1.15394,3.01931
5.52,1.30007,6.5281e-05,1.0001,1.15389,3.01931
5.56,1.30003,2.97708e-05,1.00004,1.15387,3.01931
5.6,1.30002,1.35759e-05,1.00002,1.15386,3.01931
5.64,1.30001,6.19037e-06,1.00001,1.15385,3.01931
5.68,1.3,2.82245e-06,1,1.15385,3.01931
5.72,1.3,1.28672e-06,1,1.15385,3.01931
5.76,1.3,5.86503e-07,1,1.15385,3.01931
5.8,1.3,2.6728e-07,1,1.15385,3.01931
5.84,1.3,1.21772e-07,1,1.15385,3.01931
5.88,1.3,5.54607e-08,1,1.15385,3.01931
5.92,1.3,2.52493e-08,1,1.15385,3.01931
5.96,1.3,1.14896e-08,1,1.15385,3.01931
6,1.3,5.22535e-09,1,1.15385,3.01931
6.04,1.3,2.37486e-09,1,1.15385,3.01931
6.08,1.3,1.07852e-09,1,1.15385,3.01931
6.12,1.3,4.89367e-10,1,1.15385,3.01931
6.16,1.3,2.21824e-10,1,1.15385,3.01931
6.2,1.3,1.00437e-10,1,1.15385,3.01931
6.24,1.3,4.54187e-11,1,1.15385,3.01931
6.28,1.3,2.05101e-11,1,1.15385,3.01931
6.32,1.3,9.2476e-12,1,1.15385,3.01931
6.36,1.3,4.16243e-12,1,1.15385,3.01931
6.4,1.3,1.87003e-12,1,1.15385,3.01931
6.44,1.3,8.38443e-13,1,1.15385,3.01931
6.48,1.3,3.75022e-13,1,1.15385,3.01931
6.52,1.3,1.67227e-13,1,1.15385,3.01931
6.56,1.3,7.43652e-14,1,1.15385,3.01931
6.6,1.3,3.2874e-14,1,1.15385,3.01931
6.64,1.3,1.4329e-14,1,1.15385,3.01931
6.68,1.3,6.13464e-15,1,1.15385,3.01931
6.72,1.3,2.38275e-15,1,1.15385,3.01931
6.76,1.3,6.44975e-16,1,1.15385,3.01931
6.8,1.3,8.30846e-17,1,1.15385,3.01931
6.84,1.3,9.15461e-18,1,1.15385,3.01931
6.88,1.3,1.00791e-18,1,1.15385,3.01931
6.92,1.3,1.10263e-19,1,1.15385,3.01931
6.96,1.3,1.20476e-20,1,1.15385,3.01931
7,1.3,1.31447e-21,1,1.15385,3.01931
7.04,1.3,1.4328e-22,1,1.15385,3.01931
7.08,1.3,1.56159e-23,1,1.15385,3.01931
7.12,1.3,1.70239e-24,1,1.15385,3.01931
7.16,1.3,1.85625e-25,1,1.15385,3.01931
7.2,1.3,2.024e-26,1,1.15385,3.01931
7.24,1.3,2.20648e-27,1,1.15385,3.01931
7.28,1.3,2.40465e-28,1,1.15385,3.01931
7.32,1.3,2.61962e-29,1,1.15385,3.01931
7.36,1.3,2.85251e-30,1,1.15385,3.01931
7.4,1.3,3.10436e-31,1,1.15385,3.01931
7.44,1.3,3.37613e-32,1,1.15385,3.01931
7.48,1.3,3.66866e-33,1,1.15385,3.01931
7.52,1.3,3.98269e-34,1,1.15385,3.01931
7.56,1.3,4.31889e-35,1,1.15385,3.01931
7.6,1.3,4.67789e-36,1,1.15385,3.01931
7.64,1.3,5.06035e-37,1,1.15385,3.01931
7.68,1.3,5.46696e-38,1,1.15385,3.01931
7.72,1.3,5.89855e-39,1,1.15385,3.01931
7.76,1.3,6.35612e-40,1,1.15385,3.01931
7.8,1.3,6.84091e-41,1,1.15385,3.01931
7.84,1.3,7.35441e-42,1,1.15385,3.01931
7.88,1.3,7.89837e-43,1,1.15385,3.01931
7.92,1.3,8.4748e-44,1,1.15385,3.01931
7.96,1.3,9.08591e-45,1,1.15385,3.01931
8,1.3,9.73407e-46,1,1.15385,3.01931
8.04,1.3,1.04217e-46,1,1.15385,3.01931
8.08,1.3,1.11514e-47,1,1.15385,3.01931
8.12,1.3,1.19255e-48,1,1.15385,3.01931
8.16,1.3,1.27462e-49,1,1.15385,3.01931
8.2,1.3,1.36158e-50,1,1.15385,3.01931
8.24,1.3,1.45361e-51,1,1.15385,3.01931
8.28,1.3,1.55087e-52,1,1.15385,3.01931
8.32,1.3,1.6535e-53,1,1.15385,3.01931
8.36,1.3,1.76162e-54,1,1.15385,3.01931
8.4,1.3,1.8753e-55,1,1.15385,3.01931
8.44,1.3,1.99461e-56,1,1.15385,3.01931
8.48,1.3,2.11958e-57,1,1.15385,3.01931
8.52,1.3,2.25023e-58,1,1.15385,3.01931
8.56,1.3,2.38656e-59,1,1.15385,3.01931
8.6,1.3,2.52856e-60,1,1.15385,3.01931
8.64,1.3,2.67622e-61,1,1.15385,3.01931
8.68,1.3,2.82951e-62,1,1.15385,3.01931
8.72,1.3,2.98838e-63,1,1.15385,3.01931
8.76,1.3,3.1528e-64,1,1.15385,3.01931
8.8,1.3,3.32271e-65,1,1.15385,3.01931
8.84,1.3,3.49802e-66,1,1.15385,3.01931
8.88,1.3,3.67863e-67,1,1.15385,3.01931
8.92,1.3,3.86441e-68,1,1.15385,3.01931
8.96,1.3,4.05518e-69,1,1.15385,3.01931
9,1.3,4.25071e-70,1,1.15385,3.01931
9.04,1.3,4.45073e-71,1,1.15385,3.01931
9.08,1.3,4.6549e-72,1,1.15385,3.01931
9.12,1.3,4.8628e-73,1,1.15385,3.01931
9.16,1.3,5.07396e-74,1,1.15385,3.01931
9.2,1.3,5.28783e-75,1,1.15385,3.01931
9.24,1.3,5.50378e-76,1,1.15385,3.01931
9.28,1.3,5.72115e-77,1,1.15385,3.01931
9.32,1.3,5.93918e-78,1,1.15385,3.01931
9.36,1.3,6.1571e-79,1,1.15385,3.01931
9.4,1.3,6.37406e-80,1,1.15385,3.01931
9.44,1.3,6.58921e-81,1,1.15385,3.01931
9.48,1.3,6.80169e-82,1,1.15385,3.01931
9.52,1.3,7.01062e-83,1,1.15385,3.01931
9.56,1.3,7.21514e-84,1,1.15385,3.01931
9.6,1.3,7.41441e-85,1,1.15385,3.01931
9.64,1.3,7.60762e-86,1,1.15385,3.01931
9.68,1.3,7.79401e-87,1,1.15385,3.01931
9.72,1.3,7.97287e-88,1,1.15385,3.01931
9.76,1.3,8.14355e-89,1,1.15385,3.01931
9.8,1.3,8.30544e-90,1,1.15385,3.01931
9.84,1.3,8.45802e-91,1,1.15385,3.01931
9.88,1.3,8.60089e-92,1,1.15385,3.01931
9.92,1.3,8.74243e-93,1,1.15385,3.01931
9.96,1.3,9.75197e-94,1,1.15385,3.01931
10,1.3,9.75197e-94,1,1.15385,3.01931
-10,13,1.32983e-92,10,1.15385,3.11208
-9.96,13,1.32983e-92,10,1.15385,3.11208
-9.92,13,1.10979e-91,10,1.15385,3.11208
-9.88,13,1.02197e-90,10,1.15385,3.11208
-9.84,13,9.40674e-90,10,1.15385,3.11208
-9.8,13,8.64416e-89,10,1.15385,3.11208
-9.76,13,7.93025e-88,10,1.15385,3.11208
-9.72,13,7.26337e-87,10,1.15385,3.11208
-9.68,13,6.64175e-86,10,1.15385,3.11208
-9.64,13,6.06357e-85,10,1.15385,3.11208
-9.6,13,5.52694e-84,10,1.15385,3.11208
-9.56,13,5.02992e-83,10,1.15385,3.11208
-9.52,13,4.57055e-82,10,1.15385,3.11208
-9.48,13,4.14685e-81,10,1.15385,3.11208
-9.44,13,3.75685e-80,10,1.15385,3.11208
-9.4,13,3.39857e-79,10,1.15385,3.11208
-9.36,13,3.07008e-78,10,1.15385,3.11208
-9.32,13,2.76948e-77,10,1.15385,3.11208
-9.28,13,2.4949e-76,10,1.15385,3.11208
-9.24,13,2.24454e-75,10,1.15385,3.11208
-9.2,13,2.01667e-74,10,1.15385,3.11208
-9.16,13,1.80959e-73,10,1.15385,3.11208
-9.12,13,1.62171e-72,10,1.15385,3.11208
-9.08,13,1.45151e-71,10,1.15385,3.11208
-9.04,13,1.29755e-70,10,1.15385,3.11208
-9,13,1.15847e-69,10,1.15385,3.11208
-8.96,13,1.033e-68,10,1.15385,3.11208
-8.92,13,9.19947e-68,10,1.15385,3.11208
-8.88,13,8.1821e-67,10,1.15385,3.11208
-8.84,13,7.26764e-66,10,1.15385,3.11208
-8.8,13,6.44668e-65,10,1.15385,3.11208
-8.76,13,5.71051e-64,10,1.15385,3.11208
-8.72,13,5.05117e-63,10,1.15385,3.11208
-8.68,13,4.46137e-62,10,1.15385,3.11208
-8.64,13,3.93446e-61,10,1.15385,3.11208
-8.6,13,3.46436e-60,10,1.15385,3.11208
-8.56,13,3.04555e-59,10,1.15385,3.11208
-8.52,13,2.67299e-58,10,1.15385,3.11208
-8.48,13,2.34212e-57,10,1.15385,3.11208
-8.44,13,2.04877e-56,10,1.15385,3.11208
-8.4,13,1.78916e-55,10,1.15385,3.11208
-8.36,13,1.55984e-54,10,1.15385,3.11208
-8.32,13,1.35767e-53,10,1.15385,3.11208
-8.28,13,1.17979e-52,10,1.15385,3.11208
-8.24,13,1.0236e-51,10,1.15385,3.11208
-8.2,13,8.86727e-51,10,1.15385,3.11208
-8.16,13,7.67018e-50,10,1.15385,3.11208
-8.12,13,6.6252e-49,10,1.15385,3.11208
-8.08,13,5.71467e-48,10,1.15385,3.11208
-8.04,13,4.92263e-47,10,1.15385,3.11208
-8,13,4.23476e-46,10,1.15385,3.11208
-7.96,13,3.63825e-45,10,1.15385,3.11208
-7.92,13,3.12167e-44,10,1.15385,3.11208
-7.88,13,2.67488e-43,10,1.15385,3.11208
-7.84,13,2.28892e-42,10,1.15385,3.11208
-7.8,13,1.9559e-41,10,1.15385,3.11208
-7.76,13,1.6689e-40,10,1.15385,3.11208
-7.72,13,1.42187e-39,10,1.15385,3.11208
-7.68,13,1.20952e-38,10,1.15385,3.11208
-7.64,13,1.02725e-37,10,1.15385,3.11208
-7.6,13,8.71035e-37,10,1.15385,3.11208
-7.56,13,7.37386e-36,10,1.15385,3.11208
-7.52,13,6.23247e-35,10,1.15385,3.11208
-7.48,13,5.25959e-34,10,1.15385,3.11208
-7.44,13,4.43198e-33,10,1.15385,3.11208
-7.4,13,3.72937e-32,10,1.15385,3.11208
-7.36,13,3.13407e-31,10,1.15385,3.11208
-7.32,13,2.63063e-30,10,1.15385,3.11208
-7.28,13,2.2056e-29,10,1.15385,3.11208
-7.24,13,1.84724e-28,10,1.15385,3.11208
-7.2,13,1.54537e-27,10,1.15385,3.11208
-7.16,13,1.29118e-26,10,1.15385,3.11208
-7.12,13,1.07716e-25,10,1.15385,3.11208
-7.08,13,8.96995e-25,10,1.15385,3.11208
-7.04,13,7.45502e-24,10,1.15385,3.11208
-7,13,6.18443e-23,10,1.15385,3.11208
-6.96,13,5.12301e-22,10,1.15385,3.11208
-6.92,13,4.24014e-21,10,1.15385,3.11208
-6.88,13,3.5069e-20,10,1.15385,3.11208
-6.84,13,2.89259e-19,10,1.15385,3.11208
-6.8,13,2.3694e-18,10,1.15385,3.11208
-6.76,13,1.93931e-17,10,1.15385,3.11208
-6.72,13,1.62808e-16,10,1.15385,3.11208
-6.68,13,8.63008e-16,10,1.15385,3.11208
-6.64,13,2.62676e-15,10,1.15385,3.11208
-6.6,13,5.8762e-15,10,1.15385,3.11208
-6.56,13,1.19069e-14,10,1.15385,3.11208
-6.52,13,2.3605e-14,10,1.15385,3.11208
-6.48,13,4.6202e-14,10,1.15385,3.11208
-6.44,13,8.95672e-14,10,1.15385,3.11208
-6.4,13,1.72403e-13,10,1.15385,3.11208
-6.36,13,3.29442e-13,10,1.15385,3.11208
-6.32,13,6.24709e-13,10,1.15385,3.11208
-6.28,13,1.1761e-12,10,1.15385,3.11208
-6.24,13,2.19857e-12,10,1.15385,3.11208
-6.2,13,4.08112e-12,10,1.15385,3.11208
-6.16,13,7.52236e-12,10,1.15385,3.11208
-6.12,13,1.37671e-11,10,1.15385,3.11208
-6.08,13,2.50167e-11,10,1.15385,3.11208
-6.04,13,4.51331e-11,10,1.15385,3.11208
-6,13,8.08394e-11,10,1.15385,3.11208
-5.96,13,1.43746e-10,10,1.15385,3.11208
-5.92,13,2.53743e-10,10,1.15385,3.11208
-5.88,13,4.44629e-10,10,1.15385,3.11208
-5.84,13,7.73376e-10,10,1.15385,3.11208
-5.8,13,1.33522e-09,10,1.15385,3.11208
-5.76,13,2.28803e-09,10,1.15385,3.11208
-5.72,13,3.89135e-09,10,1.15385,3.11208
-5.68,13,6.56823e-09,10,1.15385,3.11208
-5.64,13,1.10023e-08,10,1.15385,3.11208
-5.6,13,1.82889e-08,10,1.15385,3.11208
-5.56,13,3.01674e-08,10,1.15385,3.11208
-5.52,13,4.93757e-08,10,1.15385,3.11208
-5.48,13,8.01848e-08,10,1.15385,3.11208
-5.44,13,1.29197e-07,10,1.15385,3.11208
-5.4,13,2.06525e-07,10,1.15385,3.11208
-5.36,13,3.27515e-07,10,1.15385,3.11208
-5.32,13,5.15233e-07,9.99999,1.15385,3.11208
-5.28,13,8.04021e-07,9.99999,1.15385,3.11208
-5.24,13,1.24451e-06,9.99998,1.15385,3.11208
-5.2,13,1.91062e-06,9.99997,1.15384,3.11208
-5.16,13,2.90918e-06,9.99996,1.15384,3.11208
-5.12,12.9999,4.39301e-06,9.99994,1.15384,3.11208
-5.08,12.9999,6.57849e-06,9.9999,1.15384,3.11208
-5.04,12.9999,9.7687e-06,9.99986,1.15384,3.11208
-5,12.9998,1.43836e-05,9.99979,1.15384,3.11208
-4.96,12.9998,2.0999e-05,9.99969,1.15383,3.11208
-4.92,12.9997,3.03948e-05,9.99955,1.15383,3.11208
-4.88,12.9995,4.36163e-05,9.99936,1.15382,3.11208
-4.84,12.9993,6.20468e-05,9.99909,1.1538,3.11208
-4.8,12.999,8.74962e-05,9.99871,1.15379,3.11208
-4.76,12.9986,0.000122302,9.9982,1.15376,3.11208
-4.72,12.9981,0.000169446,9.99751,1.15373,3.11208
-4.68,12.9973,0.000232681,9.99658,1.15369,3.11208
-4.64,12.9964,0.000316668,9.99534,1.15363,3.11208
-4.6,12.9951,0.000427114,9.99371,1.15356,3.11208
-4.56,12.9934,0.000570908,9.9916,1.15346,3.11208
-4.52,12.9913,0.000756244,9.98887,1.15333,3.11208
-4.48,12.9886,0.000992718,9.9854,1.15317,3.11208
-4.44,12.9852,0.00129139,9.98101,1.15297,3.11208
-4.4,12.9809,0.0016648,9.97552,1.15272,3.11208
-4.36,12.9756,0.00212694,9.96873,1.1524,3.11208
-4.32,12.9691,0.0026931,9.96042,1.15202,3.11208
-4.28,12.9612,0.00337976,9.95035,1.15155,3.11208
-4.24,12.9518,0.00420429,9.93826,1.15099,3.11208
-4.2,12.9406,0.00518463,9.92391,1.15033,3.11208
-4.16,12.9274,0.00633896,9.90703,1.14954,3.11208
-4.12,12.912,0.00768528,9.88738,1.14863,3.11208
-4.08,12.8942,0.00924096,9.8647,1.14758,3.11208
-4.04,12.8738,0.0110224,9.83878,1.14637,3.11208
-4,12.8508,0.0130444,9.80943,1.145,3.11208
-3.96,12.8249,0.0153203,9.77648,1.14346,3.11208
-3.92,12.796,0.017861,9.73979,1.14174,3.11208
-3.88,12.764,0.0206757,9.69928,1.13984,3.11208
-3.84,12.7289,0.0237706,9.65489,1.13775,3.11208
-3.8,12.6907,0.02715,9.6066,1.13547,3.11208
-3.76,12.6493,0.0308155,9.55443,1.133,3.11208
-3.72,12.6048,0.0347667,9.49845,1.13034,3.11208
-3.68,12.5572,0.039001,9.43876,1.12749,3.11208
-3.64,12.5066,0.0435139,9.37546,1.12446,3.11208
-3.6,12.4531,0.0482992,9.30871,1.12125,3.11208
-3.56,12.3968,0.0533494,9.23867,1.11787,3.11208
-3.52,12.3378,0.058656,9.16553,1.11432,3.11208
-3.48,12.2763,0.0642092,9.08948,1.11061,3.11208
-3.44,12.2124,0.069999,9.01073,1.10675,3.11208
-3.4,12.1462,0.0760147,8.92948,1.10275,3.11208
-3.36,12.0779,0.0822453,8.84594,1.09861,3.11208
-3.32,12.0076,0.08868,8.76032,1.09435,3.11208
-3.28,11.9355,0.0953078,8.67282,1.08996,3.11208
-3.24,11.8617,0.102118,8.58364,1.08547,3.11208
-3.2,11.7863,0.1091,8.49297,1.08087,3.11208
-3.16,11.7096,0.116244,8.40099,1.07617,3.11208
-3.12,11.6315,0.123539,8.30788,1.07138,3.11208
-3.08,11.5523,0.130977,8.21379,1.06652,3.11208
-3.04,11.472,0.13855,8.11888,1.06157,3.11208
-3,11.3907,0.146247,8.0233,1.05656,3.11208
-2.96,11.3086,0.154062,7.92718,1.05148,3.11208
-2.92,11.2258,0.161987,7.83064,1.04634,3.11208
-2.88,11.1423,0.170015,7.73381,1.04115,3.11208
-2.84,11.0582,0.178139,7.63679,1.0359,3.11208
-2.8,10.9735,0.186354,7.53968,1.03062,3.11208
-2.76,10.8885,0.194653,7.44257,1.02529,3.11208
-2.72,10.8031,0.203031,7.34555,1.01993,3.11208
-2.68,10.7173,0.211484,7.2487,1.01453,3.11208
-2.64,10.6313,0.220006,7.15207,1.0091,3.11208
-2.6,10.5452,0.228594,7.05575,1.00365,3.11208
-2.56,10.4588,0.237243,6.95979,0.998171,3.11208
-2.52,10.3724,0.24595,6.86425,0.992672,3.11208
-2.48,10.2859,0.25471,6.76917,0.987155,3.11208
-2.44,10.1994,0.263522,6.6746,0.981621,3.11208
-2.4,10.1128,0.272381,6.58058,0.976072,3.11208
-2.36,10.0264,0.281286,6.48715,0.970512,3.11208
-2.32,9.94,0.290233,6.39434,0.964941,3.11208
-2.28,9.85373,0.29922,6.30219,0.959361,3.11208
-2.24,9.76758,0.308245,6.21072,0.953775,3.11208
-2.2,9.6816,0.317306,6.11995,0.948183,3.11208
-2.16,9.5958,0.3264,6.02991,0.942586,3.11208
-2.12,9.5102,0.335526,5.94063,0.936988,3.11208
-2.08,9.42483,0.344682,5.85211,0.931387,3.11208
-2.04,9.3397,0.353866,5.76438,0.925787,3.11208
-2,9.25483,0.363078,5.67745,0.920187,3.11208
-1.96,9.17024,0.372314,5.59134,0.914589,3.11208
-1.92,9.08594,0.381575,5.50604,0.908994,3.11208
-1.88,9.00195,0.390858,5.42159,0.903403,3.11208
-1.84,8.91828,0.400162,5.33798,0.897816,3.11208
-1.8,8.83494,0.409486,5.25523,0.892235,3.11208
-1.76,8.75195,0.41883,5.17334,0.886661,3.11208
-1.72,8.66932,0.428191,5.09232,0.881094,3.11208
-1.68,8.58705,0.437568,5.01217,0.875534,3.11208
-1.64,8.50517,0.446961,4.93291,0.869984,3.11208
-1.6,8.42368,0.456368,4.85453,0.864443,3.11208
-1.56,8.34259,0.465788,4.77703,0.858912,3.11208
-1.52,8.26191,0.47522,4.70044,0.853393,3.11208
-1.48,8.18165,0.484663,4.62473,0.847885,3.11208
-1.44,8.10182,0.494116,4.54993,0.84239,3.11208
-1.4,8.02244,0.503577,4.47603,0.836909,3.11208
-1.36,7.94351,0.513045,4.40304,0.831441,3.11208
-1.32,7.86505,0.522518,4.33096,0.825989,3.11208
-1.28,7.78706,0.531996,4.25979,0.820552,3.11208
-1.24,7.70956,0.541475,4.18955,0.815133,3.11208
-1.2,7.63257,0.550956,4.12022,0.809732,3.11208
-1.16,7.5561,0.560434,4.05183,0.80435,3.11208
-1.12,7.48016,0.569908,3.98438,0.798989,3.11208
-1.08,7.40478,0.579376,3.91787,0.79365,3.11208
-1.04,7.32997,0.588833,3.85231,0.788334,3.11208
-1,7.25577,0.598278,3.78773,0.783045,3.11208
-0.96,7.1822,0.607704,3.72413,0.777783,3.11208
-0.92,7.10929,0.617108,3.66154,0.772553,3.11208
-0.88,7.03709,0.626484,3.59997,0.767356,3.11208
-0.84,6.96565,0.635824,3.53946,0.762197,3.11208
-0.8,6.89501,0.645119,3.48005,0.75708,3.11208
-0.76,6.82526,0.65436,3.42178,0.752011,3.11208
-0.72,6.75648,0.663533,3.36471,0.746996,3.11208
-0.68,6.68878,0.672622,3.30892,0.742045,3.11208
-0.64,6.6223,0.681607,3.25449,0.737166,3.11208
-0.6,6.5572,0.690462,3.20155,0.732375,3.11208
-0.56,6.49371,0.699154,3.15026,0.727687,3.11208
-0.52,6.4321,0.707643,3.1008,0.723124,3.11208
-0.48,6.37271,0.715876,3.05343,0.718712,3.11208
-0.44,6.316,0.723786,3.00847,0.714487,3.11208
-0.4,6.26251,0.73129,2.96631,0.710492,3.11208
-0.36,6.21292,0.738284,2.92743,0.706777,3.11208
-0.32,6.168,0.744651,2.8924,0.703406,3.11208
-0.28,6.12858,0.750263,2.86181,0.700441,3.11208
-0.24,6.0954,0.755004,2.83616,0.697943,3.11208
-0.2,6.06891,0.758797,2.81577,0.695949,3.11208
-0.16,6.04899,0.76165,2.80049,0.694453,3.11208
-0.12,6.03486,0.763669,2.78971,0.693398,3.11208
-0.08,6.02521,0.765041,2.78238,0.692684,3.11208
-0.04,6.01859,0.765973,2.77739,0.692203,3.11208
0,6.01386,0.766628,2.77386,0.691867,3.11208
0.04,6.01032,0.767109,2.77126,0.691624,3.11208
0.08,6.00761,0.76747,2.76928,0.691444,3.11208
0.12,6.00547,0.767746,2.76776,0.69131,3.11208
0.16,6.00377,0.767958,2.76657,0.691209,3.11208
0.2,6.00237,0.768123,2.76563,0.691134,3.11208
0.24,6.00121,0.768254,2.76487,0.691078,3.11208
0.28,6.00022,0.768358,2.76425,0.691036,3.11208
0.32,5.99937,0.768441,2.76373,0.691006,3.11208
0.36,5.99861,0.768509,2.7633,0.690984,3.11208
0.4,5.99792,0.768565,2.76292,0.69097,3.11208
0.44,5.9973,0.768611,2.7626,0.690962,3.11208
0.48,5.99671,0.768649,2.76232,0.690958,3.11208
0.52,5.99615,0.768682,2.76206,0.690959,3.11208
0.56,5.99562,0.768709,2.76183,0.690963,3.11208
0.6,5.9951,0.768733,2.76162,0.69097,3.11208
0.64,5.99459,0.768753,2.76143,0.69098,3.11208
0.68,5.99408,0.768771,2.76125,0.690993,3.11208
0.72,5.99358,0.768786,2.76108,0.691009,3.11208
0.76,5.99307,0.768799,2.76092,0.691027,3.11208
0.8,5.99255,0.768811,2.76076,0.691048,3.11208
0.84,5.99203,0.768821,2.76061,0.691071,3.11208
0.88,5.9915,0.768829,2.76047,0.691097,3.11208
0.92,5.99095,0.768837,2.76033,0.691126,3.11208
0.96,5.99038,0.768843,2.7602,0.691158,3.11208
1,5.98979,0.768848,2.76007,0.691193,3.11208
1.04,5.98918,0.768853,2.75994,0.691232,3.11208
1.08,5.98854,0.768856,2.75982,0.691275,3.11208
1.12,5.98787,0.768859,2.75969,0.691322,3.11208
1.16,5.98715,0.768861,2.75957,0.691374,3.11208
1.2,5.98638,0.768862,2.75946,0.691434,3.11208
1.24,5.98553,0.768862,2.75934,0.691502,3.11208
1.28,5.98458,0.768862,2.75922,0.691583,3.11208
1.32,5.98348,0.768861,2.75911,0.691681,3.11208
1.36,5.98216,0.76886,2.75899,0.691804,3.11208
1.4,5.98052,0.768858,2.75888,0.691966,3.11208
1.44,5.97839,0.768855,2.75876,0.692184,3.11208
1.48,5.97555,0.768852,2.75865,0.692485,3.11208
1.52,5.97166,0.768848,2.75854,0.692908,3.11208
1.56,5.96627,0.768844,2.75843,0.693505,3.11208
1.6,5.95878,0.768839,2.75831,0.694348,3.11208
1.64,5.94842,0.768833,2.7582,0.695529,3.11208
1.68,5.93422,0.768827,2.75809,0.697165,3.11208
1.72,5.91501,0.768821,2.75798,0.699402,3.11208
1.76,5.88942,0.768814,2.75786,0.702412,3.11208
1.8,5.85594,0.768806,2.75775,0.706399,3.11208
1.84,5.81294,0.768798,2.75764,0.711595,3.11208
1.88,5.75877,0.768789,2.75753,0.718259,3.11208
1.92,5.69186,0.76878,2.75742,0.726674,3.11208
1.96,5.61082,0.768771,2.75731,0.73714,3.11208
2,5.5146,0.76876,2.7572,0.749972,3.11208
2.04,5.40259,0.76875,2.75709,0.765492,3.11208
2.08,5.2747,0.768739,2.75698,0.784021,3.11208
2.12,5.13149,0.768727,2.75688,0.805871,3.11208
2.16,4.97416,0.768715,2.75677,0.831329,3.11208
2.2,4.80456,0.768703,2.75667,0.860643,3.11208
2.24,4.62511,0.76869,2.75658,0.894004,3.11208
2.28,4.4387,0.768677,2.75648,0.931517,3.11208
2.32,4.24854,0.768663,2.75639,0.973178,3.11208
2.36,4.05799,0.768649,2.7563,1.01884,3.11208
2.4,3.87041,0.768634,2.75621,1.06819,3.11208
2.44,3.68893,0.768619,2.75613,1.1207,3.11208
2.48,3.51635,0.768604,2.75605,1.17567,3.11208
2.52,3.35498,0.768588,2.75597,1.23219,3.11208
2.56,3.2066,0.768572,2.7559,1.28917,3.11208
2.6,3.07239,0.768555,2.75582,1.34544,3.11208
2.64,2.95297,0.768538,2.75575,1.39982,3.11208
2.68,2.84839,0.768521,2.75568,1.45117,3.11208
2.72,2.75826,0.768503,2.75561,1.49856,3.11208
2.76,2.68179,0.768485,2.75554,1.54125,3.11208
2.8,2.6179,0.768466,2.75547,1.57882,3.11208
2.84,2.56533,0.768447,2.7554,1.61114,3.11208
2.88,2.52273,0.768427,2.75533,1.6383,3.11208
2.92,2.48871,0.768407,2.75525,1.66065,3.11208
2.96,2.46195,0.768386,2.75518,1.67866,3.11208
3,2.4412,0.768365,2.75511,1.69289,3.11208
3.04,2.42533,0.768343,2.75504,1.70391,3.11208
3.08,2.41338,0.768321,2.75496,1.71231,3.11208
3.12,2.40449,0.768298,2.75488,1.71859,3.11208
3.16,2.39797,0.768275,2.75481,1.72321,3.11208
3.2,2.39326,0.768252,2.75473,1.72656,3.11208
3.24,2.38989,0.768227,2.75465,1.72894,3.11208
3.28,2.38751,0.768203,2.75456,1.73061,3.11208
3.32,2.38584,0.768177,2.75448,1.73176,3.11208
3.36,2.38469,0.768151,2.75439,1.73254,3.11208
3.4,2.3839,0.768125,2.7543,1.73306,3.11208
3.44,2.38336,0.768097,2.75421,1.7334,3.11208
3.48,2.38298,0.768069,2.75412,1.73361,3.11208
3.52,2.38272,0.768041,2.75402,1.73374,3.11208
3.56,2.38254,0.768012,2.75392,1.73382,3.11208
3.6,2.3824,0.767981,2.75382,1.73385,3.11208
3.64,2.38229,0.767951,2.75372,1.73387,3.11208
3.68,2.38221,0.767919,2.75361,1.73386,3.11208
3.72,2.38213,0.767887,2.75351,1.73385,3.11208
3.76,2.38206,0.767853,2.75339,1.73383,3.11208
3.8,2.38199,0.767819,2.75328,1.73381,3.11208
3.84,2.38193,0.767784,2.75316,1.73378,3.11208
3.88,2.38186,0.767747,2.75304,1.73375,3.11208
3.92,2.38179,0.76771,2.75292,1.73372,3.11208
3.96,2.38173,0.767672,2.75279,1.73369,3.11208
4,2.38166,0.767632,2.75266,1.73366,3.11208
4.04,2.38158,0.767591,2.75252,1.73363,3.11208
4.08,2.38151,0.767549,2.75238,1.73359,3.11208
4.12,2.38143,0.767506,2.75224,1.73356,3.11208
4.16,2.38135,0.767461,2.75209,1.73352,3.11208
4.2,2.38127,0.767414,2.75193,1.73348,3.11208
4.24,2.38119,0.767366,2.75177,1.73344,3.11208
4.28,2.3811,0.767316,2.75161,1.7334,3.11208
4.32,2.38101,0.767264,2.75143,1.73336,3.11208
4.36,2.38091,0.767209,2.75125,1.73332,3.11208
4.4,2.38081,0.767151,2.75106,1.73327,3.11208
4.44,2.3807,0.767089,2.75085,1.73322,3.11208
4.48,2.38058,0.76702,2.75062,1.73316,3.11208
4.52,2.38045,0.766942,2.75036,1.7331,3.11208
4.56,2.38028,0.766847,2.75005,1.73302,3.11208
4.6,2.38007,0.766726,2.74965,1.73292,3.11208
4.64,2.37978,0.766558,2.74909,1.73278,3.11208
4.68,2.37935,0.766309,2.74827,1.73257,3.11208
4.72,2.37868,0.765917,2.74697,1.73225,3.11208
4.76,2.37757,0.765271,2.74484,1.73171,3.11208
4.8,2.37569,0.764174,2.74122,1.7308,3.11208
4.84,2.37243,0.762273,2.73497,1.72922,3.11208
4.88,2.36674,0.758946,2.72405,1.72645,3.11208
4.92,2.35678,0.753101,2.70495,1.7216,3.11208
4.96,2.33939,0.742857,2.67176,1.71311,3.11208
5,2.30945,0.725072,2.61493,1.69842,3.11208
5.04,2.25916,0.6948,2.52054,1.67355,3.11208
5.08,2.17844,0.645116,2.37178,1.63313,3.11208
5.12,2.05829,0.568566,2.15683,1.57181,3.11208
5.16,1.89934,0.462248,1.88493,1.48862,3.11208
5.2,1.72159,0.336005,1.59859,1.39284,3.11208
5.24,1.56039,0.21416,1.35601,1.30353,3.11208
5.28,1.44302,0.120543,1.19001,1.237,3.11208
5.32,1.37218,0.0617964,1.09421,1.19614,3.11208
5.36,1.33462,0.0299053,1.04477,1.17423,3.11208
5.4,1.31617,0.0140313,1.02082,1.16339,3.11208
5.44,1.30746,0.00648345,1.00958,1.15825,3.11208
5.48,1.30342,0.00297428,1.00439,1.15587,3.11208
5.52,1.30156,0.00135992,1.002,1.15477,3.11208
5.56,1.30071,0.000620859,1.00091,1.15427,3.11208
5.6,1.30033,0.000283258,1.00042,1.15404,3.11208
5.64,1.30015,0.000129195,1.00019,1.15393,3.11208
5.68,1.30007,5.89193e-05,1.00009,1.15389,3.11208
5.72,1.30003,2.68685e-05,1.00004,1.15386,3.11208
5.76,1.30001,1.22522e-05,1.00002,1.15385,3.11208
5.8,1.30001,5.58682e-06,1.00001,1.15385,3.11208
5.84,1.3,2.54737e-06,1,1.15385,3.11208
5.88,1.3,1.1614e-06,1,1.15385,3.11208
5.92,1.3,5.29446e-07,1,1.15385,3.11208
5.96,1.3,2.4132e-07,1,1.15385,3.11208
6,1.3,1.0997e-07,1,1.15385,3.11208
6.04,1.3,5.01011e-08,1,1.15385,3.11208
6.08,1.3,2.28181e-08,1,1.15385,3.11208
6.12,1.3,1.03883e-08,1,1.15385,3.11208
6.16,1.3,4.72724e-09,1,1.15385,3.11208
6.2,1.3,2.14998e-09,1,1.15385,3.11208
6.24,1.3,9.772e-10,1,1.15385,3.11208
6.28,1.3,4.43826e-10,1,1.15385,3.11208
6.32,1.3,2.01407e-10,1,1.15385,3.11208
6.36,1.3,9.13107e-11,1,1.15385,3.11208
6.4,1.3,4.13523e-11,1,1.15385,3.11208
6.44,1.3,1.87049e-11,1,1.15385,3.11208
6.48,1.3,8.44946e-12,1,1.15385,3.11208
6.52,1.3,3.81102e-12,1,1.15385,3.11208
6.56,1.3,1.71595e-12,1,1.15385,3.11208
6.6,1.3,7.71249e-13,1,1.15385,3.11208
6.64,1.3,3.45974e-13,1,1.15385,3.11208
6.68,1.3,1.54801e-13,1,1.15385,3.11208
6.72,1.3,6.9025e-14,1,1.15385,3.11208
6.76,1.3,3.05789e-14,1,1.15385,3.11208
6.8,1.3,1.33841e-14,1,1.15385,3.11208
6.84,1.3,5.71825e-15,1,1.15385,3.11208
6.88,1.3,2.19102e-15,1,1.15385,3.11208
6.92,1.3,5.69757e-16,1,1.15385,3.11208
6.96,1.3,6.94071e-17,1,1.15385,3.11208
7,1.3,7.8269e-18,1,1.15385,3.11208
7.04,1.3,8.65162e-19,1,1.15385,3.11208
7.08,1.3,9.5513e-20,1,1.15385,3.11208
7.12,1.3,1.05305e-20,1,1.15385,3.11208
7.16,1.3,1.15717e-21,1,1.15385,3.11208
7.2,1.3,1.26749e-22,1,1.15385,3.11208
7.24,1.3,1.38521e-23,1,1.15385,3.11208
7.28,1.3,1.51194e-24,1,1.15385,3.11208
7.32,1.3,1.64931e-25,1,1.15385,3.11208
7.36,1.3,1.79882e-26,1,1.15385,3.11208
7.4,1.3,1.96182e-27,1,1.15385,3.11208
7.44,1.3,2.1395e-28,1,1.15385,3.11208
7.48,1.3,2.33311e-29,1,1.15385,3.11208
7.52,1.3,2.54393e-30,1,1.15385,3.11208
7.56,1.3,2.77339e-31,1,1.15385,3.11208
7.6,1.3,3.02298e-32,1,1.15385,3.11208
7.64,1.3,3.29424e-33,1,1.15385,3.11208
7.68,1.3,3.58873e-34,1,1.15385,3.11208
7.72,1.3,3.908e-35,1,1.15385,3.11208
7.76,1.3,4.25358e-36,1,1.15385,3.11208
7.8,1.3,4.62696e-37,1,1.15385,3.11208
7.84,1.3,5.02955e-38,1,1.15385,3.11208
7.88,1.3,5.46274e-39,1,1.15385,3.11208
7.92,1.3,5.92781e-40,1,1.15385,3.11208
7.96,1.3,6.42601e-41,1,1.15385,3.11208
8,1.3,6.95857e-42,1,1.15385,3.11208
8.04,1.3,7.52672e-43,1,1.15385,3.11208
8.08,1.3,8.13179e-44,1,1.15385,3.11208
8.12,1.3,8.77523e-45,1,1.15385,3.11208
8.16,1.3,9.45866e-46,1,1.15385,3.11208
8.2,1.3,1.0184e-46,1,1.15385,3.11208
8.24,1.3,1.09533e-47,1,1.15385,3.11208
8.28,1.3,1.1769e-48,1,1.15385,3.11208
8.32,1.3,1.26339e-49,1,1.15385,3.11208
8.36,1.3,1.35509e-50,1,1.15385,3.11208
8.4,1.3,1.45231e-51,1,1.15385,3.11208
8.44,1.3,1.5554e-52,1,1.15385,3.11208
8.48,1.3,1.66469e-53,1,1.15385,3.11208
8.52,1.3,1.78051e-54,1,1.15385,3.11208
8.56,1.3,1.90321e-55,1,1.15385,3.11208
8.6,1.3,2.03308e-56,1,1.15385,3.11208
8.64,1.3,2.17043e-57,1,1.15385,3.11208
8.68,1.3,2.31551e-58,1,1.15385,3.11208
8.72,1.3,2.46856e-59,1,1.15385,3.11208
8.76,1.3,2.62977e-60,1,1.15385,3.11208
8.8,1.3,2.79931e-61,1,1.15385,3.11208
8.84,1.3,2.9773e-62,1,1.15385,3.11208
8.88,1.3,3.16384e-63,1,1.15385,3.11208
8.92,1.3,3.35899e-64,1,1.15385,3.11208
8.96,1.3,3.56279e-65,1,1.15385,3.11208
9,1.3,3.77526e-66,1,1.15385,3.11208
9.04,1.3,3.99638e-67,1,1.15385,3.11208
9.08,1.3,4.22613e-68,1,1.15385,3.11208
9.12,1.3,4.46446e-69,1,1.15385,3.11208
9.16,1.3,4.71129e-70,1,1.15385,3.11208
9.2,1.3,4.96653e-71,1,1.15385,3.11208
9.24,1.3,5.23005e-72,1,1.15385,3.11208
9.28,1.3,5.50166e-73,1,1.15385,3.11208
9.32,1.3,5.78117e-74,1,1.15385,3.11208
9.36,1.3,6.06829e-75,1,1.15385,3.11208
9.4,1.3,6.3627e-76,1,1.15385,3.11208
9.44,1.3,6.66397e-77,1,1.15385,3.11208
9.48,1.3,6.97162e-78,1,1.15385,3.11208
9.52,1.3,7.28507e-79,1,1.15385,3.11208
9.56,1.3,7.60363e-80,1,1.15385,3.11208
9.6,1.3,7.92656e-81,1,1.15385,3.11208
9.64,1.3,8.25297e-82,1,1.15385,3.11208
9.68,1.3,8.58192e-83,1,1.15385,3.11208
9.72,1.3,8.91237e-84,1,1.15385,3.11208
9.76,1.3,9.24322e-85,1,1.15385,3.11208
9.8,1.3,9.5733e-86,1,1.15385,3.11208
9.84,1.3,9.90138e-87,1,1.15385,3.11208
9.88,1.3,1.02263e-87,1,1.15385,3.11208
9.92,1.3,1.0558e-88,1,1.15385,3.11208
9.96,1.3,1.1978e-89,1,1.15385,3.11208
10,1.3,1.1978e-89,1,1.15385,3.11208
-10,13,8.29183e-89,10,1.15385,3.20484
-9.96,13,8.29183e-89,10,1.15385,3.20484
-9.92,13,6.79941e-88,10,1.15385,3.20484
-9.88,13,6.16265e-87,10,1.15385,3.20484
-9.84,13,5.58455e-86,10,1.15385,3.20484
-9.8,13,5.05348e-85,10,1.15385,3.20484
-9.76,13,4.56645e-84,10,1.15385,3.20484
-9.72,13,4.12064e-83,10,1.15385,3.20484
-9.68,13,3.71329e-82,10,1.15385,3.20484
-9.64,13,3.34175e-81,10,1.15385,3.20484
-9.6,13,3.00343e-80,10,1.15385,3.20484
-9.56,13,2.69586e-79,10,1.15385,3.20484
-9.52,13,2.4167e-78,10,1.15385,3.20484
-9.48,13,2.16369e-77,10,1.15385,3.20484
-9.44,13,1.93473e-76,10,1.15385,3.20484
-9.4,13,1.72781e-75,10,1.15385,3.20484
-9.36,13,1.54106e-74,10,1.15385,3.20484
-9.32,13,1.37274e-73,10,1.15385,3.20484
-9.28,13,1.22123e-72,10,1.15385,3.20484
-9.24,13,1.085e-71,10,1.15385,3.20484
-9.2,13,9.62675e-71,10,1.15385,3.20484
-9.16,13,8.52967e-70,10,1.15385,3.20484
-9.12,13,7.54696e-69,10,1.15385,3.20484
-9.08,13,6.66783e-68,10,1.15385,3.20484
-9.04,13,5.88239e-67,10,1.15385,3.20484
-9,13,5.18161e-66,10,1.15385,3.20484
-8.96,13,4.55726e-65,10,1.15385,3.20484
-8.92,13,4.00184e-64,10,1.15385,3.20484
-8.88,13,3.5085e-63,10,1.15385,3.20484
-8.84,13,3.07103e-62,10,1.15385,3.20484
-8.8,13,2.68378e-61,10,1.15385,3.20484
-8.76,13,2.34157e-60,10,1.15385,3.20484
-8.72,13,2.03974e-59,10,1.15385,3.20484
-8.68,13,1.774e-58,10,1.15385,3.20484
-8.64,13,1.54049e-57,10,1.15385,3.20484
-8.6,13,1.33568e-56,10,1.15385,3.20484
-8.56,13,1.15638e-55,10,1.15385,3.20484
-8.52,13,9.99696e-55,10,1.15385,3.20484
-8.48,13,8.63021e-54,10,1.15385,3.20484
-8.44,13,7.43999e-53,10,1.15385,3.20484
-8.4,13,6.40518e-52,10,1.15385,3.20484
-8.36,13,5.50686e-51,10,1.15385,3.20484
-8.32,13,4.72817e-50,10,1.15385,3.20484
-8.28,13,4.05411e-49,10,1.15385,3.20484
-8.24,13,3.47139e-48,10,1.15385,3.20484
-8.2,13,2.96831e-47,10,1.15385,3.20484
-8.16,13,2.53453e-46,10,1.15385,3.20484
-8.12,13,2.161e-45,10,1.15385,3.20484
-8.08,13,1.8398e-44,10,1.15385,3.20484
-8.04,13,1.56398e-43,10,1.15385,3.20484
-8,13,1.32748e-42,10,1.15385,3.20484
-7.96,13,1.12503e-41,10,1.15385,3.20484
-7.92,13,9.52007e-41,10,1.15385,3.20484
-7.88,13,8.0439e-40,10,1.15385,3.20484
-7.84,13,6.78673e-39,10,1.15385,3.20484
-7.8,13,5.71796e-38,10,1.15385,3.20484
-7.76,13,4.81095e-37,10,1.15385,3.20484
-7.72,13,4.0425e-36,10,1.15385,3.20484
-7.68,13,3.39244e-35,10,1.15385,3.20484
-7.64,13,2.84331e-34,10,1.15385,3.20484
-7.6,13,2.38e-33,10,1.15385,3.20484
-7.56,13,1.98955e-32,10,1.15385,3.20484
-7.52,13,1.66084e-31,10,1.15385,3.20484
-7.48,13,1.38442e-30,10,1.15385,3.20484
-7.44,13,1.15224e-29,10,1.15385,3.20484
-7.4,13,9.57492e-29,10,1.15385,3.20484
-7.36,13,7.94391e-28,10,1.15385,3.20484
-7.32,13,6.58029e-27,10,1.15385,3.20484
-7.28,13,5.44254e-26,10,1.15385,3.20484
-7.24,13,4.49553e-25,10,1.15385,3.20484
-7.2,13,3.70954e-24,10,1.15385,3.20484
-7.16,13,3.05912e-23,10,1.15385,3.20484
-7.12,13,2.52199e-22,10,1.15385,3.20484
-7.08,13,2.07827e-21,10,1.15385,3.20484
-7.04,13,1.7107e-20,10,1.15385,3.20484
-7,13,1.4058e-19,10,1.15385,3.20484
-6.96,13,1.15287e-18,10,1.15385,3.20484
-6.92,13,9.37058e-18,10,1.15385,3.20484
-6.88,13,7.54966e-17,10,1.15385,3.20484
-6.84,13,5.23877e-16,10,1.15385,3.20484
-6.8,13,1.87107e-15,10,1.15385,3.20484
-6.76,13,4.49815e-15,10,1.15385,3.20484
-6.72,13,9.25009e-15,10,1.15385,3.20484
-6.68,13,1.82731e-14,10,1.15385,3.20484
-6.64,13,3.56612e-14,10,1.15385,3.20484
-6.6,13,6.88329e-14,10,1.15385,3.20484
-6.56,13,1.31664e-13,10,1.15385,3.20484
-6.52,13,2.50188e-13,10,1.15385,3.20484
-6.48,13,4.72277e-13,10,1.15385,3.20484
-6.44,13,8.85003e-13,10,1.15385,3.20484
-6.4,13,1.64681e-12,10,1.15385,3.20484
-6.36,13,3.04338e-12,10,1.15385,3.20484
-6.32,13,5.58518e-12,10,1.15385,3.20484
-6.28,13,1.0179e-11,10,1.15385,3.20484
-6.24,13,1.84228e-11,10,1.15385,3.20484
-6.2,13,3.31103e-11,10,1.15385,3.20484
-6.16,13,5.90899e-11,10,1.15385,3.20484
-6.12,13,1.04711e-10,10,1.15385,3.20484
-6.08,13,1.84237e-10,10,1.15385,3.20484
-6.04,13,3.21851e-10,10,1.15385,3.20484
-6,13,5.5822e-10,10,1.15385,3.20484
-5.96,13,9.61194e-10,10,1.15385,3.20484
-5.92,13,1.64306e-09,10,1.15385,3.20484
-5.88,13,2.78813e-09,10,1.15385,3.20484
-5.84,13,4.69645e-09,10,1.15385,3.20484
-5.8,13,7.85247e-09,10,1.15385,3.20484
-5.76,13,1.30317e-08,10,1.15385,3.20484
-5.72,13,2.14653e-08,10,1.15385,3.20484
-5.68,13,3.50906e-08,10,1.15385,3.20484
-5.64,13,5.69303e-08,10,1.15385,3.20484
-5.6,13,9.16589e-08,10,1.15385,3.20484
-5.56,13,1.46441e-07,10,1.15385,3.20484
-5.52,13,2.3216e-07,10,1.15385,3.20484
-5.48,13,3.65196e-07,9.99999,1.15385,3.20484
-5.44,13,5.69976e-07,9.99999,1.15385,3.20484
-5.4,13,8.82589e-07,9.99999,1.15385,3.20484
-5.36,13,1.35584e-06,9.99998,1.15385,3.20484
-5.32,13,2.06626e-06,9.99997,1.15384,3.20484
-5.28,13,3.12365e-06,9.99995,1.15384,3.20484
-5.24,12.9999,4.68404e-06,9.99993,1.15384,3.20484
-5.2,12.9999,6.96681e-06,9.9999,1.15384,3.20484
-5.16,12.9999,1.02773e-05,9.99985,1.15384,3.20484
-5.12,12.9998,1.50361e-05,9.99978,1.15384,3.20484
-5.08,12.9997,2.18161e-05,9.99968,1.15383,3.20484
-5.04,12.9996,3.1389e-05,9.99954,1.15382,3.20484
-5,12.9995,4.47834e-05,9.99934,1.15382,3.20484
-4.96,12.9993,6.33536e-05,9.99907,1.1538,3.20484
-4.92,12.999,8.88622e-05,9.99869,1.15379,3.20484
-4.88,12.9986,0.000123575,9.99818,1.15376,3.20484
-4.84,12.998,0.000170371,9.99749,1.15373,3.20484
-4.8,12.9973,0.000232856,9.99657,1.15369,3.20484
-4.76,12.9964,0.000315494,9.99536,1.15363,3.20484
-4.72,12.9951,0.000423731,9.99376,1.15356,3.20484
-4.68,12.9935,0.000564121,9.9917,1.15346,3.20484
-4.64,12.9915,0.000744437,9.98905,1.15334,3.20484
-4.6,12.9888,0.000973763,9.98567,1.15318,3.20484
-4.56,12.9855,0.00126255,9.98143,1.15299,3.20484
-4.52,12.9814,0.00162262,9.97614,1.15274,3.20484
-4.48,12.9763,0.00206715,9.96961,1.15244,3.20484
-4.44,12.97,0.00261057,9.96163,1.15207,3.20484
-4.4,12.9625,0.00326838,9.95198,1.15163,3.20484
-4.36,12.9535,0.00405694,9.94042,1.15109,3.20484
-4.32,12.9428,0.00499319,9.92671,1.15046,3.20484
-4.28,12.9302,0.00609431,9.91061,1.14971,3.20484
-4.24,12.9155,0.00737733,9.89187,1.14884,3.20484
-4.2,12.8985,0.00885877,9.87027,1.14783,3.20484
-4.16,12.8792,0.0105543,9.84559,1.14669,3.20484
-4.12,12.8572,0.0124781,9.81765,1.14538,3.20484
-4.08,12.8326,0.0146431,9.78627,1.14392,3.20484
-4.04,12.8051,0.0170601,9.75135,1.14228,3.20484
-4,12.7747,0.0197378,9.71276,1.14047,3.20484
-3.96,12.7413,0.0226829,9.67047,1.13848,3.20484
-3.92,12.7048,0.0258999,9.62444,1.13631,3.20484
-3.88,12.6654,0.0293907,9.57468,1.13396,3.20484
-3.84,12.6229,0.0331555,9.52125,1.13142,3.20484
-3.8,12.5775,0.0371923,9.46422,1.12871,3.20484
-3.76,12.5292,0.0414972,9.40371,1.12582,3.20484
-3.72,12.4781,0.046065,9.33983,1.12275,3.20484
-3.68,12.4242,0.0508888,9.27275,1.11952,3.20484
-3.64,12.3678,0.0559609,9.20262,1.11612,3.20484
-3.6,12.3088,0.0612723,9.12964,1.11257,3.20484
-3.56,12.2475,0.0668138,9.054,1.10888,3.20484
-3.52,12.184,0.0725752,8.97587,1.10504,3.20484
-3.48,12.1184,0.0785464,8.89547,1.10107,3.20484
-3.44,12.0508,0.084717,8.81299,1.09698,3.20484
-3.4,11.9815,0.0910766,8.72862,1.09276,3.20484
-3.36,11.9104,0.0976151,8.64254,1.08844,3.20484
-3.32,11.8379,0.104322,8.55495,1.08402,3.20484
-3.28,11.7639,0.111189,8.46602,1.07949,3.20484
-3.24,11.6886,0.118205,8.3759,1.07488,3.20484
-3.2,11.6121,0.125361,8.28478,1.07019,3.20484
-3.16,11.5345,0.13265,8.19278,1.06542,3.20484
-3.12,11.456,0.140063,8.10005,1.06059,3.20484
-3.08,11.3766,0.147592,8.00673,1.05568,3.20484
-3.04,11.2964,0.155229,7.91294,1.05072,3.20484
-3,11.2156,0.162969,7.81878,1.0457,3.20484
-2.96,11.1341,0.170805,7.72438,1.04064,3.20484
-2.92,11.0521,0.17873,7.62982,1.03553,3.20484
-2.88,10.9696,0.186739,7.5352,1.03037,3.20484
-2.84,10.8868,0.194827,7.4406,1.02518,3.20484
-2.8,10.8036,0.202989,7.3461,1.01996,3.20484
-2.76,10.7201,0.21122,7.25177,1.0147,3.20484
-2.72,10.6363,0.219516,7.15767,1.00942,3.20484
-2.68,10.5524,0.227873,7.06387,1.00411,3.20484
-2.64,10.4684,0.236288,6.97041,0.998778,3.20484
-2.6,10.3843,0.244756,6.87736,0.993428,3.20484
-2.56,10.3001,0.253275,6.78475,0.988061,3.20484
-2.52,10.2159,0.261843,6.69262,0.982677,3.20484
-2.48,10.1317,0.270455,6.60102,0.977281,3.20484
-2.44,10.0476,0.279109,6.50998,0.971873,3.20484
-2.4,9.96352,0.287803,6.41953,0.966456,3.20484
-2.36,9.87956,0.296536,6.3297,0.96103,3.20484
-2.32,9.79573,0.305303,6.24052,0.955598,3.20484
-2.28,9.71204,0.314105,6.152,0.95016,3.20484
-2.24,9.62853,0.322938,6.06417,0.944719,3.20484
-2.2,9.54521,0.331801,5.97705,0.939275,3.20484
-2.16,9.46211,0.340693,5.89066,0.933829,3.20484
-2.12,9.37923,0.349612,5.80501,0.928383,3.20484
-2.08,9.29659,0.358556,5.72012,0.922938,3.20484
-2.04,9.21421,0.367524,5.63599,0.917494,3.20484
-2,9.13211,0.376515,5.55265,0.912053,3.20484
-1.96,9.0503,0.385528,5.47009,0.906615,3.20484
-1.92,8.96878,0.39456,5.38833,0.901182,3.20484
-1.88,8.88758,0.403612,5.30739,0.895753,3.20484
-1.84,8.8067,0.412683,5.22725,0.890331,3.20484
-1.8,8.72615,0.42177,5.14794,0.884915,3.20484
-1.76,8.64595,0.430873,5.06945,0.879506,3.20484
-1.72,8.56611,0.439991,4.99179,0.874106,3.20484
-1.68,8.48663,0.449123,4.91497,0.868714,3.20484
-1.64,8.40752,0.458268,4.83898,0.863331,3.20484
-1.6,8.3288,0.467425,4.76384,0.857958,3.20484
-1.56,8.25047,0.476592,4.68955,0.852596,3.20484
-1.52,8.17255,0.48577,4.6161,0.847246,3.20484
-1.48,8.09503,0.494956,4.54351,0.841907,3.20484
-1.44,8.01794,0.50415,4.47177,0.836582,3.20484
-1.4,7.94127,0.51335,4.40089,0.83127,3.20484
-1.36,7.86505,0.522555,4.33087,0.825972,3.20484
-1.32,7.78928,0.531764,4.26172,0.820689,3.20484
-1.28,7.71397,0.540975,4.19343,0.815423,3.20484
-1.24,7.63913,0.550186,4.12602,0.810174,3.20484
-1.2,7.56479,0.559396,4.05948,0.804942,3.20484
-1.16,7.49095,0.568602,3.99382,0.79973,3.20484
-1.12,7.41763,0.577803,3.92906,0.794539,3.20484
-1.08,7.34485,0.586995,3.8652,0.78937,3.20484
-1.04,7.27263,0.596175,3.80225,0.784224,3.20484
-1,7.201,0.60534,3.74022,0.779105,3.20484
-0.96,7.12998,0.614485,3.67913,0.774013,3.20484
-0.92,7.05962,0.623606,3.61901,0.768952,3.20484
-0.88,6.98994,0.632695,3.55986,0.763926,3.20484
-0.84,6.92101,0.641747,3.50174,0.758937,3.20484
-0.8,6.85288,0.650752,3.44467,0.75399,3.20484
-0.76,6.78563,0.659698,3.38871,0.749092,3.20484
-0.72,6.71934,0.668574,3.33391,0.744249,3.20484
-0.68,6.65412,0.677362,3.28035,0.73947,3.20484
-0.64,6.59013,0.686041,3.22813,0.734766,3.20484
-0.6,6.52752,0.694585,3.17738,0.73015,3.20484
-0.56,6.46653,0.702962,3.12824,0.725639,3.20484
-0.52,6.40743,0.711128,3.08093,0.721255,3.20484
-0.48,6.35058,0.71903,3.03569,0.717026,3.20484
-0.44,6.29643,0.726601,2.99285,0.712987,3.20484
-0.4,6.24552,0.733757,2.9528,0.70918,3.20484
-0.36,6.19852,0.740398,2.91602,0.705656,3.20484
-0.32,6.15618,0.746409,2.88304,0.702475,3.20484
-0.28,6.11927,0.751671,2.85443,0.699697,3.20484
-0.24,6.08844,0.75608,2.83062,0.697375,3.20484
-0.2,6.06401,0.759581,2.81182,0.695536,3.20484
-0.16,6.04576,0.762195,2.79784,0.694165,3.20484
-0.12,6.03284,0.764041,2.78798,0.693201,3.20484
-0.08,6.02398,0.765299,2.78126,0.692547,3.20484
-0.04,6.01785,0.766161,2.77664,0.692102,3.20484
0,6.01344,0.766773,2.77335,0.691788,3.20484
0.04,6.01012,0.767224,2.77091,0.69156,3.20484
0.08,6.00756,0.767564,2.76905,0.691391,3.20484
0.12,6.00554,0.767825,2.76761,0.691264,3.20484
0.16,6.00393,0.768026,2.76648,0.691169,3.20484
0.2,6.0026,0.768183,2.76559,0.691097,3.20484
0.24,6.0015,0.768307,2.76486,0.691043,3.20484
0.28,6.00056,0.768407,2.76427,0.691003,3.20484
0.32,5.99974,0.768487,2.76378,0.690973,3.20484
0.36,5.99902,0.768552,2.76336,0.690952,3.20484
0.4,5.99837,0.768606,2.763,0.690938,3.20484
0.44,5.99777,0.76865,2.76269,0.690929,3.20484
0.48,5.99721,0.768688,2.76242,0.690925,3.20484
0.52,5.99668,0.76872,2.76217,0.690925,3.20484
0.56,5.99617,0.768747,2.76195,0.690928,3.20484
0.6,5.99568,0.76877,2.76175,0.690934,3.20484
0.64,5.9952,0.76879,2.76156,0.690942,3.20484
0.68,5.99472,0.768808,2.76138,0.690953,3.20484
0.72,5.99424,0.768823,2.76122,0.690967,3.20484
0.76,5.99376,0.768837,2.76106,0.690983,3.20484
0.8,5.99328,0.768848,2.76091,0.691001,3.20484
0.84,5.99279,0.768859,2.76077,0.691022,3.20484
0.88,5.9923,0.768868,2.76063,0.691045,3.20484
0.92,5.99179,0.768875,2.7605,0.69107,3.20484
0.96,5.99126,0.768882,2.76037,0.691098,3.20484
1,5.99072,0.768888,2.76024,0.691129,3.20484
1.04,5.99016,0.768893,2.76012,0.691163,3.20484
1.08,5.98958,0.768897,2.76,0.6912,3.20484
1.12,5.98897,0.7689,2.75988,0.69124,3.20484
1.16,5.98833,0.768902,2.75976,0.691285,3.20484
1.2,5.98765,0.768904,2.75965,0.691335,3.20484
1.24,5.98692,0.768905,2.75954,0.691391,3.20484
1.28,5.98613,0.768906,2.75942,0.691455,3.20484
1.32,5.98524,0.768906,2.75931,0.691529,3.20484
1.36,5.98423,0.768905,2.7592,0.691618,3.20484
1.4,5.98304,0.768904,2.75909,0.691729,3.20484
1.44,5.98158,0.768902,2.75899,0.691871,3.20484
1.48,5.97972,0.7689,2.75888,0.692059,3.20484
1.52,5.97726,0.768897,2.75877,0.692316,3.20484
1.56,5.97395,0.768893,2.75866,0.692673,3.20484
1.6,5.9694,0.768889,2.75856,0.693175,3.20484
1.64,5.96311,0.768885,2.75845,0.693879,3.20484
1.68,5.95442,0.76888,2.75834,0.694865,3.20484
1.72,5.9425,0.768874,2.75824,0.696231,3.20484
1.76,5.92634,0.768868,2.75813,0.698103,3.20484
1.8,5.90472,0.768862,2.75802,0.700632,3.20484
1.84,5.87628,0.768855,2.75792,0.703996,3.20484
1.88,5.83951,0.768847,2.75781,0.708401,3.20484
1.92,5.79284,0.768839,2.7577,0.714081,3.20484
1.96,5.73471,0.768831,2.7576,0.721292,3.20484
2,5.66367,0.768822,2.75749,0.73031,3.20484
2.04,5.57852,0.768813,2.75739,0.74143,3.20484
2.08,5.47837,0.768803,2.75728,0.754956,3.20484
2.12,5.36281,0.768793,2.75718,0.771195,3.20484
2.16,5.23196,0.768782,2.75708,0.790453,3.20484
2.2,5.08654,0.768771,2.75698,0.813022,3.20484
2.24,4.92789,0.76876,2.75688,0.839167,3.20484
2.28,4.75794,0.768748,2.75679,0.869113,3.20484
2.32,4.57912,0.768735,2.7567,0.903022,3.20484
2.36,4.3943,0.768723,2.75661,0.940972,3.20484
2.4,4.20659,0.76871,2.75652,0.982929,3.20484
2.44,4.01923,0.768696,2.75644,1.02872,3.20484
2.48,3.83538,0.768682,2.75636,1.078,3.20484
2.52,3.65799,0.768668,2.75628,1.13024,3.20484
2.56,3.48967,0.768654,2.7562,1.18473,3.20484
2.6,3.33253,0.768639,2.75613,1.24056,3.20484
2.64,3.18821,0.768623,2.75606,1.29668,3.20484
2.68,3.05776,0.768608,2.75599,1.35196,3.20484
2.72,2.94168,0.768591,2.75592,1.40528,3.20484
2.76,2.84001,0.768575,2.75585,1.45555,3.20484
2.8,2.7523,0.768558,2.75578,1.5019,3.20484
2.84,2.67779,0.768541,2.75572,1.54365,3.20484
2.88,2.61543,0.768523,2.75565,1.58042,3.20484
2.92,2.56402,0.768505,2.75558,1.61207,3.20484
2.96,2.52224,0.768486,2.75552,1.63874,3.20484
3,2.48878,0.768467,2.75545,1.66073,3.20484
3.04,2.46236,0.768447,2.75538,1.6785,3.20484
3.08,2.4418,0.768428,2.75531,1.69259,3.20484
3.12,2.42602,0.768407,2.75524,1.70356,3.20484
3.16,2.41406,0.768386,2.75517,1.71195,3.20484
3.2,2.40514,0.768365,2.7551,1.71826,3.20484
3.24,2.39856,0.768343,2.75503,1.72293,3.20484
3.28,2.39377,0.768321,2.75495,1.72633,3.20484
3.32,2.39033,0.768298,2.75488,1.72877,3.20484
3.36,2.38788,0.768275,2.7548,1.73049,3.20484
3.4,2.38616,0.768251,2.75472,1.73168,3.20484
3.44,2.38497,0.768227,2.75464,1.7325,3.20484
3.48,2.38414,0.768202,2.75455,1.73305,3.20484
3.52,2.38357,0.768177,2.75447,1.73341,3.20484
3.56,2.38318,0.768151,2.75438,1.73364,3.20484
3.6,2.3829,0.768124,2.75429,1.73378,3.20484
3.64,2.38271,0.768097,2.7542,1.73387,3.20484
3.68,2.38257,0.768069,2.75411,1.73391,3.20484
3.72,2.38246,0.76804,2.75401,1.73393,3.20484
3.76,2.38237,0.768011,2.75391,1.73393,3.20484
3.8,2.38229,0.767981,2.75381,1.73392,3.20484
3.84,2.38223,0.76795,2.75371,1.73391,3.20484
3.88,2.38216,0.767918,2.7536,1.73389,3.20484
3.92,2.3821,0.767886,2.7535,1.73387,3.20484
3.96,2.38204,0.767852,2.75338,1.73384,3.20484
4,2.38198,0.767818,2.75327,1.73381,3.20484
4.04,2.38191,0.767782,2.75315,1.73378,3.20484
4.08,2.38185,0.767746,2.75303,1.73376,3.20484
4.12,2.38178,0.767708,2.7529,1.73373,3.20484
4.16,2.38172,0.76767,2.75278,1.73369,3.20484
4.2,2.38165,0.76763,2.75264,1.73366,3.20484
4.24,2.38157,0.767589,2.75251,1.73363,3.20484
4.28,2.3815,0.767547,2.75237,1.73359,3.20484
4.32,2.38142,0.767503,2.75222,1.73356,3.20484
4.36,2.38134,0.767458,2.75207,1.73352,3.20484
4.4,2.38126,0.767411,2.75192,1.73348,3.20484
4.44,2.38117,0.767363,2.75175,1.73344,3.20484
4.48,2.38109,0.767312,2.75159,1.7334,3.20484
4.52,2.38099,0.767259,2.75141,1.73336,3.20484
4.56,2.38089,0.767202,2.75122,1.73331,3.20484
4.6,2.38079,0.767141,2.75102,1.73326,3.20484
4.64,2.38067,0.767074,2.75079,1.73321,3.20484
4.68,2.38053,0.766996,2.75054,1.73314,3.20484
4.72,2.38037,0.766901,2.75022,1.73306,3.20484
4.76,2.38015,0.766777,2.74981,1.73296,3.20484
4.8,2.37986,0.766604,2.74924,1.73282,3.20484
4.84,2.37941,0.766344,2.74838,1.7326,3.20484
4.88,2.3787,0.76593,2.74701,1.73226,3.20484
4.92,2.37751,0.765242,2.74474,1.73169,3.20484
4.96,2.3755,0.764068,2.74087,1.73071,3.20484
5,2.37201,0.762029,2.73416,1.72902,3.20484
5.04,2.3659,0.758455,2.72243,1.72605,3.20484
5.08,2.35519,0.752172,2.70192,1.72083,3.20484
5.12,2.33653,0.741166,2.6663,1.71171,3.20484
5.16,2.30445,0.722089,2.6055,1.69596,3.20484
5.2,2.25082,0.689732,2.50502,1.6694,3.20484
5.24,2.1654,0.636962,2.34808,1.62654,3.20484
5.28,2.03984,0.556525,2.12453,1.56228,3.20484
5.32,1.87683,0.446699,1.8476,1.47664,3.20484
5.36,1.69907,0.319419,1.56371,1.3805,3.20484
5.4,1.54244,0.200119,1.33003,1.29344,3.20484
5.44,1.43143,0.111048,1.17411,1.23035,3.20484
5.48,1.36577,0.0563922,1.08571,1.19242,3.20484
5.52,1.3314,0.0271442,1.04058,1.17235,3.20484
5.56,1.31463,0.0127006,1.01883,1.16249,3.20484
5.6,1.30674,0.00586054,1.00866,1.15783,3.20484
5.64,1.30309,0.00268667,1.00396,1.15567,3.20484
5.68,1.30141,0.00122797,1.00181,1.15468,3.20484
5.72,1.30064,0.000560502,1.00083,1.15423,3.20484
5.76,1.30029,0.000255686,1.00038,1.15402,3.20484
5.8,1.30013,0.000116608,1.00017,1.15393,3.20484
5.84,1.30006,5.31751e-05,1.00008,1.15388,3.20484
5.88,1.30003,2.42477e-05,1.00004,1.15386,3.20484
5.92,1.30001,1.10567e-05,1.00002,1.15385,3.20484
5.96,1.30001,5.04162e-06,1.00001,1.15385,3.20484
6,1.3,2.2988e-06,1,1.15385,3.20484
6.04,1.3,1.04812e-06,1,1.15385,3.20484
6.08,1.3,4.7784e-07,1,1.15385,3.20484
6.12,1.3,2.17824e-07,1,1.15385,3.20484
6.16,1.3,9.92803e-08,1,1.15385,3.20484
6.2,1.3,4.52411e-08,1,1.15385,3.20484
6.24,1.3,2.06108e-08,1,1.15385,3.20484
6.28,1.3,9.38693e-09,1,1.15385,3.20484
6.32,1.3,4.27355e-09,1,1.15385,3.20484
6.36,1.3,1.94474e-09,1,1.15385,3.20484
6.4,1.3,8.84512e-10,1,1.15385,3.20484
6.44,1.3,4.0205e-10,1,1.15385,3.20484
6.48,1.3,1.8262e-10,1,1.15385,3.20484
6.52,1.3,8.28827e-11,1,1.15385,3.20484
6.56,1.3,3.75818e-11,1,1.15385,3.20484
6.6,1.3,1.70231e-11,1,1.15385,3.20484
6.64,1.3,7.70185e-12,1,1.15385,3.20484
6.68,1.3,3.48013e-12,1,1.15385,3.20484
6.72,1.3,1.57029e-12,1,1.15385,3.20484
6.76,1.3,7.07434e-13,1,1.15385,3.20484
6.8,1.3,3.18051e-13,1,1.15385,3.20484
6.84,1.3,1.4261e-13,1,1.15385,3.20484
6.88,1.3,6.37251e-14,1,1.15385,3.20484
6.92,1.3,2.83149e-14,1,1.15385,3.20484
6.96,1.3,1.24289e-14,1,1.15385,3.20484
7,1.3,5.28013e-15,1,1.15385,3.20484
7.04,1.3,1.96844e-15,1,1.15385,3.20484
7.08,1.3,4.8684e-16,1,1.15385,3.20484
7.12,1.3,5.7965e-17,1,1.15385,3.20484
7.16,1.3,6.50723e-18,1,1.15385,3.20484
7.2,1.3,7.22329e-19,1,1.15385,3.20484
7.24,1.3,8.0188e-20,1,1.15385,3.20484
7.28,1.3,8.88115e-21,1,1.15385,3.20484
7.32,1.3,9.79893e-22,1,1.15385,3.20484
7.36,1.3,1.07806e-22,1,1.15385,3.20484
7.4,1.3,1.18427e-23,1,1.15385,3.20484
7.44,1.3,1.30015e-24,1,1.15385,3.20484
7.48,1.3,1.42699e-25,1,1.15385,3.20484
7.52,1.3,1.56566e-26,1,1.15385,3.20484
7.56,1.3,1.71676e-27,1,1.15385,3.20484
7.6,1.3,1.88077e-28,1,1.15385,3.20484
7.64,1.3,2.05836e-29,1,1.15385,3.20484
7.68,1.3,2.2505e-30,1,1.15385,3.20484
7.72,1.3,2.45849e-31,1,1.15385,3.20484
7.76,1.3,2.68393e-32,1,1.15385,3.20484
7.8,1.3,2.92863e-33,1,1.15385,3.20484
7.84,1.3,3.19453e-34,1,1.15385,3.20484
7.88,1.3,3.48367e-35,1,1.15385,3.20484
7.92,1.3,3.79815e-36,1,1.15385,3.20484
7.96,1.3,4.1401e-37,1,1.15385,3.20484
8,1.3,4.51171e-38,1,1.15385,3.20484
8.04,1.3,4.91522e-39,1,1.15385,3.20484
8.08,1.3,5.35288e-40,1,1.15385,3.20484
8.12,1.3,5.82697e-41,1,1.15385,3.20484
8.16,1.3,6.33975e-42,1,1.15385,3.20484
8.2,1.3,6.89347e-43,1,1.15385,3.20484
8.24,1.3,7.49033e-44,1,1.15385,3.20484
8.28,1.3,8.13248e-45,1,1.15385,3.20484
8.32,1.3,8.82203e-46,1,1.15385,3.20484
8.36,1.3,9.56108e-47,1,1.15385,3.20484
8.4,1.3,1.03517e-47,1,1.15385,3.20484
8.44,1.3,1.11961e-48,1,1.15385,3.20484
8.48,1.3,1.20964e-49,1,1.15385,3.20484
8.52,1.3,1.3055e-50,1,1.15385,3.20484
8.56,1.3,1.40746e-51,1,1.15385,3.20484
8.6,1.3,1.5158e-52,1,1.15385,3.20484
8.64,1.3,1.63084e-53,1,1.15385,3.20484
8.68,1.3,1.75292e-54,1,1.15385,3.20484
8.72,1.3,1.88242e-55,1,1.15385,3.20484
8.76,1.3,2.01976e-56,1,1.15385,3.20484
8.8,1.3,2.16537e-57,1,1.15385,3.20484
8.84,1.3,2.31972e-58,1,1.15385,3.20484
8.88,1.3,2.48328e-59,1,1.15385,3.20484
8.92,1.3,2.65652e-60,1,1.15385,3.20484
8.96,1.3,2.83991e-61,1,1.15385,3.20484
9,1.3,3.03392e-62,1,1.15385,3.20484
9.04,1.3,3.23898e-63,1,1.15385,3.20484
9.08,1.3,3.45549e-64,1,1.15385,3.20484
9.12,1.3,3.68383e-65,1,1.15385,3.20484
9.16,1.3,3.92432e-66,1,1.15385,3.20484
9.2,1.3,4.17724e-67,1,1.15385,3.20484
9.24,1.3,4.44283e-68,1,1.15385,3.20484
9.28,1.3,4.72127e-69,1,1.15385,3.20484
9.32,1.3,5.01272e-70,1,1.15385,3.20484
9.36,1.3,5.31728e-71,1,1.15385,3.20484
9.4,1.3,5.635e-72,1,1.15385,3.20484
9.44,1.3,5.96591e-73,1,1.15385,3.20484
9.48,1.3,6.30999e-74,1,1.15385,3.20484
9.52,1.3,6.66717e-75,1,1.15385,3.20484
9.56,1.3,7.03736e-76,1,1.15385,3.20484
9.6,1.3,7.42041e-77,1,1.15385,3.20484
9.64,1.3,7.81612e-78,1,1.15385,3.20484
9.68,1.3,8.22423e-79,1,1.15385,3.20484
9.72,1.3,8.64441e-80,1,1.15385,3.20484
9.76,1.3,9.07625e-81,1,1.15385,3.20484
9.8,1.3,9.51924e-82,1,1.15385,3.20484
9.84,1.3,9.9728e-83,1,1.15385,3.20484
9.88,1.3,1.04363e-83,1,1.15385,3.20484
9.92,1.3,1.0921e-84,1,1.15385,3.20484
9.96,1.3,1.25768e-85,1,1.15385,3.20484
10,1.3,1.25768e-85,1,1.15385,3.20484
-10,13,4.46146e-85,10,1.15385,3.2976
-9.96,13,4.46146e-85,10,1.15385,3.2976
-9.92,13,3.60469e-84,10,1.15385,3.2976
-9.88,13,3.22384e-83,10,1.15385,3.2976
-9.84,13,2.88344e-82,10,1.15385,3.2976
-9.8,13,2.57575e-81,10,1.15385,3.2976
-9.76,13,2.29797e-80,10,1.15385,3.2976
-9.72,13,2.04751e-79,10,1.15385,3.2976
-9.68,13,1.82198e-78,10,1.15385,3.2976
-9.64,13,1.61917e-77,10,1.15385,3.2976
-9.6,13,1.43701e-76,10,1.15385,3.2976
-9.56,13,1.2736e-75,10,1.15385,3.2976
-9.52,13,1.12721e-74,10,1.15385,3.2976
-9.48,13,9.96234e-74,10,1.15385,3.2976
-9.44,13,8.79202e-73,10,1.15385,3.2976
-9.4,13,7.74773e-72,10,1.15385,3.2976
-9.36,13,6.81723e-71,10,1.15385,3.2976
-9.32,13,5.98935e-70,10,1.15385,3.2976
-9.28,13,5.25388e-69,10,1.15385,3.2976
-9.24,13,4.60156e-68,10,1.15385,3.2976
-9.2,13,4.02393e-67,10,1.15385,3.2976
-9.16,13,3.51332e-66,10,1.15385,3.2976
-9.12,13,3.06272e-65,10,1.15385,3.2976
-9.08,13,2.66579e-64,10,1.15385,3.2976
-9.04,13,2.31676e-63,10,1.15385,3.2976
-9,13,2.01039e-62,10,1.15385,3.2976
-8.96,13,1.74196e-61,10,1.15385,3.2976
-8.92,13,1.50717e-60,10,1.15385,3.2976
-8.88,13,1.30217e-59,10,1.15385,3.2976
-8.84,13,1.12347e-58,10,1.15385,3.2976
-8.8,13,9.67953e-58,10,1.15385,3.2976
-8.76,13,8.32818e-57,10,1.15385,3.2976
-8.72,13,7.15572e-56,10,1.15385,3.2976
-8.68,13,6.13993e-55,10,1.15385,3.2976
-8.64,13,5.26113e-54,10,1.15385,3.2976
-8.6,13,4.50189e-53,10,1.15385,3.2976
-8.56,13,3.84684e-52,10,1.15385,3.2976
-8.52,13,3.28244e-51,10,1.15385,3.2976
-8.48,13,2.79684e-50,10,1.15385,3.2976
-8.44,13,2.37963e-49,10,1.15385,3.2976
-8.4,13,2.02169e-48,10,1.15385,3.2976
-8.36,13,1.71508e-47,10,1.15385,3.2976
-8.32,13,1.45283e-46,10,1.15385,3.2976
-8.28,13,1.2289e-45,10,1.15385,3.2976
-8.24,13,1.03799e-44,10,1.15385,3.2976
-8.2,13,8.75504e-44,10,1.15385,3.2976
-8.16,13,7.37428e-43,10,1.15385,3.2976
-8.12,13,6.20284e-42,10,1.15385,3.2976
-8.08,13,5.21049e-41,10,1.15385,3.2976
-8.04,13,4.37108e-40,10,1.15385,3.2976
-8,13,3.66202e-39,10,1.15385,3.2976
-7.96,13,3.06387e-38,10,1.15385,3.2976
-7.92,13,2.55992e-37,10,1.15385,3.2976
-7.88,13,2.13588e-36,10,1.15385,3.2976
-7.84,13,1.77956e-35,10,1.15385,3.2976
-7.8,13,1.48055e-34,10,1.15385,3.2976
-7.76,13,1.23002e-33,10,1.15385,3.2976
-7.72,13,1.02044e-32,10,1.15385,3.2976
-7.68,13,8.45426e-32,10,1.15385,3.2976
-7.64,13,6.99544e-31,10,1.15385,3.2976
-7.6,13,5.78166e-30,10,1.15385,3.2976
-7.56,13,4.7735e-29,10,1.15385,3.2976
-7.52,13,3.9375e-28,10,1.15385,3.2976
-7.48,13,3.24528e-27,10,1.15385,3.2976
-7.44,13,2.67293e-26,10,1.15385,3.2976
-7.4,13,2.20033e-25,10,1.15385,3.2976
-7.36,13,1.81057e-24,10,1.15385,3.2976
-7.32,13,1.48936e-23,10,1.15385,3.2976
-7.28,13,1.22456e-22,10,1.15385,3.2976
-7.24,13,1.00591e-21,10,1.15385,3.2976
-7.2,13,8.24758e-21,10,1.15385,3.2976
-7.16,13,6.73869e-20,10,1.15385,3.2976
-7.12,13,5.48094e-19,10,1.15385,3.2976
-7.08,13,4.45397e-18,10,1.15385,3.2976
-7.04,13,3.6328e-17,10,1.15385,3.2976
-7,13,2.89073e-16,10,1.15385,3.2976
-6.96,13,1.23349e-15,10,1.15385,3.2976
-6.92,13,3.33717e-15,10,1.15385,3.2976
-6.88,13,7.11325e-15,10,1.15385,3.2976
-6.84,13,1.4076e-14,10,1.15385,3.2976
-6.8,13,2.73681e-14,10,1.15385,3.2976
-6.76,13,5.26062e-14,10,1.15385,3.2976
-6.72,13,1.00242e-13,10,1.15385,3.2976
-6.68,13,1.89599e-13,10,1.15385,3.2976
-6.64,13,3.56095e-13,10,1.15385,3.2976
-6.6,13,6.64122e-13,10,1.15385,3.2976
-6.56,13,1.2303e-12,10,1.15385,3.2976
-6.52,13,2.26388e-12,10,1.15385,3.2976
-6.48,13,4.1376e-12,10,1.15385,3.2976
-6.44,13,7.51117e-12,10,1.15385,3.2976
-6.4,13,1.3543e-11,10,1.15385,3.2976
-6.36,13,2.42526e-11,10,1.15385,3.2976
-6.32,13,4.31337e-11,10,1.15385,3.2976
-6.28,13,7.61869e-11,10,1.15385,3.2976
-6.24,13,1.33639e-10,10,1.15385,3.2976
-6.2,13,2.32785e-10,10,1.15385,3.2976
-6.16,13,4.02655e-10,10,1.15385,3.2976
-6.12,13,6.91586e-10,10,1.15385,3.2976
-6.08,13,1.17945e-09,10,1.15385,3.2976
-6.04,13,1.99716e-09,10,1.15385,3.2976
-6,13,3.3576e-09,10,1.15385,3.2976
-5.96,13,5.60415e-09,10,1.15385,3.2976
-5.92,13,9.28617e-09,10,1.15385,3.2976
-5.88,13,1.52753e-08,10,1.15385,3.2976
-5.84,13,2.49432e-08,10,1.15385,3.2976
-5.8,13,4.043e-08,10,1.15385,3.2976
-5.76,13,6.50465e-08,10,1.15385,3.2976
-5.72,13,1.03871e-07,10,1.15385,3.2976
-5.68,13,1.64624e-07,10,1.15385,3.2976
-5.64,13,2.5894e-07,10,1.15385,3.2976
-5.6,13,4.04199e-07,9.99999,1.15385,3.2976
-5.56,13,6.26121e-07,9.99999,1.15385,3.2976
-5.52,13,9.62426e-07,9.99999,1.15385,3.2976
-5.48,13,1.46792e-06,9.99998,1.15385,3.2976
-5.44,13,2.22146e-06,9.99997,1.15384,3.2976
-5.4,13,3.33548e-06,9.99995,1.15384,3.2976
-5.36,12.9999,4.96862e-06,9.99993,1.15384,3.2976
-5.32,12.9999,7.34261e-06,9.99989,1.15384,3.2976
-5.28,12.9999,1.07641e-05,9.99984,1.15384,3.2976
-5.24,12.9998,1.56531e-05,9.99977,1.15384,3.2976
-5.2,12.9997,2.25782e-05,9.99967,1.15383,3.2976
-5.16,12.9996,3.23018e-05,9.99952,1.15382,3.2976
-5.12,12.9995,4.58339e-05,9.99933,1.15382,3.2976
-5.08,12.9993,6.44984e-05,9.99905,1.1538,3.2976
-5.04,12.999,9.00101e-05,9.99868,1.15379,3.2976
-5,12.9986,0.000124564,9.99817,1.15376,3.2976
-4.96,12.998,0.000170936,9.99748,1.15373,3.2976
-4.92,12.9973,0.000232593,9.99658,1.15369,3.2976
-4.88,12.9964,0.000313807,9.99538,1.15363,3.2976
-4.84,12.9952,0.000419776,9.99382,1.15356,3.2976
-4.8,12.9936,0.000556739,9.99181,1.15347,3.2976
-4.76,12.9916,0.000732073,9.98923,1.15335,3.2976
-4.72,12.989,0.000954382,9.98596,1.1532,3.2976
-4.68,12.9858,0.00123355,9.98186,1.15301,3.2976
-4.64,12.9819,0.00158074,9.97675,1.15277,3.2976
-4.6,12.977,0.00200838,9.97047,1.15248,3.2976
-4.56,12.971,0.00253008,9.96281,1.15213,3.2976
-4.52,12.9637,0.00316045,9.95356,1.1517,3.2976
-4.48,12.9551,0.00391494,9.9425,1.15119,3.2976
-4.44,12.9449,0.00480954,9.9294,1.15058,3.2976
-4.4,12.9328,0.00586051,9.91403,1.14987,3.2976
-4.36,12.9188,0.00708401,9.89615,1.14904,3.2976
-4.32,12.9027,0.00849577,9.87556,1.14808,3.2976
-4.28,12.8842,0.0101107,9.85204,1.14699,3.2976
-4.24,12.8633,0.0119426,9.82542,1.14575,3.2976
-4.2,12.8399,0.0140037,9.79553,1.14435,3.2976
-4.16,12.8137,0.0163048,9.76225,1.14279,3.2976
-4.12,12.7847,0.0188544,9.72548,1.14107,3.2976
-4.08,12.7529,0.0216594,9.68515,1.13917,3.2976
-4.04,12.7181,0.0247242,9.64124,1.13711,3.2976
-4,12.6805,0.0280515,9.59375,1.13486,3.2976
-3.96,12.64,0.0316416,9.54271,1.13244,3.2976
-3.92,12.5966,0.0354933,9.4882,1.12985,3.2976
-3.88,12.5504,0.0396033,9.4303,1.12709,3.2976
-3.84,12.5015,0.043967,9.36913,1.12416,3.2976
-3.8,12.45,0.0485784,9.30483,1.12107,3.2976
-3.76,12.3959,0.0534302,9.23756,1.11782,3.2976
-3.72,12.3394,0.0585144,9.16749,1.11442,3.2976
-3.68,12.2806,0.0638223,9.09478,1.11087,3.2976
-3.64,12.2196,0.0693446,9.01962,1.10719,3.2976
-3.6,12.1565,0.0750716,8.9422,1.10338,3.2976
-3.56,12.0916,0.0809937,8.8627,1.09945,3.2976
-3.52,12.0248,0.0871008,8.7813,1.0954,3.2976
-3.48,11.9564,0.0933834,8.69819,1.09124,3.2976
-3.44,11.8864,0.0998318,8.61353,1.08698,3.2976
-3.4,11.8151,0.106437,8.52751,1.08262,3.2976
-3.36,11.7424,0.113189,8.44027,1.07818,3.2976
-3.32,11.6685,0.12008,8.35197,1.07365,3.2976
-3.28,11.5936,0.127101,8.26276,1.06905,3.2976
-3.24,11.5176,0.134245,8.17278,1.06438,3.2976
-3.2,11.4408,0.141504,8.08215,1.05965,3.2976
-3.16,11.3632,0.148871,7.99099,1.05485,3.2976
-3.12,11.2849,0.156339,7.89941,1.05,3.2976
-3.08,11.2059,0.163902,7.80753,1.0451,3.2976
-3.04,11.1264,0.171554,7.71544,1.04015,3.2976
-3,11.0464,0.17929,7.62322,1.03517,3.2976
-2.96,10.9659,0.187104,7.53096,1.03014,3.2976
-2.92,10.8851,0.194991,7.43874,1.02508,3.2976
-2.88,10.804,0.202947,7.34663,1.01999,3.2976
-2.84,10.7227,0.210968,7.25469,1.01486,3.2976
-2.8,10.6411,0.21905,7.16299,1.00972,3.2976
-2.76,10.5594,0.227189,7.07157,1.00455,3.2976
-2.72,10.4775,0.235382,6.98049,0.999354,3.2976
-2.68,10.3956,0.243625,6.8898,0.994145,3.2976
-2.64,10.3136,0.251916,6.79953,0.988919,3.2976
-2.6,10.2316,0.260253,6.70972,0.983679,3.2976
-2.56,10.1496,0.268631,6.62042,0.978426,3.2976
-2.52,10.0677,0.277049,6.53165,0.973163,3.2976
-2.48,9.98579,0.285505,6.44343,0.96789,3.2976
-2.44,9.90403,0.293997,6.35581,0.96261,3.2976
-2.4,9.82238,0.302522,6.2688,0.957323,3.2976
-2.36,9.74088,0.311079,6.18242,0.952032,3.2976
-2.32,9.65954,0.319666,6.09669,0.946736,3.2976
-2.28,9.57837,0.328282,6.01163,0.941439,3.2976
-2.24,9.49741,0.336924,5.92727,0.936139,3.2976
-2.2,9.41666,0.345592,5.8436,0.93084,3.2976
-2.16,9.33614,0.354285,5.76065,0.925541,3.2976
-2.12,9.25586,0.363,5.67843,0.920243,3.2976
-2.08,9.17585,0.371737,5.59694,0.914947,3.2976
-2.04,9.0961,0.380494,5.5162,0.909655,3.2976
-2,9.01663,0.389271,5.43622,0.904366,3.2976
-1.96,8.93745,0.398066,5.357,0.899082,3.2976
-1.92,8.85858,0.406879,5.27855,0.893803,3.2976
-1.88,8.78003,0.415708,5.20088,0.888531,3.2976
-1.84,8.70179,0.424552,5.12399,0.883265,3.2976
-1.8,8.62389,0.433411,5.04788,0.878006,3.2976
-1.76,8.54633,0.442283,4.97257,0.872755,3.2976
-1.72,8.46912,0.451168,4.89804,0.867513,3.2976
-1.68,8.39227,0.460065,4.82432,0.862279,3.2976
-1.64,8.31578,0.468973,4.75139,0.857056,3.2976
-1.6,8.23967,0.47789,4.67927,0.851843,3.2976
-1.56,8.16394,0.486816,4.60795,0.846641,3.2976
-1.52,8.08861,0.495751,4.53744,0.841451,3.2976
-1.48,8.01367,0.504692,4.46774,0.836272,3.2976
-1.44,7.93915,0.513639,4.39886,0.831107,3.2976
-1.4,7.86504,0.522591,4.33078,0.825956,3.2976
-1.36,7.79136,0.531546,4.26353,0.820818,3.2976
-1.32,7.71812,0.540503,4.1971,0.815696,3.2976
-1.28,7.64533,0.54946,4.13149,0.810591,3.2976
-1.24,7.573,0.558416,4.06671,0.805502,3.2976
-1.2,7.50114,0.56737,4.00276,0.800431,3.2976
-1.16,7.42977,0.576318,3.93966,0.795379,3.2976
-1.12,7.35891,0.585258,3.8774,0.790348,3.2976
-1.08,7.28857,0.594189,3.816,0.785339,3.2976
-1.04,7.21879,0.603106,3.75547,0.780354,3.2976
-1,7.14957,0.612005,3.69583,0.775395,3.2976
-0.96,7.08096,0.620883,3.63708,0.770464,3.2976
-0.92,7.01298,0.629735,3.57926,0.765564,3.2976
-0.88,6.94569,0.638553,3.52238,0.760697,3.2976
-0.84,6.87912,0.647331,3.46648,0.75587,3.2976
-0.8,6.81335,0.65606,3.4116,0.751085,3.2976
-0.76,6.74845,0.664727,3.35779,0.746348,3.2976
-0.72,6.6845,0.673321,3.30512,0.741668,3.2976
-0.68,6.62163,0.681822,3.25366,0.737052,3.2976
-0.64,6.55998,0.690211,3.20351,0.732512,3.2976
-0.6,6.49973,0.69846,3.15481,0.728062,3.2976
-0.56,6.4411,0.706535,3.1077,0.72372,3.2976
-0.52,6.38438,0.714393,3.0624,0.719507,3.2976
-0.48,6.32993,0.72198,3.01917,0.715451,3.2976
-0.44,6.27821,0.729228,2.97833,0.711588,3.2976
-0.4,6.22975,0.736053,2.94028,0.70796,3.2976
-0.36,6.18521,0.742358,2.90547,0.704617,3.2976
-0.32,6.14531,0.748032,2.87444,0.701617,3.2976
-0.28,6.11075,0.752963,2.84767,0.699015,3.2976
-0.24,6.0821,0.757064,2.82557,0.696856,3.2976
-0.2,6.05957,0.760294,2.80824,0.695159,3.2976
-0.16,6.04283,0.762692,2.79543,0.693903,3.2976
-0.12,6.03101,0.764381,2.78641,0.693021,3.2976
-0.08,6.02286,0.765538,2.78023,0.69242,3.2976
-0.04,6.01717,0.766337,2.77595,0.692007,3.2976
0,6.01304,0.766909,2.77287,0.691715,3.2976
0.04,6.00993,0.767333,2.77058,0.6915,3.2976
0.08,6.00751,0.767653,2.76883,0.691341,3.2976
0.12,6.00561,0.767899,2.76747,0.691221,3.2976
0.16,6.00408,0.76809,2.7664,0.69113,3.2976
0.2,6.00282,0.76824,2.76555,0.691062,3.2976
0.24,6.00177,0.768358,2.76486,0.69101,3.2976
0.28,6.00087,0.768453,2.76429,0.690972,3.2976
0.32,6.0001,0.76853,2.76382,0.690943,3.2976
0.36,5.99941,0.768593,2.76342,0.690923,3.2976
0.4,5.99878,0.768645,2.76307,0.690908,3.2976
0.44,5.99821,0.768688,2.76277,0.690899,3.2976
0.48,5.99768,0.768725,2.76251,0.690894,3.2976
0.52,5.99717,0.768756,2.76227,0.690893,3.2976
0.56,5.99669,0.768783,2.76206,0.690895,3.2976
0.6,5.99622,0.768806,2.76186,0.6909,3.2976
0.64,5.99576,0.768826,2.76168,0.690907,3.2976
0.68,5.99531,0.768843,2.76151,0.690917,3.2976
0.72,5.99486,0.768859,2.76135,0.690928,3.2976
0.76,5.99441,0.768872,2.76119,0.690942,3.2976
0.8,5.99395,0.768884,2.76105,0.690958,3.2976
0.84,5.9935,0.768894,2.76091,0.690976,3.2976
0.88,5.99303,0.768904,2.76078,0.690997,3.2976
0.92,5.99256,0.768912,2.76065,0.691019,3.2976
0.96,5.99207,0.768919,2.76052,0.691044,3.2976
1,5.99157,0.768925,2.7604,0.691071,3.2976
1.04,5.99105,0.76893,2.76028,0.691101,3.2976
1.08,5.99052,0.768935,2.76016,0.691133,3.2976
1.12,5.98996,0.768939,2.76005,0.691169,3.2976
1.16,5.98938,0.768942,2.75994,0.691208,3.2976
1.2,5.98877,0.768944,2.75983,0.69125,3.2976
1.24,5.98812,0.768946,2.75972,0.691298,3.2976
1.28,5.98743,0.768947,2.75961,0.691351,3.2976
1.32,5.98669,0.768947,2.7595,0.69141,3.2976
1.36,5.98586,0.768947,2.7594,0.691479,3.2976
1.4,5.98493,0.768947,2.75929,0.69156,3.2976
1.44,5.98385,0.768946,2.75919,0.69166,3.2976
1.48,5.98254,0.768944,2.75909,0.691785,3.2976
1.52,5.9809,0.768942,2.75899,0.69195,3.2976
1.56,5.97877,0.768939,2.75888,0.69217,3.2976
1.6,5.97593,0.768936,2.75878,0.692474,3.2976
1.64,5.97207,0.768932,2.75868,0.692896,3.2976
1.68,5.96676,0.768928,2.75858,0.693486,3.2976
1.72,5.95946,0.768924,2.75848,0.69431,3.2976
1.76,5.94945,0.768919,2.75838,0.695453,3.2976
1.8,5.93585,0.768913,2.75827,0.697021,3.2976
1.84,5.9176,0.768907,2.75817,0.699145,3.2976
1.88,5.89347,0.768901,2.75807,0.701981,3.2976
1.92,5.86209,0.768894,2.75797,0.705713,3.2976
1.96,5.82198,0.768887,2.75787,0.710549,3.2976
2,5.77164,0.768879,2.75777,0.716719,3.2976
2.04,5.70961,0.768871,2.75767,0.72448,3.2976
2.08,5.63458,0.768862,2.75757,0.734101,3.2976
2.12,5.54548,0.768853,2.75747,0.745868,3.2976
2.16,5.44164,0.768844,2.75737,0.760075,3.2976
2.2,5.32281,0.768834,2.75727,0.777015,3.2976
2.24,5.1893,0.768824,2.75718,0.79698,3.2976
2.28,5.04197,0.768813,2.75708,0.82024,3.2976
2.32,4.88227,0.768802,2.75699,0.847042,3.2976
2.36,4.7122,0.76879,2.7569,0.877585,3.2976
2.4,4.5342,0.768779,2.75681,0.912007,3.2976
2.44,4.35109,0.768767,2.75673,0.950357,3.2976
2.48,4.1659,0.768754,2.75665,0.992575,3.2976
2.52,3.98172,0.768741,2.75657,1.03846,3.2976
2.56,3.80154,0.768728,2.75649,1.08765,3.2976
2.6,3.62813,0.768715,2.75642,1.1396,3.2976
2.64,3.46391,0.768701,2.75635,1.1936,3.2976
2.68,3.31086,0.768687,2.75628,1.24874,3.2976
2.72,3.17042,0.768672,2.75621,1.30403,3.2976
2.76,3.04356,0.768657,2.75614,1.35835,3.2976
2.8,2.93069,0.768642,2.75608,1.41063,3.2976
2.84,2.83179,0.768626,2.75601,1.45986,3.2976
2.88,2.74642,0.76861,2.75595,1.50521,3.2976
2.92,2.67379,0.768594,2.75589,1.54605,3.2976
2.96,2.61292,0.768577,2.75582,1.58204,3.2976
3,2.56262,0.76856,2.75576,1.61305,3.2976
3.04,2.52165,0.768542,2.7557,1.63922,3.2976
3.08,2.48874,0.768524,2.75564,1.66086,3.2976
3.12,2.46268,0.768506,2.75557,1.6784,3.2976
3.16,2.44232,0.768487,2.75551,1.69235,3.2976
3.2,2.42663,0.768468,2.75544,1.70325,3.2976
3.24,2.4147,0.768448,2.75537,1.71163,3.2976
3.28,2.40574,0.768428,2.75531,1.71795,3.2976
3.32,2.39911,0.768407,2.75524,1.72266,3.2976
3.36,2.39426,0.768387,2.75517,1.72611,3.2976
3.4,2.39075,0.768365,2.75509,1.7286,3.2976
3.44,2.38824,0.768343,2.75502,1.73036,3.2976
3.48,2.38647,0.768321,2.75495,1.7316,3.2976
3.52,2.38523,0.768298,2.75487,1.73245,3.2976
3.56,2.38437,0.768275,2.75479,1.73303,3.2976
3.6,2.38377,0.768251,2.75471,1.73342,3.2976
3.64,2.38336,0.768227,2.75463,1.73366,3.2976
3.68,2.38307,0.768202,2.75455,1.73382,3.2976
3.72,2.38287,0.768177,2.75446,1.73391,3.2976
3.76,2.38272,0.76815,2.75437,1.73397,3.2976
3.8,2.38261,0.768124,2.75428,1.73399,3.2976
3.84,2.38252,0.768096,2.75419,1.734,3.2976
3.88,2.38245,0.768068,2.7541,1.73399,3.2976
3.92,2.38238,0.76804,2.754,1.73398,3.2976
3.96,2.38232,0.76801,2.75391,1.73396,3.2976
4,2.38226,0.76798,2.7538,1.73394,3.2976
4.04,2.3822,0.767949,2.7537,1.73392,3.2976
4.08,2.38215,0.767917,2.75359,1.73389,3.2976
4.12,2.38209,0.767885,2.75349,1.73387,3.2976
4.16,2.38203,0.767851,2.75337,1.73384,3.2976
4.2,2.38197,0.767816,2.75326,1.73381,3.2976
4.24,2.3819,0.767781,2.75314,1.73379,3.2976
4.28,2.38184,0.767745,2.75302,1.73376,3.2976
4.32,2.38177,0.767707,2.75289,1.73373,3.2976
4.36,2.3817,0.767668,2.75276,1.73369,3.2976
4.4,2.38163,0.767628,2.75263,1.73366,3.2976
4.44,2.38156,0.767587,2.75249,1.73363,3.2976
4.48,2.38149,0.767545,2.75235,1.73359,3.2976
4.52,2.38141,0.767501,2.75221,1.73356,3.2976
4.56,2.38133,0.767455,2.75206,1.73352,3.2976
4.6,2.38125,0.767408,2.7519,1.73348,3.2976
4.64,2.38116,0.767359,2.75174,1.73344,3.2976
4.68,2.38107,0.767307,2.75156,1.7334,3.2976
4.72,2.38097,0.767252,2.75138,1.73335,3.2976
4.76,2.38087,0.767192,2.75118,1.73331,3.2976
4.8,2.38075,0.767125,2.75096,1.73325,3.2976
4.84,2.38062,0.767048,2.7507,1.73319,3.2976
4.88,2.38045,0.766952,2.75039,1.73311,3.2976
4.92,2.38023,0.766826,2.74997,1.733,3.2976
4.96,2.37992,0.766647,2.74938,1.73286,3.2976
5,2.37945,0.766374,2.74847,1.73263,3.2976
5.04,2.3787,0.765936,2.74703,1.73227,3.2976
5.08,2.37744,0.765203,2.74461,1.73166,3.2976
5.12,2.37529,0.763946,2.74047,1.73061,3.2976
5.16,2.37154,0.761758,2.73327,1.72879,3.2976
5.2,2.36498,0.757916,2.72067,1.7256,3.2976
5.24,2.35347,0.751162,2.69863,1.71999,3.2976
5.28,2.33343,0.739338,2.66042,1.7102,3.2976
5.32,2.29909,0.718884,2.59539,1.69332,3.2976
5.36,2.24194,0.68432,2.48853,1.66498,3.2976
5.4,2.15166,0.628332,2.3232,1.61959,3.2976
5.44,2.02071,0.543964,2.09124,1.55236,3.2976
5.48,1.85402,0.430826,1.81011,1.46447,3.2976
5.52,1.6769,0.302963,1.52969,1.36831,3.2976
5.56,1.52528,0.186609,1.3054,1.28376,3.2976
5.6,1.42061,0.102147,1.15934,1.22414,3.2976
5.64,1.35988,0.0514143,1.07792,1.18899,3.2976
5.68,1.32847,0.0246262,1.03676,1.17062,3.2976
5.72,1.31324,0.0114934,1.01703,1.16166,3.2976
5.76,1.30609,0.00529685,1.00782,1.15745,3.2976
5.8,1.30279,0.00242672,1.00358,1.1555,3.2976
5.84,1.30127,0.00110879,1.00163,1.1546,3.2976
5.88,1.30058,0.000506,1.00075,1.15419,3.2976
5.92,1.30026,0.000230793,1.00034,1.154,3.2976
5.96,1.30012,0.000105245,1.00015,1.15392,3.2976
6,1.30006,4.79895e-05,1.00007,1.15388,3.2976
6.04,1.30003,2.18816e-05,1.00003,1.15386,3.2976
6.08,1.30001,9.9773e-06,1.00001,1.15385,3.2976
6.12,1.30001,4.5493e-06,1.00001,1.15385,3.2976
6.16,1.3,2.0743e-06,1,1.15385,3.2976
6.2,1.3,9.45767e-07,1,1.15385,3.2976
6.24,1.3,4.31196e-07,1,1.15385,3.2976
6.28,1.3,1.96576e-07,1,1.15385,3.2976
6.32,1.3,8.96065e-08,1,1.15385,3.2976
6.36,1.3,4.08397e-08,1,1.15385,3.2976
6.4,1.3,1.86098e-08,1,1.15385,3.2976
6.44,1.3,8.47806e-09,1,1.15385,3.2976
6.48,1.3,3.86118e-09,1,1.15385,3.2976
6.52,1.3,1.75787e-09,1,1.15385,3.2976
6.56,1.3,7.99959e-10,1,1.15385,3.2976
6.6,1.3,3.63854e-10,1,1.15385,3.2976
6.64,1.3,1.65397e-10,1,1.15385,3.2976
6.68,1.3,7.51336e-11,1,1.15385,3.2976
6.72,1.3,3.41036e-11,1,1.15385,3.2976
6.76,1.3,1.54662e-11,1,1.15385,3.2976
6.8,1.3,7.00709e-12,1,1.15385,3.2976
6.84,1.3,3.171e-12,1,1.15385,3.2976
6.88,1.3,1.43313e-12,1,1.15385,3.2976
6.92,1.3,6.46831e-13,1,1.15385,3.2976
6.96,1.3,2.91386e-13,1,1.15385,3.2976
7,1.3,1.30932e-13,1,1.15385,3.2976
7.04,1.3,5.86572e-14,1,1.15385,3.2976
7.08,1.3,2.60747e-14,1,1.15385,3.2976
7.12,1.3,1.14633e-14,1,1.15385,3.2976
7.16,1.3,4.86338e-15,1,1.15385,3.2976
7.2,1.3,1.76339e-15,1,1.15385,3.2976
7.24,1.3,4.13729e-16,1,1.15385,3.2976
7.28,1.3,4.8362e-17,1,1.15385,3.2976
7.32,1.3,5.38601e-18,1,1.15385,3.2976
7.36,1.3,5.94526e-19,1,1.15385,3.2976
7.4,1.3,6.56125e-20,1,1.15385,3.2976
7.44,1.3,7.23236e-21,1,1.15385,3.2976
7.48,1.3,7.96881e-22,1,1.15385,3.2976
7.52,1.3,8.79085e-23,1,1.15385,3.2976
7.56,1.3,9.71423e-24,1,1.15385,3.2976
7.6,1.3,1.07465e-24,1,1.15385,3.2976
7.64,1.3,1.18896e-25,1,1.15385,3.2976
7.68,1.3,1.3144e-26,1,1.15385,3.2976
7.72,1.3,1.45113e-27,1,1.15385,3.2976
7.76,1.3,1.59964e-28,1,1.15385,3.2976
7.8,1.3,1.76076e-29,1,1.15385,3.2976
7.84,1.3,1.93564e-30,1,1.15385,3.2976
7.88,1.3,2.12555e-31,1,1.15385,3.2976
7.92,1.3,2.33189e-32,1,1.15385,3.2976
7.96,1.3,2.55608e-33,1,1.15385,3.2976
8,1.3,2.79957e-34,1,1.15385,3.2976
8.04,1.3,3.06389e-35,1,1.15385,3.2976
8.08,1.3,3.35073e-36,1,1.15385,3.2976
8.12,1.3,3.66195e-37,1,1.15385,3.2976
8.16,1.3,3.99967e-38,1,1.15385,3.2976
8.2,1.3,4.36625e-39,1,1.15385,3.2976
8.24,1.3,4.76426e-40,1,1.15385,3.2976
8.28,1.3,5.19652e-41,1,1.15385,3.2976
8.32,1.3,5.66599e-42,1,1.15385,3.2976
8.36,1.3,6.17581e-43,1,1.15385,3.2976
8.4,1.3,6.72919e-44,1,1.15385,3.2976
8.44,1.3,7.32945e-45,1,1.15385,3.2976
8.48,1.3,7.97993e-46,1,1.15385,3.2976
8.52,1.3,8.68403e-47,1,1.15385,3.2976
8.56,1.3,9.44516e-48,1,1.15385,3.2976
8.6,1.3,1.02667e-48,1,1.15385,3.2976
8.64,1.3,1.11521e-49,1,1.15385,3.2976
8.68,1.3,1.21046e-50,1,1.15385,3.2976
8.72,1.3,1.31276e-51,1,1.15385,3.2976
8.76,1.3,1.42245e-52,1,1.15385,3.2976
8.8,1.3,1.53988e-53,1,1.15385,3.2976
8.84,1.3,1.66538e-54,1,1.15385,3.2976
8.88,1.3,1.79931e-55,1,1.15385,3.2976
8.92,1.3,1.94207e-56,1,1.15385,3.2976
8.96,1.3,2.09406e-57,1,1.15385,3.2976
9,1.3,2.25571e-58,1,1.15385,3.2976
9.04,1.3,2.42749e-59,1,1.15385,3.2976
9.08,1.3,2.60992e-60,1,1.15385,3.2976
9.12,1.3,2.80354e-61,1,1.15385,3.2976
9.16,1.3,3.00895e-62,1,1.15385,3.2976
9.2,1.3,3.22675e-63,1,1.15385,3.2976
9.24,1.3,3.4576e-64,1,1.15385,3.2976
9.28,1.3,3.70217e-65,1,1.15385,3.2976
9.32,1.3,3.96113e-66,1,1.15385,3.2976
9.36,1.3,4.23517e-67,1,1.15385,3.2976
9.4,1.3,4.52495e-68,1,1.15385,3.2976
9.44,1.3,4.83112e-69,1,1.15385,3.2976
9.48,1.3,5.15429e-70,1,1.15385,3.2976
9.52,1.3,5.49504e-71,1,1.15385,3.2976
9.56,1.3,5.85387e-72,1,1.15385,3.2976
9.6,1.3,6.23126e-73,1,1.15385,3.2976
9.64,1.3,6.62761e-74,1,1.15385,3.2976
9.68,1.3,7.04325e-75,1,1.15385,3.2976
9.72,1.3,7.47848e-76,1,1.15385,3.2976
9.76,1.3,7.93348e-77,1,1.15385,3.2976
9.8,1.3,8.40842e-78,1,1.15385,3.2976
9.84,1.3,8.90336e-79,1,1.15385,3.2976
9.88,1.3,9.41845e-80,1,1.15385,3.2976
9.92,1.3,9.96493e-81,1,1.15385,3.2976
9.96,1.3,1.16163e-81,1,1.15385,3.2976
10,1.3,1.16163e-81,1,1.15385,3.2976
-10,13,2.11544e-81,10,1.15385,3.39035
-9.96,13,2.11544e-81,10,1.15385,3.39035
-9.92,13,1.68545e-80,10,1.15385,3.39035
-9.88,13,1.48801e-79,10,1.15385,3.39035
-9.84,13,1.31367e-78,10,1.15385,3.39035
-9.8,13,1.1581e-77,10,1.15385,3.39035
-9.76,13,1.01947e-76,10,1.15385,3.39035
-9.72,13,8.96094e-76,10,1.15385,3.39035
-9.68,13,7.86472e-75,10,1.15385,3.39035
-9.64,13,6.89217e-74,10,1.15385,3.39035
-9.6,13,6.03072e-73,10,1.15385,3.39035
-9.56,13,5.26891e-72,10,1.15385,3.39035
-9.52,13,4.59634e-71,10,1.15385,3.39035
-9.48,13,4.00356e-70,10,1.15385,3.39035
-9.44,13,3.48199e-69,10,1.15385,3.39035
-9.4,13,3.02387e-68,10,1.15385,3.39035
-9.36,13,2.62217e-67,10,1.15385,3.39035
-9.32,13,2.27053e-66,10,1.15385,3.39035
-9.28,13,1.96324e-65,10,1.15385,3.39035
-9.24,13,1.69514e-64,10,1.15385,3.39035
-9.2,13,1.46161e-63,10,1.15385,3.39035
-9.16,13,1.2585e-62,10,1.15385,3.39035
-9.12,13,1.08213e-61,10,1.15385,3.39035
-9.08,13,9.29207e-61,10,1.15385,3.39035
-9.04,13,7.96798e-60,10,1.15385,3.39035
-9,13,6.82318e-59,10,1.15385,3.39035
-8.96,13,5.83478e-58,10,1.15385,3.39035
-8.92,13,4.98262e-57,10,1.15385,3.39035
-8.88,13,4.24895e-56,10,1.15385,3.39035
-8.84,13,3.6182e-55,10,1.15385,3.39035
-8.8,13,3.0767e-54,10,1.15385,3.39035
-8.76,13,2.61252e-53,10,1.15385,3.39035
-8.72,13,2.2152e-52,10,1.15385,3.39035
-8.68,13,1.87564e-51,10,1.15385,3.39035
-8.64,13,1.58589e-50,10,1.15385,3.39035
-8.6,13,1.33901e-49,10,1.15385,3.39035
-8.56,13,1.129e-48,10,1.15385,3.39035
-8.52,13,9.50626e-48,10,1.15385,3.39035
-8.48,13,7.99341e-47,10,1.15385,3.39035
-8.44,13,6.71224e-46,10,1.15385,3.39035
-8.4,13,5.62883e-45,10,1.15385,3.39035
-8.36,13,4.71393e-44,10,1.15385,3.39035
-8.32,13,3.94241e-43,10,1.15385,3.39035
-8.28,13,3.29269e-42,10,1.15385,3.39035
-8.24,13,2.74629e-41,10,1.15385,3.39035
-8.2,13,2.28745e-40,10,1.15385,3.39035
-8.16,13,1.90268e-39,10,1.15385,3.39035
-8.12,13,1.58052e-38,10,1.15385,3.39035
-8.08,13,1.31121e-37,10,1.15385,3.39035
-8.04,13,1.08643e-36,10,1.15385,3.39035
-8,13,8.99124e-36,10,1.15385,3.39035
-7.96,13,7.43298e-35,10,1.15385,3.39035
-7.92,13,6.13861e-34,10,1.15385,3.39035
-7.88,13,5.06502e-33,10,1.15385,3.39035
-7.84,13,4.1757e-32,10,1.15385,3.39035
-7.8,13,3.43983e-31,10,1.15385,3.39035
-7.76,13,2.83144e-30,10,1.15385,3.39035
-7.72,13,2.32867e-29,10,1.15385,3.39035
-7.68,13,1.91322e-28,10,1.15385,3.39035
-7.64,13,1.56988e-27,10,1.15385,3.39035
-7.6,13,1.28608e-26,10,1.15385,3.39035
-7.56,13,1.05152e-25,10,1.15385,3.39035
-7.52,13,8.57887e-25,10,1.15385,3.39035
-7.48,13,6.98495e-24,10,1.15385,3.39035
-7.44,13,5.67901e-23,10,1.15385,3.39035
-7.4,13,4.61557e-22,10,1.15385,3.39035
-7.36,13,3.75494e-21,10,1.15385,3.39035
-7.32,13,3.06114e-20,10,1.15385,3.39035
-7.28,13,2.49873e-19,10,1.15385,3.39035
-7.24,13,2.03182e-18,10,1.15385,3.39035
-7.2,13,1.64496e-17,10,1.15385,3.39035
-7.16,13,1.36828e-16,10,1.15385,3.39035
-7.12,13,7.64616e-16,10,1.15385,3.39035
-7.08,13,2.39387e-15,10,1.15385,3.39035
-7.04,13,5.37818e-15,10,1.15385,3.39035
-7,13,1.07427e-14,10,1.15385,3.39035
-6.96,13,2.09171e-14,10,1.15385,3.39035
-6.92,13,4.01125e-14,10,1.15385,3.39035
-6.88,13,7.60554e-14,10,1.15385,3.39035
-6.84,13,1.43145e-13,10,1.15385,3.39035
-6.8,13,2.67658e-13,10,1.15385,3.39035
-6.76,13,4.9702e-13,10,1.15385,3.39035
-6.72,13,9.16828e-13,10,1.15385,3.39035
-6.68,13,1.68025e-12,10,1.15385,3.39035
-6.64,13,3.05907e-12,10,1.15385,3.39035
-6.6,13,5.53264e-12,10,1.15385,3.39035
-6.56,13,9.93994e-12,10,1.15385,3.39035
-6.52,13,1.77394e-11,10,1.15385,3.39035
-6.48,13,3.14476e-11,10,1.15385,3.39035
-6.44,13,5.53747e-11,10,1.15385,3.39035
-6.4,13,9.68498e-11,10,1.15385,3.39035
-6.36,13,1.68242e-10,10,1.15385,3.39035
-6.32,13,2.90268e-10,10,1.15385,3.39035
-6.28,13,4.97369e-10,10,1.15385,3.39035
-6.24,13,8.46361e-10,10,1.15385,3.39035
-6.2,13,1.43025e-09,10,1.15385,3.39035
-6.16,13,2.40012e-09,10,1.15385,3.39035
-6.12,13,3.99945e-09,10,1.15385,3.39035
-6.08,13,6.61752e-09,10,1.15385,3.39035
-6.04,13,1.08718e-08,10,1.15385,3.39035
-6,13,1.77336e-08,10,1.15385,3.39035
-5.96,13,2.87189e-08,10,1.15385,3.39035
-5.92,13,4.61737e-08,10,1.15385,3.39035
-5.88,13,7.36983e-08,10,1.15385,3.39035
-5.84,13,1.16772e-07,10,1.15385,3.39035
-5.8,13,1.83661e-07,10,1.15385,3.39035
-5.76,13,2.8673e-07,10,1.15385,3.39035
-5.72,13,4.44314e-07,9.99999,1.15385,3.39035
-5.68,13,6.83353e-07,9.99999,1.15385,3.39035
-5.64,13,1.04308e-06,9.99998,1.15385,3.39035
-5.6,13,1.58012e-06,9.99998,1.15385,3.39035
-5.56,13,2.37541e-06,9.99997,1.15384,3.39035
-5.52,13,3.5436e-06,9.99995,1.15384,3.39035
-5.48,12.9999,5.24549e-06,9.99992,1.15384,3.39035
-5.44,12.9999,7.70443e-06,9.99989,1.15384,3.39035
-5.4,12.9999,1.12276e-05,9.99983,1.15384,3.39035
-5.36,12.9998,1.62333e-05,9.99976,1.15384,3.39035
-5.32,12.9997,2.32848e-05,9.99966,1.15383,3.39035
-5.28,12.9996,3.31335e-05,9.99951,1.15382,3.39035
-5.24,12.9995,4.67702e-05,9.99931,1.15381,3.39035
-5.2,12.9992,6.54871e-05,9.99904,1.1538,3.39035
-5.16,12.999,9.09508e-05,9.99866,1.15378,3.39035
-5.12,12.9986,0.000125286,9.99816,1.15376,3.39035
-5.08,12.998,0.000171169,9.99748,1.15373,3.39035
-5.04,12.9973,0.000231929,9.99659,1.15369,3.39035
-5,12.9964,0.000311658,9.99541,1.15363,3.39035
-4.96,12.9952,0.000415317,9.99389,1.15356,3.39035
-4.92,12.9937,0.000548845,9.99192,1.15347,3.39035
-4.88,12.9917,0.000719249,9.98942,1.15336,3.39035
-4.84,12.9893,0.000934685,9.98625,1.15321,3.39035
-4.8,12.9862,0.0012045,9.98228,1.15303,3.39035
-4.76,12.9823,0.00153926,9.97736,1.1528,3.39035
-4.72,12.9776,0.0019507,9.97132,1.15252,3.39035
-4.68,12.9719,0.00245165,9.96396,1.15218,3.39035
-4.64,12.9649,0.00305593,9.9551,1.15177,3.39035
-4.6,12.9567,0.00377812,9.94451,1.15128,3.39035
-4.56,12.9469,0.00463334,9.93198,1.1507,3.39035
-4.52,12.9354,0.00563701,9.91729,1.15002,3.39035
-4.48,12.922,0.00680448,9.90023,1.14923,3.39035
-4.44,12.9066,0.00815071,9.88059,1.14831,3.39035
-4.4,12.8891,0.00968999,9.85816,1.14727,3.39035
-4.36,12.8691,0.0114356,9.83278,1.14609,3.39035
-4.32,12.8467,0.0133993,9.80429,1.14476,3.39035
-4.28,12.8218,0.0155917,9.77256,1.14328,3.39035
-4.24,12.7942,0.0180213,9.73748,1.14163,3.39035
-4.2,12.7638,0.0206949,9.69901,1.13983,3.39035
-4.16,12.7307,0.0236171,9.65709,1.13785,3.39035
-4.12,12.6948,0.026791,9.61172,1.13571,3.39035
-4.08,12.6561,0.0302173,9.56294,1.1334,3.39035
-4.04,12.6146,0.0338952,9.51079,1.13093,3.39035
-4,12.5704,0.0378222,9.45536,1.12828,3.39035
-3.96,12.5236,0.0419941,9.39675,1.12548,3.39035
-3.92,12.4743,0.0464057,9.33509,1.12252,3.39035
-3.88,12.4224,0.0510503,9.27052,1.11941,3.39035
-3.84,12.3682,0.0559207,9.20319,1.11615,3.39035
-3.8,12.3117,0.0610087,9.13327,1.11275,3.39035
-3.76,12.2531,0.0663057,9.06093,1.10922,3.39035
-3.72,12.1925,0.0718026,8.98634,1.10556,3.39035
-3.68,12.13,0.0774902,8.90967,1.10177,3.39035
-3.64,12.0657,0.0833592,8.83111,1.09788,3.39035
-3.6,11.9998,0.0894004,8.75082,1.09387,3.39035
-3.56,11.9323,0.0956044,8.66897,1.08977,3.39035
-3.52,11.8634,0.101962,8.58573,1.08557,3.39035
-3.48,11.7932,0.108466,8.50124,1.08129,3.39035
-3.44,11.7218,0.115106,8.41565,1.07692,3.39035
-3.4,11.6493,0.121875,8.32912,1.07248,3.39035
-3.36,11.5759,0.128765,8.24177,1.06797,3.39035
-3.32,11.5015,0.135769,8.15372,1.06339,3.39035
-3.28,11.4263,0.14288,8.0651,1.05875,3.39035
-3.24,11.3504,0.150091,7.97601,1.05406,3.39035
-3.2,11.2738,0.157396,7.88656,1.04932,3.39035
-3.16,11.1967,0.16479,7.79684,1.04453,3.39035
-3.12,11.119,0.172267,7.70695,1.0397,3.39035
-3.08,11.0409,0.179821,7.61696,1.03483,3.39035
-3.04,10.9624,0.187449,7.52695,1.02992,3.39035
-3,10.8836,0.195146,7.43699,1.02498,3.39035
-2.96,10.8045,0.202907,7.34715,1.02001,3.39035
-2.92,10.7251,0.210728,7.25749,1.01502,3.39035
-2.88,10.6456,0.218607,7.16805,1.01,3.39035
-2.84,10.5659,0.226539,7.0789,1.00496,3.39035
-2.8,10.4861,0.234522,6.99007,0.999901,3.39035
-2.76,10.4063,0.242552,6.90162,0.994825,3.39035
-2.72,10.3264,0.250627,6.81357,0.989733,3.39035
-2.68,10.2465,0.258745,6.72597,0.984628,3.39035
-2.64,10.1666,0.266902,6.63884,0.979512,3.39035
-2.6,10.0867,0.275097,6.55223,0.974385,3.39035
-2.56,10.0069,0.283328,6.46614,0.96925,3.39035
-2.52,9.92724,0.291592,6.38061,0.964107,3.39035
-2.48,9.84767,0.299888,6.29567,0.958958,3.39035
-2.44,9.76823,0.308214,6.21132,0.953805,3.39035
-2.4,9.68894,0.316568,6.1276,0.948649,3.39035
-2.36,9.60983,0.32495,6.04451,0.943489,3.39035
-2.32,9.5309,0.333357,5.96208,0.938329,3.39035
-2.28,9.45217,0.341788,5.8803,0.933167,3.39035
-2.24,9.37366,0.350243,5.79921,0.928006,3.39035
-2.2,9.29538,0.358719,5.71881,0.922847,3.39035
-2.16,9.21734,0.367216,5.6391,0.917689,3.39035
-2.12,9.13955,0.375733,5.5601,0.912534,3.39035
-2.08,9.06203,0.384268,5.48182,0.907383,3.39035
-2.04,8.98479,0.39282,5.40426,0.902236,3.39035
-2,8.90783,0.40139,5.32744,0.897093,3.39035
-1.96,8.83116,0.409975,5.25134,0.891957,3.39035
-1.92,8.7548,0.418575,5.17599,0.886826,3.39035
-1.88,8.67875,0.427189,5.10138,0.881702,3.39035
-1.84,8.60302,0.435816,5.02752,0.876585,3.39035
-1.8,8.52762,0.444455,4.95441,0.871476,3.39035
-1.76,8.45255,0.453106,4.88206,0.866376,3.39035
-1.72,8.37783,0.461768,4.81046,0.861284,3.39035
-1.68,8.30346,0.470439,4.73962,0.856202,3.39035
-1.64,8.22945,0.47912,4.66955,0.85113,3.39035
-1.6,8.1558,0.487808,4.60024,0.846068,3.39035
-1.56,8.08253,0.496504,4.5317,0.841018,3.39035
-1.52,8.00964,0.505206,4.46393,0.835979,3.39035
-1.48,7.93713,0.513914,4.39692,0.830953,3.39035
-1.44,7.86503,0.522625,4.33069,0.82594,3.39035
-1.4,7.79333,0.53134,4.26524,0.82094,3.39035
-1.36,7.72204,0.540057,4.20056,0.815955,3.39035
-1.32,7.65118,0.548774,4.13666,0.810985,3.39035
-1.28,7.58076,0.55749,4.07355,0.806031,3.39035
-1.24,7.51078,0.566204,4.01123,0.801094,3.39035
-1.2,7.44127,0.574913,3.9497,0.796175,3.39035
-1.16,7.37223,0.583615,3.88897,0.791275,3.39035
-1.12,7.30368,0.592309,3.82905,0.786396,3.39035
-1.08,7.23565,0.600991,3.76996,0.781538,3.39035
-1.04,7.16814,0.609657,3.71169,0.776705,3.39035
-1,7.1012,0.618305,3.65427,0.771897,3.39035
-0.96,7.03485,0.626929,3.59771,0.767118,3.39035
-0.92,6.96913,0.635525,3.54203,0.762369,3.39035
-0.88,6.90407,0.644086,3.48727,0.757655,3.39035
-0.84,6.83974,0.652604,3.43346,0.752979,3.39035
-0.8,6.77619,0.661069,3.38063,0.748347,3.39035
-0.76,6.71351,0.669472,3.32884,0.743764,3.39035
-0.72,6.65178,0.677796,3.27816,0.739238,3.39035
-0.68,6.59113,0.686025,3.22867,0.734777,3.39035
-0.64,6.53169,0.694137,3.18047,0.730393,3.39035
-0.6,6.47367,0.702105,3.13369,0.726101,3.39035
-0.56,6.41728,0.709892,3.0885,0.721919,3.39035
-0.52,6.36282,0.717456,3.04511,0.717868,3.39035
-0.48,6.31065,0.724742,3.00378,0.713977,3.39035
-0.44,6.26123,0.731681,2.96483,0.710282,3.39035
-0.4,6.2151,0.738192,2.92866,0.706825,3.39035
-0.36,6.1729,0.744176,2.89572,0.703654,3.39035
-0.32,6.13529,0.74953,2.86651,0.700825,3.39035
-0.28,6.10295,0.754151,2.84148,0.698388,3.39035
-0.24,6.07633,0.757963,2.82096,0.696382,3.39035
-0.2,6.05554,0.760944,2.80499,0.694816,3.39035
-0.16,6.04019,0.763145,2.79324,0.693664,3.39035
-0.12,6.02934,0.764694,2.78497,0.692855,3.39035
-0.08,6.02183,0.765759,2.77928,0.692302,3.39035
-0.04,6.01655,0.766501,2.77531,0.691919,3.39035
0,6.01268,0.767036,2.77243,0.691645,3.39035
0.04,6.00975,0.767435,2.77027,0.691444,3.39035
0.08,6.00747,0.767737,2.76862,0.691293,3.39035
0.12,6.00567,0.76797,2.76733,0.69118,3.39035
0.16,6.00422,0.768151,2.76632,0.691094,3.39035
0.2,6.00302,0.768293,2.76551,0.691029,3.39035
0.24,6.00202,0.768406,2.76485,0.69098,3.39035
0.28,6.00117,0.768497,2.76431,0.690942,3.39035
0.32,6.00043,0.768571,2.76385,0.690915,3.39035
0.36,5.99977,0.768632,2.76347,0.690894,3.39035
0.4,5.99917,0.768682,2.76314,0.69088,3.39035
0.44,5.99863,0.768724,2.76285,0.690871,3.39035
0.48,5.99812,0.76876,2.76259,0.690865,3.39035
0.52,5.99763,0.76879,2.76236,0.690864,3.39035
0.56,5.99717,0.768817,2.76216,0.690865,3.39035
0.6,5.99672,0.768839,2.76196,0.690868,3.39035
0.64,5.99629,0.768859,2.76179,0.690874,3.39035
0.68,5.99586,0.768877,2.76162,0.690882,3.39035
0.72,5.99543,0.768892,2.76147,0.690893,3.39035
0.76,5.995,0.768906,2.76132,0.690905,3.39035
0.8,5.99458,0.768918,2.76118,0.690919,3.39035
0.84,5.99414,0.768928,2.76104,0.690935,3.39035
0.88,5.99371,0.768938,2.76091,0.690953,3.39035
0.92,5.99326,0.768946,2.76079,0.690973,3.39035
0.96,5.99281,0.768954,2.76066,0.690994,3.39035
1,5.99234,0.76896,2.76055,0.691019,3.39035
1.04,5.99186,0.768966,2.76043,0.691045,3.39035
1.08,5.99137,0.768971,2.76032,0.691074,3.39035
1.12,5.99086,0.768975,2.76021,0.691105,3.39035
1.16,5.99033,0.768978,2.7601,0.691139,3.39035
1.2,5.98977,0.768981,2.75999,0.691176,3.39035
1.24,5.98919,0.768983,2.75989,0.691217,3.39035
1.28,5.98858,0.768985,2.75978,0.691262,3.39035
1.32,5.98792,0.768986,2.75968,0.691312,3.39035
1.36,5.98722,0.768987,2.75958,0.691368,3.39035
1.4,5.98645,0.768987,2.75948,0.691432,3.39035
1.44,5.98558,0.768986,2.75938,0.691507,3.39035
1.48,5.98459,0.768985,2.75928,0.691597,3.39035
1.52,5.98341,0.768984,2.75918,0.691709,3.39035
1.56,5.98195,0.768982,2.75909,0.691853,3.39035
1.6,5.98009,0.76898,2.75899,0.692043,3.39035
1.64,5.97765,0.768977,2.75889,0.692302,3.39035
1.68,5.97435,0.768973,2.75879,0.692659,3.39035
1.72,5.96987,0.76897,2.7587,0.693156,3.39035
1.76,5.96372,0.768965,2.7586,0.693846,3.39035
1.8,5.9553,0.768961,2.7585,0.694803,3.39035
1.84,5.94385,0.768956,2.75841,0.696117,3.39035
1.88,5.92844,0.76895,2.75831,0.697901,3.39035
1.92,5.90799,0.768944,2.75821,0.700292,3.39035
1.96,5.88126,0.768938,2.75812,0.703451,3.39035
2,5.84687,0.768931,2.75802,0.707563,3.39035
2.04,5.8034,0.768924,2.75792,0.712838,3.39035
2.08,5.74942,0.768917,2.75783,0.719506,3.39035
2.12,5.68356,0.768909,2.75773,0.727818,3.39035
2.16,5.60466,0.7689,2.75764,0.738039,3.39035
2.2,5.51181,0.768892,2.75754,0.750445,3.39035
2.24,5.40451,0.768882,2.75745,0.76532,3.39035
2.28,5.28267,0.768873,2.75736,0.782944,3.39035
2.32,5.14677,0.768863,2.75727,0.803591,3.39035
2.36,4.99781,0.768853,2.75718,0.827517,3.39035
2.4,4.83732,0.768842,2.75709,0.854945,3.39035
2.44,4.66734,0.768831,2.75701,0.886053,3.39035
2.48,4.49033,0.76882,2.75693,0.920953,3.39035
2.52,4.30905,0.768809,2.75685,0.95967,3.39035
2.56,4.12642,0.768797,2.75677,1.00212,3.39035
2.6,3.94539,0.768784,2.75669,1.04807,3.39035
2.64,3.76881,0.768772,2.75662,1.09714,3.39035
2.68,3.59928,0.768759,2.75655,1.14879,3.39035
2.72,3.43904,0.768746,2.75648,1.20229,3.39035
2.76,3.28991,0.768732,2.75642,1.25676,3.39035
2.8,3.15321,0.768718,2.75635,1.31121,3.39035
2.84,3.02978,0.768704,2.75629,1.3646,3.39035
2.88,2.91999,0.76869,2.75623,1.41588,3.39035
2.92,2.82375,0.768675,2.75617,1.4641,3.39035
2.96,2.7406,0.768659,2.75611,1.50849,3.39035
3,2.6698,0.768644,2.75605,1.54846,3.39035
3.04,2.61036,0.768628,2.75599,1.58368,3.39035
3.08,2.56115,0.768612,2.75593,1.61408,3.39035
3.12,2.52097,0.768595,2.75587,1.63977,3.39035
3.16,2.48862,0.768578,2.75581,1.66105,3.39035
3.2,2.46292,0.76856,2.75575,1.67835,3.39035
3.24,2.44277,0.768543,2.75569,1.69215,3.39035
3.28,2.42718,0.768525,2.75563,1.70298,3.39035
3.32,2.41528,0.768506,2.75556,1.71133,3.39035
3.36,2.40631,0.768487,2.7555,1.71767,3.39035
3.4,2.39963,0.768468,2.75543,1.72241,3.39035
3.44,2.39472,0.768448,2.75537,1.7259,3.39035
3.48,2.39115,0.768428,2.7553,1.72843,3.39035
3.52,2.38859,0.768408,2.75523,1.73024,3.39035
3.56,2.38677,0.768387,2.75516,1.73152,3.39035
3.6,2.38549,0.768365,2.75509,1.73241,3.39035
3.64,2.38459,0.768343,2.75501,1.73301,3.39035
3.68,2.38397,0.768321,2.75494,1.73342,3.39035
3.72,2.38354,0.768298,2.75486,1.73368,3.39035
3.76,2.38324,0.768275,2.75478,1.73385,3.39035
3.8,2.38302,0.768251,2.7547,1.73396,3.39035
3.84,2.38287,0.768227,2.75462,1.73402,3.39035
3.88,2.38276,0.768202,2.75454,1.73405,3.39035
3.92,2.38267,0.768176,2.75445,1.73406,3.39035
3.96,2.38259,0.76815,2.75437,1.73406,3.39035
4,2.38253,0.768123,2.75428,1.73405,3.39035
4.04,2.38247,0.768096,2.75418,1.73403,3.39035
4.08,2.38241,0.768068,2.75409,1.73401,3.39035
4.12,2.38236,0.768039,2.75399,1.73399,3.39035
4.16,2.3823,0.76801,2.7539,1.73397,3.39035
4.2,2.38225,0.767979,2.7538,1.73395,3.39035
4.24,2.38219,0.767948,2.75369,1.73392,3.39035
4.28,2.38214,0.767916,2.75358,1.7339,3.39035
4.32,2.38208,0.767883,2.75348,1.73387,3.39035
4.36,2.38202,0.76785,2.75336,1.73384,3.39035
4.4,2.38196,0.767815,2.75325,1.73382,3.39035
4.44,2.38189,0.76778,2.75313,1.73379,3.39035
4.48,2.38183,0.767743,2.75301,1.73376,3.39035
4.52,2.38176,0.767705,2.75288,1.73373,3.39035
4.56,2.38169,0.767666,2.75275,1.73369,3.39035
4.6,2.38162,0.767626,2.75262,1.73366,3.39035
4.64,2.38155,0.767585,2.75248,1.73363,3.39035
4.68,2.38147,0.767542,2.75234,1.73359,3.39035
4.72,2.3814,0.767498,2.75219,1.73356,3.39035
4.76,2.38132,0.767452,2.75204,1.73352,3.39035
4.8,2.38123,0.767404,2.75188,1.73348,3.39035
4.84,2.38114,0.767354,2.75171,1.73344,3.39035
4.88,2.38105,0.7673,2.75153,1.7334,3.39035
4.92,2.38095,0.767241,2.75134,1.73335,3.39035
4.96,2.38083,0.767175,2.75112,1.73329,3.39035
5,2.3807,0.767098,2.75086,1.73323,3.39035
5.04,2.38053,0.767002,2.75054,1.73315,3.39035
5.08,2.38031,0.766873,2.75012,1.73304,3.39035
5.12,2.37999,0.766686,2.7495,1.73289,3.39035
5.16,2.37949,0.7664,2.74855,1.73265,3.39035
5.2,2.37869,0.765935,2.74702,1.73227,3.39035
5.24,2.37735,0.765153,2.74444,1.73162,3.39035
5.28,2.37504,0.763807,2.74,1.7305,3.39035
5.32,2.37102,0.761457,2.73227,1.72854,3.39035
5.36,2.36397,0.757328,2.71874,1.72511,3.39035
5.4,2.3516,0.750067,2.69507,1.71908,3.39035
5.44,2.3301,0.737366,2.65409,1.70857,3.39035
5.48,2.29334,0.715441,2.58458,1.69049,3.39035
5.52,2.2325,0.678546,2.47104,1.66027,3.39035
5.56,2.13722,0.619213,2.29716,1.61225,3.39035
5.6,2.00094,0.530892,2.05706,1.54207,3.39035
5.64,1.83102,0.414676,1.77259,1.45214,3.39035
5.68,1.65518,0.286701,1.49664,1.35633,3.39035
5.72,1.50894,0.17366,1.28212,1.27453,3.39035
5.76,1.41053,0.0938255,1.14567,1.21834,3.39035
5.8,1.35448,0.0468368,1.0708,1.18584,3.39035
5.84,1.3258,0.0223321,1.03329,1.16906,3.39035
5.88,1.31197,0.0103987,1.0154,1.16092,3.39035
5.92,1.3055,0.00478689,1.00707,1.1571,3.39035
5.96,1.30252,0.00219182,1.00323,1.15534,3.39035
6,1.30115,0.00100115,1.00147,1.15453,3.39035
6.04,1.30052,0.000456791,1.00067,1.15416,3.39035
6.08,1.30024,0.000208322,1.00031,1.15399,3.39035
6.12,1.30011,9.49881e-05,1.00014,1.15391,3.39035
6.16,1.30005,4.33088e-05,1.00006,1.15388,3.39035
6.2,1.30002,1.9746e-05,1.00003,1.15386,3.39035
6.24,1.30001,9.00299e-06,1.00001,1.15385,3.39035
6.28,1.3,4.10486e-06,1.00001,1.15385,3.39035
6.32,1.3,1.87159e-06,1,1.15385,3.39035
6.36,1.3,8.53336e-07,1,1.15385,3.39035
6.4,1.3,3.8906e-07,1,1.15385,3.39035
6.44,1.3,1.77375e-07,1,1.15385,3.39035
6.48,1.3,8.08597e-08,1,1.15385,3.39035
6.52,1.3,3.68575e-08,1,1.15385,3.39035
6.56,1.3,1.6798e-08,1,1.15385,3.39035
6.6,1.3,7.6543e-09,1,1.15385,3.39035
6.64,1.3,3.487e-09,1,1.15385,3.39035
6.68,1.3,1.58808e-09,1,1.15385,3.39035
6.72,1.3,7.23007e-10,1,1.15385,3.39035
6.76,1.3,3.29026e-10,1,1.15385,3.39035
6.8,1.3,1.4966e-10,1,1.15385,3.39035
6.84,1.3,6.80353e-11,1,1.15385,3.39035
6.88,1.3,3.09084e-11,1,1.15385,3.39035
6.92,1.3,1.40312e-11,1,1.15385,3.39035
6.96,1.3,6.36417e-12,1,1.15385,3.39035
7,1.3,2.88374e-12,1,1.15385,3.39035
7.04,1.3,1.30523e-12,1,1.15385,3.39035
7.08,1.3,5.90043e-13,1,1.15385,3.39035
7.12,1.3,2.66335e-13,1,1.15385,3.39035
7.16,1.3,1.19898e-13,1,1.15385,3.39035
7.2,1.3,5.37141e-14,1,1.15385,3.39035
7.24,1.3,2.38831e-14,1,1.15385,3.39035
7.28,1.3,1.04911e-14,1,1.15385,3.39035
7.32,1.3,4.46022e-15,1,1.15385,3.39035
7.36,1.3,1.58964e-15,1,1.15385,3.39035
7.4,1.3,3.53682e-16,1,1.15385,3.39035
7.44,1.3,4.02038e-17,1,1.15385,3.39035
7.48,1.3,4.39741e-18,1,1.15385,3.39035
7.52,1.3,4.80787e-19,1,1.15385,3.39035
7.56,1.3,5.28285e-20,1,1.15385,3.39035
7.6,1.3,5.82513e-21,1,1.15385,3.39035
7.64,1.3,6.44347e-22,1,1.15385,3.39035
7.68,1.3,7.14392e-23,1,1.15385,3.39035
7.72,1.3,7.9262e-24,1,1.15385,3.39035
7.76,1.3,8.78917e-25,1,1.15385,3.39035
7.8,1.3,9.73527e-26,1,1.15385,3.39035
7.84,1.3,1.07716e-26,1,1.15385,3.39035
7.88,1.3,1.19088e-27,1,1.15385,3.39035
7.92,1.3,1.31601e-28,1,1.15385,3.39035
7.96,1.3,1.45391e-29,1,1.15385,3.39035
8,1.3,1.60589e-30,1,1.15385,3.39035
8.04,1.3,1.77318e-31,1,1.15385,3.39035
8.08,1.3,1.95687e-32,1,1.15385,3.39035
8.12,1.3,2.15803e-33,1,1.15385,3.39035
8.16,1.3,2.37774e-34,1,1.15385,3.39035
8.2,1.3,2.61722e-35,1,1.15385,3.39035
8.24,1.3,2.87786e-36,1,1.15385,3.39035
8.28,1.3,3.16123e-37,1,1.15385,3.39035
8.32,1.3,3.46914e-38,1,1.15385,3.39035
8.36,1.3,3.80358e-39,1,1.15385,3.39035
8.4,1.3,4.16676e-40,1,1.15385,3.39035
8.44,1.3,4.56106e-41,1,1.15385,3.39035
8.48,1.3,4.98913e-42,1,1.15385,3.39035
8.52,1.3,5.45382e-43,1,1.15385,3.39035
8.56,1.3,5.95826e-44,1,1.15385,3.39035
8.6,1.3,6.50587e-45,1,1.15385,3.39035
8.64,1.3,7.10034e-46,1,1.15385,3.39035
8.68,1.3,7.74563e-47,1,1.15385,3.39035
8.72,1.3,8.44599e-48,1,1.15385,3.39035
8.76,1.3,9.20586e-49,1,1.15385,3.39035
8.8,1.3,1.00299e-49,1,1.15385,3.39035
8.84,1.3,1.0923e-50,1,1.15385,3.39035
8.88,1.3,1.189e-51,1,1.15385,3.39035
8.92,1.3,1.29361e-52,1,1.15385,3.39035
8.96,1.3,1.40662e-53,1,1.15385,3.39035
9,1.3,1.52857e-54,1,1.15385,3.39035
9.04,1.3,1.65995e-55,1,1.15385,3.39035
9.08,1.3,1.80131e-56,1,1.15385,3.39035
9.12,1.3,1.95315e-57,1,1.15385,3.39035
9.16,1.3,2.11602e-58,1,1.15385,3.39035
9.2,1.3,2.29044e-59,1,1.15385,3.39035
9.24,1.3,2.47697e-60,1,1.15385,3.39035
9.28,1.3,2.67619e-61,1,1.15385,3.39035
9.32,1.3,2.88869e-62,1,1.15385,3.39035
9.36,1.3,3.1151e-63,1,1.15385,3.39035
9.4,1.3,3.35609e-64,1,1.15385,3.39035
9.44,1.3,3.61236e-65,1,1.15385,3.39035
9.48,1.3,3.88468e-66,1,1.15385,3.39035
9.52,1.3,4.17384e-67,1,1.15385,3.39035
9.56,1.3,4.48069e-68,1,1.15385,3.39035
9.6,1.3,4.80612e-69,1,1.15385,3.39035
9.64,1.3,5.15108e-70,1,1.15385,3.39035
9.68,1.3,5.5165e-71,1,1.15385,3.39035
9.72,1.3,5.90338e-72,1,1.15385,3.39035
9.76,1.3,6.31269e-73,1,1.15385,3.39035
9.8,1.3,6.74541e-74,1,1.15385,3.39035
9.84,1.3,7.2025e-75,1,1.15385,3.39035
9.88,1.3,7.68496e-76,1,1.15385,3.39035
9.92,1.3,8.20324e-77,1,1.15385,3.39035
9.96,1.3,9.65802e-78,1,1.15385,3.39035
10,1.3,9.65802e-78,1,1.15385,3.39035
-10,13,8.80165e-78,10,1.15385,3.4831
-9.96,13,8.80165e-78,10,1.15385,3.4831
-9.92,13,6.90483e-77,10,1.15385,3.4831
-9.88,13,6.00956e-76,10,1.15385,3.4831
-9.84,13,5.23027e-75,10,1.15385,3.4831
-9.8,13,4.54545e-74,10,1.15385,3.4831
-9.76,13,3.94455e-73,10,1.15385,3.4831
-9.72,13,3.41816e-72,10,1.15385,3.4831
-9.68,13,2.9578e-71,10,1.15385,3.4831
-9.64,13,2.55582e-70,10,1.15385,3.4831
-9.6,13,2.20539e-69,10,1.15385,3.4831
-9.56,13,1.90037e-68,10,1.15385,3.4831
-9.52,13,1.63528e-67,10,1.15385,3.4831
-9.48,13,1.40523e-66,10,1.15385,3.4831
-9.44,13,1.2059e-65,10,1.15385,3.4831
-9.4,13,1.03342e-64,10,1.15385,3.4831
-9.36,13,8.84403e-64,10,1.15385,3.4831
-9.32,13,7.55831e-63,10,1.15385,3.4831
-9.28,13,6.45058e-62,10,1.15385,3.4831
-9.24,13,5.49756e-61,10,1.15385,3.4831
-9.2,13,4.67883e-60,10,1.15385,3.4831
-9.16,13,3.97647e-59,10,1.15385,3.4831
-9.12,13,3.37483e-58,10,1.15385,3.4831
-9.08,13,2.86022e-57,10,1.15385,3.4831
-9.04,13,2.42071e-56,10,1.15385,3.4831
-9,13,2.04589e-55,10,1.15385,3.4831
-8.96,13,1.72673e-54,10,1.15385,3.4831
-8.92,13,1.45536e-53,10,1.15385,3.4831
-8.88,13,1.22497e-52,10,1.15385,3.4831
-8.84,13,1.02965e-51,10,1.15385,3.4831
-8.8,13,8.64314e-51,10,1.15385,3.4831
-8.76,13,7.24551e-50,10,1.15385,3.4831
-8.72,13,6.06575e-49,10,1.15385,3.4831
-8.68,13,5.0713e-48,10,1.15385,3.4831
-8.64,13,4.23423e-47,10,1.15385,3.4831
-8.6,13,3.53064e-46,10,1.15385,3.4831
-8.56,13,2.9401e-45,10,1.15385,3.4831
-8.52,13,2.44517e-44,10,1.15385,3.4831
-8.48,13,2.03098e-43,10,1.15385,3.4831
-8.44,13,1.68488e-42,10,1.15385,3.4831
-8.4,13,1.3961e-41,10,1.15385,3.4831
-8.36,13,1.15552e-40,10,1.15385,3.4831
-8.32,13,9.55368e-40,10,1.15385,3.4831
-8.28,13,7.89083e-39,10,1.15385,3.4831
-8.24,13,6.51105e-38,10,1.15385,3.4831
-8.2,13,5.3674e-37,10,1.15385,3.4831
-8.16,13,4.42039e-36,10,1.15385,3.4831
-8.12,13,3.63682e-35,10,1.15385,3.4831
-8.08,13,2.98893e-34,10,1.15385,3.4831
-8.04,13,2.45357e-33,10,1.15385,3.4831
-8,13,2.01153e-32,10,1.15385,3.4831
-7.96,13,1.6469e-31,10,1.15385,3.4831
-7.92,13,1.34652e-30,10,1.15385,3.4831
-7.88,13,1.09951e-29,10,1.15385,3.4831
-7.84,13,8.96794e-29,10,1.15385,3.4831
-7.8,13,7.30809e-28,10,1.15385,3.4831
-7.76,13,5.95167e-27,10,1.15385,3.4831
-7.72,13,4.8447e-26,10,1.15385,3.4831
-7.68,13,3.94167e-25,10,1.15385,3.4831
-7.64,13,3.20458e-24,10,1.15385,3.4831
-7.6,13,2.60219e-23,10,1.15385,3.4831
-7.56,13,2.10927e-22,10,1.15385,3.4831
-7.52,13,1.70565e-21,10,1.15385,3.4831
-7.48,13,1.37519e-20,10,1.15385,3.4831
-7.44,13,1.10547e-19,10,1.15385,3.4831
-7.4,13,8.87747e-19,10,1.15385,3.4831
-7.36,13,7.13316e-18,10,1.15385,3.4831
-7.32,13,5.65131e-17,10,1.15385,3.4831
-7.28,13,4.18197e-16,10,1.15385,3.4831
-7.24,13,1.58986e-15,10,1.15385,3.4831
-7.2,13,3.98507e-15,10,1.15385,3.4831
-7.16,13,8.21923e-15,10,1.15385,3.4831
-7.12,13,1.59467e-14,10,1.15385,3.4831
-7.08,13,3.04196e-14,10,1.15385,3.4831
-7.04,13,5.74456e-14,10,1.15385,3.4831
-7,13,1.07694e-13,10,1.15385,3.4831
-6.96,13,2.00655e-13,10,1.15385,3.4831
-6.92,13,3.71121e-13,10,1.15385,3.4831
-6.88,13,6.81777e-13,10,1.15385,3.4831
-6.84,13,1.24468e-12,10,1.15385,3.4831
-6.8,13,2.25766e-12,10,1.15385,3.4831
-6.76,13,4.0685e-12,10,1.15385,3.4831
-6.72,13,7.28462e-12,10,1.15385,3.4831
-6.68,13,1.29585e-11,10,1.15385,3.4831
-6.64,13,2.29015e-11,10,1.15385,3.4831
-6.6,13,4.02088e-11,10,1.15385,3.4831
-6.56,13,7.0131e-11,10,1.15385,3.4831
-6.52,13,1.21512e-10,10,1.15385,3.4831
-6.48,13,2.09136e-10,10,1.15385,3.4831
-6.44,13,3.57543e-10,10,1.15385,3.4831
-6.4,13,6.07155e-10,10,1.15385,3.4831
-6.36,13,1.02406e-09,10,1.15385,3.4831
-6.32,13,1.71551e-09,10,1.15385,3.4831
-6.28,13,2.85419e-09,10,1.15385,3.4831
-6.24,13,4.71605e-09,10,1.15385,3.4831
-6.2,13,7.73863e-09,10,1.15385,3.4831
-6.16,13,1.26102e-08,10,1.15385,3.4831
-6.12,13,2.04048e-08,10,1.15385,3.4831
-6.08,13,3.27855e-08,10,1.15385,3.4831
-6.04,13,5.23057e-08,10,1.15385,3.4831
-6,13,8.28548e-08,10,1.15385,3.4831
-5.96,13,1.30308e-07,10,1.15385,3.4831
-5.92,13,2.03463e-07,10,1.15385,3.4831
-5.88,13,3.15389e-07,10,1.15385,3.4831
-5.84,13,4.85327e-07,9.99999,1.15385,3.4831
-5.8,13,7.41362e-07,9.99999,1.15385,3.4831
-5.76,13,1.12412e-06,9.99998,1.15385,3.4831
-5.72,13,1.69186e-06,9.99998,1.15385,3.4831
-5.68,13,2.52735e-06,9.99996,1.15384,3.4831
-5.64,13,3.74708e-06,9.99994,1.15384,3.4831
-5.6,12.9999,5.51352e-06,9.99992,1.15384,3.4831
-5.56,12.9999,8.05106e-06,9.99988,1.15384,3.4831
-5.52,12.9999,1.16666e-05,9.99983,1.15384,3.4831
-5.48,12.9998,1.67757e-05,9.99975,1.15383,3.4831
-5.44,12.9997,2.39356e-05,9.99965,1.15383,3.4831
-5.4,12.9996,3.38854e-05,9.9995,1.15382,3.4831
-5.36,12.9995,4.75955e-05,9.9993,1.15381,3.4831
-5.32,12.9992,6.63261e-05,9.99902,1.1538,3.4831
-5.28,12.9989,9.16954e-05,9.99865,1.15378,3.4831
-5.24,12.9986,0.000125758,9.99815,1.15376,3.4831
-5.2,12.998,0.000171094,9.99748,1.15373,3.4831
-5.16,12.9973,0.000230901,9.9966,1.15369,3.4831
-5.12,12.9965,0.000309095,9.99545,1.15364,3.4831
-5.08,12.9953,0.000410415,9.99396,1.15357,3.4831
-5.04,12.9938,0.000540515,9.99205,1.15348,3.4831
-5,12.9919,0.000706055,9.98961,1.15337,3.4831
-4.96,12.9895,0.000914771,9.98654,1.15322,3.4831
-4.92,12.9865,0.00117552,9.98271,1.15305,3.4831
-4.88,12.9828,0.00149829,9.97796,1.15283,3.4831
-4.84,12.9783,0.00189417,9.97215,1.15256,3.4831
-4.8,12.9727,0.00237531,9.96508,1.15223,3.4831
-4.76,12.9661,0.00295475,9.95658,1.15184,3.4831
-4.72,12.9582,0.00364629,9.94644,1.15137,3.4831
-4.68,12.9488,0.00446427,9.93446,1.15082,3.4831
-4.64,12.9378,0.00542328,9.92042,1.15016,3.4831
-4.6,12.9251,0.00653792,9.90413,1.14941,3.4831
-4.56,12.9104,0.00782249,9.88537,1.14854,3.4831
-4.52,12.8936,0.00929064,9.86398,1.14754,3.4831
-4.48,12.8746,0.0109551,9.83976,1.14641,3.4831
-4.44,12.8533,0.0128275,9.81258,1.14515,3.4831
-4.4,12.8295,0.0149179,9.7823,1.14373,3.4831
-4.36,12.8031,0.0172347,9.74883,1.14216,3.4831
-4.32,12.7741,0.0197849,9.71209,1.14044,3.4831
-4.28,12.7425,0.0225733,9.67204,1.13856,3.4831
-4.24,12.7082,0.0256031,9.62868,1.13651,3.4831
-4.2,12.6712,0.0288754,9.58202,1.13431,3.4831
-4.16,12.6316,0.03239,9.5321,1.13194,3.4831
-4.12,12.5893,0.0361448,9.479,1.12941,3.4831
-4.08,12.5445,0.0401363,9.42281,1.12673,3.4831
-4.04,12.4971,0.0443597,9.36365,1.12389,3.4831
-4,12.4474,0.0488092,9.30163,1.12091,3.4831
-3.96,12.3954,0.053478,9.23691,1.11778,3.4831
-3.92,12.3411,0.0583587,9.16964,1.11452,3.4831
-3.88,12.2848,0.0634431,9.09997,1.11113,3.4831
-3.84,12.2265,0.0687227,9.02808,1.10761,3.4831
-3.8,12.1663,0.074189,8.95412,1.10397,3.4831
-3.76,12.1043,0.079833,8.87826,1.10022,3.4831
-3.72,12.0407,0.0856459,8.80066,1.09636,3.4831
-3.68,11.9756,0.0916189,8.7215,1.09241,3.4831
-3.64,11.9091,0.0977435,8.64091,1.08836,3.4831
-3.6,11.8413,0.104011,8.55905,1.08422,3.4831
-3.56,11.7723,0.110414,8.47607,1.08001,3.4831
-3.52,11.7021,0.116944,8.39211,1.07572,3.4831
-3.48,11.631,0.123594,8.30728,1.07135,3.4831
-3.44,11.559,0.130356,8.22172,1.06693,3.4831
-3.4,11.4861,0.137225,8.13554,1.06244,3.4831
-3.36,11.4125,0.144193,8.04884,1.0579,3.4831
-3.32,11.3382,0.151254,7.96174,1.05331,3.4831
-3.28,11.2633,0.158404,7.87432,1.04867,3.4831
-3.24,11.1879,0.165635,7.78667,1.04398,3.4831
-3.2,11.112,0.172945,7.69887,1.03926,3.4831
-3.16,11.0358,0.180327,7.61101,1.0345,3.4831
-3.12,10.9591,0.187777,7.52314,1.02971,3.4831
-3.08,10.8822,0.195292,7.43534,1.02489,3.4831
-3.04,10.8049,0.202867,7.34765,1.02004,3.4831
-3,10.7275,0.210499,7.26015,1.01517,3.4831
-2.96,10.6499,0.218185,7.17287,1.01027,3.4831
-2.92,10.5722,0.225921,7.08587,1.00536,3.4831
-2.88,10.4944,0.233704,6.99919,1.00042,3.4831
-2.84,10.4165,0.241532,6.91286,0.995472,3.4831
-2.8,10.3385,0.249403,6.82693,0.990507,3.4831
-2.76,10.2606,0.257313,6.74142,0.985531,3.4831
-2.72,10.1827,0.265261,6.65637,0.980543,3.4831
-2.68,10.1048,0.273244,6.5718,0.975546,3.4831
-2.64,10.027,0.281261,6.48774,0.970541,3.4831
-2.6,9.94929,0.28931,6.40421,0.965529,3.4831
-2.56,9.87168,0.297389,6.32124,0.960511,3.4831
-2.52,9.7942,0.305497,6.23883,0.955489,3.4831
-2.48,9.71687,0.313631,6.15702,0.950463,3.4831
-2.44,9.6397,0.321791,6.07581,0.945435,3.4831
-2.4,9.56271,0.329976,5.99522,0.940406,3.4831
-2.36,9.4859,0.338183,5.91526,0.935376,3.4831
-2.32,9.4093,0.346413,5.83594,0.930346,3.4831
-2.28,9.33292,0.354663,5.75728,0.925318,3.4831
-2.24,9.25676,0.362933,5.67928,0.920291,3.4831
-2.2,9.18084,0.371222,5.60195,0.915267,3.4831
-2.16,9.10518,0.379528,5.5253,0.910246,3.4831
-2.12,9.02977,0.387851,5.44933,0.905228,3.4831
-2.08,8.95463,0.396191,5.37406,0.900216,3.4831
-2.04,8.87977,0.404545,5.29949,0.895208,3.4831
-2,8.80519,0.412914,5.22562,0.890206,3.4831
-1.96,8.73091,0.421296,5.15245,0.88521,3.4831
-1.92,8.65692,0.429691,5.08,0.88022,3.4831
-1.88,8.58325,0.438098,5.00826,0.875238,3.4831
-1.84,8.50989,0.446516,4.93723,0.870264,3.4831
-1.8,8.43686,0.454945,4.86693,0.865297,3.4831
-1.76,8.36415,0.463383,4.79734,0.86034,3.4831
-1.72,8.29178,0.471831,4.72848,0.855392,3.4831
-1.68,8.21976,0.480286,4.66034,0.850453,3.4831
-1.64,8.14808,0.48875,4.59293,0.845525,3.4831
-1.6,8.07676,0.497219,4.52625,0.840607,3.4831
-1.56,8.0058,0.505695,4.4603,0.835701,3.4831
-1.52,7.93522,0.514175,4.39508,0.830806,3.4831
-1.48,7.86501,0.522659,4.3306,0.825924,3.4831
-1.44,7.79518,0.531146,4.26685,0.821055,3.4831
-1.4,7.72575,0.539635,4.20384,0.816199,3.4831
-1.36,7.65673,0.548125,4.14156,0.811358,3.4831
-1.32,7.58811,0.556613,4.08004,0.806532,3.4831
-1.28,7.51992,0.5651,4.01926,0.801722,3.4831
-1.24,7.45216,0.573582,3.95923,0.796929,3.4831
-1.2,7.38486,0.582059,3.89996,0.792153,3.4831
-1.16,7.31801,0.590527,3.84145,0.787397,3.4831
-1.12,7.25165,0.598986,3.78372,0.782662,3.4831
-1.08,7.18578,0.607431,3.72677,0.777948,3.4831
-1.04,7.12044,0.615859,3.67062,0.773258,3.4831
-1,7.05564,0.624267,3.61528,0.768594,3.4831
-0.96,6.99142,0.63265,3.56077,0.763958,3.4831
-0.92,6.92782,0.641002,3.50711,0.759353,3.4831
-0.88,6.86489,0.649318,3.45433,0.754783,3.4831
-0.84,6.80266,0.657588,3.40247,0.750252,3.4831
-0.8,6.74121,0.665804,3.35157,0.745764,3.4831
-0.76,6.68063,0.673953,3.30168,0.741327,3.4831
-0.72,6.62099,0.682022,3.25288,0.736946,3.4831
-0.68,6.56244,0.689991,3.20524,0.732633,3.4831
-0.64,6.50511,0.69784,3.15887,0.728398,3.4831
-0.6,6.44919,0.705538,3.11391,0.724256,3.4831
-0.56,6.39493,0.713051,3.07053,0.720226,3.4831
-0.52,6.34262,0.720334,3.02894,0.71633,3.4831
-0.48,6.29263,0.727332,2.98941,0.712597,3.4831
-0.44,6.2454,0.733976,2.95225,0.709062,3.4831
-0.4,6.20148,0.740184,2.91787,0.705767,3.4831
-0.36,6.16149,0.745864,2.8867,0.702761,3.4831
-0.32,6.12606,0.750914,2.85921,0.700093,3.4831
-0.28,6.09579,0.755242,2.83581,0.697812,3.4831
-0.24,6.07107,0.758787,2.81676,0.695947,3.4831
-0.2,6.05189,0.761538,2.80204,0.694503,3.4831
-0.16,6.03778,0.76356,2.79124,0.693445,3.4831
-0.12,6.02782,0.764982,2.78366,0.692703,3.4831
-0.08,6.02089,0.765965,2.77841,0.692192,3.4831
-0.04,6.01597,0.766655,2.77471,0.691836,3.4831
0,6.01234,0.767156,2.77201,0.69158,3.4831
0.04,6.00958,0.767531,2.76998,0.691391,3.4831
0.08,6.00743,0.767817,2.76842,0.691249,3.4831
0.12,6.00573,0.768037,2.7672,0.691141,3.4831
0.16,6.00435,0.768209,2.76624,0.69106,3.4831
0.2,6.00321,0.768344,2.76547,0.690998,3.4831
0.24,6.00226,0.768452,2.76484,0.69095,3.4831
0.28,6.00144,0.768539,2.76432,0.690914,3.4831
0.32,6.00073,0.76861,2.76389,0.690888,3.4831
0.36,6.0001,0.768669,2.76352,0.690868,3.4831
0.4,5.99953,0.768717,2.7632,0.690854,3.4831
0.44,5.99901,0.768758,2.76292,0.690844,3.4831
0.48,5.99852,0.768793,2.76267,0.690838,3.4831
0.52,5.99806,0.768823,2.76245,0.690836,3.4831
0.56,5.99762,0.768849,2.76225,0.690836,3.4831
0.6,5.99719,0.768871,2.76206,0.690839,3.4831
0.64,5.99678,0.768891,2.76189,0.690844,3.4831
0.68,5.99637,0.768908,2.76173,0.690851,3.4831
0.72,5.99596,0.768924,2.76158,0.690859,3.4831
0.76,5.99556,0.768937,2.76143,0.69087,3.4831
0.8,5.99515,0.768949,2.7613,0.690882,3.4831
0.84,5.99475,0.76896,2.76117,0.690897,3.4831
0.88,5.99433,0.76897,2.76104,0.690912,3.4831
0.92,5.99391,0.768979,2.76092,0.69093,3.4831
0.96,5.99349,0.768986,2.7608,0.69095,3.4831
1,5.99305,0.768993,2.76068,0.690971,3.4831
1.04,5.99261,0.768999,2.76057,0.690994,3.4831
1.08,5.99215,0.769004,2.76046,0.69102,3.4831
1.12,5.99168,0.769009,2.76036,0.691048,3.4831
1.16,5.99119,0.769013,2.76025,0.691078,3.4831
1.2,5.99068,0.769016,2.76015,0.691111,3.4831
1.24,5.99015,0.769019,2.76005,0.691146,3.4831
1.28,5.98959,0.769021,2.75995,0.691185,3.4831
1.32,5.98901,0.769023,2.75985,0.691228,3.4831
1.36,5.98839,0.769024,2.75975,0.691275,3.4831
1.4,5.98772,0.769024,2.75965,0.691328,3.4831
1.44,5.987,0.769024,2.75956,0.691388,3.4831
1.48,5.98619,0.769024,2.75946,0.691457,3.4831
1.52,5.98528,0.769023,2.75937,0.691539,3.4831
1.56,5.98421,0.769022,2.75927,0.691639,3.4831
1.6,5.9829,0.76902,2.75918,0.691766,3.4831
1.64,5.98127,0.769018,2.75909,0.691932,3.4831
1.68,5.97915,0.769015,2.759,0.692155,3.4831
1.72,5.97633,0.769012,2.7589,0.692458,3.4831
1.76,5.97252,0.769009,2.75881,0.692877,3.4831
1.8,5.96732,0.769005,2.75872,0.693457,3.4831
1.84,5.96022,0.769001,2.75863,0.694259,3.4831
1.88,5.95058,0.768996,2.75853,0.695362,3.4831
1.92,5.93757,0.768991,2.75844,0.696861,3.4831
1.96,5.92026,0.768986,2.75835,0.698876,3.4831
2,5.89751,0.76898,2.75826,0.701548,3.4831
2.04,5.86809,0.768974,2.75816,0.705042,3.4831
2.08,5.83065,0.768967,2.75807,0.709545,3.4831
2.12,5.78381,0.76896,2.75798,0.715267,3.4831
2.16,5.72622,0.768953,2.75789,0.722437,3.4831
2.2,5.65663,0.768945,2.7578,0.731301,3.4831
2.24,5.574,0.768937,2.75771,0.742117,3.4831
2.28,5.47759,0.768928,2.75762,0.755154,3.4831
2.32,5.36705,0.76892,2.75753,0.770683,3.4831
2.36,5.24247,0.76891,2.75744,0.788972,3.4831
2.4,5.10445,0.768901,2.75736,0.810281,3.4831
2.44,4.9541,0.768891,2.75727,0.834845,3.4831
2.48,4.79305,0.768881,2.75719,0.862871,3.4831
2.52,4.62338,0.76887,2.75711,0.894512,3.4831
2.56,4.4475,0.76886,2.75703,0.929859,3.4831
2.6,4.26813,0.768849,2.75696,0.96891,3.4831
2.64,4.08809,0.768837,2.75688,1.01155,3.4831
2.68,3.91021,0.768825,2.75681,1.05755,3.4831
2.72,3.73716,0.768813,2.75675,1.10649,3.4831
2.76,3.5714,0.768801,2.75668,1.15782,3.4831
2.8,3.415,0.768788,2.75661,1.21081,3.4831
2.84,3.26964,0.768776,2.75655,1.26461,3.4831
2.88,3.13652,0.768762,2.75649,1.31825,3.4831
2.92,3.0164,0.768749,2.75643,1.37072,3.4831
2.96,2.90955,0.768735,2.75637,1.42103,3.4831
3,2.81586,0.768721,2.75632,1.46828,3.4831
3.04,2.73487,0.768706,2.75626,1.51173,3.4831
3.08,2.66582,0.768692,2.7562,1.55086,3.4831
3.12,2.60777,0.768676,2.75615,1.58535,3.4831
3.16,2.55962,0.768661,2.75609,1.61514,3.4831
3.2,2.52022,0.768645,2.75603,1.64035,3.4831
3.24,2.48841,0.768629,2.75598,1.66128,3.4831
3.28,2.46307,0.768613,2.75592,1.67834,3.4831
3.32,2.44314,0.768596,2.75586,1.692,3.4831
3.36,2.42767,0.768579,2.7558,1.70274,3.4831
3.4,2.41581,0.768561,2.75574,1.71107,3.4831
3.44,2.40683,0.768543,2.75568,1.71741,3.4831
3.48,2.40012,0.768525,2.75562,1.72218,3.4831
3.52,2.39516,0.768506,2.75556,1.7257,3.4831
3.56,2.39154,0.768488,2.75549,1.72827,3.4831
3.6,2.38893,0.768468,2.75543,1.73013,3.4831
3.64,2.38706,0.768448,2.75536,1.73144,3.4831
3.68,2.38573,0.768428,2.75529,1.73235,3.4831
3.72,2.38481,0.768408,2.75522,1.73299,3.4831
3.76,2.38416,0.768387,2.75515,1.73341,3.4831
3.8,2.38371,0.768365,2.75508,1.7337,3.4831
3.84,2.38339,0.768343,2.75501,1.73388,3.4831
3.88,2.38317,0.768321,2.75493,1.73399,3.4831
3.92,2.38301,0.768298,2.75486,1.73406,3.4831
3.96,2.38289,0.768275,2.75478,1.7341,3.4831
4,2.3828,0.768251,2.7547,1.73411,3.4831
4.04,2.38273,0.768226,2.75462,1.73412,3.4831
4.08,2.38266,0.768201,2.75453,1.73411,3.4831
4.12,2.38261,0.768176,2.75445,1.7341,3.4831
4.16,2.38255,0.76815,2.75436,1.73408,3.4831
4.2,2.3825,0.768123,2.75427,1.73406,3.4831
4.24,2.38245,0.768095,2.75418,1.73404,3.4831
4.28,2.3824,0.768067,2.75408,1.73402,3.4831
4.32,2.38235,0.768038,2.75399,1.734,3.4831
4.36,2.38229,0.768009,2.75389,1.73397,3.4831
4.4,2.38224,0.767978,2.75379,1.73395,3.4831
4.44,2.38218,0.767947,2.75368,1.73392,3.4831
4.48,2.38213,0.767915,2.75358,1.7339,3.4831
4.52,2.38207,0.767882,2.75347,1.73387,3.4831
4.56,2.38201,0.767849,2.75335,1.73384,3.4831
4.6,2.38195,0.767814,2.75324,1.73382,3.4831
4.64,2.38188,0.767778,2.75312,1.73379,3.4831
4.68,2.38182,0.767741,2.753,1.73376,3.4831
4.72,2.38175,0.767704,2.75287,1.73373,3.4831
4.76,2.38168,0.767665,2.75274,1.7337,3.4831
4.8,2.38161,0.767624,2.75261,1.73366,3.4831
4.84,2.38154,0.767583,2.75247,1.73363,3.4831
4.88,2.38146,0.76754,2.75232,1.73359,3.4831
4.92,2.38138,0.767495,2.75218,1.73356,3.4831
4.96,2.3813,0.767448,2.75202,1.73352,3.4831
5,2.38121,0.767399,2.75186,1.73348,3.4831
5.04,2.38112,0.767346,2.75168,1.73344,3.4831
5.08,2.38102,0.767289,2.75149,1.73339,3.4831
5.12,2.38091,0.767224,2.75127,1.73333,3.4831
5.16,2.38077,0.767146,2.75102,1.73327,3.4831
5.2,2.38061,0.767049,2.7507,1.73319,3.4831
5.24,2.38038,0.766916,2.75026,1.73308,3.4831
5.28,2.38004,0.766722,2.74962,1.73292,3.4831
5.32,2.37952,0.76642,2.74862,1.73267,3.4831
5.36,2.37867,0.765926,2.74699,1.73226,3.4831
5.4,2.37724,0.765091,2.74423,1.73156,3.4831
5.44,2.37477,0.763648,2.73948,1.73036,3.4831
5.48,2.37045,0.761124,2.73118,1.72827,3.4831
5.52,2.36287,0.756685,2.71663,1.72458,3.4831
5.56,2.34958,0.74888,2.69121,1.7181,3.4831
5.6,2.32651,0.735239,2.64728,1.70681,3.4831
5.64,2.28719,0.711748,2.57302,1.68745,3.4831
5.68,2.22247,0.672391,2.4525,1.65526,3.4831
5.72,2.12206,0.609594,2.26994,1.60453,3.4831
5.76,1.98057,0.517324,2.02207,1.53143,3.4831
5.8,1.80788,0.398304,1.73519,1.43969,3.4831
5.84,1.63397,0.270696,1.46467,1.34458,3.4831
5.88,1.49343,0.161293,1.2602,1.26574,3.4831
5.92,1.40118,0.086067,1.13304,1.21294,3.4831
5.96,1.34954,0.0426342,1.0643,1.18296,3.4831
6,1.32338,0.0202437,1.03014,1.16763,3.4831
6.04,1.31083,0.0094065,1.01392,1.16024,3.4831
6.08,1.30497,0.00432563,1.00638,1.15679,3.4831
6.12,1.30227,0.00197957,1.00292,1.15519,3.4831
6.16,1.30104,0.000903938,1.00133,1.15446,3.4831
6.2,1.30047,0.000412364,1.00061,1.15413,3.4831
6.24,1.30022,0.000188037,1.00028,1.15397,3.4831
6.28,1.3001,8.57302e-05,1.00013,1.1539,3.4831
6.32,1.30004,3.90845e-05,1.00006,1.15387,3.4831
6.36,1.30002,1.78186e-05,1.00003,1.15386,3.4831
6.4,1.30001,8.12367e-06,1.00001,1.15385,3.4831
6.44,1.3,3.70373e-06,1.00001,1.15385,3.4831
6.48,1.3,1.68863e-06,1,1.15385,3.4831
6.52,1.3,7.69892e-07,1,1.15385,3.4831
6.56,1.3,3.51012e-07,1,1.15385,3.4831
6.6,1.3,1.60031e-07,1,1.15385,3.4831
6.64,1.3,7.29561e-08,1,1.15385,3.4831
6.68,1.3,3.32574e-08,1,1.15385,3.4831
6.72,1.3,1.51589e-08,1,1.15385,3.4831
6.76,1.3,6.90854e-09,1,1.15385,3.4831
6.8,1.3,3.14794e-09,1,1.15385,3.4831
6.84,1.3,1.43406e-09,1,1.15385,3.4831
6.88,1.3,6.53107e-10,1,1.15385,3.4831
6.92,1.3,2.97342e-10,1,1.15385,3.4831
6.96,1.3,1.35317e-10,1,1.15385,3.4831
7,1.3,6.15523e-11,1,1.15385,3.4831
7.04,1.3,2.79832e-11,1,1.15385,3.4831
7.08,1.3,1.27138e-11,1,1.15385,3.4831
7.12,1.3,5.77216e-12,1,1.15385,3.4831
7.16,1.3,2.61837e-12,1,1.15385,3.4831
7.2,1.3,1.18656e-12,1,1.15385,3.4831
7.24,1.3,5.37037e-13,1,1.15385,3.4831
7.28,1.3,2.42613e-13,1,1.15385,3.4831
7.32,1.3,1.094e-13,1,1.15385,3.4831
7.36,1.3,4.91697e-14,1,1.15385,3.4831
7.4,1.3,2.19539e-14,1,1.15385,3.4831
7.44,1.3,9.69165e-15,1,1.15385,3.4831
7.48,1.3,4.04388e-15,1,1.15385,3.4831
7.52,1.3,1.38252e-15,1,1.15385,3.4831
7.56,1.3,2.89638e-16,1,1.15385,3.4831
7.6,1.3,3.20312e-17,1,1.15385,3.4831
7.64,1.3,3.46821e-18,1,1.15385,3.4831
7.68,1.3,3.8183e-19,1,1.15385,3.4831
7.72,1.3,4.24688e-20,1,1.15385,3.4831
7.76,1.3,4.73057e-21,1,1.15385,3.4831
7.8,1.3,5.2621e-22,1,1.15385,3.4831
7.84,1.3,5.84183e-23,1,1.15385,3.4831
7.88,1.3,6.47307e-24,1,1.15385,3.4831
7.92,1.3,7.16222e-25,1,1.15385,3.4831
7.96,1.3,7.91869e-26,1,1.15385,3.4831
8,1.3,8.75379e-27,1,1.15385,3.4831
8.04,1.3,9.67956e-28,1,1.15385,3.4831
8.08,1.3,1.07076e-28,1,1.15385,3.4831
8.12,1.3,1.18488e-29,1,1.15385,3.4831
8.16,1.3,1.31132e-30,1,1.15385,3.4831
8.2,1.3,1.45112e-31,1,1.15385,3.4831
8.24,1.3,1.60538e-32,1,1.15385,3.4831
8.28,1.3,1.77534e-33,1,1.15385,3.4831
8.32,1.3,1.96241e-34,1,1.15385,3.4831
8.36,1.3,2.16814e-35,1,1.15385,3.4831
8.4,1.3,2.39421e-36,1,1.15385,3.4831
8.44,1.3,2.64236e-37,1,1.15385,3.4831
8.48,1.3,2.91439e-38,1,1.15385,3.4831
8.52,1.3,3.21216e-39,1,1.15385,3.4831
8.56,1.3,3.53762e-40,1,1.15385,3.4831
8.6,1.3,3.89281e-41,1,1.15385,3.4831
8.64,1.3,4.27993e-42,1,1.15385,3.4831
8.68,1.3,4.70139e-43,1,1.15385,3.4831
8.72,1.3,5.15983e-44,1,1.15385,3.4831
8.76,1.3,5.65817e-45,1,1.15385,3.4831
8.8,1.3,6.19962e-46,1,1.15385,3.4831
8.84,1.3,6.78772e-47,1,1.15385,3.4831
8.88,1.3,7.42634e-48,1,1.15385,3.4831
8.92,1.3,8.11971e-49,1,1.15385,3.4831
8.96,1.3,8.87245e-50,1,1.15385,3.4831
9,1.3,9.68953e-51,1,1.15385,3.4831
9.04,1.3,1.05763e-51,1,1.15385,3.4831
9.08,1.3,1.15386e-52,1,1.15385,3.4831
9.12,1.3,1.25825e-53,1,1.15385,3.4831
9.16,1.3,1.37144e-54,1,1.15385,3.4831
9.2,1.3,1.49411e-55,1,1.15385,3.4831
9.24,1.3,1.62697e-56,1,1.15385,3.4831
9.28,1.3,1.77074e-57,1,1.15385,3.4831
9.32,1.3,1.92618e-58,1,1.15385,3.4831
9.36,1.3,2.09403e-59,1,1.15385,3.4831
9.4,1.3,2.27509e-60,1,1.15385,3.4831
9.44,1.3,2.47014e-61,1,1.15385,3.4831
9.48,1.3,2.67998e-62,1,1.15385,3.4831
9.52,1.3,2.90541e-63,1,1.15385,3.4831
9.56,1.3,3.14727e-64,1,1.15385,3.4831
9.6,1.3,3.40639e-65,1,1.15385,3.4831
9.64,1.3,3.68363e-66,1,1.15385,3.4831
9.68,1.3,3.97989e-67,1,1.15385,3.4831
9.72,1.3,4.29609e-68,1,1.15385,3.4831
9.76,1.3,4.63319e-69,1,1.15385,3.4831
9.8,1.3,4.99222e-70,1,1.15385,3.4831
9.84,1.3,5.37424e-71,1,1.15385,3.4831
9.88,1.3,5.78046e-72,1,1.15385,3.4831
9.92,1.3,6.21949e-73,1,1.15385,3.4831
9.96,1.3,7.38538e-74,1,1.15385,3.4831
10,1.3,7.38538e-74,1,1.15385,3.4831
-10,13,3.20014e-74,10,1.15385,3.57585
-9.96,13,3.20014e-74,10,1.15385,3.57585
-9.92,13,2.47329e-73,10,1.15385,3.57585
-9.88,13,2.12369e-72,10,1.15385,3.57585
-9.84,13,1.82378e-71,10,1.15385,3.57585
-9.8,13,1.56412e-70,10,1.15385,3.57585
-9.76,13,1.33961e-69,10,1.15385,3.57585
-9.72,13,1.14576e-68,10,1.15385,3.57585
-9.68,13,9.7862e-68,10,1.15385,3.57585
-9.64,13,8.34721e-67,10,1.15385,3.57585
-9.6,13,7.11006e-66,10,1.15385,3.57585
-9.56,13,6.04796e-65,10,1.15385,3.57585
-9.52,13,5.13745e-64,10,1.15385,3.57585
-9.48,13,4.35802e-63,10,1.15385,3.57585
-9.44,13,3.69177e-62,10,1.15385,3.57585
-9.4,13,3.1231e-61,10,1.15385,3.57585
-9.36,13,2.63842e-60,10,1.15385,3.57585
-9.32,13,2.22593e-59,10,1.15385,3.57585
-9.28,13,1.87538e-58,10,1.15385,3.57585
-9.24,13,1.57792e-57,10,1.15385,3.57585
-9.2,13,1.32585e-56,10,1.15385,3.57585
-9.16,13,1.11257e-55,10,1.15385,3.57585
-9.12,13,9.32355e-55,10,1.15385,3.57585
-9.08,13,7.803e-54,10,1.15385,3.57585
-9.04,13,6.52185e-53,10,1.15385,3.57585
-9,13,5.44395e-52,10,1.15385,3.57585
-8.96,13,4.53834e-51,10,1.15385,3.57585
-8.92,13,3.77857e-50,10,1.15385,3.57585
-8.88,13,3.14206e-49,10,1.15385,3.57585
-8.84,13,2.60959e-48,10,1.15385,3.57585
-8.8,13,2.16478e-47,10,1.15385,3.57585
-8.76,13,1.79372e-46,10,1.15385,3.57585
-8.72,13,1.4846e-45,10,1.15385,3.57585
-8.68,13,1.22743e-44,10,1.15385,3.57585
-8.64,13,1.01374e-43,10,1.15385,3.57585
-8.6,13,8.36379e-43,10,1.15385,3.57585
-8.56,13,6.89339e-42,10,1.15385,3.57585
-8.52,13,5.67556e-41,10,1.15385,3.57585
-8.48,13,4.6679e-40,10,1.15385,3.57585
-8.44,13,3.83491e-39,10,1.15385,3.57585
-8.4,13,3.147e-38,10,1.15385,3.57585
-8.36,13,2.57949e-37,10,1.15385,3.57585
-8.32,13,2.11186e-36,10,1.15385,3.57585
-8.28,13,1.72703e-35,10,1.15385,3.57585
-8.24,13,1.41078e-34,10,1.15385,3.57585
-8.2,13,1.15125e-33,10,1.15385,3.57585
-8.16,13,9.38546e-33,10,1.15385,3.57585
-8.12,13,7.64432e-32,10,1.15385,3.57585
-8.08,13,6.22035e-31,10,1.15385,3.57585
-8.04,13,5.05658e-30,10,1.15385,3.57585
-8,13,4.10596e-29,10,1.15385,3.57585
-7.96,13,3.32993e-28,10,1.15385,3.57585
-7.92,13,2.69707e-27,10,1.15385,3.57585
-7.88,13,2.18188e-26,10,1.15385,3.57585
-7.84,13,1.76358e-25,10,1.15385,3.57585
-7.8,13,1.42512e-24,10,1.15385,3.57585
-7.76,13,1.15218e-23,10,1.15385,3.57585
-7.72,13,9.32603e-23,10,1.15385,3.57585
-7.68,13,7.55935e-22,10,1.15385,3.57585
-7.64,13,6.13348e-21,10,1.15385,3.57585
-7.6,13,4.97418e-20,10,1.15385,3.57585
-7.56,13,4.02127e-19,10,1.15385,3.57585
-7.52,13,3.24087e-18,10,1.15385,3.57585
-7.48,13,2.6323e-17,10,1.15385,3.57585
-7.44,13,2.15432e-16,10,1.15385,3.57585
-7.4,13,9.89765e-16,10,1.15385,3.57585
-7.36,13,2.8385e-15,10,1.15385,3.57585
-7.32,13,6.14372e-15,10,1.15385,3.57585
-7.28,13,1.20261e-14,10,1.15385,3.57585
-7.24,13,2.29691e-14,10,1.15385,3.57585
-7.2,13,4.32822e-14,10,1.15385,3.57585
-7.16,13,8.0861e-14,10,1.15385,3.57585
-7.12,13,1.50006e-13,10,1.15385,3.57585
-7.08,13,2.76462e-13,10,1.15385,3.57585
-7.04,13,5.06028e-13,10,1.15385,3.57585
-7,13,9.20304e-13,10,1.15385,3.57585
-6.96,13,1.66337e-12,10,1.15385,3.57585
-6.92,13,2.98735e-12,10,1.15385,3.57585
-6.88,13,5.33142e-12,10,1.15385,3.57585
-6.84,13,9.45485e-12,10,1.15385,3.57585
-6.8,13,1.66607e-11,10,1.15385,3.57585
-6.76,13,2.91706e-11,10,1.15385,3.57585
-6.72,13,5.07454e-11,10,1.15385,3.57585
-6.68,13,8.7707e-11,10,1.15385,3.57585
-6.64,13,1.50607e-10,10,1.15385,3.57585
-6.6,13,2.56929e-10,10,1.15385,3.57585
-6.56,13,4.35436e-10,10,1.15385,3.57585
-6.52,13,7.331e-10,10,1.15385,3.57585
-6.48,13,1.22607e-09,10,1.15385,3.57585
-6.44,13,2.03686e-09,10,1.15385,3.57585
-6.4,13,3.36116e-09,10,1.15385,3.57585
-6.36,13,5.50911e-09,10,1.15385,3.57585
-6.32,13,8.96853e-09,10,1.15385,3.57585
-6.28,13,1.45008e-08,10,1.15385,3.57585
-6.24,13,2.32851e-08,10,1.15385,3.57585
-6.2,13,3.71331e-08,10,1.15385,3.57585
-6.16,13,5.88064e-08,10,1.15385,3.57585
-6.12,13,9.24807e-08,10,1.15385,3.57585
-6.08,13,1.44419e-07,10,1.15385,3.57585
-6.04,13,2.23935e-07,10,1.15385,3.57585
-6,13,3.44772e-07,9.99999,1.15385,3.57585
-5.96,13,5.27027e-07,9.99999,1.15385,3.57585
-5.92,13,7.99846e-07,9.99999,1.15385,3.57585
-5.88,13,1.20513e-06,9.99998,1.15385,3.57585
-5.84,13,1.80259e-06,9.99997,1.15384,3.57585
-5.8,13,2.67656e-06,9.99996,1.15384,3.57585
-5.76,13,3.94507e-06,9.99994,1.15384,3.57585
-5.72,12.9999,5.77177e-06,9.99992,1.15384,3.57585
-5.68,12.9999,8.38151e-06,9.99988,1.15384,3.57585
-5.64,12.9999,1.20802e-05,9.99982,1.15384,3.57585
-5.6,12.9998,1.728e-05,9.99975,1.15383,3.57585
-5.56,12.9997,2.45308e-05,9.99964,1.15383,3.57585
-5.52,12.9996,3.4559e-05,9.99949,1.15382,3.57585
-5.48,12.9994,4.83136e-05,9.99929,1.15381,3.57585
-5.44,12.9992,6.70222e-05,9.99901,1.1538,3.57585
-5.4,12.9989,9.2255e-05,9.99864,1.15378,3.57585
-5.36,12.9986,0.000125998,9.99815,1.15376,3.57585
-5.32,12.998,0.000170737,9.99749,1.15373,3.57585
-5.28,12.9974,0.000229542,9.99662,1.15369,3.57585
-5.24,12.9965,0.000306164,9.99549,1.15364,3.57585
-5.2,12.9953,0.000405126,9.99404,1.15357,3.57585
-5.16,12.9939,0.000531817,9.99217,1.15348,3.57585
-5.12,12.992,0.000692569,9.98981,1.15338,3.57585
-5.08,12.9897,0.000894724,9.98684,1.15324,3.57585
-5.04,12.9868,0.00114667,9.98313,1.15307,3.57585
-5,12.9833,0.00145788,9.97856,1.15286,3.57585
-4.96,12.9789,0.00183885,9.97296,1.1526,3.57585
-4.92,12.9736,0.00230106,9.96617,1.15228,3.57585
-4.88,12.9672,0.00285685,9.95802,1.15191,3.57585
-4.84,12.9596,0.0035193,9.9483,1.15146,3.57585
-4.8,12.9507,0.00430199,9.93683,1.15093,3.57585
-4.76,12.9402,0.0052188,9.92341,1.1503,3.57585
-4.72,12.928,0.00628361,9.90784,1.14958,3.57585
-4.68,12.914,0.00751007,9.88993,1.14875,3.57585
-4.64,12.8979,0.00891126,9.8695,1.1478,3.57585
-4.6,12.8798,0.0104995,9.84639,1.14672,3.57585
-4.56,12.8594,0.0122859,9.82044,1.14551,3.57585
-4.52,12.8367,0.0142803,9.79153,1.14416,3.57585
-4.48,12.8115,0.0164913,9.75956,1.14267,3.57585
-4.44,12.7839,0.0189255,9.72446,1.14102,3.57585
-4.4,12.7537,0.021588,9.68618,1.13922,3.57585
-4.36,12.7209,0.0244822,9.64471,1.13727,3.57585
-4.32,12.6855,0.0276097,9.60005,1.13516,3.57585
-4.28,12.6476,0.0309705,9.55224,1.1329,3.57585
-4.24,12.6071,0.0345631,9.50135,1.13048,3.57585
-4.2,12.5641,0.0383845,9.44744,1.12791,3.57585
-4.16,12.5187,0.0424306,9.39064,1.12519,3.57585
-4.12,12.471,0.046696,9.33105,1.12233,3.57585
-4.08,12.421,0.0511745,9.2688,1.11933,3.57585
-4.04,12.3689,0.0558593,9.20405,1.11619,3.57585
-4,12.3147,0.0607429,9.13693,1.11293,3.57585
-3.96,12.2585,0.0658172,9.0676,1.10954,3.57585
-3.92,12.2006,0.0710741,8.99621,1.10604,3.57585
-3.88,12.1408,0.0765051,8.92293,1.10243,3.57585
-3.84,12.0795,0.082102,8.84792,1.09871,3.57585
-3.8,12.0166,0.0878563,8.77131,1.0949,3.57585
-3.76,11.9523,0.0937598,8.69327,1.09099,3.57585
-3.72,11.8868,0.0998044,8.61394,1.087,3.57585
-3.68,11.82,0.105982,8.53346,1.08292,3.57585
-3.64,11.7521,0.112286,8.45195,1.07878,3.57585
-3.6,11.6833,0.118708,8.36956,1.07456,3.57585
-3.56,11.6134,0.125242,8.28639,1.07028,3.57585
-3.52,11.5428,0.13188,8.20256,1.06593,3.57585
-3.48,11.4714,0.138618,8.11817,1.06153,3.57585
-3.44,11.3993,0.145448,8.03333,1.05708,3.57585
-3.4,11.3266,0.152366,7.94813,1.05259,3.57585
-3.36,11.2533,0.159365,7.86265,1.04804,3.57585
-3.32,11.1796,0.166442,7.77698,1.04346,3.57585
-3.28,11.1054,0.173591,7.69119,1.03885,3.57585
-3.24,11.0308,0.180808,7.60535,1.03419,3.57585
-3.2,10.9559,0.188089,7.51952,1.02951,3.57585
-3.16,10.8808,0.195431,7.43377,1.0248,3.57585
-3.12,10.8054,0.202829,7.34814,1.02007,3.57585
-3.08,10.7298,0.210281,7.26269,1.01531,3.57585
-3.04,10.654,0.217783,7.17747,1.01053,3.57585
-3,10.5782,0.225332,7.09252,1.00573,3.57585
-2.96,10.5022,0.232926,7.00788,1.00092,3.57585
-2.92,10.4262,0.240562,6.92358,0.996087,3.57585
-2.88,10.3501,0.248238,6.83966,0.991244,3.57585
-2.84,10.2741,0.255952,6.75614,0.986389,3.57585
-2.8,10.198,0.263701,6.67307,0.981524,3.57585
-2.76,10.122,0.271484,6.59045,0.97665,3.57585
-2.72,10.0461,0.279298,6.50832,0.971768,3.57585
-2.68,9.97026,0.287143,6.4267,0.96688,3.57585
-2.64,9.89453,0.295016,6.3456,0.961986,3.57585
-2.6,9.81891,0.302917,6.26505,0.957089,3.57585
-2.56,9.74344,0.310843,6.18506,0.952188,3.57585
-2.52,9.66812,0.318793,6.10564,0.947285,3.57585
-2.48,9.59296,0.326766,6.02681,0.94238,3.57585
-2.44,9.51798,0.334762,5.94858,0.937475,3.57585
-2.4,9.4432,0.342778,5.87096,0.93257,3.57585
-2.36,9.36862,0.350814,5.79397,0.927666,3.57585
-2.32,9.29426,0.358869,5.7176,0.922763,3.57585
-2.28,9.22013,0.366942,5.64187,0.917863,3.57585
-2.24,9.14622,0.375032,5.56679,0.912966,3.57585
-2.2,9.07257,0.383138,5.49236,0.908072,3.57585
-2.16,8.99916,0.391259,5.41859,0.903182,3.57585
-2.12,8.92602,0.399395,5.34548,0.898297,3.57585
-2.08,8.85315,0.407544,5.27304,0.893417,3.57585
-2.04,8.78055,0.415707,5.20127,0.888543,3.57585
-2,8.70824,0.423882,5.13017,0.883675,3.57585
-1.96,8.63622,0.432069,5.05975,0.878813,3.57585
-1.92,8.5645,0.440266,4.99001,0.873959,3.57585
-1.88,8.49308,0.448474,4.92096,0.869112,3.57585
-1.84,8.42197,0.456692,4.85259,0.864274,3.57585
-1.8,8.35117,0.464918,4.78491,0.859444,3.57585
-1.76,8.2807,0.473153,4.71792,0.854622,3.57585
-1.72,8.21056,0.481395,4.65161,0.849811,3.57585
-1.68,8.14075,0.489644,4.586,0.845008,3.57585
-1.64,8.07128,0.497899,4.52108,0.840217,3.57585
-1.6,8.00216,0.506159,4.45686,0.835436,3.57585
-1.56,7.93339,0.514424,4.39333,0.830666,3.57585
-1.52,7.86498,0.522692,4.3305,0.825908,3.57585
-1.48,7.79694,0.530963,4.26837,0.821163,3.57585
-1.44,7.72927,0.539236,4.20694,0.816431,3.57585
-1.4,7.66198,0.547509,4.14621,0.811712,3.57585
-1.36,7.59509,0.555782,4.08619,0.807007,3.57585
-1.32,7.52859,0.564053,4.02688,0.802318,3.57585
-1.28,7.46251,0.57232,3.96828,0.797644,3.57585
-1.24,7.39685,0.580582,3.9104,0.792987,3.57585
-1.2,7.33162,0.588837,3.85325,0.788348,3.57585
-1.16,7.26685,0.597083,3.79682,0.783728,3.57585
-1.12,7.20254,0.605317,3.74114,0.779129,3.57585
-1.08,7.13873,0.613536,3.68621,0.774551,3.57585
-1.04,7.07542,0.621738,3.63204,0.769998,3.57585
-1,7.01265,0.629917,3.57865,0.76547,3.57585
-0.96,6.95045,0.63807,3.52606,0.76097,3.57585
-0.92,6.88886,0.646191,3.47429,0.756502,3.57585
-0.88,6.82792,0.654272,3.42338,0.752069,3.57585
-0.84,6.76769,0.662307,3.37335,0.747674,3.57585
-0.8,6.70823,0.670284,3.32426,0.743324,3.57585
-0.76,6.64963,0.678193,3.27616,0.739025,3.57585
-0.72,6.59198,0.686017,3.22912,0.734784,3.57585
-0.68,6.53542,0.693738,3.18323,0.73061,3.57585
-0.64,6.48009,0.701334,3.1386,0.726517,3.57585
-0.6,6.42618,0.708775,3.09536,0.722519,3.57585
-0.56,6.37395,0.716026,3.05369,0.718634,3.57585
-0.52,6.32368,0.72304,3.01381,0.714886,3.57585
-0.48,6.27576,0.729762,2.97598,0.711303,3.57585
-0.44,6.23062,0.736123,2.94053,0.707921,3.57585
-0.4,6.18881,0.742043,2.90784,0.704782,3.57585
-0.36,6.15092,0.747431,2.87835,0.701931,3.57585
-0.32,6.11755,0.752193,2.85248,0.699417,3.57585
-0.28,6.08923,0.756247,2.83061,0.697282,3.57585
-0.24,6.06626,0.759541,2.81293,0.69555,3.57585
-0.2,6.04856,0.762081,2.79934,0.694217,3.57585
-0.16,6.03559,0.76394,2.78943,0.693244,3.57585
-0.12,6.02643,0.765248,2.78245,0.692562,3.57585
-0.08,6.02002,0.766156,2.7776,0.69209,3.57585
-0.04,6.01543,0.766799,2.77415,0.691759,3.57585
0,6.01203,0.767269,2.77162,0.691519,3.57585
0.04,6.00943,0.767622,2.76971,0.69134,3.57585
0.08,6.0074,0.767892,2.76823,0.691206,3.57585
0.12,6.00578,0.768101,2.76708,0.691105,3.57585
0.16,6.00447,0.768264,2.76617,0.691027,3.57585
0.2,6.00339,0.768393,2.76543,0.690968,3.57585
0.24,6.00248,0.768496,2.76483,0.690923,3.57585
0.28,6.0017,0.76858,2.76434,0.690888,3.57585
0.32,6.00102,0.768648,2.76392,0.690862,3.57585
0.36,6.00042,0.768704,2.76356,0.690843,3.57585
0.4,5.99987,0.768751,2.76326,0.690829,3.57585
0.44,5.99937,0.768791,2.76299,0.690819,3.57585
0.48,5.99891,0.768825,2.76275,0.690813,3.57585
0.52,5.99846,0.768854,2.76253,0.69081,3.57585
0.56,5.99804,0.768879,2.76234,0.690809,3.57585
0.6,5.99763,0.768902,2.76215,0.690811,3.57585
0.64,5.99723,0.768921,2.76199,0.690815,3.57585
0.68,5.99684,0.768938,2.76183,0.690821,3.57585
0.72,5.99646,0.768954,2.76168,0.690829,3.57585
0.76,5.99607,0.768967,2.76154,0.690838,3.57585
0.8,5.99569,0.76898,2.76141,0.690849,3.57585
0.84,5.9953,0.768991,2.76128,0.690861,3.57585
0.88,5.99491,0.769001,2.76116,0.690875,3.57585
0.92,5.99452,0.769009,2.76104,0.690891,3.57585
0.96,5.99412,0.769017,2.76092,0.690908,3.57585
1,5.99371,0.769024,2.76081,0.690928,3.57585
1.04,5.99329,0.769031,2.7607,0.690948,3.57585
1.08,5.99287,0.769036,2.7606,0.690971,3.57585
1.12,5.99243,0.769041,2.76049,0.690996,3.57585
1.16,5.99197,0.769045,2.76039,0.691023,3.57585
1.2,5.9915,0.769049,2.76029,0.691052,3.57585
1.24,5.99102,0.769052,2.76019,0.691083,3.57585
1.28,5.99051,0.769055,2.7601,0.691118,3.57585
1.32,5.98998,0.769057,2.76,0.691155,3.57585
1.36,5.98942,0.769058,2.75991,0.691196,3.57585
1.4,5.98883,0.769059,2.75981,0.691241,3.57585
1.44,5.9882,0.76906,2.75972,0.69129,3.57585
1.48,5.98751,0.76906,2.75963,0.691346,3.57585
1.52,5.98676,0.76906,2.75954,0.69141,3.57585
1.56,5.98592,0.769059,2.75945,0.691485,3.57585
1.6,5.98494,0.769058,2.75936,0.691576,3.57585
1.64,5.98377,0.769057,2.75927,0.691689,3.57585
1.68,5.98232,0.769055,2.75918,0.691834,3.57585
1.72,5.98047,0.769052,2.75909,0.692026,3.57585
1.76,5.97804,0.769049,2.759,0.692285,3.57585
1.8,5.97479,0.769046,2.75892,0.69264,3.57585
1.84,5.97038,0.769043,2.75883,0.693129,3.57585
1.88,5.96439,0.769039,2.75874,0.693803,3.57585
1.92,5.95625,0.769035,2.75865,0.694729,3.57585
1.96,5.94527,0.76903,2.75856,0.695989,3.57585
2,5.93061,0.769025,2.75848,0.697687,3.57585
2.04,5.91128,0.76902,2.75839,0.699947,3.57585
2.08,5.88615,0.769014,2.7583,0.702913,3.57585
2.12,5.85398,0.769008,2.75821,0.706754,3.57585
2.16,5.81345,0.769001,2.75812,0.711657,3.57585
2.2,5.76325,0.768994,2.75804,0.717834,3.57585
2.24,5.7021,0.768987,2.75795,0.725508,3.57585
2.28,5.62888,0.76898,2.75786,0.734923,3.57585
2.32,5.54268,0.768972,2.75778,0.746329,3.57585
2.36,5.4429,0.768964,2.75769,0.759987,3.57585
2.4,5.32935,0.768955,2.75761,0.776156,3.57585
2.44,5.20226,0.768946,2.75752,0.795093,3.57585
2.48,5.06237,0.768937,2.75744,0.817041,3.57585
2.52,4.91089,0.768928,2.75736,0.842219,3.57585
2.56,4.7495,0.768918,2.75729,0.870813,3.57585
2.6,4.58029,0.768908,2.75721,0.902959,3.57585
2.64,4.40568,0.768897,2.75714,0.93872,3.57585
2.68,4.2283,0.768887,2.75706,0.978075,3.57585
2.72,4.05088,0.768876,2.757,1.02089,3.57585
2.76,3.8761,0.768865,2.75693,1.06689,3.57585
2.8,3.70652,0.768853,2.75686,1.11568,3.57585
2.84,3.54442,0.768841,2.7568,1.16668,3.57585
2.88,3.39175,0.768829,2.75674,1.21917,3.57585
2.92,3.25002,0.768817,2.75668,1.2723,3.57585
2.96,3.12036,0.768804,2.75662,1.32515,3.57585
3,3.0034,0.768791,2.75657,1.37672,3.57585
3.04,2.89937,0.768778,2.75651,1.42609,3.57585
3.08,2.80814,0.768765,2.75646,1.47239,3.57585
3.12,2.72921,0.768751,2.7564,1.51494,3.57585
3.16,2.66186,0.768737,2.75635,1.55325,3.57585
3.2,2.60515,0.768723,2.75629,1.58703,3.57585
3.24,2.55803,0.768708,2.75624,1.61623,3.57585
3.28,2.5194,0.768693,2.75619,1.64098,3.57585
3.32,2.48813,0.768678,2.75613,1.66157,3.57585
3.36,2.46316,0.768662,2.75608,1.67838,3.57585
3.4,2.44345,0.768646,2.75602,1.69188,3.57585
3.44,2.4281,0.76863,2.75597,1.70254,3.57585
3.48,2.41629,0.768613,2.75591,1.71083,3.57585
3.52,2.40732,0.768596,2.75585,1.71717,3.57585
3.56,2.40058,0.768579,2.75579,1.72196,3.57585
3.6,2.39558,0.768561,2.75573,1.72551,3.57585
3.64,2.39191,0.768544,2.75567,1.72812,3.57585
3.68,2.38925,0.768525,2.75561,1.73001,3.57585
3.72,2.38733,0.768507,2.75555,1.73136,3.57585
3.76,2.38597,0.768488,2.75549,1.7323,3.57585
3.8,2.38501,0.768468,2.75542,1.73296,3.57585
3.84,2.38434,0.768449,2.75535,1.73341,3.57585
3.88,2.38387,0.768428,2.75529,1.7337,3.57585
3.92,2.38354,0.768408,2.75522,1.7339,3.57585
3.96,2.38331,0.768387,2.75515,1.73403,3.57585
4,2.38314,0.768365,2.75507,1.7341,3.57585
4.04,2.38302,0.768343,2.755,1.73414,3.57585
4.08,2.38293,0.768321,2.75493,1.73416,3.57585
4.12,2.38285,0.768298,2.75485,1.73417,3.57585
4.16,2.38279,0.768275,2.75477,1.73417,3.57585
4.2,2.38274,0.768251,2.75469,1.73416,3.57585
4.24,2.38268,0.768226,2.75461,1.73414,3.57585
4.28,2.38263,0.768201,2.75452,1.73413,3.57585
4.32,2.38259,0.768175,2.75444,1.73411,3.57585
4.36,2.38254,0.768149,2.75435,1.73409,3.57585
4.4,2.38249,0.768122,2.75426,1.73407,3.57585
4.44,2.38244,0.768095,2.75417,1.73404,3.57585
4.48,2.38239,0.768067,2.75407,1.73402,3.57585
4.52,2.38234,0.768038,2.75398,1.734,3.57585
4.56,2.38228,0.768008,2.75388,1.73397,3.57585
4.6,2.38223,0.767977,2.75378,1.73395,3.57585
4.64,2.38217,0.767946,2.75367,1.73392,3.57585
4.68,2.38212,0.767914,2.75357,1.7339,3.57585
4.72,2.38206,0.767881,2.75346,1.73387,3.57585
4.76,2.382,0.767847,2.75334,1.73384,3.57585
4.8,2.38194,0.767813,2.75323,1.73382,3.57585
4.84,2.38187,0.767777,2.75311,1.73379,3.57585
4.88,2.38181,0.76774,2.75299,1.73376,3.57585
4.92,2.38174,0.767702,2.75286,1.73373,3.57585
4.96,2.38167,0.767663,2.75273,1.7337,3.57585
5,2.3816,0.767622,2.75259,1.73366,3.57585
5.04,2.38153,0.76758,2.75245,1.73363,3.57585
5.08,2.38145,0.767537,2.75231,1.73359,3.57585
5.12,2.38137,0.767491,2.75216,1.73356,3.57585
5.16,2.38128,0.767443,2.752,1.73352,3.57585
5.2,2.38119,0.767391,2.75183,1.73347,3.57585
5.24,2.3811,0.767335,2.75164,1.73343,3.57585
5.28,2.38098,0.76727,2.75142,1.73337,3.57585
5.32,2.38085,0.767193,2.75117,1.73331,3.57585
5.36,2.38068,0.767094,2.75084,1.73323,3.57585
5.4,2.38044,0.766957,2.75039,1.73312,3.57585
5.44,2.38009,0.766755,2.74972,1.73295,3.57585
5.48,2.37954,0.766436,2.74867,1.73268,3.57585
5.52,2.37864,0.765911,2.74693,1.73225,3.57585
5.56,2.37711,0.765018,2.74399,1.7315,3.57585
5.6,2.37446,0.76347,2.73889,1.73022,3.57585
5.64,2.36982,0.760759,2.72997,1.72796,3.57585
5.68,2.36167,0.755986,2.71434,1.724,3.57585
5.72,2.3474,0.747595,2.68704,1.71704,3.57585
5.76,2.32265,0.732948,2.63995,1.70492,3.57585
5.8,2.28061,0.707789,2.56067,1.6842,3.57585
5.84,2.21182,0.665839,2.4329,1.64993,3.57585
5.88,2.10618,0.599466,2.24157,1.59642,3.57585
5.92,1.95963,0.503277,1.98635,1.52045,3.57585
5.96,1.78471,0.381765,1.69806,1.42717,3.57585
6,1.61335,0.255008,1.43386,1.33312,3.57585
6.04,1.47877,0.149525,1.23961,1.25741,3.57585
6.08,1.39252,0.0788513,1.12139,1.20794,3.57585
6.12,1.34501,0.0387814,1.05836,1.18031,3.57585
6.16,1.32117,0.0183441,1.02728,1.16634,3.57585
6.2,1.30979,0.0085075,1.01258,1.15963,3.57585
6.24,1.30449,0.00390851,1.00577,1.1565,3.57585
6.28,1.30205,0.00178782,1.00263,1.15506,3.57585
6.32,1.30094,0.000816156,1.0012,1.1544,3.57585
6.36,1.30043,0.000372257,1.00055,1.1541,3.57585
6.4,1.30019,0.000169727,1.00025,1.15396,3.57585
6.44,1.30009,7.73749e-05,1.00011,1.1539,3.57585
6.48,1.30004,3.52722e-05,1.00005,1.15387,3.57585
6.52,1.30002,1.60793e-05,1.00002,1.15386,3.57585
6.56,1.30001,7.33018e-06,1.00001,1.15385,3.57585
6.6,1.3,3.34175e-06,1,1.15385,3.57585
6.64,1.3,1.52351e-06,1,1.15385,3.57585
6.68,1.3,6.9458e-07,1,1.15385,3.57585
6.72,1.3,3.16667e-07,1,1.15385,3.57585
6.76,1.3,1.44371e-07,1,1.15385,3.57585
6.8,1.3,6.58181e-08,1,1.15385,3.57585
6.84,1.3,3.00047e-08,1,1.15385,3.57585
6.88,1.3,1.36773e-08,1,1.15385,3.57585
6.92,1.3,6.23402e-09,1,1.15385,3.57585
6.96,1.3,2.84103e-09,1,1.15385,3.57585
7,1.3,1.29451e-09,1,1.15385,3.57585
7.04,1.3,5.89711e-10,1,1.15385,3.57585
7.08,1.3,2.68569e-10,1,1.15385,3.57585
7.12,1.3,1.22273e-10,1,1.15385,3.57585
7.16,1.3,5.56463e-11,1,1.15385,3.57585
7.2,1.3,2.53129e-11,1,1.15385,3.57585
7.24,1.3,1.15084e-11,1,1.15385,3.57585
7.28,1.3,5.2291e-12,1,1.15385,3.57585
7.32,1.3,2.37422e-12,1,1.15385,3.57585
7.36,1.3,1.077e-12,1,1.15385,3.57585
7.4,1.3,4.88055e-13,1,1.15385,3.57585
7.44,1.3,2.20936e-13,1,1.15385,3.57585
7.48,1.3,9.97514e-14,1,1.15385,3.57585
7.52,1.3,4.48065e-14,1,1.15385,3.57585
7.56,1.3,1.99858e-14,1,1.15385,3.57585
7.6,1.3,8.79399e-15,1,1.15385,3.57585
7.64,1.3,3.65668e-15,1,1.15385,3.57585
7.68,1.3,1.19587e-15,1,1.15385,3.57585
7.72,1.3,2.25775e-16,1,1.15385,3.57585
7.76,1.3,2.48863e-17,1,1.15385,3.57585
7.8,1.3,2.76915e-18,1,1.15385,3.57585
7.84,1.3,3.10292e-19,1,1.15385,3.57585
7.88,1.3,3.46201e-20,1,1.15385,3.57585
7.92,1.3,3.84515e-21,1,1.15385,3.57585
7.96,1.3,4.26009e-22,1,1.15385,3.57585
8,1.3,4.71402e-23,1,1.15385,3.57585
8.04,1.3,5.21461e-24,1,1.15385,3.57585
8.08,1.3,5.77037e-25,1,1.15385,3.57585
8.12,1.3,6.38952e-26,1,1.15385,3.57585
8.16,1.3,7.07925e-27,1,1.15385,3.57585
8.2,1.3,7.84577e-28,1,1.15385,3.57585
8.24,1.3,8.69495e-29,1,1.15385,3.57585
8.28,1.3,9.63322e-30,1,1.15385,3.57585
8.32,1.3,1.06684e-30,1,1.15385,3.57585
8.36,1.3,1.18101e-31,1,1.15385,3.57585
8.4,1.3,1.30701e-32,1,1.15385,3.57585
8.44,1.3,1.44617e-33,1,1.15385,3.57585
8.48,1.3,1.59997e-34,1,1.15385,3.57585
8.52,1.3,1.77001e-35,1,1.15385,3.57585
8.56,1.3,1.95793e-36,1,1.15385,3.57585
8.6,1.3,2.16551e-37,1,1.15385,3.57585
8.64,1.3,2.39456e-38,1,1.15385,3.57585
8.68,1.3,2.64705e-39,1,1.15385,3.57585
8.72,1.3,2.92504e-40,1,1.15385,3.57585
8.76,1.3,3.23077e-41,1,1.15385,3.57585
8.8,1.3,3.56659e-42,1,1.15385,3.57585
8.84,1.3,3.93503e-43,1,1.15385,3.57585
8.88,1.3,4.33875e-44,1,1.15385,3.57585
8.92,1.3,4.78059e-45,1,1.15385,3.57585
8.96,1.3,5.26354e-46,1,1.15385,3.57585
9,1.3,5.7908e-47,1,1.15385,3.57585
9.04,1.3,6.36582e-48,1,1.15385,3.57585
9.08,1.3,6.99228e-49,1,1.15385,3.57585
9.12,1.3,7.67422e-50,1,1.15385,3.57585
9.16,1.3,8.41601e-51,1,1.15385,3.57585
9.2,1.3,9.22246e-52,1,1.15385,3.57585
9.24,1.3,1.00988e-52,1,1.15385,3.57585
9.28,1.3,1.10507e-53,1,1.15385,3.57585
9.32,1.3,1.20844e-54,1,1.15385,3.57585
9.36,1.3,1.32067e-55,1,1.15385,3.57585
9.4,1.3,1.44248e-56,1,1.15385,3.57585
9.44,1.3,1.57466e-57,1,1.15385,3.57585
9.48,1.3,1.71805e-58,1,1.15385,3.57585
9.52,1.3,1.87353e-59,1,1.15385,3.57585
9.56,1.3,2.04205e-60,1,1.15385,3.57585
9.6,1.3,2.2246e-61,1,1.15385,3.57585
9.64,1.3,2.42221e-62,1,1.15385,3.57585
9.68,1.3,2.63594e-63,1,1.15385,3.57585
9.72,1.3,2.86692e-64,1,1.15385,3.57585
9.76,1.3,3.11627e-65,1,1.15385,3.57585
9.8,1.3,3.38516e-66,1,1.15385,3.57585
9.84,1.3,3.67478e-67,1,1.15385,3.57585
9.88,1.3,3.9864e-68,1,1.15385,3.57585
9.92,1.3,4.32657e-69,1,1.15385,3.57585
9.96,1.3,5.18682e-70,1,1.15385,3.57585
10,1.3,5.18682e-70,1,1.15385,3.57585
-10,13,1.02715e-70,10,1.15385,3.66859
-9.96,13,1.02715e-70,10,1.15385,3.66859
-9.92,13,7.82736e-70,10,1.15385,3.66859
-9.88,13,6.63507e-69,10,1.15385,3.66859
-9.84,13,5.62564e-68,10,1.15385,3.66859
-9.8,13,4.76343e-67,10,1.15385,3.66859
-9.76,13,4.02793e-66,10,1.15385,3.66859
-9.72,13,3.40142e-65,10,1.15385,3.66859
-9.68,13,2.8685e-64,10,1.15385,3.66859
-9.64,13,2.41585e-63,10,1.15385,3.66859
-9.6,13,2.03192e-62,10,1.15385,3.66859
-9.56,13,1.70674e-61,10,1.15385,3.66859
-9.52,13,1.43171e-60,10,1.15385,3.66859
-9.48,13,1.19944e-59,10,1.15385,3.66859
-9.44,13,1.00354e-58,10,1.15385,3.66859
-9.4,13,8.38551e-58,10,1.15385,3.66859
-9.36,13,6.99797e-57,10,1.15385,3.66859
-9.32,13,5.83268e-56,10,1.15385,3.66859
-9.28,13,4.8554e-55,10,1.15385,3.66859
-9.24,13,4.03695e-54,10,1.15385,3.66859
-9.2,13,3.35245e-53,10,1.15385,3.66859
-9.16,13,2.78077e-52,10,1.15385,3.66859
-9.12,13,2.30395e-51,10,1.15385,3.66859
-9.08,13,1.90676e-50,10,1.15385,3.66859
-9.04,13,1.57631e-49,10,1.15385,3.66859
-9,13,1.30173e-48,10,1.15385,3.66859
-8.96,13,1.07384e-47,10,1.15385,3.66859
-8.92,13,8.84898e-47,10,1.15385,3.66859
-8.88,13,7.28424e-46,10,1.15385,3.66859
-8.84,13,5.98974e-45,10,1.15385,3.66859
-8.8,13,4.91995e-44,10,1.15385,3.66859
-8.76,13,4.03681e-43,10,1.15385,3.66859
-8.72,13,3.30856e-42,10,1.15385,3.66859
-8.68,13,2.70872e-41,10,1.15385,3.66859
-8.64,13,2.21524e-40,10,1.15385,3.66859
-8.6,13,1.80972e-39,10,1.15385,3.66859
-8.56,13,1.4769e-38,10,1.15385,3.66859
-8.52,13,1.20404e-37,10,1.15385,3.66859
-8.48,13,9.80588e-37,10,1.15385,3.66859
-8.44,13,7.97794e-36,10,1.15385,3.66859
-8.4,13,6.48419e-35,10,1.15385,3.66859
-8.36,13,5.26488e-34,10,1.15385,3.66859
-8.32,13,4.27081e-33,10,1.15385,3.66859
-8.28,13,3.4615e-32,10,1.15385,3.66859
-8.24,13,2.80361e-31,10,1.15385,3.66859
-8.2,13,2.26964e-30,10,1.15385,3.66859
-8.16,13,1.83688e-29,10,1.15385,3.66859
-8.12,13,1.48649e-28,10,1.15385,3.66859
-8.08,13,1.20291e-27,10,1.15385,3.66859
-8.04,13,9.7332e-27,10,1.15385,3.66859
-8,13,7.87247e-26,10,1.15385,3.66859
-7.96,13,6.36231e-25,10,1.15385,3.66859
-7.92,13,5.13511e-24,10,1.15385,3.66859
-7.88,13,4.13726e-23,10,1.15385,3.66859
-7.84,13,3.32623e-22,10,1.15385,3.66859
-7.8,13,2.668e-21,10,1.15385,3.66859
-7.76,13,2.13552e-20,10,1.15385,3.66859
-7.72,13,1.70743e-19,10,1.15385,3.66859
-7.68,13,1.36406e-18,10,1.15385,3.66859
-7.64,13,1.07927e-17,10,1.15385,3.66859
-7.6,13,8.3985e-17,10,1.15385,3.66859
-7.56,13,5.60188e-16,10,1.15385,3.66859
-7.52,13,1.91655e-15,10,1.15385,3.66859
-7.48,13,4.51249e-15,10,1.15385,3.66859
-7.44,13,9.02909e-15,10,1.15385,3.66859
-7.4,13,1.72501e-14,10,1.15385,3.66859
-7.36,13,3.25017e-14,10,1.15385,3.66859
-7.32,13,6.05286e-14,10,1.15385,3.66859
-7.28,13,1.11887e-13,10,1.15385,3.66859
-7.24,13,2.05471e-13,10,1.15385,3.66859
-7.2,13,3.74841e-13,10,1.15385,3.66859
-7.16,13,6.79327e-13,10,1.15385,3.66859
-7.12,13,1.22357e-12,10,1.15385,3.66859
-7.08,13,2.19045e-12,10,1.15385,3.66859
-7.04,13,3.89723e-12,10,1.15385,3.66859
-7,13,6.89114e-12,10,1.15385,3.66859
-6.96,13,1.21092e-11,10,1.15385,3.66859
-6.92,13,2.11454e-11,10,1.15385,3.66859
-6.88,13,3.66931e-11,10,1.15385,3.66859
-6.84,13,6.3271e-11,10,1.15385,3.66859
-6.8,13,1.08408e-10,10,1.15385,3.66859
-6.76,13,1.84564e-10,10,1.15385,3.66859
-6.72,13,3.12206e-10,10,1.15385,3.66859
-6.68,13,5.24724e-10,10,1.15385,3.66859
-6.64,13,8.76198e-10,10,1.15385,3.66859
-6.6,13,1.45358e-09,10,1.15385,3.66859
-6.56,13,2.39568e-09,10,1.15385,3.66859
-6.52,13,3.9224e-09,10,1.15385,3.66859
-6.48,13,6.37963e-09,10,1.15385,3.66859
-6.44,13,1.03073e-08,10,1.15385,3.66859
-6.4,13,1.65417e-08,10,1.15385,3.66859
-6.36,13,2.63686e-08,10,1.15385,3.66859
-6.32,13,4.17495e-08,10,1.15385,3.66859
-6.28,13,6.5653e-08,10,1.15385,3.66859
-6.24,13,1.02537e-07,10,1.15385,3.66859
-6.2,13,1.59042e-07,10,1.15385,3.66859
-6.16,13,2.4498e-07,10,1.15385,3.66859
-6.12,13,3.74733e-07,9.99999,1.15385,3.66859
-6.08,13,5.69202e-07,9.99999,1.15385,3.66859
-6.04,13,8.58513e-07,9.99999,1.15385,3.66859
-6,13,1.28572e-06,9.99998,1.15385,3.66859
-5.96,13,1.91181e-06,9.99997,1.15384,3.66859
-5.92,13,2.82244e-06,9.99996,1.15384,3.66859
-5.88,13,4.13682e-06,9.99994,1.15384,3.66859
-5.84,12.9999,6.01942e-06,9.99991,1.15384,3.66859
-5.8,12.9999,8.69497e-06,9.99987,1.15384,3.66859
-5.76,12.9999,1.24678e-05,9.99982,1.15384,3.66859
-5.72,12.9998,1.77458e-05,9.99974,1.15383,3.66859
-5.68,12.9997,2.50711e-05,9.99963,1.15383,3.66859
-5.64,12.9996,3.51561e-05,9.99948,1.15382,3.66859
-5.6,12.9994,4.89283e-05,9.99928,1.15381,3.66859
-5.56,12.9992,6.75823e-05,9.99901,1.1538,3.66859
-5.52,12.9989,9.26406e-05,9.99864,1.15378,3.66859
-5.48,12.9986,0.000126023,9.99815,1.15376,3.66859
-5.44,12.998,0.000170121,9.9975,1.15373,3.66859
-5.4,12.9974,0.000227885,9.99665,1.15369,3.66859
-5.36,12.9965,0.000302905,9.99554,1.15364,3.66859
-5.32,12.9954,0.000399503,9.99412,1.15357,3.66859
-5.28,12.994,0.000522814,9.99231,1.15349,3.66859
-5.24,12.9922,0.000678861,9.99001,1.15338,3.66859
-5.2,12.99,0.000874618,9.98713,1.15325,3.66859
-5.16,12.9872,0.00111805,9.98355,1.15309,3.66859
-5.12,12.9837,0.00141812,9.97914,1.15288,3.66859
-5.08,12.9795,0.00178477,9.97376,1.15263,3.66859
-5.04,12.9744,0.00222888,9.96723,1.15233,3.66859
-5,12.9683,0.00276215,9.95941,1.15197,3.66859
-4.96,12.961,0.00339697,9.9501,1.15154,3.66859
-4.92,12.9525,0.00414622,9.93911,1.15103,3.66859
-4.88,12.9424,0.0050231,9.92628,1.15044,3.66859
-4.84,12.9308,0.00604085,9.91139,1.14975,3.66859
-4.8,12.9174,0.00721249,9.89428,1.14895,3.66859
-4.76,12.9021,0.00855058,9.87476,1.14804,3.66859
-4.72,12.8847,0.0100669,9.85268,1.14702,3.66859
-4.68,12.8653,0.0117724,9.82789,1.14586,3.66859
-4.64,12.8436,0.0136766,9.80027,1.14457,3.66859
-4.6,12.8196,0.0157878,9.76972,1.14314,3.66859
-4.56,12.7931,0.0181129,9.73617,1.14157,3.66859
-4.52,12.7642,0.0206569,9.69955,1.13985,3.66859
-4.48,12.7329,0.0234234,9.65986,1.13798,3.66859
-4.44,12.699,0.0264144,9.6171,1.13597,3.66859
-4.4,12.6627,0.0296303,9.57128,1.1338,3.66859
-4.36,12.6239,0.0330699,9.52248,1.13148,3.66859
-4.32,12.5827,0.0367309,9.47074,1.12902,3.66859
-4.28,12.5392,0.0406094,9.41618,1.12641,3.66859
-4.24,12.4933,0.0447009,9.35889,1.12367,3.66859
-4.2,12.4453,0.0489996,9.299,1.12078,3.66859
-4.16,12.3952,0.0534992,9.23663,1.11777,3.66859
-4.12,12.343,0.0581927,9.17193,1.11463,3.66859
-4.08,12.2889,0.0630726,9.10505,1.11137,3.66859
-4.04,12.233,0.0681312,9.03613,1.108,3.66859
-4,12.1754,0.0733606,8.96531,1.10452,3.66859
-3.96,12.1162,0.0787527,8.89276,1.10094,3.66859
-3.92,12.0555,0.0842996,8.81861,1.09726,3.66859
-3.88,11.9933,0.0899934,8.74301,1.09348,3.66859
-3.84,11.9299,0.0958263,8.6661,1.08963,3.66859
-3.8,11.8653,0.101791,8.58801,1.08569,3.66859
-3.76,11.7996,0.107879,8.50888,1.08168,3.66859
-3.72,11.7328,0.114085,8.42882,1.07759,3.66859
-3.68,11.6651,0.120402,8.34795,1.07345,3.66859
-3.64,11.5966,0.126822,8.26639,1.06924,3.66859
-3.6,11.5273,0.133341,8.18423,1.06498,3.66859
-3.56,11.4573,0.139952,8.10158,1.06066,3.66859
-3.52,11.3867,0.146649,8.01852,1.0563,3.66859
-3.48,11.3155,0.153428,7.93514,1.0519,3.66859
-3.44,11.2438,0.160283,7.85152,1.04745,3.66859
-3.4,11.1716,0.167211,7.76774,1.04297,3.66859
-3.36,11.099,0.174207,7.68387,1.03845,3.66859
-3.32,11.0261,0.181266,7.59996,1.0339,3.66859
-3.28,10.9529,0.188386,7.51608,1.02932,3.66859
-3.24,10.8795,0.195562,7.43228,1.02472,3.66859
-3.2,10.8058,0.202792,7.34862,1.02009,3.66859
-3.16,10.7319,0.210071,7.26513,1.01544,3.66859
-3.12,10.6579,0.217398,7.18187,1.01078,3.66859
-3.08,10.5838,0.22477,7.09887,1.00609,3.66859
-3.04,10.5097,0.232184,7.01617,1.00139,3.66859
-3,10.4354,0.239638,6.9338,0.996674,3.66859
-2.96,10.3611,0.247129,6.85179,0.991946,3.66859
-2.92,10.2869,0.254656,6.77018,0.987207,3.66859
-2.88,10.2126,0.262216,6.68899,0.982458,3.66859
-2.84,10.1384,0.269808,6.60824,0.977701,3.66859
-2.8,10.0643,0.27743,6.52795,0.972937,3.66859
-2.76,9.99024,0.285081,6.44814,0.968166,3.66859
-2.72,9.91629,0.292759,6.36884,0.963391,3.66859
-2.68,9.84245,0.300463,6.29005,0.958611,3.66859
-2.64,9.76874,0.308191,6.2118,0.953829,3.66859
-2.6,9.69518,0.315942,6.1341,0.949044,3.66859
-2.56,9.62177,0.323716,6.05696,0.944258,3.66859
-2.52,9.54854,0.33151,5.98039,0.939472,3.66859
-2.48,9.47549,0.339324,5.9044,0.934685,3.66859
-2.44,9.40263,0.347157,5.829,0.929899,3.66859
-2.4,9.32998,0.355008,5.7542,0.925115,3.66859
-2.36,9.25754,0.362876,5.68001,0.920333,3.66859
-2.32,9.18533,0.37076,5.60644,0.915553,3.66859
-2.28,9.11334,0.37866,5.53348,0.910777,3.66859
-2.24,9.0416,0.386574,5.46115,0.906004,3.66859
-2.2,8.9701,0.394503,5.38945,0.901236,3.66859
-2.16,8.89886,0.402445,5.31839,0.896473,3.66859
-2.12,8.82787,0.410399,5.24796,0.891715,3.66859
-2.08,8.75716,0.418365,5.17818,0.886962,3.66859
-2.04,8.68672,0.426343,5.10904,0.882216,3.66859
-2,8.61656,0.434331,5.04055,0.877476,3.66859
-1.96,8.54669,0.442329,4.97271,0.872743,3.66859
-1.92,8.47711,0.450337,4.90552,0.868018,3.66859
-1.88,8.40782,0.458354,4.83899,0.863301,3.66859
-1.84,8.33884,0.466378,4.77311,0.858591,3.66859
-1.8,8.27017,0.47441,4.70788,0.853891,3.66859
-1.76,8.20182,0.482449,4.64332,0.849199,3.66859
-1.72,8.13378,0.490495,4.57941,0.844517,3.66859
-1.68,8.06607,0.498546,4.51617,0.839845,3.66859
-1.64,7.99869,0.506601,4.45358,0.835184,3.66859
-1.6,7.93165,0.514661,4.39166,0.830533,3.66859
-1.56,7.86495,0.522725,4.33041,0.825893,3.66859
-1.52,7.7986,0.53079,4.26981,0.821266,3.66859
-1.48,7.7326,0.538858,4.20989,0.81665,3.66859
-1.44,7.66697,0.546925,4.15063,0.812048,3.66859
-1.4,7.60171,0.554993,4.09204,0.807459,3.66859
-1.36,7.53683,0.563058,4.03413,0.802884,3.66859
-1.32,7.47234,0.571121,3.9769,0.798324,3.66859
-1.28,7.40825,0.579179,3.92035,0.79378,3.66859
-1.24,7.34457,0.587231,3.86448,0.789253,3.66859
-1.2,7.28132,0.595274,3.80931,0.784743,3.66859
-1.16,7.2185,0.603308,3.75484,0.780253,3.66859
-1.12,7.15614,0.611328,3.70107,0.775783,3.66859
-1.08,7.09426,0.619332,3.64803,0.771334,3.66859
-1.04,7.03288,0.627317,3.59573,0.76691,3.66859
-1,6.97203,0.635279,3.54417,0.762511,3.66859
-0.96,6.91174,0.643212,3.49338,0.758141,3.66859
-0.92,6.85205,0.651112,3.4434,0.753803,3.66859
-0.88,6.79301,0.65897,3.39424,0.749499,3.66859
-0.84,6.73466,0.666779,3.34594,0.745235,3.66859
-0.8,6.67709,0.674529,3.29856,0.741016,3.66859
-0.76,6.62038,0.682207,3.25214,0.736848,3.66859
-0.72,6.56462,0.689798,3.20677,0.73274,3.66859
-0.68,6.50994,0.697282,3.16253,0.7287,3.66859
-0.64,6.45651,0.704637,3.11953,0.724742,3.66859
-0.6,6.40452,0.711832,3.07793,0.72088,3.66859
-0.56,6.35421,0.71883,3.03788,0.717134,3.66859
-0.52,6.3059,0.725586,2.99962,0.713527,3.66859
-0.48,6.25995,0.732043,2.96341,0.710089,3.66859
-0.44,6.21681,0.738134,2.92959,0.706854,3.66859
-0.4,6.17701,0.743778,2.89851,0.703863,3.66859
-0.36,6.14112,0.748889,2.87061,0.701161,3.66859
-0.32,6.1097,0.753377,2.84627,0.698792,3.66859
-0.28,6.08321,0.757171,2.82583,0.696794,3.66859
-0.24,6.06188,0.760233,2.80942,0.695185,3.66859
-0.2,6.04554,0.762578,2.79689,0.693955,3.66859
-0.16,6.0336,0.764289,2.78776,0.69306,3.66859
-0.12,6.02516,0.765493,2.78134,0.692432,3.66859
-0.08,6.01921,0.766335,2.77684,0.691995,3.66859
-0.04,6.01493,0.766935,2.77363,0.691686,3.66859
0,6.01174,0.767376,2.77125,0.691461,3.66859
0.04,6.00929,0.767709,2.76945,0.691293,3.66859
0.08,6.00737,0.767963,2.76806,0.691166,3.66859
0.12,6.00583,0.768161,2.76697,0.69107,3.66859
0.16,6.00459,0.768316,2.7661,0.690996,3.66859
0.2,6.00356,0.768439,2.7654,0.69094,3.66859
0.24,6.00269,0.768538,2.76482,0.690896,3.66859
0.28,6.00195,0.768618,2.76435,0.690863,3.66859
0.32,6.0013,0.768684,2.76395,0.690838,3.66859
0.36,6.00072,0.768738,2.76361,0.690819,3.66859
0.4,6.00019,0.768784,2.76331,0.690805,3.66859
0.44,5.99971,0.768822,2.76305,0.690795,3.66859
0.48,5.99926,0.768855,2.76282,0.690789,3.66859
0.52,5.99884,0.768884,2.76261,0.690785,3.66859
0.56,5.99844,0.768909,2.76242,0.690784,3.66859
0.6,5.99804,0.768931,2.76224,0.690785,3.66859
0.64,5.99766,0.76895,2.76208,0.690788,3.66859
0.68,5.99729,0.768967,2.76192,0.690793,3.66859
0.72,5.99692,0.768982,2.76178,0.6908,3.66859
0.76,5.99655,0.768996,2.76164,0.690808,3.66859
0.8,5.99619,0.769008,2.76151,0.690817,3.66859
0.84,5.99582,0.76902,2.76139,0.690829,3.66859
0.88,5.99545,0.76903,2.76127,0.690841,3.66859
0.92,5.99508,0.769039,2.76115,0.690855,3.66859
0.96,5.9947,0.769047,2.76104,0.690871,3.66859
1,5.99432,0.769054,2.76093,0.690888,3.66859
1.04,5.99393,0.769061,2.76083,0.690906,3.66859
1.08,5.99353,0.769066,2.76072,0.690927,3.66859
1.12,5.99311,0.769072,2.76062,0.690949,3.66859
1.16,5.99269,0.769076,2.76052,0.690973,3.66859
1.2,5.99226,0.76908,2.76043,0.690999,3.66859
1.24,5.99181,0.769084,2.76033,0.691027,3.66859
1.28,5.99134,0.769087,2.76024,0.691057,3.66859
1.32,5.99085,0.769089,2.76015,0.69109,3.66859
1.36,5.99034,0.769091,2.76005,0.691126,3.66859
1.4,5.98981,0.769093,2.75996,0.691165,3.66859
1.44,5.98925,0.769094,2.75988,0.691207,3.66859
1.48,5.98865,0.769094,2.75979,0.691254,3.66859
1.52,5.988,0.769094,2.7597,0.691307,3.66859
1.56,5.9873,0.769094,2.75961,0.691367,3.66859
1.6,5.98651,0.769094,2.75953,0.691436,3.66859
1.64,5.98561,0.769093,2.75944,0.691518,3.66859
1.68,5.98455,0.769091,2.75936,0.691619,3.66859
1.72,5.98326,0.769089,2.75927,0.691747,3.66859
1.76,5.98164,0.769087,2.75919,0.691914,3.66859
1.8,5.97953,0.769085,2.7591,0.692136,3.66859
1.84,5.97674,0.769082,2.75902,0.692438,3.66859
1.88,5.97299,0.769079,2.75893,0.692852,3.66859
1.92,5.96792,0.769075,2.75885,0.693419,3.66859
1.96,5.96105,0.769071,2.75876,0.694198,3.66859
2,5.95177,0.769067,2.75868,0.695259,3.66859
2.04,5.93936,0.769062,2.7586,0.69669,3.66859
2.08,5.92295,0.769057,2.75851,0.6986,3.66859
2.12,5.90151,0.769052,2.75843,0.701116,3.66859
2.16,5.87391,0.769046,2.75834,0.704388,3.66859
2.2,5.83894,0.76904,2.75826,0.708586,3.66859
2.24,5.79531,0.769034,2.75817,0.713899,3.66859
2.28,5.74176,0.769027,2.75809,0.720534,3.66859
2.32,5.67713,0.76902,2.75801,0.728715,3.66859
2.36,5.60039,0.769013,2.75792,0.738679,3.66859
2.4,5.51077,0.769005,2.75784,0.750669,3.66859
2.44,5.40782,0.768997,2.75776,0.764938,3.66859
2.48,5.29148,0.768989,2.75768,0.781733,3.66859
2.52,5.16212,0.76898,2.7576,0.801299,3.66859
2.56,5.0206,0.768972,2.75753,0.823864,3.66859
2.6,4.8682,0.768963,2.75745,0.849632,3.66859
2.64,4.70666,0.768953,2.75738,0.878768,3.66859
2.68,4.53809,0.768943,2.7573,0.911388,3.66859
2.72,4.36485,0.768933,2.75723,0.947535,3.66859
2.76,4.18953,0.768923,2.75717,0.987164,3.66859
2.8,4.01473,0.768913,2.7571,1.03012,3.66859
2.84,3.84304,0.768902,2.75704,1.07612,3.66859
2.88,3.67685,0.768891,2.75698,1.12473,3.66859
2.92,3.51832,0.76888,2.75692,1.17538,3.66859
2.96,3.36924,0.768868,2.75686,1.22737,3.66859
3,3.23103,0.768857,2.7568,1.27984,3.66859
3.04,3.10467,0.768845,2.75675,1.3319,3.66859
3.08,2.99076,0.768832,2.75669,1.38261,3.66859
3.12,2.88945,0.76882,2.75664,1.43106,3.66859
3.16,2.80057,0.768807,2.75659,1.47644,3.66859
3.2,2.72363,0.768794,2.75654,1.51812,3.66859
3.24,2.65791,0.76878,2.75649,1.55563,3.66859
3.28,2.6025,0.768766,2.75643,1.58872,3.66859
3.32,2.5564,0.768753,2.75638,1.61735,3.66859
3.36,2.51852,0.768738,2.75633,1.64164,3.66859
3.4,2.48779,0.768724,2.75628,1.66189,3.66859
3.44,2.46317,0.768709,2.75623,1.67846,3.66859
3.48,2.4437,0.768694,2.75618,1.69181,3.66859
3.52,2.42848,0.768678,2.75612,1.70238,3.66859
3.56,2.41673,0.768663,2.75607,1.71062,3.66859
3.6,2.40777,0.768647,2.75601,1.71695,3.66859
3.64,2.40101,0.76863,2.75596,1.72175,3.66859
3.68,2.39597,0.768614,2.7559,1.72533,3.66859
3.72,2.39226,0.768597,2.75585,1.72798,3.66859
3.76,2.38955,0.768579,2.75579,1.7299,3.66859
3.8,2.3876,0.768562,2.75573,1.73127,3.66859
3.84,2.38621,0.768544,2.75567,1.73225,3.66859
3.88,2.38522,0.768526,2.75561,1.73293,3.66859
3.92,2.38452,0.768507,2.75554,1.7334,3.66859
3.96,2.38403,0.768488,2.75548,1.73371,3.66859
4,2.38369,0.768468,2.75541,1.73392,3.66859
4.04,2.38344,0.768449,2.75535,1.73405,3.66859
4.08,2.38327,0.768428,2.75528,1.73414,3.66859
4.12,2.38314,0.768408,2.75521,1.73419,3.66859
4.16,2.38305,0.768387,2.75514,1.73421,3.66859
4.2,2.38297,0.768365,2.75507,1.73422,3.66859
4.24,2.38291,0.768343,2.75499,1.73422,3.66859
4.28,2.38286,0.768321,2.75492,1.73421,3.66859
4.32,2.38281,0.768298,2.75484,1.7342,3.66859
4.36,2.38276,0.768274,2.75476,1.73418,3.66859
4.4,2.38271,0.76825,2.75468,1.73417,3.66859
4.44,2.38267,0.768226,2.7546,1.73415,3.66859
4.48,2.38262,0.768201,2.75452,1.73413,3.66859
4.52,2.38257,0.768175,2.75443,1.73411,3.66859
4.56,2.38253,0.768149,2.75434,1.73409,3.66859
4.6,2.38248,0.768122,2.75425,1.73407,3.66859
4.64,2.38243,0.768094,2.75416,1.73405,3.66859
4.68,2.38238,0.768066,2.75407,1.73402,3.66859
4.72,2.38233,0.768037,2.75397,1.734,3.66859
4.76,2.38227,0.768007,2.75387,1.73398,3.66859
4.8,2.38222,0.767977,2.75377,1.73395,3.66859
4.84,2.38216,0.767945,2.75366,1.73393,3.66859
4.88,2.38211,0.767913,2.75356,1.7339,3.66859
4.92,2.38205,0.76788,2.75345,1.73387,3.66859
4.96,2.38199,0.767846,2.75333,1.73385,3.66859
5,2.38193,0.767811,2.75322,1.73382,3.66859
5.04,2.38186,0.767775,2.7531,1.73379,3.66859
5.08,2.3818,0.767738,2.75297,1.73376,3.66859
5.12,2.38173,0.7677,2.75285,1.73373,3.66859
5.16,2.38166,0.76766,2.75272,1.7337,3.66859
5.2,2.38159,0.76762,2.75258,1.73366,3.66859
5.24,2.38151,0.767577,2.75244,1.73363,3.66859
5.28,2.38144,0.767533,2.75229,1.73359,3.66859
5.32,2.38135,0.767486,2.75213,1.73355,3.66859
5.36,2.38126,0.767435,2.75197,1.73351,3.66859
5.4,2.38117,0.767379,2.75178,1.73347,3.66859
5.44,2.38106,0.767315,2.75157,1.73341,3.66859
5.48,2.38092,0.767237,2.75131,1.73335,3.66859
5.52,2.38075,0.767136,2.75098,1.73327,3.66859
5.56,2.3805,0.766995,2.75051,1.73315,3.66859
5.6,2.38014,0.766783,2.74981,1.73297,3.66859
5.64,2.37956,0.766446,2.7487,1.73269,3.66859
5.68,2.3786,0.765887,2.74685,1.73223,3.66859
5.72,2.37696,0.764932,2.7437,1.73143,3.66859
5.76,2.37411,0.763271,2.73823,1.73005,3.66859
5.8,2.36913,0.760357,2.72865,1.72763,3.66859
5.84,2.36037,0.755225,2.71185,1.72337,3.66859
5.88,2.34504,0.746205,2.68254,1.71588,3.66859
5.92,2.3185,0.730481,2.63208,1.70288,3.66859
5.96,2.27358,0.703548,2.5475,1.68072,3.66859
6,2.20055,0.658873,2.41221,1.64427,3.66859
6.04,2.08959,0.588819,2.21207,1.58792,3.66859
6.08,1.93817,0.488776,1.95001,1.50916,3.66859
6.12,1.76158,0.365119,1.66133,1.41463,3.66859
6.16,1.59337,0.239693,1.40427,1.32199,3.66859
6.2,1.46494,0.138366,1.22033,1.24953,3.66859
6.24,1.38451,0.0721562,1.11066,1.2033,3.66859
6.28,1.34088,0.0352541,1.05294,1.1779,3.66859
6.32,1.31917,0.0166174,1.02469,1.16516,3.66859
6.36,1.30885,0.00769324,1.01137,1.15908,3.66859
6.4,1.30406,0.00353137,1.00521,1.15625,3.66859
6.44,1.30185,0.00161459,1.00238,1.15494,3.66859
6.48,1.30085,0.000736893,1.00109,1.15435,3.66859
6.52,1.30039,0.000336051,1.00049,1.15407,3.66859
6.56,1.30018,0.000153202,1.00023,1.15395,3.66859
6.6,1.30008,6.98343e-05,1.0001,1.15389,3.66859
6.64,1.30004,3.18319e-05,1.00005,1.15387,3.66859
6.68,1.30002,1.45099e-05,1.00002,1.15386,3.66859
6.72,1.30001,6.6142e-06,1.00001,1.15385,3.66859
6.76,1.3,3.01514e-06,1,1.15385,3.66859
6.8,1.3,1.37452e-06,1,1.15385,3.66859
6.84,1.3,6.26622e-07,1,1.15385,3.66859
6.88,1.3,2.85673e-07,1,1.15385,3.66859
6.92,1.3,1.30237e-07,1,1.15385,3.66859
6.96,1.3,5.9374e-08,1,1.15385,3.66859
7,1.3,2.70674e-08,1,1.15385,3.66859
7.04,1.3,1.23389e-08,1,1.15385,3.66859
7.08,1.3,5.62438e-09,1,1.15385,3.66859
7.12,1.3,2.56348e-09,1,1.15385,3.66859
7.16,1.3,1.16822e-09,1,1.15385,3.66859
7.2,1.3,5.32288e-10,1,1.15385,3.66859
7.24,1.3,2.4248e-10,1,1.15385,3.66859
7.28,1.3,1.10431e-10,1,1.15385,3.66859
7.32,1.3,5.02767e-11,1,1.15385,3.66859
7.36,1.3,2.28813e-11,1,1.15385,3.66859
7.4,1.3,1.04089e-11,1,1.15385,3.66859
7.44,1.3,4.73268e-12,1,1.15385,3.66859
7.48,1.3,2.15055e-12,1,1.15385,3.66859
7.52,1.3,9.76353e-13,1,1.15385,3.66859
7.56,1.3,4.42739e-13,1,1.15385,3.66859
7.6,1.3,2.00459e-13,1,1.15385,3.66859
7.64,1.3,9.06021e-14,1,1.15385,3.66859
7.68,1.3,4.08352e-14,1,1.15385,3.66859
7.72,1.3,1.82271e-14,1,1.15385,3.66859
7.76,1.3,7.9903e-15,1,1.15385,3.66859
7.8,1.3,3.2822e-15,1,1.15385,3.66859
7.84,1.3,1.04125e-15,1,1.15385,3.66859
7.88,1.3,1.83576e-16,1,1.15385,3.66859
7.92,1.3,1.96341e-17,1,1.15385,3.66859
7.96,1.3,2.15363e-18,1,1.15385,3.66859
8,1.3,2.38472e-19,1,1.15385,3.66859
8.04,1.3,2.64498e-20,1,1.15385,3.66859
8.08,1.3,2.94465e-21,1,1.15385,3.66859
8.12,1.3,3.28964e-22,1,1.15385,3.66859
8.16,1.3,3.67982e-23,1,1.15385,3.66859
8.2,1.3,4.11432e-24,1,1.15385,3.66859
8.24,1.3,4.59356e-25,1,1.15385,3.66859
8.28,1.3,5.11944e-26,1,1.15385,3.66859
8.32,1.3,5.69533e-27,1,1.15385,3.66859
8.36,1.3,6.32616e-28,1,1.15385,3.66859
8.4,1.3,7.01849e-29,1,1.15385,3.66859
8.44,1.3,7.78032e-30,1,1.15385,3.66859
8.48,1.3,8.62084e-31,1,1.15385,3.66859
8.52,1.3,9.55005e-32,1,1.15385,3.66859
8.56,1.3,1.05785e-32,1,1.15385,3.66859
8.6,1.3,1.17171e-33,1,1.15385,3.66859
8.64,1.3,1.29775e-34,1,1.15385,3.66859
8.68,1.3,1.43718e-35,1,1.15385,3.66859
8.72,1.3,1.59135e-36,1,1.15385,3.66859
8.76,1.3,1.76172e-37,1,1.15385,3.66859
8.8,1.3,1.94996e-38,1,1.15385,3.66859
8.84,1.3,2.1579e-39,1,1.15385,3.66859
8.88,1.3,2.38757e-40,1,1.15385,3.66859
8.92,1.3,2.64119e-41,1,1.15385,3.66859
8.96,1.3,2.92116e-42,1,1.15385,3.66859
9,1.3,3.23006e-43,1,1.15385,3.66859
9.04,1.3,3.57065e-44,1,1.15385,3.66859
9.08,1.3,3.94586e-45,1,1.15385,3.66859
9.12,1.3,4.35881e-46,1,1.15385,3.66859
9.16,1.3,4.81282e-47,1,1.15385,3.66859
9.2,1.3,5.31143e-48,1,1.15385,3.66859
9.24,1.3,5.85838e-49,1,1.15385,3.66859
9.28,1.3,6.45767e-50,1,1.15385,3.66859
9.32,1.3,7.11355e-51,1,1.15385,3.66859
9.36,1.3,7.83057e-52,1,1.15385,3.66859
9.4,1.3,8.61359e-53,1,1.15385,3.66859
9.44,1.3,9.46783e-54,1,1.15385,3.66859
9.48,1.3,1.03989e-54,1,1.15385,3.66859
9.52,1.3,1.1413e-55,1,1.15385,3.66859
9.56,1.3,1.25166e-56,1,1.15385,3.66859
9.6,1.3,1.37169e-57,1,1.15385,3.66859
9.64,1.3,1.50217e-58,1,1.15385,3.66859
9.68,1.3,1.64394e-59,1,1.15385,3.66859
9.72,1.3,1.79793e-60,1,1.15385,3.66859
9.76,1.3,1.96512e-61,1,1.15385,3.66859
9.8,1.3,2.14658e-62,1,1.15385,3.66859
9.84,1.3,2.34346e-63,1,1.15385,3.66859
9.88,1.3,2.55702e-64,1,1.15385,3.66859
9.92,1.3,2.79205e-65,1,1.15385,3.66859
9.96,1.3,3.37031e-66,1,1.15385,3.66859
10,1.3,3.37031e-66,1,1.15385,3.66859
-10,13,2.9269e-67,10,1.15385,3.76133
-9.96,13,2.9269e-67,10,1.15385,3.76133
-9.92,13,2.20014e-66,10,1.15385,3.76133
-9.88,13,1.84198e-65,10,1.15385,3.76133
-9.84,13,1.54265e-64,10,1.15385,3.76133
-9.8,13,1.29035e-63,10,1.15385,3.76133
-9.76,13,1.07795e-62,10,1.15385,3.76133
-9.72,13,8.99386e-62,10,1.15385,3.76133
-9.68,13,7.49476e-61,10,1.15385,3.76133
-9.64,13,6.23794e-60,10,1.15385,3.76133
-9.6,13,5.18568e-59,10,1.15385,3.76133
-9.56,13,4.30585e-58,10,1.15385,3.76133
-9.52,13,3.57117e-57,10,1.15385,3.76133
-9.48,13,2.95849e-56,10,1.15385,3.76133
-9.44,13,2.44819e-55,10,1.15385,3.76133
-9.4,13,2.02368e-54,10,1.15385,3.76133
-9.36,13,1.67097e-53,10,1.15385,3.76133
-9.32,13,1.37824e-52,10,1.15385,3.76133
-9.28,13,1.13558e-51,10,1.15385,3.76133
-9.24,13,9.34644e-51,10,1.15385,3.76133
-9.2,13,7.68439e-50,10,1.15385,3.76133
-9.16,13,6.31113e-49,10,1.15385,3.76133
-9.12,13,5.17773e-48,10,1.15385,3.76133
-9.08,13,4.24333e-47,10,1.15385,3.76133
-9.04,13,3.47385e-46,10,1.15385,3.76133
-9,13,2.84089e-45,10,1.15385,3.76133
-8.96,13,2.32083e-44,10,1.15385,3.76133
-8.92,13,1.894e-43,10,1.15385,3.76133
-8.88,13,1.54409e-42,10,1.15385,3.76133
-8.84,13,1.25757e-41,10,1.15385,3.76133
-8.8,13,1.02321e-40,10,1.15385,3.76133
-8.76,13,8.31749e-40,10,1.15385,3.76133
-8.72,13,6.75516e-39,10,1.15385,3.76133
-8.68,13,5.48181e-38,10,1.15385,3.76133
-8.64,13,4.44524e-37,10,1.15385,3.76133
-8.6,13,3.60239e-36,10,1.15385,3.76133
-8.56,13,2.91777e-35,10,1.15385,3.76133
-8.52,13,2.36216e-34,10,1.15385,3.76133
-8.48,13,1.91153e-33,10,1.15385,3.76133
-8.44,13,1.54616e-32,10,1.15385,3.76133
-8.4,13,1.24995e-31,10,1.15385,3.76133
-8.36,13,1.00977e-30,10,1.15385,3.76133
-8.32,13,8.14987e-30,10,1.15385,3.76133
-8.28,13,6.57017e-29,10,1.15385,3.76133
-8.24,13,5.28936e-28,10,1.15385,3.76133
-8.2,13,4.25161e-27,10,1.15385,3.76133
-8.16,13,3.41185e-26,10,1.15385,3.76133
-8.12,13,2.73345e-25,10,1.15385,3.76133
-8.08,13,2.18654e-24,10,1.15385,3.76133
-8.04,13,1.74665e-23,10,1.15385,3.76133
-8,13,1.39365e-22,10,1.15385,3.76133
-7.96,13,1.11102e-21,10,1.15385,3.76133
-7.92,13,8.85089e-21,10,1.15385,3.76133
-7.88,13,7.04428e-20,10,1.15385,3.76133
-7.84,13,5.60202e-19,10,1.15385,3.76133
-7.8,13,4.47083e-18,10,1.15385,3.76133
-7.76,13,3.59822e-17,10,1.15385,3.76133
-7.72,13,2.83761e-16,10,1.15385,3.76133
-7.68,13,1.18096e-15,10,1.15385,3.76133
-7.64,13,3.17134e-15,10,1.15385,3.76133
-7.6,13,6.69067e-15,10,1.15385,3.76133
-7.56,13,1.29353e-14,10,1.15385,3.76133
-7.52,13,2.43416e-14,10,1.15385,3.76133
-7.48,13,4.5167e-14,10,1.15385,3.76133
-7.44,13,8.32317e-14,10,1.15385,3.76133
-7.4,13,1.52367e-13,10,1.15385,3.76133
-7.36,13,2.77032e-13,10,1.15385,3.76133
-7.32,13,5.00493e-13,10,1.15385,3.76133
-7.28,13,8.98686e-13,10,1.15385,3.76133
-7.24,13,1.60406e-12,10,1.15385,3.76133
-7.2,13,2.84567e-12,10,1.15385,3.76133
-7.16,13,5.01766e-12,10,1.15385,3.76133
-7.12,13,8.79358e-12,10,1.15385,3.76133
-7.08,13,1.53168e-11,10,1.15385,3.76133
-7.04,13,2.65155e-11,10,1.15385,3.76133
-7,13,4.56195e-11,10,1.15385,3.76133
-6.96,13,7.80016e-11,10,1.15385,3.76133
-6.92,13,1.32539e-10,10,1.15385,3.76133
-6.88,13,2.23801e-10,10,1.15385,3.76133
-6.84,13,3.75525e-10,10,1.15385,3.76133
-6.8,13,6.26128e-10,10,1.15385,3.76133
-6.76,13,1.03734e-09,10,1.15385,3.76133
-6.72,13,1.70764e-09,10,1.15385,3.76133
-6.68,13,2.79302e-09,10,1.15385,3.76133
-6.64,13,4.5388e-09,10,1.15385,3.76133
-6.6,13,7.32794e-09,10,1.15385,3.76133
-6.56,13,1.17539e-08,10,1.15385,3.76133
-6.52,13,1.87294e-08,10,1.15385,3.76133
-6.48,13,2.96478e-08,10,1.15385,3.76133
-6.44,13,4.66202e-08,10,1.15385,3.76133
-6.4,13,7.282e-08,10,1.15385,3.76133
-6.36,13,1.12982e-07,10,1.15385,3.76133
-6.32,13,1.74112e-07,10,1.15385,3.76133
-6.28,13,2.66499e-07,10,1.15385,3.76133
-6.24,13,4.05128e-07,9.99999,1.15385,3.76133
-6.2,13,6.1165e-07,9.99999,1.15385,3.76133
-6.16,13,9.17087e-07,9.99999,1.15385,3.76133
-6.12,13,1.36552e-06,9.99998,1.15385,3.76133
-6.08,13,2.01904e-06,9.99997,1.15384,3.76133
-6.04,13,2.9644e-06,9.99996,1.15384,3.76133
-6,13,4.32171e-06,9.99994,1.15384,3.76133
-5.96,12.9999,6.2558e-06,9.99991,1.15384,3.76133
-5.92,12.9999,8.99084e-06,9.99987,1.15384,3.76133
-5.88,12.9999,1.28289e-05,9.99981,1.15384,3.76133
-5.84,12.9998,1.81733e-05,9.99973,1.15383,3.76133
-5.8,12.9997,2.55573e-05,9.99962,1.15383,3.76133
-5.76,12.9996,3.56791e-05,9.99947,1.15382,3.76133
-5.72,12.9994,4.9444e-05,9.99927,1.15381,3.76133
-5.68,12.9992,6.80137e-05,9.999,1.1538,3.76133
-5.64,12.9989,9.28634e-05,9.99863,1.15378,3.76133
-5.6,12.9986,0.000125847,9.99815,1.15376,3.76133
-5.56,12.9981,0.000169268,9.99751,1.15373,3.76133
-5.52,12.9974,0.000225959,9.99667,1.15369,3.76133
-5.48,12.9966,0.000299357,9.99559,1.15364,3.76133
-5.44,12.9955,0.000393592,9.99421,1.15358,3.76133
-5.4,12.9941,0.000513559,9.99244,1.1535,3.76133
-5.36,12.9924,0.000664993,9.99022,1.15339,3.76133
-5.32,12.9902,0.000854519,9.98743,1.15327,3.76133
-5.28,12.9875,0.0010897,9.98397,1.15311,3.76133
-5.24,12.9842,0.00137903,9.97972,1.15291,3.76133
-5.2,12.9801,0.00173196,9.97453,1.15267,3.76133
-5.16,12.9752,0.00215877,9.96826,1.15238,3.76133
-5.12,12.9694,0.00267058,9.96075,1.15203,3.76133
-5.08,12.9624,0.00327913,9.95182,1.15162,3.76133
-5.04,12.9542,0.00399667,9.94131,1.15113,3.76133
-5,12.9446,0.00483575,9.92902,1.15056,3.76133
-4.96,12.9334,0.005809,9.91478,1.1499,3.76133
-4.92,12.9206,0.00692887,9.89842,1.14914,3.76133
-4.88,12.906,0.00820742,9.87976,1.14828,3.76133
-4.84,12.8894,0.00965603,9.85866,1.14729,3.76133
-4.8,12.8708,0.0112852,9.83497,1.14619,3.76133
-4.76,12.8501,0.0131043,9.80857,1.14496,3.76133
-4.72,12.8271,0.0151216,9.77935,1.14359,3.76133
-4.68,12.8019,0.0173438,9.74726,1.14209,3.76133
-4.64,12.7742,0.019776,9.71222,1.14045,3.76133
-4.6,12.7442,0.0224222,9.67421,1.13866,3.76133
-4.56,12.7118,0.0252844,9.63324,1.13673,3.76133
-4.52,12.677,0.0283635,9.58931,1.13465,3.76133
-4.48,12.6398,0.0316587,9.54248,1.13243,3.76133
-4.44,12.6003,0.035168,9.4928,1.13007,3.76133
-4.4,12.5585,0.0388882,9.44036,1.12757,3.76133
-4.36,12.5144,0.0428152,9.38526,1.12493,3.76133
-4.32,12.4683,0.0469437,9.32761,1.12216,3.76133
-4.28,12.42,0.0512679,9.26752,1.11926,3.76133
-4.24,12.3698,0.0557813,9.20513,1.11624,3.76133
-4.2,12.3177,0.0604769,9.14058,1.11311,3.76133
-4.16,12.2637,0.0653475,9.07401,1.10986,3.76133
-4.12,12.2082,0.0703855,9.00555,1.1065,3.76133
-4.08,12.151,0.0755834,8.93535,1.10304,3.76133
-4.04,12.0923,0.0809335,8.86356,1.09949,3.76133
-4,12.0322,0.0864281,8.7903,1.09585,3.76133
-3.96,11.9709,0.09206,8.71571,1.09212,3.76133
-3.92,11.9083,0.0978217,8.63993,1.08831,3.76133
-3.88,11.8446,0.103706,8.56307,1.08443,3.76133
-3.84,11.7799,0.109707,8.48526,1.08047,3.76133
-3.8,11.7143,0.115817,8.40661,1.07646,3.76133
-3.76,11.6478,0.12203,8.32723,1.07238,3.76133
-3.72,11.5805,0.12834,8.24722,1.06825,3.76133
-3.68,11.5125,0.134742,8.16668,1.06406,3.76133
-3.64,11.4438,0.14123,8.08569,1.05983,3.76133
-3.6,11.3746,0.147799,8.00435,1.05556,3.76133
-3.56,11.3048,0.154444,7.92273,1.05124,3.76133
-3.52,11.2346,0.161162,7.84089,1.04688,3.76133
-3.48,11.164,0.167947,7.75892,1.04249,3.76133
-3.44,11.093,0.174795,7.67688,1.03807,3.76133
-3.4,11.0217,0.181704,7.59482,1.03362,3.76133
-3.36,10.9501,0.188669,7.5128,1.02914,3.76133
-3.32,10.8782,0.195687,7.43087,1.02464,3.76133
-3.28,10.8062,0.202756,7.34908,1.02012,3.76133
-3.24,10.734,0.209871,7.26746,1.01557,3.76133
-3.2,10.6617,0.217031,7.18607,1.01101,3.76133
-3.16,10.5893,0.224234,7.10493,1.00643,3.76133
-3.12,10.5168,0.231476,7.02408,1.00184,3.76133
-3.08,10.4442,0.238756,6.94356,0.997233,3.76133
-3.04,10.3717,0.246071,6.86338,0.992615,3.76133
-3,10.2991,0.25342,6.78358,0.987986,3.76133
-2.96,10.2266,0.260801,6.70419,0.983348,3.76133
-2.92,10.1541,0.268212,6.62521,0.978703,3.76133
-2.88,10.0816,0.275651,6.54668,0.97405,3.76133
-2.84,10.0093,0.283118,6.46862,0.969392,3.76133
-2.8,9.93703,0.29061,6.39103,0.964729,3.76133
-2.76,9.86488,0.298127,6.31394,0.960062,3.76133
-2.72,9.79286,0.305667,6.23735,0.955393,3.76133
-2.68,9.72098,0.313229,6.16129,0.950721,3.76133
-2.64,9.64925,0.320812,6.08577,0.946048,3.76133
-2.6,9.57768,0.328415,6.01078,0.941374,3.76133
-2.56,9.50628,0.336037,5.93636,0.9367,3.76133
-2.52,9.43507,0.343677,5.86249,0.932027,3.76133
-2.48,9.36405,0.351334,5.7892,0.927355,3.76133
-2.44,9.29323,0.359007,5.71649,0.922686,3.76133
-2.4,9.22262,0.366697,5.64436,0.918018,3.76133
-2.36,9.15223,0.374401,5.57282,0.913354,3.76133
-2.32,9.08207,0.382119,5.50188,0.908693,3.76133
-2.28,9.01215,0.38985,5.43154,0.904036,3.76133
-2.24,8.94246,0.397594,5.3618,0.899384,3.76133
-2.2,8.87302,0.405351,5.29268,0.894736,3.76133
-2.16,8.80384,0.413119,5.22416,0.890094,3.76133
-2.12,8.73491,0.420898,5.15626,0.885457,3.76133
-2.08,8.66625,0.428687,5.08898,0.880827,3.76133
-2.04,8.59786,0.436486,5.02231,0.876203,3.76133
-2,8.52975,0.444294,4.95627,0.871586,3.76133
-1.96,8.46191,0.452111,4.89085,0.866976,3.76133
-1.92,8.39437,0.459936,4.82606,0.862374,3.76133
-1.88,8.32711,0.467769,4.76189,0.85778,3.76133
-1.84,8.26015,0.475608,4.69835,0.853195,3.76133
-1.8,8.1935,0.483454,4.63543,0.848618,3.76133
-1.76,8.12715,0.491305,4.57315,0.84405,3.76133
-1.72,8.06111,0.499162,4.51149,0.839492,3.76133
-1.68,7.99539,0.507023,4.45046,0.834943,3.76133
-1.64,7.92999,0.514888,4.39007,0.830406,3.76133
-1.6,7.86491,0.522756,4.33031,0.825878,3.76133
-1.56,7.80017,0.530626,4.27118,0.821363,3.76133
-1.52,7.73577,0.538498,4.21269,0.816859,3.76133
-1.48,7.67172,0.546371,4.15483,0.812367,3.76133
-1.44,7.60801,0.554242,4.09761,0.807888,3.76133
-1.4,7.54467,0.562113,4.04104,0.803422,3.76133
-1.36,7.4817,0.569981,3.98511,0.798971,3.76133
-1.32,7.4191,0.577844,3.92982,0.794534,3.76133
-1.28,7.3569,0.585703,3.87519,0.790114,3.76133
-1.24,7.29509,0.593554,3.82122,0.785709,3.76133
-1.2,7.2337,0.601395,3.76791,0.781323,3.76133
-1.16,7.17274,0.609225,3.71527,0.776956,3.76133
-1.12,7.11223,0.617041,3.66331,0.772608,3.76133
-1.08,7.05219,0.62484,3.61205,0.768283,3.76133
-1.04,6.99263,0.632619,3.56149,0.763982,3.76133
-1,6.9336,0.640372,3.51166,0.759706,3.76133
-0.96,6.87512,0.648096,3.46258,0.755459,3.76133
-0.92,6.81723,0.655784,3.41427,0.751244,3.76133
-0.88,6.75998,0.66343,3.36676,0.747064,3.76133
-0.84,6.70343,0.671024,3.3201,0.742925,3.76133
-0.8,6.64765,0.678556,3.27432,0.73883,3.76133
-0.76,6.59273,0.686014,3.2295,0.734788,3.76133
-0.72,6.53876,0.693381,3.18571,0.730805,3.76133
-0.68,6.48589,0.700638,3.14303,0.726893,3.76133
-0.64,6.43427,0.707761,3.10159,0.723064,3.76133
-0.6,6.3841,0.71472,3.06153,0.719333,3.76133
-0.56,6.33564,0.721476,3.02303,0.71572,3.76133
-0.52,6.28919,0.727985,2.98631,0.712249,3.76133
-0.48,6.24513,0.734188,2.95165,0.708949,3.76133
-0.44,6.2039,0.740018,2.91937,0.705854,3.76133
-0.4,6.16602,0.745398,2.88983,0.703005,3.76133
-0.36,6.13203,0.750243,2.86343,0.700444,3.76133
-0.32,6.10245,0.754473,2.84054,0.698214,3.76133
-0.28,6.07769,0.758023,2.82144,0.696345,3.76133
-0.24,6.05787,0.760868,2.80621,0.69485,3.76133
-0.2,6.04278,0.763034,2.79464,0.693714,3.76133
-0.16,6.03178,0.76461,2.78624,0.69289,3.76133
-0.12,6.02399,0.765721,2.78032,0.692311,3.76133
-0.08,6.01847,0.766502,2.77615,0.691906,3.76133
-0.04,6.01447,0.767062,2.77314,0.691618,3.76133
0,6.01147,0.767477,2.77091,0.691406,3.76133
0.04,6.00916,0.76779,2.76921,0.691248,3.76133
0.08,6.00734,0.768031,2.76789,0.691128,3.76133
0.12,6.00588,0.768219,2.76686,0.691037,3.76133
0.16,6.0047,0.768366,2.76603,0.690967,3.76133
0.2,6.00372,0.768483,2.76536,0.690913,3.76133
0.24,6.00289,0.768578,2.76481,0.690871,3.76133
0.28,6.00218,0.768655,2.76436,0.690839,3.76133
0.32,6.00155,0.768718,2.76397,0.690815,3.76133
0.36,6.001,0.76877,2.76364,0.690796,3.76133
0.4,6.0005,0.768815,2.76336,0.690782,3.76133
0.44,6.00003,0.768852,2.76311,0.690773,3.76133
0.48,5.9996,0.768884,2.76288,0.690766,3.76133
0.52,5.99919,0.768912,2.76268,0.690762,3.76133
0.56,5.99881,0.768937,2.76249,0.690761,3.76133
0.6,5.99843,0.768958,2.76232,0.690761,3.76133
0.64,5.99806,0.768977,2.76216,0.690763,3.76133
0.68,5.99771,0.768994,2.76201,0.690767,3.76133
0.72,5.99735,0.76901,2.76187,0.690773,3.76133
0.76,5.997,0.769023,2.76174,0.69078,3.76133
0.8,5.99666,0.769036,2.76161,0.690788,3.76133
0.84,5.99631,0.769047,2.76149,0.690798,3.76133
0.88,5.99596,0.769057,2.76137,0.690809,3.76133
0.92,5.9956,0.769066,2.76126,0.690822,3.76133
0.96,5.99524,0.769075,2.76115,0.690836,3.76133
1,5.99488,0.769082,2.76105,0.690851,3.76133
1.04,5.99451,0.769089,2.76094,0.690868,3.76133
1.08,5.99414,0.769095,2.76084,0.690886,3.76133
1.12,5.99375,0.769101,2.76074,0.690906,3.76133
1.16,5.99336,0.769105,2.76065,0.690927,3.76133
1.2,5.99295,0.76911,2.76055,0.69095,3.76133
1.24,5.99253,0.769114,2.76046,0.690976,3.76133
1.28,5.9921,0.769117,2.76037,0.691003,3.76133
1.32,5.99165,0.76912,2.76028,0.691032,3.76133
1.36,5.99118,0.769122,2.76019,0.691064,3.76133
1.4,5.9907,0.769124,2.76011,0.691098,3.76133
1.44,5.99019,0.769125,2.76002,0.691135,3.76133
1.48,5.98965,0.769126,2.75993,0.691176,3.76133
1.52,5.98908,0.769127,2.75985,0.69122,3.76133
1.56,5.98847,0.769127,2.75977,0.69127,3.76133
1.6,5.98781,0.769127,2.75968,0.691325,3.76133
1.64,5.98707,0.769127,2.7596,0.691389,3.76133
1.68,5.98624,0.769126,2.75952,0.691465,3.76133
1.72,5.98528,0.769124,2.75944,0.691556,3.76133
1.76,5.98412,0.769123,2.75935,0.691669,3.76133
1.8,5.98268,0.769121,2.75927,0.691815,3.76133
1.84,5.98084,0.769119,2.75919,0.692007,3.76133
1.88,5.97844,0.769116,2.75911,0.692265,3.76133
1.92,5.97524,0.769113,2.75903,0.692616,3.76133
1.96,5.97093,0.76911,2.75895,0.693096,3.76133
2,5.96511,0.769106,2.75887,0.693752,3.76133
2.04,5.95727,0.769102,2.75879,0.694645,3.76133
2.08,5.94676,0.769098,2.75871,0.695852,3.76133
2.12,5.93282,0.769093,2.75863,0.697466,3.76133
2.16,5.91456,0.769088,2.75855,0.699599,3.76133
2.2,5.89093,0.769083,2.75847,0.702385,3.76133
2.24,5.86081,0.769077,2.75839,0.705974,3.76133
2.28,5.82299,0.769071,2.75831,0.710538,3.76133
2.32,5.77625,0.769065,2.75822,0.716267,3.76133
2.36,5.7194,0.769059,2.75814,0.723365,3.76133
2.4,5.65136,0.769052,2.75807,0.732054,3.76133
2.44,5.57122,0.769045,2.75799,0.742563,3.76133
2.48,5.47834,0.769037,2.75791,0.755131,3.76133
2.52,5.37241,0.76903,2.75783,0.769999,3.76133
2.56,5.25349,0.769022,2.75775,0.787406,3.76133
2.6,5.12209,0.769013,2.75768,0.807584,3.76133
2.64,4.97916,0.769005,2.75761,0.830745,3.76133
2.68,4.82605,0.768996,2.75753,0.857078,3.76133
2.72,4.66455,0.768987,2.75746,0.88673,3.76133
2.76,4.49675,0.768978,2.7574,0.919797,3.76133
2.8,4.32499,0.768968,2.75733,0.956301,3.76133
2.84,4.15177,0.768958,2.75727,0.996176,3.76133
2.88,3.97961,0.768948,2.7572,1.03925,3.76133
2.92,3.81097,0.768938,2.75714,1.08521,3.76133
2.96,3.64811,0.768927,2.75708,1.13364,3.76133
3,3.49304,0.768917,2.75703,1.18394,3.76133
3.04,3.34744,0.768906,2.75697,1.23541,3.76133
3.08,3.21262,0.768894,2.75692,1.28723,3.76133
3.12,3.08946,0.768883,2.75687,1.33852,3.76133
3.16,2.97847,0.768871,2.75682,1.38837,3.76133
3.2,2.87977,0.768859,2.75676,1.43593,3.76133
3.24,2.79315,0.768847,2.75672,1.48043,3.76133
3.28,2.71814,0.768834,2.75667,1.52126,3.76133
3.32,2.65399,0.768821,2.75662,1.558,3.76133
3.36,2.59985,0.768808,2.75657,1.59042,3.76133
3.4,2.55472,0.768795,2.75652,1.61849,3.76133
3.44,2.51757,0.768781,2.75647,1.64234,3.76133
3.48,2.48738,0.768768,2.75642,1.66225,3.76133
3.52,2.46313,0.768754,2.75637,1.67858,3.76133
3.56,2.44389,0.768739,2.75632,1.69177,3.76133
3.6,2.42881,0.768724,2.75627,1.70224,3.76133
3.64,2.41713,0.76871,2.75622,1.71043,3.76133
3.68,2.40818,0.768694,2.75617,1.71675,3.76133
3.72,2.40141,0.768679,2.75612,1.72156,3.76133
3.76,2.39635,0.768663,2.75606,1.72517,3.76133
3.8,2.3926,0.768647,2.75601,1.72784,3.76133
3.84,2.38985,0.768631,2.75595,1.72979,3.76133
3.88,2.38786,0.768614,2.7559,1.73119,3.76133
3.92,2.38643,0.768597,2.75584,1.7322,3.76133
3.96,2.38541,0.76858,2.75578,1.7329,3.76133
4,2.38469,0.768562,2.75572,1.73338,3.76133
4.04,2.38418,0.768544,2.75566,1.73372,3.76133
4.08,2.38383,0.768526,2.7556,1.73394,3.76133
4.12,2.38357,0.768507,2.75554,1.73408,3.76133
4.16,2.38339,0.768488,2.75547,1.73417,3.76133
4.2,2.38326,0.768469,2.75541,1.73422,3.76133
4.24,2.38316,0.768449,2.75534,1.73425,3.76133
4.28,2.38309,0.768428,2.75527,1.73427,3.76133
4.32,2.38302,0.768408,2.7552,1.73427,3.76133
4.36,2.38297,0.768387,2.75513,1.73426,3.76133
4.4,2.38292,0.768365,2.75506,1.73425,3.76133
4.44,2.38288,0.768343,2.75499,1.73424,3.76133
4.48,2.38283,0.768321,2.75491,1.73423,3.76133
4.52,2.38279,0.768298,2.75483,1.73421,3.76133
4.56,2.38275,0.768274,2.75476,1.73419,3.76133
4.6,2.3827,0.76825,2.75468,1.73417,3.76133
4.64,2.38266,0.768225,2.75459,1.73415,3.76133
4.68,2.38261,0.7682,2.75451,1.73413,3.76133
4.72,2.38257,0.768174,2.75442,1.73411,3.76133
4.76,2.38252,0.768148,2.75434,1.73409,3.76133
4.8,2.38247,0.768121,2.75425,1.73407,3.76133
4.84,2.38242,0.768093,2.75415,1.73405,3.76133
4.88,2.38237,0.768065,2.75406,1.73402,3.76133
4.92,2.38232,0.768036,2.75396,1.734,3.76133
4.96,2.38226,0.768006,2.75386,1.73398,3.76133
5,2.38221,0.767976,2.75376,1.73395,3.76133
5.04,2.38215,0.767944,2.75365,1.73393,3.76133
5.08,2.3821,0.767912,2.75355,1.7339,3.76133
5.12,2.38204,0.767879,2.75344,1.73387,3.76133
5.16,2.38198,0.767845,2.75332,1.73385,3.76133
5.2,2.38192,0.76781,2.75321,1.73382,3.76133
5.24,2.38185,0.767773,2.75309,1.73379,3.76133
5.28,2.38179,0.767736,2.75296,1.73376,3.76133
5.32,2.38172,0.767698,2.75283,1.73373,3.76133
5.36,2.38165,0.767658,2.7527,1.7337,3.76133
5.4,2.38158,0.767616,2.75256,1.73366,3.76133
5.44,2.3815,0.767573,2.75242,1.73363,3.76133
5.48,2.38142,0.767527,2.75227,1.73359,3.76133
5.52,2.38133,0.767477,2.7521,1.73355,3.76133
5.56,2.38124,0.767422,2.75192,1.7335,3.76133
5.6,2.38113,0.767358,2.75171,1.73345,3.76133
5.64,2.38099,0.76728,2.75145,1.73339,3.76133
5.68,2.38081,0.767177,2.75111,1.7333,3.76133
5.72,2.38056,0.767031,2.75062,1.73318,3.76133
5.76,2.38018,0.766808,2.74989,1.73299,3.76133
5.8,2.37956,0.766452,2.74871,1.7327,3.76133
5.84,2.37854,0.765855,2.74674,1.7322,3.76133
5.88,2.37678,0.764833,2.74337,1.73135,3.76133
5.92,2.37373,0.76305,2.7375,1.72987,3.76133
5.96,2.36837,0.759917,2.7272,1.72726,3.76133
6,2.35896,0.754399,2.70915,1.72268,3.76133
6.04,2.34249,0.744703,2.67768,1.71464,3.76133
6.08,2.31404,0.727828,2.62364,1.70069,3.76133
6.12,2.26608,0.69901,2.53347,1.677,3.76133
6.16,2.18863,0.651476,2.39039,1.63828,3.76133
6.2,2.07228,0.577652,2.18146,1.57903,3.76133
6.24,1.91625,0.473849,1.91317,1.49758,3.76133
6.28,1.73858,0.34843,1.62513,1.40212,3.76133
6.32,1.57408,0.224802,1.37597,1.31121,3.76133
6.36,1.45195,0.127819,1.20232,1.24211,3.76133
6.4,1.37712,0.0659578,1.1008,1.19902,3.76133
6.44,1.3371,0.0320287,1.04801,1.17569,3.76133
6.48,1.31735,0.0150488,1.02234,1.16409,3.76133
6.52,1.308,0.00695597,1.01028,1.15858,3.76133
6.56,1.30367,0.00319043,1.0047,1.15601,3.76133
6.6,1.30167,0.00145811,1.00215,1.15484,3.76133
6.64,1.30076,0.000665325,1.00098,1.1543,3.76133
6.68,1.30035,0.000303368,1.00045,1.15405,3.76133
6.72,1.30016,0.000138286,1.0002,1.15394,3.76133
6.76,1.30007,6.30293e-05,1.00009,1.15389,3.76133
6.8,1.30003,2.87276e-05,1.00004,1.15387,3.76133
6.84,1.30002,1.30938e-05,1.00002,1.15386,3.76133
6.88,1.30001,5.96821e-06,1.00001,1.15385,3.76133
6.92,1.3,2.72046e-06,1,1.15385,3.76133
6.96,1.3,1.2401e-06,1,1.15385,3.76133
7,1.3,5.65308e-07,1,1.15385,3.76133
7.04,1.3,2.57707e-07,1,1.15385,3.76133
7.08,1.3,1.17483e-07,1,1.15385,3.76133
7.12,1.3,5.35582e-08,1,1.15385,3.76133
7.16,1.3,2.44159e-08,1,1.15385,3.76133
7.2,1.3,1.11304e-08,1,1.15385,3.76133
7.24,1.3,5.0737e-09,1,1.15385,3.76133
7.28,1.3,2.31265e-09,1,1.15385,3.76133
7.32,1.3,1.05403e-09,1,1.15385,3.76133
7.36,1.3,4.80329e-10,1,1.15385,3.76133
7.4,1.3,2.18853e-10,1,1.15385,3.76133
7.44,1.3,9.96955e-11,1,1.15385,3.76133
7.48,1.3,4.54032e-11,1,1.15385,3.76133
7.52,1.3,2.06711e-11,1,1.15385,3.76133
7.56,1.3,9.40771e-12,1,1.15385,3.76133
7.6,1.3,4.27969e-12,1,1.15385,3.76133
7.64,1.3,1.94579e-12,1,1.15385,3.76133
7.68,1.3,8.84074e-13,1,1.15385,3.76133
7.72,1.3,4.01403e-13,1,1.15385,3.76133
7.76,1.3,1.82019e-13,1,1.15385,3.76133
7.8,1.3,8.22994e-14,1,1.15385,3.76133
7.84,1.3,3.70505e-14,1,1.15385,3.76133
7.88,1.3,1.65224e-14,1,1.15385,3.76133
7.92,1.3,7.2427e-15,1,1.15385,3.76133
7.96,1.3,2.92646e-15,1,1.15385,3.76133
8,1.3,8.66771e-16,1,1.15385,3.76133
8.04,1.3,1.34317e-16,1,1.15385,3.76133
8.08,1.3,1.486e-17,1,1.15385,3.76133
8.12,1.3,1.68445e-18,1,1.15385,3.76133
8.16,1.3,1.89451e-19,1,1.15385,3.76133
8.2,1.3,2.11798e-20,1,1.15385,3.76133
8.24,1.3,2.36128e-21,1,1.15385,3.76133
8.28,1.3,2.62662e-22,1,1.15385,3.76133
8.32,1.3,2.91681e-23,1,1.15385,3.76133
8.36,1.3,3.2367e-24,1,1.15385,3.76133
8.4,1.3,3.59248e-25,1,1.15385,3.76133
8.44,1.3,3.99092e-26,1,1.15385,3.76133
8.48,1.3,4.43868e-27,1,1.15385,3.76133
8.52,1.3,4.94188e-28,1,1.15385,3.76133
8.56,1.3,5.50588e-29,1,1.15385,3.76133
8.6,1.3,6.13541e-30,1,1.15385,3.76133
8.64,1.3,6.83499e-31,1,1.15385,3.76133
8.68,1.3,7.60942e-32,1,1.15385,3.76133
8.72,1.3,8.46434e-33,1,1.15385,3.76133
8.76,1.3,9.40669e-34,1,1.15385,3.76133
8.8,1.3,1.04449e-34,1,1.15385,3.76133
8.84,1.3,1.15891e-35,1,1.15385,3.76133
8.88,1.3,1.28511e-36,1,1.15385,3.76133
8.92,1.3,1.42441e-37,1,1.15385,3.76133
8.96,1.3,1.57828e-38,1,1.15385,3.76133
9,1.3,1.74835e-39,1,1.15385,3.76133
9.04,1.3,1.93637e-40,1,1.15385,3.76133
9.08,1.3,2.14424e-41,1,1.15385,3.76133
9.12,1.3,2.37403e-42,1,1.15385,3.76133
9.16,1.3,2.62801e-43,1,1.15385,3.76133
9.2,1.3,2.90865e-44,1,1.15385,3.76133
9.24,1.3,3.21865e-45,1,1.15385,3.76133
9.28,1.3,3.56097e-46,1,1.15385,3.76133
9.32,1.3,3.93883e-47,1,1.15385,3.76133
9.36,1.3,4.35572e-48,1,1.15385,3.76133
9.4,1.3,4.81541e-49,1,1.15385,3.76133
9.44,1.3,5.32194e-50,1,1.15385,3.76133
9.48,1.3,5.87966e-51,1,1.15385,3.76133
9.52,1.3,6.4932e-52,1,1.15385,3.76133
9.56,1.3,7.16751e-53,1,1.15385,3.76133
9.6,1.3,7.90786e-54,1,1.15385,3.76133
9.64,1.3,8.71989e-55,1,1.15385,3.76133
9.68,1.3,9.60957e-56,1,1.15385,3.76133
9.72,1.3,1.05833e-56,1,1.15385,3.76133
9.76,1.3,1.1648e-57,1,1.15385,3.76133
9.8,1.3,1.28109e-58,1,1.15385,3.76133
9.84,1.3,1.408e-59,1,1.15385,3.76133
9.88,1.3,1.54639e-60,1,1.15385,3.76133
9.92,1.3,1.69935e-61,1,1.15385,3.76133
9.96,1.3,2.06522e-62,1,1.15385,3.76133
10,1.3,2.06522e-62,1,1.15385,3.76133
-10,13,7.4611e-64,10,1.15385,3.85407
-9.96,13,7.4611e-64,10,1.15385,3.85407
-9.92,13,5.53874e-63,10,1.15385,3.85407
-9.88,13,4.58523e-62,10,1.15385,3.85407
-9.84,13,3.798e-61,10,1.15385,3.85407
-9.8,13,3.14251e-60,10,1.15385,3.85407
-9.76,13,2.59729e-59,10,1.15385,3.85407
-9.72,13,2.14433e-58,10,1.15385,3.85407
-9.68,13,1.76846e-57,10,1.15385,3.85407
-9.64,13,1.45692e-56,10,1.15385,3.85407
-9.6,13,1.19897e-55,10,1.15385,3.85407
-9.56,13,9.85649e-55,10,1.15385,3.85407
-9.52,13,8.09422e-54,10,1.15385,3.85407
-9.48,13,6.64001e-53,10,1.15385,3.85407
-9.44,13,5.44133e-52,10,1.15385,3.85407
-9.4,13,4.45437e-51,10,1.15385,3.85407
-9.36,13,3.64264e-50,10,1.15385,3.85407
-9.32,13,2.97578e-49,10,1.15385,3.85407
-9.28,13,2.42854e-48,10,1.15385,3.85407
-9.24,13,1.97998e-47,10,1.15385,3.85407
-9.2,13,1.61272e-46,10,1.15385,3.85407
-9.16,13,1.31236e-45,10,1.15385,3.85407
-9.12,13,1.06699e-44,10,1.15385,3.85407
-9.08,13,8.66773e-44,10,1.15385,3.85407
-9.04,13,7.03576e-43,10,1.15385,3.85407
-9,13,5.70693e-42,10,1.15385,3.85407
-8.96,13,4.62597e-41,10,1.15385,3.85407
-8.92,13,3.74741e-40,10,1.15385,3.85407
-8.88,13,3.03388e-39,10,1.15385,3.85407
-8.84,13,2.45472e-38,10,1.15385,3.85407
-8.8,13,1.98483e-37,10,1.15385,3.85407
-8.76,13,1.60375e-36,10,1.15385,3.85407
-8.72,13,1.29477e-35,10,1.15385,3.85407
-8.68,13,1.04433e-34,10,1.15385,3.85407
-8.64,13,8.41419e-34,10,1.15385,3.85407
-8.6,13,6.77121e-33,10,1.15385,3.85407
-8.56,13,5.44196e-32,10,1.15385,3.85407
-8.52,13,4.36772e-31,10,1.15385,3.85407
-8.48,13,3.50075e-30,10,1.15385,3.85407
-8.44,13,2.80216e-29,10,1.15385,3.85407
-8.4,13,2.24021e-28,10,1.15385,3.85407
-8.36,13,1.78897e-27,10,1.15385,3.85407
-8.32,13,1.42725e-26,10,1.15385,3.85407
-8.28,13,1.13774e-25,10,1.15385,3.85407
-8.24,13,9.06355e-25,10,1.15385,3.85407
-8.2,13,7.21634e-24,10,1.15385,3.85407
-8.16,13,5.74309e-23,10,1.15385,3.85407
-8.12,13,4.5689e-22,10,1.15385,3.85407
-8.08,13,3.6338e-21,10,1.15385,3.85407
-8.04,13,2.89039e-20,10,1.15385,3.85407
-8,13,2.29988e-19,10,1.15385,3.85407
-7.96,13,1.82522e-18,10,1.15385,3.85407
-7.92,13,1.43806e-17,10,1.15385,3.85407
-7.88,13,1.15765e-16,10,1.15385,3.85407
-7.84,13,6.72964e-16,10,1.15385,3.85407
-7.8,13,2.15263e-15,10,1.15385,3.85407
-7.76,13,4.88001e-15,10,1.15385,3.85407
-7.72,13,9.57884e-15,10,1.15385,3.85407
-7.68,13,1.80354e-14,10,1.15385,3.85407
-7.64,13,3.35326e-14,10,1.15385,3.85407
-7.6,13,6.17628e-14,10,1.15385,3.85407
-7.56,13,1.12757e-13,10,1.15385,3.85407
-7.52,13,2.04417e-13,10,1.15385,3.85407
-7.48,13,3.68271e-13,10,1.15385,3.85407
-7.44,13,6.5932e-13,10,1.15385,3.85407
-7.4,13,1.17326e-12,10,1.15385,3.85407
-7.36,13,2.0755e-12,10,1.15385,3.85407
-7.32,13,3.6499e-12,10,1.15385,3.85407
-7.28,13,6.38037e-12,10,1.15385,3.85407
-7.24,13,1.1087e-11,10,1.15385,3.85407
-7.2,13,1.91499e-11,10,1.15385,3.85407
-7.16,13,3.28771e-11,10,1.15385,3.85407
-7.12,13,5.61025e-11,10,1.15385,3.85407
-7.08,13,9.51526e-11,10,1.15385,3.85407
-7.04,13,1.60397e-10,10,1.15385,3.85407
-7,13,2.68716e-10,10,1.15385,3.85407
-6.96,13,4.47406e-10,10,1.15385,3.85407
-6.92,13,7.40297e-10,10,1.15385,3.85407
-6.88,13,1.21729e-09,10,1.15385,3.85407
-6.84,13,1.98906e-09,10,1.15385,3.85407
-6.8,13,3.22965e-09,10,1.15385,3.85407
-6.76,13,5.2108e-09,10,1.15385,3.85407
-6.72,13,8.35369e-09,10,1.15385,3.85407
-6.68,13,1.33065e-08,10,1.15385,3.85407
-6.64,13,2.10592e-08,10,1.15385,3.85407
-6.6,13,3.31134e-08,10,1.15385,3.85407
-6.56,13,5.17285e-08,10,1.15385,3.85407
-6.52,13,8.02798e-08,10,1.15385,3.85407
-6.48,13,1.23771e-07,10,1.15385,3.85407
-6.44,13,1.89561e-07,10,1.15385,3.85407
-6.4,13,2.88391e-07,10,1.15385,3.85407
-6.36,13,4.35815e-07,9.99999,1.15385,3.85407
-6.32,13,6.54174e-07,9.99999,1.15385,3.85407
-6.28,13,9.75302e-07,9.99999,1.15385,3.85407
-6.24,13,1.44419e-06,9.99998,1.15385,3.85407
-6.2,13,2.12387e-06,9.99997,1.15384,3.85407
-6.16,13,3.10197e-06,9.99995,1.15384,3.85407
-6.12,12.9999,4.49918e-06,9.99993,1.15384,3.85407
-6.08,12.9999,6.48036e-06,9.9999,1.15384,3.85407
-6.04,12.9999,9.26869e-06,9.99986,1.15384,3.85407
-6,12.9998,1.31635e-05,9.99981,1.15384,3.85407
-5.96,12.9998,1.85629e-05,9.99973,1.15383,3.85407
-5.92,12.9997,2.59907e-05,9.99962,1.15383,3.85407
-5.88,12.9996,3.61305e-05,9.99947,1.15382,3.85407
-5.84,12.9994,4.98651e-05,9.99927,1.15381,3.85407
-5.8,12.9992,6.83234e-05,9.99899,1.1538,3.85407
-5.76,12.9989,9.29341e-05,9.99863,1.15378,3.85407
-5.72,12.9986,0.000125487,9.99815,1.15376,3.85407
-5.68,12.9981,0.0001682,9.99752,1.15373,3.85407
-5.64,12.9974,0.000223791,9.99671,1.15369,3.85407
-5.6,12.9966,0.000295555,9.99565,1.15365,3.85407
-5.56,12.9956,0.000387436,9.9943,1.15358,3.85407
-5.52,12.9942,0.000504104,9.99258,1.1535,3.85407
-5.48,12.9925,0.000651019,9.99042,1.1534,3.85407
-5.44,12.9904,0.000834484,9.98772,1.15328,3.85407
-5.4,12.9878,0.00106168,9.98438,1.15312,3.85407
-5.36,12.9846,0.00134068,9.98028,1.15294,3.85407
-5.32,12.9807,0.00168042,9.97529,1.1527,3.85407
-5.28,12.976,0.00209071,9.96926,1.15243,3.85407
-5.24,12.9704,0.00258205,9.96205,1.15209,3.85407
-5.2,12.9637,0.00316562,9.95349,1.1517,3.85407
-5.16,12.9558,0.00385306,9.94341,1.15123,3.85407
-5.12,12.9466,0.00465632,9.93164,1.15068,3.85407
-5.08,12.936,0.00558747,9.91802,1.15005,3.85407
-5.04,12.9237,0.00665841,9.90237,1.14933,3.85407
-5,12.9097,0.00788072,9.88453,1.1485,3.85407
-4.96,12.8939,0.00926538,9.86435,1.14756,3.85407
-4.92,12.8761,0.0108226,9.84169,1.1465,3.85407
-4.88,12.8563,0.0125615,9.81644,1.14533,3.85407
-4.84,12.8343,0.0144901,9.78849,1.14402,3.85407
-4.8,12.8101,0.0166151,9.75777,1.14258,3.85407
-4.76,12.7837,0.018942,9.72422,1.14101,3.85407
-4.72,12.755,0.0214745,9.68781,1.1393,3.85407
-4.68,12.7239,0.0242151,9.64853,1.13745,3.85407
-4.64,12.6905,0.0271649,9.60639,1.13546,3.85407
-4.6,12.6549,0.0303235,9.56144,1.13333,3.85407
-4.56,12.6169,0.0336894,9.51371,1.13107,3.85407
-4.52,12.5768,0.0372597,9.46329,1.12866,3.85407
-4.48,12.5344,0.0410309,9.41027,1.12613,3.85407
-4.44,12.49,0.0449981,9.35474,1.12347,3.85407
-4.4,12.4436,0.049156,9.29683,1.12068,3.85407
-4.36,12.3952,0.0534986,9.23665,1.11777,3.85407
-4.32,12.3449,0.0580194,9.17433,1.11475,3.85407
-4.28,12.2929,0.0627115,9.11,1.11162,3.85407
-4.24,12.2392,0.0675678,9.0438,1.10838,3.85407
-4.2,12.184,0.072581,8.97586,1.10504,3.85407
-4.16,12.1273,0.0777439,8.90631,1.10161,3.85407
-4.12,12.0691,0.0830493,8.8353,1.09809,3.85407
-4.08,12.0097,0.0884899,8.76294,1.09448,3.85407
-4.04,11.9491,0.0940587,8.68937,1.0908,3.85407
-4,11.8874,0.0997488,8.61471,1.08704,3.85407
-3.96,11.8247,0.105554,8.53907,1.08321,3.85407
-3.92,11.761,0.111467,8.46256,1.07932,3.85407
-3.88,11.6964,0.117483,8.38528,1.07537,3.85407
-3.84,11.6311,0.123595,8.30735,1.07136,3.85407
-3.8,11.565,0.129798,8.22885,1.0673,3.85407
-3.76,11.4982,0.136087,8.14986,1.06319,3.85407
-3.72,11.4309,0.142456,8.07049,1.05903,3.85407
-3.68,11.363,0.148901,7.99079,1.05484,3.85407
-3.64,11.2947,0.155418,7.91085,1.05061,3.85407
-3.6,11.2259,0.162003,7.83073,1.04634,3.85407
-3.56,11.1567,0.16865,7.7505,1.04204,3.85407
-3.52,11.0872,0.175358,7.67021,1.03771,3.85407
-3.48,11.0174,0.182122,7.58991,1.03335,3.85407
-3.44,10.9473,0.188939,7.50967,1.02897,3.85407
-3.4,10.8771,0.195806,7.42953,1.02457,3.85407
-3.36,10.8066,0.20272,7.34952,1.02014,3.85407
-3.32,10.736,0.209679,7.2697,1.0157,3.85407
-3.28,10.6653,0.21668,7.19009,1.01124,3.85407
-3.24,10.5945,0.223721,7.11073,1.00676,3.85407
-3.2,10.5236,0.2308,7.03165,1.00227,3.85407
-3.16,10.4527,0.237914,6.95289,0.997768,3.85407
-3.12,10.3817,0.245061,6.87446,0.993254,3.85407
-3.08,10.3108,0.252241,6.7964,0.988731,3.85407
-3.04,10.2399,0.25945,6.71872,0.984199,3.85407
-3,10.169,0.266689,6.64144,0.979659,3.85407
-2.96,10.0982,0.273954,6.5646,0.975113,3.85407
-2.92,10.0275,0.281245,6.48819,0.970562,3.85407
-2.88,9.95684,0.288561,6.41224,0.966006,3.85407
-2.84,9.8863,0.2959,6.33677,0.961447,3.85407
-2.8,9.81589,0.303261,6.26178,0.956884,3.85407
-2.76,9.74561,0.310643,6.18729,0.95232,3.85407
-2.72,9.67547,0.318045,6.11332,0.947755,3.85407
-2.68,9.60549,0.325466,6.03986,0.943188,3.85407
-2.64,9.53567,0.332905,5.96693,0.938622,3.85407
-2.6,9.46603,0.340361,5.89454,0.934057,3.85407
-2.56,9.39657,0.347834,5.82269,0.929492,3.85407
-2.52,9.3273,0.355323,5.7514,0.92493,3.85407
-2.48,9.25823,0.362826,5.68066,0.920369,3.85407
-2.44,9.18937,0.370344,5.61049,0.915812,3.85407
-2.4,9.12073,0.377875,5.54089,0.911257,3.85407
-2.36,9.0523,0.385419,5.47186,0.906707,3.85407
-2.32,8.98411,0.392976,5.4034,0.90216,3.85407
-2.28,8.91615,0.400544,5.33553,0.897618,3.85407
-2.24,8.84843,0.408124,5.26824,0.893081,3.85407
-2.2,8.78095,0.415714,5.20154,0.888549,3.85407
-2.16,8.71373,0.423313,5.13543,0.884023,3.85407
-2.12,8.64676,0.430923,5.0699,0.879504,3.85407
-2.08,8.58005,0.438541,5.00497,0.87499,3.85407
-2.04,8.51362,0.446168,4.94064,0.870483,3.85407
-2,8.44745,0.453803,4.8769,0.865984,3.85407
-1.96,8.38155,0.461445,4.81376,0.861491,3.85407
-1.92,8.31594,0.469095,4.75121,0.857007,3.85407
-1.88,8.25061,0.47675,4.68927,0.852531,3.85407
-1.84,8.18557,0.484412,4.62792,0.848063,3.85407
-1.8,8.12083,0.492078,4.56717,0.843604,3.85407
-1.76,8.05638,0.49975,4.50703,0.839154,3.85407
-1.72,7.99223,0.507426,4.44749,0.834714,3.85407
-1.68,7.9284,0.515105,4.38855,0.830284,3.85407
-1.64,7.86487,0.522787,4.33021,0.825864,3.85407
-1.6,7.80167,0.530471,4.27248,0.821455,3.85407
-1.56,7.73878,0.538156,4.21535,0.817057,3.85407
-1.52,7.67623,0.545843,4.15883,0.812671,3.85407
-1.48,7.61401,0.553528,4.10292,0.808297,3.85407
-1.44,7.55214,0.561213,4.04762,0.803935,3.85407
-1.4,7.49061,0.568895,3.99293,0.799587,3.85407
-1.36,7.42945,0.576574,3.93886,0.795253,3.85407
-1.32,7.36865,0.584247,3.88541,0.790934,3.85407
-1.28,7.30823,0.591914,3.83259,0.786631,3.85407
-1.24,7.24821,0.599573,3.78039,0.782344,3.85407
-1.2,7.18859,0.607222,3.72884,0.778074,3.85407
-1.16,7.12938,0.614858,3.67792,0.773824,3.85407
-1.12,7.07062,0.622479,3.62767,0.769594,3.85407
-1.08,7.01231,0.630081,3.57808,0.765385,3.85407
-1.04,6.95449,0.637662,3.52918,0.761201,3.85407
-1,6.89718,0.645217,3.48098,0.757043,3.85407
-0.96,6.84042,0.65274,3.4335,0.752913,3.85407
-0.92,6.78424,0.660226,3.38677,0.748816,3.85407
-0.88,6.7287,0.667668,3.34082,0.744754,3.85407
-0.84,6.67386,0.675056,3.2957,0.740732,3.85407
-0.8,6.61978,0.68238,3.25145,0.736757,3.85407
-0.76,6.56656,0.689626,3.20814,0.732834,3.85407
-0.72,6.51431,0.696779,3.16584,0.728973,3.85407
-0.68,6.46315,0.703819,3.12464,0.725183,3.85407
-0.64,6.41326,0.71072,3.08468,0.721477,3.85407
-0.6,6.36484,0.717451,3.04609,0.717872,3.85407
-0.56,6.31814,0.723976,3.00906,0.714386,3.85407
-0.52,6.27347,0.730246,2.97382,0.711045,3.85407
-0.48,6.23122,0.736204,2.94063,0.707877,3.85407
-0.44,6.19182,0.741785,2.90981,0.704917,3.85407
-0.4,6.15577,0.746911,2.88174,0.702204,3.85407
-0.36,6.12359,0.751504,2.85677,0.699778,3.85407
-0.32,6.09576,0.755487,2.83525,0.697678,3.85407
-0.28,6.07261,0.758808,2.81741,0.695931,3.85407
-0.24,6.05421,0.761451,2.80327,0.694543,3.85407
-0.2,6.04026,0.763453,2.79259,0.693493,3.85407
-0.16,6.03012,0.764906,2.78484,0.692734,3.85407
-0.12,6.02292,0.765933,2.77937,0.692199,3.85407
-0.08,6.01779,0.766658,2.7755,0.691823,3.85407
-0.04,6.01404,0.767182,2.77269,0.691553,3.85407
0,6.01122,0.767571,2.77059,0.691355,3.85407
0.04,6.00903,0.767867,2.76898,0.691205,3.85407
0.08,6.00731,0.768095,2.76774,0.691092,3.85407
0.12,6.00593,0.768273,2.76675,0.691005,3.85407
0.16,6.0048,0.768414,2.76597,0.690939,3.85407
0.2,6.00387,0.768526,2.76533,0.690887,3.85407
0.24,6.00308,0.768616,2.76481,0.690847,3.85407
0.28,6.00239,0.76869,2.76437,0.690816,3.85407
0.32,6.0018,0.76875,2.764,0.690793,3.85407
0.36,6.00126,0.768801,2.76368,0.690775,3.85407
0.4,6.00078,0.768844,2.7634,0.690761,3.85407
0.44,6.00033,0.768881,2.76316,0.690751,3.85407
0.48,5.99992,0.768912,2.76294,0.690744,3.85407
0.52,5.99953,0.76894,2.76274,0.69074,3.85407
0.56,5.99915,0.768964,2.76256,0.690738,3.85407
0.6,5.99879,0.768985,2.7624,0.690738,3.85407
0.64,5.99844,0.769004,2.76224,0.69074,3.85407
0.68,5.9981,0.769021,2.7621,0.690743,3.85407
0.72,5.99776,0.769036,2.76196,0.690748,3.85407
0.76,5.99743,0.769049,2.76183,0.690754,3.85407
0.8,5.99709,0.769062,2.76171,0.690761,3.85407
0.84,5.99676,0.769073,2.76159,0.69077,3.85407
0.88,5.99643,0.769083,2.76147,0.69078,3.85407
0.92,5.99609,0.769093,2.76136,0.690791,3.85407
0.96,5.99575,0.769101,2.76126,0.690803,3.85407
1,5.99541,0.769109,2.76115,0.690817,3.85407
1.04,5.99506,0.769116,2.76105,0.690832,3.85407
1.08,5.9947,0.769122,2.76095,0.690849,3.85407
1.12,5.99434,0.769128,2.76086,0.690866,3.85407
1.16,5.99397,0.769133,2.76077,0.690886,3.85407
1.2,5.99359,0.769138,2.76067,0.690907,3.85407
1.24,5.9932,0.769142,2.76058,0.690929,3.85407
1.28,5.9928,0.769145,2.76049,0.690953,3.85407
1.32,5.99238,0.769148,2.76041,0.690979,3.85407
1.36,5.99195,0.769151,2.76032,0.691008,3.85407
1.4,5.9915,0.769153,2.76024,0.691038,3.85407
1.44,5.99104,0.769155,2.76015,0.691071,3.85407
1.48,5.99055,0.769157,2.76007,0.691106,3.85407
1.52,5.99003,0.769158,2.75999,0.691145,3.85407
1.56,5.98949,0.769158,2.75991,0.691188,3.85407
1.6,5.98891,0.769159,2.75983,0.691234,3.85407
1.64,5.98829,0.769158,2.75975,0.691287,3.85407
1.68,5.9876,0.769158,2.75967,0.691346,3.85407
1.72,5.98683,0.769157,2.75959,0.691415,3.85407
1.76,5.98594,0.769156,2.75951,0.691498,3.85407
1.8,5.9849,0.769155,2.75943,0.691599,3.85407
1.84,5.98362,0.769153,2.75936,0.691728,3.85407
1.88,5.98201,0.769151,2.75928,0.691895,3.85407
1.92,5.97992,0.769148,2.7592,0.692116,3.85407
1.96,5.97717,0.769146,2.75912,0.692415,3.85407
2,5.9735,0.769143,2.75905,0.692821,3.85407
2.04,5.96856,0.769139,2.75897,0.693375,3.85407
2.08,5.96192,0.769136,2.75889,0.694128,3.85407
2.12,5.95302,0.769132,2.75881,0.695147,3.85407
2.16,5.94119,0.769127,2.75874,0.696511,3.85407
2.2,5.92564,0.769123,2.75866,0.69832,3.85407
2.24,5.90543,0.769118,2.75858,0.700689,3.85407
2.28,5.87954,0.769113,2.75851,0.703755,3.85407
2.32,5.84684,0.769107,2.75843,0.707671,3.85407
2.36,5.80616,0.769101,2.75835,0.71261,3.85407
2.4,5.75632,0.769095,2.75827,0.71876,3.85407
2.44,5.69621,0.769089,2.7582,0.726324,3.85407
2.48,5.62485,0.769082,2.75812,0.735519,3.85407
2.52,5.54144,0.769075,2.75805,0.74657,3.85407
2.56,5.44546,0.769068,2.75797,0.759708,3.85407
2.6,5.33673,0.769061,2.7579,0.775165,3.85407
2.64,5.21545,0.769053,2.75783,0.793169,3.85407
2.68,5.08223,0.769045,2.75775,0.81394,3.85407
2.72,4.93809,0.769037,2.75768,0.837677,3.85407
2.76,4.78447,0.769028,2.75762,0.864552,3.85407
2.8,4.62317,0.769019,2.75755,0.894695,3.85407
2.84,4.45627,0.76901,2.75748,0.928182,3.85407
2.88,4.28608,0.769001,2.75742,0.965016,3.85407
2.92,4.11501,0.768992,2.75736,1.00511,3.85407
2.96,3.94548,0.768982,2.7573,1.04828,3.85407
3,3.77984,0.768972,2.75724,1.09419,3.85407
3.04,3.62024,0.768962,2.75719,1.14241,3.85407
3.08,3.46854,0.768952,2.75713,1.19234,3.85407
3.12,3.32632,0.768941,2.75708,1.2433,3.85407
3.16,3.19477,0.768931,2.75703,1.29448,3.85407
3.2,3.07468,0.76892,2.75698,1.34501,3.85407
3.24,2.96651,0.768908,2.75693,1.39403,3.85407
3.28,2.87032,0.768897,2.75688,1.44072,3.85407
3.32,2.78589,0.768885,2.75684,1.48436,3.85407
3.36,2.71272,0.768873,2.75679,1.52437,3.85407
3.4,2.6501,0.768861,2.75674,1.56036,3.85407
3.44,2.59718,0.768848,2.7567,1.59213,3.85407
3.48,2.55301,0.768836,2.75665,1.61965,3.85407
3.52,2.51658,0.768823,2.7566,1.64306,3.85407
3.56,2.48691,0.76881,2.75656,1.66264,3.85407
3.6,2.46302,0.768796,2.75651,1.67874,3.85407
3.64,2.44402,0.768782,2.75646,1.69176,3.85407
3.68,2.42909,0.768768,2.75641,1.70213,3.85407
3.72,2.41748,0.768754,2.75637,1.71027,3.85407
3.76,2.40856,0.76874,2.75632,1.71657,3.85407
3.8,2.40179,0.768725,2.75627,1.72138,3.85407
3.84,2.3967,0.76871,2.75622,1.72501,3.85407
3.88,2.39291,0.768695,2.75616,1.7277,3.85407
3.92,2.39013,0.768679,2.75611,1.72968,3.85407
3.96,2.38811,0.768663,2.75606,1.73112,3.85407
4,2.38664,0.768647,2.756,1.73214,3.85407
4.04,2.3856,0.768631,2.75595,1.73287,3.85407
4.08,2.38486,0.768614,2.75589,1.73337,3.85407
4.12,2.38433,0.768597,2.75583,1.73372,3.85407
4.16,2.38396,0.76858,2.75578,1.73395,3.85407
4.2,2.3837,0.768562,2.75572,1.7341,3.85407
4.24,2.38351,0.768544,2.75566,1.7342,3.85407
4.28,2.38337,0.768526,2.75559,1.73426,3.85407
4.32,2.38327,0.768507,2.75553,1.73429,3.85407
4.36,2.3832,0.768488,2.75547,1.73431,3.85407
4.4,2.38313,0.768469,2.7554,1.73432,3.85407
4.44,2.38308,0.768449,2.75534,1.73431,3.85407
4.48,2.38303,0.768428,2.75527,1.7343,3.85407
4.52,2.38299,0.768408,2.7552,1.73429,3.85407
4.56,2.38294,0.768387,2.75513,1.73428,3.85407
4.6,2.3829,0.768365,2.75505,1.73426,3.85407
4.64,2.38286,0.768343,2.75498,1.73425,3.85407
4.68,2.38282,0.76832,2.75491,1.73423,3.85407
4.72,2.38278,0.768297,2.75483,1.73421,3.85407
4.76,2.38274,0.768274,2.75475,1.73419,3.85407
4.8,2.38269,0.76825,2.75467,1.73417,3.85407
4.84,2.38265,0.768225,2.75459,1.73415,3.85407
4.88,2.3826,0.7682,2.7545,1.73413,3.85407
4.92,2.38256,0.768174,2.75442,1.73411,3.85407
4.96,2.38251,0.768147,2.75433,1.73409,3.85407
5,2.38246,0.76812,2.75424,1.73407,3.85407
5.04,2.38241,0.768093,2.75414,1.73405,3.85407
5.08,2.38236,0.768064,2.75405,1.73403,3.85407
5.12,2.38231,0.768035,2.75395,1.734,3.85407
5.16,2.38226,0.768005,2.75385,1.73398,3.85407
5.2,2.3822,0.767974,2.75375,1.73395,3.85407
5.24,2.38215,0.767943,2.75365,1.73393,3.85407
5.28,2.38209,0.767911,2.75354,1.7339,3.85407
5.32,2.38203,0.767877,2.75343,1.73388,3.85407
5.36,2.38197,0.767843,2.75331,1.73385,3.85407
5.4,2.38191,0.767808,2.7532,1.73382,3.85407
5.44,2.38184,0.767772,2.75308,1.73379,3.85407
5.48,2.38178,0.767734,2.75295,1.73376,3.85407
5.52,2.38171,0.767695,2.75282,1.73373,3.85407
5.56,2.38164,0.767655,2.75269,1.73369,3.85407
5.6,2.38156,0.767612,2.75255,1.73366,3.85407
5.64,2.38148,0.767567,2.7524,1.73362,3.85407
5.68,2.3814,0.767519,2.75223,1.73358,3.85407
5.72,2.3813,0.767464,2.75205,1.73354,3.85407
5.76,2.38119,0.7674,2.75184,1.73349,3.85407
5.8,2.38106,0.767321,2.75158,1.73342,3.85407
5.84,2.38087,0.767215,2.75123,1.73333,3.85407
5.88,2.38061,0.767063,2.75073,1.73321,3.85407
5.92,2.38021,0.76683,2.74995,1.73301,3.85407
5.96,2.37956,0.766451,2.7487,1.7327,3.85407
6,2.37847,0.765815,2.7466,1.73217,3.85407
6.04,2.37659,0.764719,2.74299,1.73126,3.85407
6.08,2.37331,0.762805,2.73668,1.72967,3.85407
6.12,2.36755,0.759437,2.72562,1.72687,3.85407
6.16,2.35743,0.753502,2.70623,1.72194,3.85407
6.2,2.33974,0.743081,2.67245,1.7133,3.85407
6.24,2.30925,0.724975,2.6146,1.69834,3.85407
6.28,2.25808,0.694158,2.51855,1.67303,3.85407
6.32,2.17604,0.643631,2.36743,1.63193,3.85407
6.36,2.05427,0.565961,2.1498,1.56975,3.85407
6.4,1.89394,0.45853,1.87594,1.48575,3.85407
6.44,1.71581,0.331762,1.58961,1.38967,3.85407
6.48,1.55555,0.21038,1.34898,1.30081,3.85407
6.52,1.43977,0.117882,1.18554,1.23514,3.85407
6.56,1.37032,0.0602309,1.09175,1.19506,3.85407
6.6,1.33366,0.0290826,1.04352,1.17367,3.85407
6.64,1.3157,0.0136247,1.02021,1.16312,3.85407
6.68,1.30723,0.00628859,1.00929,1.15812,3.85407
6.72,1.30331,0.00288226,1.00425,1.1558,3.85407
6.76,1.30151,0.00131678,1.00194,1.15474,3.85407
6.8,1.30069,0.000600707,1.00088,1.15425,3.85407
6.84,1.30031,0.000273865,1.0004,1.15403,3.85407
6.88,1.30014,0.000124824,1.00018,1.15393,3.85407
6.92,1.30007,5.68882e-05,1.00008,1.15388,3.85407
6.96,1.30003,2.59264e-05,1.00004,1.15386,3.85407
7,1.30001,1.1816e-05,1.00002,1.15385,3.85407
7.04,1.30001,5.38539e-06,1.00001,1.15385,3.85407
7.08,1.3,2.45461e-06,1,1.15385,3.85407
7.12,1.3,1.11883e-06,1,1.15385,3.85407
7.16,1.3,5.09995e-07,1,1.15385,3.85407
7.2,1.3,2.32478e-07,1,1.15385,3.85407
7.24,1.3,1.05976e-07,1,1.15385,3.85407
7.28,1.3,4.83107e-08,1,1.15385,3.85407
7.32,1.3,2.20232e-08,1,1.15385,3.85407
7.36,1.3,1.00395e-08,1,1.15385,3.85407
7.4,1.3,4.57652e-09,1,1.15385,3.85407
7.44,1.3,2.08611e-09,1,1.15385,3.85407
7.48,1.3,9.50847e-10,1,1.15385,3.85407
7.52,1.3,4.33353e-10,1,1.15385,3.85407
7.56,1.3,1.97477e-10,1,1.15385,3.85407
7.6,1.3,8.99752e-11,1,1.15385,3.85407
7.64,1.3,4.09865e-11,1,1.15385,3.85407
7.68,1.3,1.86662e-11,1,1.15385,3.85407
7.72,1.3,8.49844e-12,1,1.15385,3.85407
7.76,1.3,3.86775e-12,1,1.15385,3.85407
7.8,1.3,1.75937e-12,1,1.15385,3.85407
7.84,1.3,7.99769e-13,1,1.15385,3.85407
7.88,1.3,3.63258e-13,1,1.15385,3.85407
7.92,1.3,1.64689e-13,1,1.15385,3.85407
7.96,1.3,7.44332e-14,1,1.15385,3.85407
8,1.3,3.35197e-14,1,1.15385,3.85407
8.04,1.3,1.49619e-14,1,1.15385,3.85407
8.08,1.3,6.53074e-15,1,1.15385,3.85407
8.12,1.3,2.59869e-15,1,1.15385,3.85407
8.16,1.3,7.42213e-16,1,1.15385,3.85407
8.2,1.3,1.05208e-16,1,1.15385,3.85407
8.24,1.3,1.15637e-17,1,1.15385,3.85407
8.28,1.3,1.28782e-18,1,1.15385,3.85407
8.32,1.3,1.42569e-19,1,1.15385,3.85407
8.36,1.3,1.58547e-20,1,1.15385,3.85407
8.4,1.3,1.77342e-21,1,1.15385,3.85407
8.44,1.3,1.9893e-22,1,1.15385,3.85407
8.48,1.3,2.2326e-23,1,1.15385,3.85407
8.52,1.3,2.50378e-24,1,1.15385,3.85407
8.56,1.3,2.80398e-25,1,1.15385,3.85407
8.6,1.3,3.13491e-26,1,1.15385,3.85407
8.64,1.3,3.49901e-27,1,1.15385,3.85407
8.68,1.3,3.89968e-28,1,1.15385,3.85407
8.72,1.3,4.34144e-29,1,1.15385,3.85407
8.76,1.3,4.82994e-30,1,1.15385,3.85407
8.8,1.3,5.37187e-31,1,1.15385,3.85407
8.84,1.3,5.97473e-32,1,1.15385,3.85407
8.88,1.3,6.64655e-33,1,1.15385,3.85407
8.92,1.3,7.39566e-34,1,1.15385,3.85407
8.96,1.3,8.23052e-35,1,1.15385,3.85407
9,1.3,9.15971e-36,1,1.15385,3.85407
9.04,1.3,1.0192e-36,1,1.15385,3.85407
9.08,1.3,1.13367e-37,1,1.15385,3.85407
9.12,1.3,1.26038e-38,1,1.15385,3.85407
9.16,1.3,1.40046e-39,1,1.15385,3.85407
9.2,1.3,1.5552e-40,1,1.15385,3.85407
9.24,1.3,1.72604e-41,1,1.15385,3.85407
9.28,1.3,1.91464e-42,1,1.15385,3.85407
9.32,1.3,2.12288e-43,1,1.15385,3.85407
9.36,1.3,2.35286e-44,1,1.15385,3.85407
9.4,1.3,2.60691e-45,1,1.15385,3.85407
9.44,1.3,2.88759e-46,1,1.15385,3.85407
9.48,1.3,3.19774e-47,1,1.15385,3.85407
9.52,1.3,3.54044e-48,1,1.15385,3.85407
9.56,1.3,3.91906e-49,1,1.15385,3.85407
9.6,1.3,4.3373e-50,1,1.15385,3.85407
9.64,1.3,4.79916e-51,1,1.15385,3.85407
9.68,1.3,5.30901e-52,1,1.15385,3.85407
9.72,1.3,5.87158e-53,1,1.15385,3.85407
9.76,1.3,6.492e-54,1,1.15385,3.85407
9.8,1.3,7.17583e-55,1,1.15385,3.85407
9.84,1.3,7.92901e-56,1,1.15385,3.85407
9.88,1.3,8.7581e-57,1,1.15385,3.85407
9.92,1.3,9.68252e-58,1,1.15385,3.85407
9.96,1.3,1.18482e-58,1,1.15385,3.85407
10,1.3,1.18482e-58,1,1.15385,3.85407
-10,13,1.72461e-60,10,1.15385,3.9468
-9.96,13,1.72461e-60,10,1.15385,3.9468
-9.92,13,1.26628e-59,10,1.15385,3.9468
-9.88,13,1.03795e-58,10,1.15385,3.9468
-9.84,13,8.51382e-58,10,1.15385,3.9468
-9.8,13,6.97645e-57,10,1.15385,3.9468
-9.76,13,5.71082e-56,10,1.15385,3.9468
-9.72,13,4.67005e-55,10,1.15385,3.9468
-9.68,13,3.81513e-54,10,1.15385,3.9468
-9.64,13,3.11365e-53,10,1.15385,3.9468
-9.6,13,2.53872e-52,10,1.15385,3.9468
-9.56,13,2.06801e-51,10,1.15385,3.9468
-9.52,13,1.68307e-50,10,1.15385,3.9468
-9.48,13,1.3686e-49,10,1.15385,3.9468
-9.44,13,1.11198e-48,10,1.15385,3.9468
-9.4,13,9.02765e-48,10,1.15385,3.9468
-9.36,13,7.32368e-47,10,1.15385,3.9468
-9.32,13,5.9371e-46,10,1.15385,3.9468
-9.28,13,4.8097e-45,10,1.15385,3.9468
-9.24,13,3.89368e-44,10,1.15385,3.9468
-9.2,13,3.14991e-43,10,1.15385,3.9468
-9.16,13,2.54632e-42,10,1.15385,3.9468
-9.12,13,2.05676e-41,10,1.15385,3.9468
-9.08,13,1.65989e-40,10,1.15385,3.9468
-9.04,13,1.33834e-39,10,1.15385,3.9468
-9,13,1.07797e-38,10,1.15385,3.9468
-8.96,13,8.67298e-38,10,1.15385,3.9468
-8.92,13,6.96992e-37,10,1.15385,3.9468
-8.88,13,5.59459e-36,10,1.15385,3.9468
-8.84,13,4.48525e-35,10,1.15385,3.9468
-8.8,13,3.59165e-34,10,1.15385,3.9468
-8.76,13,2.87286e-33,10,1.15385,3.9468
-8.72,13,2.29552e-32,10,1.15385,3.9468
-8.68,13,1.83248e-31,10,1.15385,3.9468
-8.64,13,1.46162e-30,10,1.15385,3.9468
-8.6,13,1.16498e-29,10,1.15385,3.9468
-8.56,13,9.27983e-29,10,1.15385,3.9468
-8.52,13,7.38824e-28,10,1.15385,3.9468
-8.48,13,5.87976e-27,10,1.15385,3.9468
-8.44,13,4.67755e-26,10,1.15385,3.9468
-8.4,13,3.71983e-25,10,1.15385,3.9468
-8.36,13,2.95688e-24,10,1.15385,3.9468
-8.32,13,2.34872e-23,10,1.15385,3.9468
-8.28,13,1.86319e-22,10,1.15385,3.9468
-8.24,13,1.47454e-21,10,1.15385,3.9468
-8.2,13,1.16241e-20,10,1.15385,3.9468
-8.16,13,9.1129e-20,10,1.15385,3.9468
-8.12,13,7.10777e-19,10,1.15385,3.9468
-8.08,13,5.54718e-18,10,1.15385,3.9468
-8.04,13,4.34352e-17,10,1.15385,3.9468
-8,13,3.29545e-16,10,1.15385,3.9468
-7.96,13,1.314e-15,10,1.15385,3.9468
-7.92,13,3.43418e-15,10,1.15385,3.9468
-7.88,13,7.07908e-15,10,1.15385,3.9468
-7.84,13,1.34054e-14,10,1.15385,3.9468
-7.8,13,2.4884e-14,10,1.15385,3.9468
-7.76,13,4.57345e-14,10,1.15385,3.9468
-7.72,13,8.32846e-14,10,1.15385,3.9468
-7.68,13,1.5055e-13,10,1.15385,3.9468
-7.64,13,2.70439e-13,10,1.15385,3.9468
-7.6,13,4.829e-13,10,1.15385,3.9468
-7.56,13,8.57095e-13,10,1.15385,3.9468
-7.52,13,1.51233e-12,10,1.15385,3.9468
-7.48,13,2.65283e-12,10,1.15385,3.9468
-7.44,13,4.6262e-12,10,1.15385,3.9468
-7.4,13,8.02031e-12,10,1.15385,3.9468
-7.36,13,1.38229e-11,10,1.15385,3.9468
-7.32,13,2.36834e-11,10,1.15385,3.9468
-7.28,13,4.03375e-11,10,1.15385,3.9468
-7.24,13,6.8294e-11,10,1.15385,3.9468
-7.2,13,1.14935e-10,10,1.15385,3.9468
-7.16,13,1.92266e-10,10,1.15385,3.9468
-7.12,13,3.19685e-10,10,1.15385,3.9468
-7.08,13,5.28323e-10,10,1.15385,3.9468
-7.04,13,8.678e-10,10,1.15385,3.9468
-7,13,1.41668e-09,10,1.15385,3.9468
-6.96,13,2.29847e-09,10,1.15385,3.9468
-6.92,13,3.70602e-09,10,1.15385,3.9468
-6.88,13,5.93837e-09,10,1.15385,3.9468
-6.84,13,9.45587e-09,10,1.15385,3.9468
-6.8,13,1.49622e-08,10,1.15385,3.9468
-6.76,13,2.35255e-08,10,1.15385,3.9468
-6.72,13,3.67546e-08,10,1.15385,3.9468
-6.68,13,5.70562e-08,10,1.15385,3.9468
-6.64,13,8.80028e-08,10,1.15385,3.9468
-6.6,13,1.34858e-07,10,1.15385,3.9468
-6.56,13,2.0532e-07,10,1.15385,3.9468
-6.52,13,3.10558e-07,10,1.15385,3.9468
-6.48,13,4.66655e-07,9.99999,1.15385,3.9468
-6.44,13,6.96586e-07,9.99999,1.15385,3.9468
-6.4,13,1.03291e-06,9.99998,1.15385,3.9468
-6.36,13,1.52142e-06,9.99998,1.15385,3.9468
-6.32,13,2.22592e-06,9.99997,1.15384,3.9468
-6.28,13,3.2347e-06,9.99995,1.15384,3.9468
-6.24,12.9999,4.66877e-06,9.99993,1.15384,3.9468
-6.2,12.9999,6.6927e-06,9.9999,1.15384,3.9468
-6.16,12.9999,9.52823e-06,9.99986,1.15384,3.9468
-6.12,12.9998,1.34716e-05,9.9998,1.15384,3.9468
-6.08,12.9998,1.89149e-05,9.99972,1.15383,3.9468
-6.04,12.9997,2.63726e-05,9.99961,1.15383,3.9468
-6,12.9996,3.65129e-05,9.99946,1.15382,3.9468
-5.96,12.9994,5.01962e-05,9.99926,1.15381,3.9468
-5.92,12.9992,6.85185e-05,9.99899,1.1538,3.9468
-5.88,12.9989,9.28632e-05,9.99863,1.15378,3.9468
-5.84,12.9986,0.000124958,9.99816,1.15376,3.9468
-5.8,12.9981,0.000166936,9.99754,1.15373,3.9468
-5.76,12.9975,0.000221409,9.99674,1.1537,3.9468
-5.72,12.9967,0.000291531,9.99571,1.15365,3.9468
-5.68,12.9956,0.000381073,9.99439,1.15359,3.9468
-5.64,12.9943,0.000494493,9.99272,1.15351,3.9468
-5.6,12.9927,0.00063699,9.99063,1.15341,3.9468
-5.56,12.9906,0.000814561,9.98802,1.15329,3.9468
-5.52,12.9881,0.00103403,9.98479,1.15314,3.9468
-5.48,12.985,0.00130308,9.98083,1.15296,3.9468
-5.44,12.9813,0.00163019,9.97603,1.15274,3.9468
-5.4,12.9768,0.00202465,9.97023,1.15247,3.9468
-5.36,12.9714,0.00249647,9.96331,1.15215,3.9468
-5.32,12.9649,0.00305627,9.95509,1.15177,3.9468
-5.28,12.9574,0.00371512,9.94543,1.15132,3.9468
-5.24,12.9486,0.00448443,9.93416,1.1508,3.9468
-5.2,12.9384,0.00537569,9.92112,1.1502,3.9468
-5.16,12.9266,0.00640034,9.90614,1.1495,3.9468
-5.12,12.9133,0.00756948,9.88907,1.14871,3.9468
-5.08,12.8981,0.00889371,9.86976,1.14781,3.9468
-5.04,12.8811,0.0103829,9.84808,1.1468,3.9468
-5,12.8622,0.012046,9.82392,1.14568,3.9468
-4.96,12.8411,0.0138909,9.79717,1.14443,3.9468
-4.92,12.818,0.0159242,9.76775,1.14305,3.9468
-4.88,12.7927,0.0181514,9.73561,1.14155,3.9468
-4.84,12.7651,0.0205765,9.70071,1.13991,3.9468
-4.8,12.7354,0.0232021,9.66304,1.13813,3.9468
-4.76,12.7034,0.0260296,9.6226,1.13623,3.9468
-4.72,12.6691,0.0290589,9.57942,1.13418,3.9468
-4.68,12.6327,0.032289,9.53355,1.13201,3.9468
-4.64,12.5941,0.0357174,9.48505,1.1297,3.9468
-4.6,12.5534,0.0393408,9.43401,1.12726,3.9468
-4.56,12.5106,0.043155,9.38051,1.1247,3.9468
-4.52,12.4659,0.0471551,9.32467,1.12202,3.9468
-4.48,12.4193,0.0513355,9.26659,1.11922,3.9468
-4.44,12.3708,0.0556902,9.2064,1.11631,3.9468
-4.4,12.3206,0.0602126,9.14422,1.11328,3.9468
-4.36,12.2687,0.064896,9.08018,1.11016,3.9468
-4.32,12.2153,0.0697337,9.0144,1.10694,3.9468
-4.28,12.1605,0.0747185,8.94702,1.10362,3.9468
-4.24,12.1042,0.0798436,8.87816,1.10021,3.9468
-4.2,12.0467,0.0851021,8.80795,1.09673,3.9468
-4.16,11.988,0.0904872,8.73651,1.09316,3.9468
-4.12,11.9281,0.0959922,8.66396,1.08952,3.9468
-4.08,11.8673,0.101611,8.5904,1.08581,3.9468
-4.04,11.8055,0.107337,8.51595,1.08204,3.9468
-4,11.7428,0.113164,8.44071,1.0782,3.9468
-3.96,11.6793,0.119087,8.36478,1.07431,3.9468
-3.92,11.615,0.125101,8.28825,1.07037,3.9468
-3.88,11.5501,0.131199,8.21121,1.06638,3.9468
-3.84,11.4846,0.137378,8.13374,1.06235,3.9468
-3.8,11.4185,0.143633,8.05591,1.05827,3.9468
-3.76,11.3519,0.149959,7.9778,1.05415,3.9468
-3.72,11.2849,0.156352,7.89948,1.05,3.9468
-3.68,11.2175,0.162808,7.821,1.04582,3.9468
-3.64,11.1497,0.169324,7.74243,1.04161,3.9468
-3.6,11.0817,0.175896,7.66382,1.03737,3.9468
-3.56,11.0133,0.182521,7.58523,1.0331,3.9468
-3.52,10.9447,0.189197,7.50669,1.02881,3.9468
-3.48,10.8759,0.195919,7.42825,1.0245,3.9468
-3.44,10.807,0.202686,7.34996,1.02017,3.9468
-3.4,10.7379,0.209495,7.27184,1.01582,3.9468
-3.36,10.6687,0.216344,7.19394,1.01145,3.9468
-3.32,10.5994,0.223231,7.11628,1.00707,3.9468
-3.28,10.5301,0.230153,7.0389,1.00268,3.9468
-3.24,10.4607,0.237108,6.96181,0.998279,3.9468
-3.2,10.3913,0.244096,6.88506,0.993865,3.9468
-3.16,10.322,0.251114,6.80865,0.989442,3.9468
-3.12,10.2526,0.25816,6.73262,0.985011,3.9468
-3.08,10.1833,0.265234,6.65697,0.980573,3.9468
-3.04,10.114,0.272334,6.58173,0.976129,3.9468
-3,10.0449,0.279458,6.50692,0.971679,3.9468
-2.96,9.97576,0.286605,6.43254,0.967226,3.9468
-2.92,9.90677,0.293774,6.35862,0.962769,3.9468
-2.88,9.8379,0.300965,6.28516,0.958309,3.9468
-2.84,9.76915,0.308175,6.21218,0.953847,3.9468
-2.8,9.70054,0.315405,6.13969,0.949384,3.9468
-2.76,9.63207,0.322653,6.0677,0.944921,3.9468
-2.72,9.56376,0.329918,5.99621,0.940457,3.9468
-2.68,9.49562,0.337199,5.92523,0.935994,3.9468
-2.64,9.42765,0.344497,5.85477,0.931532,3.9468
-2.6,9.35986,0.351809,5.78485,0.927072,3.9468
-2.56,9.29227,0.359136,5.71545,0.922614,3.9468
-2.52,9.22487,0.366476,5.64659,0.918158,3.9468
-2.48,9.15768,0.373829,5.57828,0.913706,3.9468
-2.44,9.09069,0.381195,5.51051,0.909256,3.9468
-2.4,9.02393,0.388573,5.4433,0.904811,3.9468
-2.36,8.95738,0.395962,5.37664,0.90037,3.9468
-2.32,8.89107,0.403361,5.31054,0.895934,3.9468
-2.28,8.82498,0.410771,5.24499,0.891502,3.9468
-2.24,8.75914,0.418191,5.18001,0.887076,3.9468
-2.2,8.69354,0.42562,5.1156,0.882655,3.9468
-2.16,8.62818,0.433058,5.05175,0.878241,3.9468
-2.12,8.56308,0.440504,4.98847,0.873833,3.9468
-2.08,8.49824,0.447957,4.92575,0.869431,3.9468
-2.04,8.43365,0.455418,4.86361,0.865036,3.9468
-2,8.36933,0.462886,4.80204,0.860649,3.9468
-1.96,8.30529,0.47036,4.74104,0.856269,3.9468
-1.92,8.24151,0.477841,4.68061,0.851897,3.9468
-1.88,8.17801,0.485326,4.62076,0.847534,3.9468
-1.84,8.11479,0.492817,4.56148,0.843179,3.9468
-1.8,8.05186,0.500311,4.50278,0.838832,3.9468
-1.76,7.98922,0.50781,4.44464,0.834495,3.9468
-1.72,7.92688,0.515312,4.38709,0.830167,3.9468
-1.68,7.86483,0.522817,4.33011,0.82585,3.9468
-1.64,7.80309,0.530323,4.27371,0.821542,3.9468
-1.6,7.74165,0.537831,4.21789,0.817246,3.9468
-1.56,7.68053,0.54534,4.16264,0.81296,3.9468
-1.52,7.61973,0.552848,4.10798,0.808686,3.9468
-1.48,7.55926,0.560355,4.0539,0.804424,3.9468
-1.44,7.49912,0.56786,4.0004,0.800175,3.9468
-1.4,7.43932,0.575362,3.9475,0.795939,3.9468
-1.36,7.37987,0.582859,3.89518,0.791717,3.9468
-1.32,7.32078,0.590351,3.84346,0.78751,3.9468
-1.28,7.26206,0.597835,3.79233,0.783318,3.9468
-1.24,7.20372,0.60531,3.74182,0.779142,3.9468
-1.2,7.14577,0.612774,3.69191,0.774985,3.9468
-1.16,7.08824,0.620224,3.64263,0.770846,3.9468
-1.12,7.03114,0.627658,3.59398,0.766727,3.9468
-1.08,6.97449,0.635073,3.54597,0.762631,3.9468
-1.04,6.91831,0.642465,3.49863,0.758558,3.9468
-1,6.86264,0.649829,3.45196,0.754511,3.9468
-0.96,6.80751,0.657161,3.406,0.750494,3.9468
-0.92,6.75296,0.664454,3.36076,0.746508,3.9468
-0.88,6.69905,0.6717,3.31629,0.742559,3.9468
-0.84,6.64583,0.678891,3.27263,0.738651,3.9468
-0.8,6.59337,0.686015,3.22983,0.734789,3.9468
-0.76,6.54178,0.693059,3.18794,0.730981,3.9468
-0.72,6.49116,0.700006,3.14706,0.727235,3.9468
-0.68,6.44164,0.706836,3.10728,0.723562,3.9468
-0.64,6.3934,0.713524,3.06872,0.719974,3.9468
-0.6,6.34665,0.720037,3.03154,0.716489,3.9468
-0.56,6.30164,0.726338,2.99591,0.713127,3.9468
-0.52,6.25868,0.732378,2.96207,0.70991,3.9468
-0.48,6.21816,0.738102,2.93029,0.70687,3.9468
-0.44,6.18051,0.743442,2.90088,0.704039,3.9468
-0.4,6.14621,0.748326,2.8742,0.701456,3.9468
-0.36,6.11576,0.752677,2.85059,0.699159,3.9468
-0.32,6.08958,0.756427,2.83037,0.697183,3.9468
-0.28,6.06794,0.759532,2.8137,0.695549,3.9468
-0.24,6.05085,0.761987,2.80058,0.69426,3.9468
-0.2,6.03796,0.763839,2.7907,0.69329,3.9468
-0.16,6.0286,0.765179,2.78356,0.692589,3.9468
-0.12,6.02193,0.766129,2.7785,0.692095,3.9468
-0.08,6.01715,0.766804,2.77489,0.691745,3.9468
-0.04,6.01364,0.767295,2.77226,0.691493,3.9468
0,6.01098,0.767661,2.77029,0.691306,3.9468
0.04,6.00892,0.767941,2.76877,0.691165,3.9468
0.08,6.00729,0.768156,2.76759,0.691058,3.9468
0.12,6.00598,0.768325,2.76665,0.690975,3.9468
0.16,6.0049,0.768459,2.76591,0.690912,3.9468
0.2,6.00401,0.768566,2.7653,0.690863,3.9468
0.24,6.00325,0.768652,2.7648,0.690824,3.9468
0.28,6.0026,0.768723,2.76438,0.690795,3.9468
0.32,6.00202,0.768782,2.76402,0.690772,3.9468
0.36,6.00151,0.768831,2.76371,0.690754,3.9468
0.4,6.00105,0.768872,2.76345,0.690741,3.9468
0.44,6.00062,0.768908,2.76321,0.690731,3.9468
0.48,6.00022,0.768939,2.763,0.690724,3.9468
0.52,5.99984,0.768966,2.76281,0.690719,3.9468
0.56,5.99948,0.768989,2.76263,0.690717,3.9468
0.6,5.99913,0.76901,2.76247,0.690716,3.9468
0.64,5.9988,0.769029,2.76232,0.690718,3.9468
0.68,5.99847,0.769046,2.76217,0.69072,3.9468
0.72,5.99814,0.769061,2.76204,0.690724,3.9468
0.76,5.99782,0.769074,2.76191,0.690729,3.9468
0.8,5.9975,0.769087,2.76179,0.690736,3.9468
0.84,5.99719,0.769098,2.76168,0.690743,3.9468
0.88,5.99687,0.769108,2.76157,0.690752,3.9468
0.92,5.99655,0.769118,2.76146,0.690762,3.9468
0.96,5.99622,0.769127,2.76135,0.690773,3.9468
1,5.9959,0.769134,2.76125,0.690786,3.9468
1.04,5.99557,0.769142,2.76115,0.690799,3.9468
1.08,5.99523,0.769148,2.76106,0.690814,3.9468
1.12,5.99489,0.769154,2.76097,0.69083,3.9468
1.16,5.99454,0.769159,2.76087,0.690847,3.9468
1.2,5.99418,0.769164,2.76079,0.690866,3.9468
1.24,5.99382,0.769169,2.7607,0.690886,3.9468
1.28,5.99344,0.769172,2.76061,0.690908,3.9468
1.32,5.99305,0.769176,2.76053,0.690932,3.9468
1.36,5.99265,0.769179,2.76044,0.690957,3.9468
1.4,5.99224,0.769181,2.76036,0.690984,3.9468
1.44,5.99181,0.769183,2.76028,0.691013,3.9468
1.48,5.99136,0.769185,2.7602,0.691045,3.9468
1.52,5.99089,0.769187,2.76012,0.691079,3.9468
1.56,5.9904,0.769188,2.76004,0.691116,3.9468
1.6,5.98988,0.769188,2.75996,0.691156,3.9468
1.64,5.98933,0.769189,2.75989,0.691201,3.9468
1.68,5.98874,0.769189,2.75981,0.69125,3.9468
1.72,5.98809,0.769188,2.75973,0.691305,3.9468
1.76,5.98738,0.769188,2.75966,0.691369,3.9468
1.8,5.98656,0.769187,2.75958,0.691445,3.9468
1.84,5.98561,0.769185,2.75951,0.691536,3.9468
1.88,5.98446,0.769184,2.75943,0.69165,3.9468
1.92,5.98304,0.769182,2.75936,0.691795,3.9468
1.96,5.98122,0.769179,2.75929,0.691987,3.9468
2,5.97885,0.769177,2.75921,0.692243,3.9468
2.04,5.97571,0.769174,2.75914,0.692588,3.9468
2.08,5.97151,0.769171,2.75906,0.693057,3.9468
2.12,5.96587,0.769167,2.75899,0.693693,3.9468
2.16,5.95833,0.769164,2.75892,0.694553,3.9468
2.2,5.94829,0.76916,2.75884,0.695706,3.9468
2.24,5.93505,0.769156,2.75877,0.697239,3.9468
2.28,5.91779,0.769151,2.75869,0.699254,3.9468
2.32,5.89557,0.769146,2.75862,0.70187,3.9468
2.36,5.86736,0.769141,2.75854,0.705227,3.9468
2.4,5.83204,0.769136,2.75847,0.709479,3.9468
2.44,5.78848,0.76913,2.7584,0.714799,3.9468
2.48,5.73556,0.769124,2.75832,0.721374,3.9468
2.52,5.67225,0.769118,2.75825,0.729407,3.9468
2.56,5.59766,0.769111,2.75818,0.739107,3.9468
2.6,5.5111,0.769105,2.75811,0.750695,3.9468
2.64,5.41219,0.769098,2.75803,0.764395,3.9468
2.68,5.30086,0.76909,2.75796,0.780429,3.9468
2.72,5.17742,0.769083,2.75789,0.799017,3.9468
2.76,5.04257,0.769075,2.75783,0.820363,3.9468
2.8,4.89743,0.769067,2.75776,0.844655,3.9468
2.84,4.74348,0.769059,2.7577,0.872049,3.9468
2.88,4.58252,0.769051,2.75763,0.902658,3.9468
2.92,4.41664,0.769042,2.75757,0.93654,3.9468
2.96,4.24808,0.769033,2.75751,0.973679,3.9468
3,4.07919,0.769024,2.75745,1.01397,3.9468
3.04,3.9123,0.769015,2.7574,1.0572,3.9468
3.08,3.74963,0.769005,2.75734,1.10304,3.9468
3.12,3.59321,0.768996,2.75729,1.15104,3.9468
3.16,3.4448,0.768986,2.75724,1.20061,3.9468
3.2,3.30585,0.768976,2.75719,1.25105,3.9468
3.24,3.17745,0.768965,2.75714,1.30158,3.9468
3.28,3.06033,0.768955,2.75709,1.35137,3.9468
3.32,2.95487,0.768944,2.75704,1.39958,3.9468
3.36,2.8611,0.768933,2.757,1.44542,3.9468
3.4,2.77877,0.768922,2.75695,1.48822,3.9468
3.44,2.70739,0.76891,2.75691,1.52744,3.9468
3.48,2.64625,0.768898,2.75686,1.5627,3.9468
3.52,2.59451,0.768887,2.75682,1.59384,3.9468
3.56,2.55127,0.768874,2.75677,1.62083,3.9468
3.6,2.51555,0.768862,2.75673,1.64381,3.9468
3.64,2.48639,0.768849,2.75669,1.66306,3.9468
3.68,2.46287,0.768837,2.75664,1.67892,3.9468
3.72,2.44411,0.768824,2.7566,1.69178,3.9468
3.76,2.42932,0.76881,2.75655,1.70205,3.9468
3.8,2.4178,0.768797,2.7565,1.71013,3.9468
3.84,2.40891,0.768783,2.75646,1.71641,3.9468
3.88,2.40214,0.768769,2.75641,1.72122,3.9468
3.92,2.39703,0.768755,2.75636,1.72486,3.9468
3.96,2.39322,0.76874,2.75631,1.72758,3.9468
4,2.3904,0.768726,2.75626,1.72958,3.9468
4.04,2.38834,0.76871,2.75621,1.73104,3.9468
4.08,2.38685,0.768695,2.75616,1.73209,3.9468
4.12,2.38578,0.76868,2.75611,1.73283,3.9468
4.16,2.38502,0.768664,2.75605,1.73335,3.9468
4.2,2.38447,0.768648,2.756,1.73372,3.9468
4.24,2.38409,0.768631,2.75594,1.73396,3.9468
4.28,2.38382,0.768615,2.75589,1.73412,3.9468
4.32,2.38362,0.768597,2.75583,1.73423,3.9468
4.36,2.38348,0.76858,2.75577,1.73429,3.9468
4.4,2.38338,0.768562,2.75571,1.73433,3.9468
4.44,2.3833,0.768544,2.75565,1.73435,3.9468
4.48,2.38323,0.768526,2.75559,1.73436,3.9468
4.52,2.38318,0.768507,2.75553,1.73436,3.9468
4.56,2.38313,0.768488,2.75546,1.73435,3.9468
4.6,2.38309,0.768469,2.7554,1.73434,3.9468
4.64,2.38305,0.768449,2.75533,1.73433,3.9468
4.68,2.38301,0.768428,2.75526,1.73432,3.9468
4.72,2.38297,0.768408,2.75519,1.7343,3.9468
4.76,2.38293,0.768386,2.75512,1.73428,3.9468
4.8,2.38289,0.768365,2.75505,1.73427,3.9468
4.84,2.38285,0.768343,2.75497,1.73425,3.9468
4.88,2.38281,0.76832,2.7549,1.73423,3.9468
4.92,2.38277,0.768297,2.75482,1.73421,3.9468
4.96,2.38273,0.768273,2.75474,1.7342,3.9468
5,2.38268,0.768249,2.75466,1.73418,3.9468
5.04,2.38264,0.768224,2.75458,1.73416,3.9468
5.08,2.38259,0.768199,2.7545,1.73414,3.9468
5.12,2.38255,0.768173,2.75441,1.73412,3.9468
5.16,2.3825,0.768147,2.75432,1.73409,3.9468
5.2,2.38245,0.76812,2.75423,1.73407,3.9468
5.24,2.3824,0.768092,2.75414,1.73405,3.9468
5.28,2.38235,0.768063,2.75404,1.73403,3.9468
5.32,2.3823,0.768034,2.75394,1.734,3.9468
5.36,2.38225,0.768004,2.75384,1.73398,3.9468
5.4,2.38219,0.767973,2.75374,1.73395,3.9468
5.44,2.38214,0.767942,2.75364,1.73393,3.9468
5.48,2.38208,0.767909,2.75353,1.7339,3.9468
5.52,2.38202,0.767876,2.75342,1.73388,3.9468
5.56,2.38196,0.767842,2.7533,1.73385,3.9468
5.6,2.3819,0.767806,2.75319,1.73382,3.9468
5.64,2.38183,0.767769,2.75306,1.73379,3.9468
5.68,2.38177,0.767732,2.75294,1.73376,3.9468
5.72,2.3817,0.767692,2.75281,1.73373,3.9468
5.76,2.38162,0.767651,2.75267,1.73369,3.9468
5.8,2.38155,0.767607,2.75252,1.73366,3.9468
5.84,2.38146,0.767559,2.75236,1.73362,3.9468
5.88,2.38137,0.767504,2.75218,1.73357,3.9468
5.92,2.38126,0.767441,2.75197,1.73352,3.9468
5.96,2.38112,0.76736,2.75171,1.73345,3.9468
6,2.38093,0.767252,2.75135,1.73336,3.9468
6.04,2.38066,0.767093,2.75082,1.73323,3.9468
6.08,2.38023,0.766847,2.75001,1.73303,3.9468
6.12,2.37954,0.766445,2.74868,1.73269,3.9468
6.16,2.37838,0.765765,2.74644,1.73213,3.9468
6.2,2.37636,0.764591,2.74256,1.73115,3.9468
6.24,2.37284,0.762534,2.73579,1.72944,3.9468
6.28,2.36665,0.758913,2.7239,1.72643,3.9468
6.32,2.35577,0.75253,2.70306,1.72113,3.9468
6.36,2.33678,0.741332,2.66681,1.71185,3.9468
6.4,2.30412,0.72191,2.60491,1.69581,3.9468
6.44,2.24955,0.688975,2.50268,1.66879,3.9468
6.48,2.16277,0.635323,2.34332,1.62522,3.9468
6.52,2.03559,0.553749,2.11712,1.56008,3.9468
6.56,1.87129,0.442858,1.83847,1.47369,3.9468
6.6,1.69334,0.31518,1.55488,1.37735,3.9468
6.64,1.53779,0.196468,1.32334,1.29082,3.9468
6.68,1.42838,0.108549,1.16995,1.22861,3.9468
6.72,1.36406,0.0549497,1.08345,1.19143,3.9468
6.76,1.33053,0.0263946,1.03944,1.17183,3.9468
6.8,1.31421,0.0123324,1.01828,1.16224,3.9468
6.84,1.30654,0.00568462,1.00839,1.15771,3.9468
6.88,1.30299,0.00260374,1.00384,1.15562,3.9468
6.92,1.30137,0.00118913,1.00175,1.15465,3.9468
6.96,1.30062,0.000542365,1.0008,1.15421,3.9468
7,1.30028,0.000247234,1.00036,1.15401,3.9468
7.04,1.30013,0.000112674,1.00017,1.15392,3.9468
7.08,1.30006,5.13463e-05,1.00008,1.15388,3.9468
7.12,1.30003,2.33987e-05,1.00003,1.15386,3.9468
7.16,1.30001,1.06632e-05,1.00002,1.15385,3.9468
7.2,1.30001,4.85958e-06,1.00001,1.15385,3.9468
7.24,1.3,2.21478e-06,1,1.15385,3.9468
7.28,1.3,1.00944e-06,1,1.15385,3.9468
7.32,1.3,4.60099e-07,1,1.15385,3.9468
7.36,1.3,2.0972e-07,1,1.15385,3.9468
7.4,1.3,9.55964e-08,1,1.15385,3.9468
7.44,1.3,4.35768e-08,1,1.15385,3.9468
7.48,1.3,1.98644e-08,1,1.15385,3.9468
7.52,1.3,9.05522e-09,1,1.15385,3.9468
7.56,1.3,4.1278e-09,1,1.15385,3.9468
7.6,1.3,1.8816e-09,1,1.15385,3.9468
7.64,1.3,8.57662e-10,1,1.15385,3.9468
7.68,1.3,3.9091e-10,1,1.15385,3.9468
7.72,1.3,1.78154e-10,1,1.15385,3.9468
7.76,1.3,8.11827e-11,1,1.15385,3.9468
7.8,1.3,3.69882e-11,1,1.15385,3.9468
7.84,1.3,1.6849e-11,1,1.15385,3.9468
7.88,1.3,7.67312e-12,1,1.15385,3.9468
7.92,1.3,3.49321e-12,1,1.15385,3.9468
7.96,1.3,1.58951e-12,1,1.15385,3.9468
8,1.3,7.22766e-13,1,1.15385,3.9468
8.04,1.3,3.28386e-13,1,1.15385,3.9468
8.08,1.3,1.49145e-13,1,1.15385,3.9468
8.12,1.3,6.769e-14,1,1.15385,3.9468
8.16,1.3,3.05476e-14,1,1.15385,3.9468
8.2,1.3,1.36208e-14,1,1.15385,3.9468
8.24,1.3,5.92974e-15,1,1.15385,3.9468
8.28,1.3,2.29727e-15,1,1.15385,3.9468
8.32,1.3,6.13051e-16,1,1.15385,3.9468
8.36,1.3,7.78265e-17,1,1.15385,3.9468
8.4,1.3,9.04598e-18,1,1.15385,3.9468
8.44,1.3,1.01826e-18,1,1.15385,3.9468
8.48,1.3,1.13829e-19,1,1.15385,3.9468
8.52,1.3,1.27033e-20,1,1.15385,3.9468
8.56,1.3,1.41457e-21,1,1.15385,3.9468
8.6,1.3,1.57194e-22,1,1.15385,3.9468
8.64,1.3,1.74511e-23,1,1.15385,3.9468
8.68,1.3,1.93779e-24,1,1.15385,3.9468
8.72,1.3,2.15415e-25,1,1.15385,3.9468
8.76,1.3,2.39854e-26,1,1.15385,3.9468
8.8,1.3,2.67512e-27,1,1.15385,3.9468
8.84,1.3,2.98764e-28,1,1.15385,3.9468
8.88,1.3,3.33943e-29,1,1.15385,3.9468
8.92,1.3,3.73353e-30,1,1.15385,3.9468
8.96,1.3,4.17303e-31,1,1.15385,3.9468
9,1.3,4.66134e-32,1,1.15385,3.9468
9.04,1.3,5.20259e-33,1,1.15385,3.9468
9.08,1.3,5.80185e-34,1,1.15385,3.9468
9.12,1.3,6.46533e-35,1,1.15385,3.9468
9.16,1.3,7.20042e-36,1,1.15385,3.9468
9.2,1.3,8.01572e-37,1,1.15385,3.9468
9.24,1.3,8.92095e-38,1,1.15385,3.9468
9.28,1.3,9.92681e-39,1,1.15385,3.9468
9.32,1.3,1.10449e-39,1,1.15385,3.9468
9.36,1.3,1.22875e-40,1,1.15385,3.9468
9.4,1.3,1.36679e-41,1,1.15385,3.9468
9.44,1.3,1.51999e-42,1,1.15385,3.9468
9.48,1.3,1.68986e-43,1,1.15385,3.9468
9.52,1.3,1.87803e-44,1,1.15385,3.9468
9.56,1.3,2.08626e-45,1,1.15385,3.9468
9.6,1.3,2.31655e-46,1,1.15385,3.9468
9.64,1.3,2.57108e-47,1,1.15385,3.9468
9.68,1.3,2.85232e-48,1,1.15385,3.9468
9.72,1.3,3.16301e-49,1,1.15385,3.9468
9.76,1.3,3.50621e-50,1,1.15385,3.9468
9.8,1.3,3.88532e-51,1,1.15385,3.9468
9.84,1.3,4.30411e-52,1,1.15385,3.9468
9.88,1.3,4.7668e-53,1,1.15385,3.9468
9.92,1.3,5.28486e-54,1,1.15385,3.9468
9.96,1.3,6.48857e-55,1,1.15385,3.9468
10,1.3,6.48857e-55,1,1.15385,3.9468
-10,13,1.41292e-58,10,1.15385,4
-9.96,13,1.41292e-58,10,1.15385,4
-9.92,13,1.03131e-57,10,1.15385,4
-9.88,13,8.40875e-57,10,1.15385,4
-9.84,13,6.86152e-56,10,1.15385,4
-9.8,13,5.59387e-55,10,1.15385,4
-9.76,13,4.55626e-54,10,1.15385,4
-9.72,13,3.70784e-53,10,1.15385,4
-9.68,13,3.01484e-52,10,1.15385,4
-9.64,13,2.44937e-51,10,1.15385,4
-9.6,13,1.9884e-50,10,1.15385,4
-9.56,13,1.61297e-49,10,1.15385,4
-9.52,13,1.30747e-48,10,1.15385,4
-9.48,13,1.05906e-47,10,1.15385,4
-9.44,13,8.5722e-47,10,1.15385,4
-9.4,13,6.93331e-46,10,1.15385,4
-9.36,13,5.60339e-45,10,1.15385,4
-9.32,13,4.52483e-44,10,1.15385,4
-9.28,13,3.65064e-43,10,1.15385,4
-9.24,13,2.94255e-42,10,1.15385,4
-9.2,13,2.36941e-41,10,1.15385,4
-9.16,13,1.90587e-40,10,1.15385,4
-9.12,13,1.53131e-39,10,1.15385,4
-9.08,13,1.22897e-38,10,1.15385,4
-9.04,13,9.85206e-38,10,1.15385,4
-9,13,7.88917e-37,10,1.15385,4
-8.96,13,6.31066e-36,10,1.15385,4
-8.92,13,5.04297e-35,10,1.15385,4
-8.88,13,4.02628e-34,10,1.15385,4
-8.84,13,3.21194e-33,10,1.15385,4
-8.8,13,2.56046e-32,10,1.15385,4
-8.76,13,2.03984e-31,10,1.15385,4
-8.72,13,1.62418e-30,10,1.15385,4
-8.68,13,1.29254e-29,10,1.15385,4
-8.64,13,1.02805e-28,10,1.15385,4
-8.6,13,8.17149e-28,10,1.15385,4
-8.56,13,6.48921e-27,10,1.15385,4
-8.52,13,5.14653e-26,10,1.15385,4
-8.48,13,4.0741e-25,10,1.15385,4
-8.44,13,3.2172e-24,10,1.15385,4
-8.4,13,2.53301e-23,10,1.15385,4
-8.36,13,1.98812e-22,10,1.15385,4
-8.32,13,1.55623e-21,10,1.15385,4
-8.28,13,1.21598e-20,10,1.15385,4
-8.24,13,9.49749e-20,10,1.15385,4
-8.2,13,7.43688e-19,10,1.15385,4
-8.16,13,5.86728e-18,10,1.15385,4
-8.12,13,4.63908e-17,10,1.15385,4
-8.08,13,3.50923e-16,10,1.15385,4
-8.04,13,1.36059e-15,10,1.15385,4
-8,13,3.48405e-15,10,1.15385,4
-7.96,13,7.14711e-15,10,1.15385,4
-7.92,13,1.35737e-14,10,1.15385,4
-7.88,13,2.51274e-14,10,1.15385,4
-7.84,13,4.59323e-14,10,1.15385,4
-7.8,13,8.33186e-14,10,1.15385,4
-7.76,13,1.50103e-13,10,1.15385,4
-7.72,13,2.68731e-13,10,1.15385,4
-7.68,13,4.78183e-13,10,1.15385,4
-7.64,13,8.45962e-13,10,1.15385,4
-7.6,13,1.48804e-12,10,1.15385,4
-7.56,13,2.60225e-12,10,1.15385,4
-7.52,13,4.52426e-12,10,1.15385,4
-7.48,13,7.82021e-12,10,1.15385,4
-7.44,13,1.34389e-11,10,1.15385,4
-7.4,13,2.296e-11,10,1.15385,4
-7.36,13,3.89965e-11,10,1.15385,4
-7.32,13,6.58439e-11,10,1.15385,4
-7.28,13,1.10517e-10,10,1.15385,4
-7.24,13,1.84399e-10,10,1.15385,4
-7.2,13,3.05833e-10,10,1.15385,4
-7.16,13,5.04194e-10,10,1.15385,4
-7.12,13,8.26198e-10,10,1.15385,4
-7.08,13,1.34565e-09,10,1.15385,4
-7.04,13,2.17834e-09,10,1.15385,4
-7,13,3.50472e-09,10,1.15385,4
-6.96,13,5.60405e-09,10,1.15385,4
-6.92,13,8.90547e-09,10,1.15385,4
-6.88,13,1.40639e-08,10,1.15385,4
-6.84,13,2.20715e-08,10,1.15385,4
-6.8,13,3.44209e-08,10,1.15385,4
-6.76,13,5.33414e-08,10,1.15385,4
-6.72,13,8.21375e-08,10,1.15385,4
-6.68,13,1.25673e-07,10,1.15385,4
-6.64,13,1.91049e-07,10,1.15385,4
-6.6,13,2.88564e-07,10,1.15385,4
-6.56,13,4.33028e-07,9.99999,1.15385,4
-6.52,13,6.45581e-07,9.99999,1.15385,4
-6.48,13,9.56161e-07,9.99999,1.15385,4
-6.44,13,1.40683e-06,9.99998,1.15385,4
-6.4,13,2.0562e-06,9.99997,1.15384,4
-6.36,13,2.98531e-06,9.99996,1.15384,4
-6.32,13,4.30522e-06,9.99994,1.15384,4
-6.28,12.9999,6.16692e-06,9.99991,1.15384,4
-6.24,12.9999,8.77387e-06,9.99987,1.15384,4
-6.2,12.9999,1.23979e-05,9.99982,1.15384,4
-6.16,12.9998,1.73989e-05,9.99974,1.15383,4
-6.12,12.9997,2.42492e-05,9.99964,1.15383,4
-6.08,12.9996,3.35628e-05,9.99951,1.15382,4
-6.04,12.9995,4.61305e-05,9.99932,1.15381,4
-6,12.9993,6.2961e-05,9.99907,1.1538,4
-5.96,12.999,8.53283e-05,9.99874,1.15379,4
-5.92,12.9987,0.000114826,9.99831,1.15377,4
-5.88,12.9982,0.000153424,9.99774,1.15374,4
-5.84,12.9977,0.000203538,9.997,1.15371,4
-5.8,12.9969,0.000268091,9.99605,1.15366,4
-5.76,12.996,0.000350585,9.99484,1.15361,4
-5.72,12.9948,0.000455168,9.9933,1.15354,4
-5.68,12.9933,0.000586693,9.99137,1.15345,4
-5.64,12.9914,0.00075077,9.98895,1.15334,4
-5.6,12.9891,0.000953806,9.98597,1.1532,4
-5.56,12.9862,0.00120302,9.9823,1.15303,4
-5.52,12.9827,0.00150645,9.97784,1.15282,4
-5.48,12.9785,0.0018729,9.97246,1.15257,4
-5.44,12.9735,0.0023119,9.96602,1.15228,4
-5.4,12.9675,0.00283361,9.95836,1.15192,4
-5.36,12.9604,0.0034487,9.94934,1.1515,4
-5.32,12.9522,0.00416819,9.93879,1.15102,4
-5.28,12.9426,0.00500327,9.92657,1.15045,4
-5.24,12.9316,0.00596513,9.9125,1.1498,4
-5.2,12.9191,0.00706474,9.89643,1.14905,4
-5.16,12.9048,0.00831262,9.87823,1.14821,4
-5.12,12.8887,0.00971868,9.85775,1.14725,4
-5.08,12.8708,0.011292,9.83487,1.14619,4
-5.04,12.8508,0.0130407,9.80949,1.145,4
-5,12.8288,0.0149718,9.78152,1.1437,4
-4.96,12.8047,0.0170909,9.75091,1.14226,4
-4.92,12.7785,0.0194027,9.71759,1.1407,4
-4.88,12.75,0.0219101,9.68156,1.13901,4
-4.84,12.7194,0.0246151,9.64281,1.13718,4
-4.8,12.6865,0.0275182,9.60136,1.13522,4
-4.76,12.6515,0.0306187,9.55724,1.13313,4
-4.72,12.6144,0.0339148,9.51052,1.13091,4
-4.68,12.5752,0.0374037,9.46127,1.12857,4
-4.64,12.5339,0.0410817,9.40956,1.1261,4
-4.6,12.4906,0.0449443,9.3555,1.1235,4
-4.56,12.4455,0.0489863,9.2992,1.12079,4
-4.52,12.3985,0.0532019,9.24076,1.11797,4
-4.48,12.3497,0.0575851,9.18031,1.11504,4
-4.44,12.2994,0.0621294,9.11797,1.112,4
-4.4,12.2474,0.0668282,9.05386,1.10887,4
-4.36,12.194,0.0716747,8.98812,1.10564,4
-4.32,12.1391,0.0766622,8.92086,1.10233,4
-4.28,12.083,0.0817838,8.85221,1.09893,4
-4.24,12.0256,0.0870329,8.78229,1.09545,4
-4.2,11.9671,0.0924031,8.71121,1.09189,4
-4.16,11.9076,0.0978878,8.63909,1.08827,4
-4.12,11.8471,0.103481,8.56604,1.08458,4
-4.08,11.7856,0.109177,8.49215,1.08083,4
-4.04,11.7234,0.114969,8.41752,1.07702,4
-4,11.6604,0.120854,8.34226,1.07315,4
-3.96,11.5967,0.126824,8.26644,1.06924,4
-3.92,11.5323,0.132876,8.19015,1.06529,4
-3.88,11.4674,0.139004,8.11346,1.06129,4
-3.84,11.402,0.145205,8.03646,1.05725,4
-3.8,11.3361,0.151474,7.9592,1.05317,4
-3.76,11.2697,0.157807,7.88175,1.04906,4
-3.72,11.203,0.164201,7.80417,1.04492,4
-3.68,11.136,0.170651,7.72652,1.04075,4
-3.64,11.0687,0.177156,7.64885,1.03655,4
-3.6,11.0011,0.183712,7.5712,1.03233,4
-3.56,10.9333,0.190315,7.49361,1.02809,4
-3.52,10.8653,0.196964,7.41614,1.02383,4
-3.48,10.7972,0.203655,7.33882,1.01955,4
-3.44,10.7289,0.210387,7.26168,1.01525,4
-3.4,10.6605,0.217157,7.18476,1.01094,4
-3.36,10.5921,0.223963,7.10808,1.00661,4
-3.32,10.5236,0.230804,7.03168,1.00227,4
-3.28,10.4551,0.237677,6.95557,0.997921,4
-3.24,10.3866,0.24458,6.87979,0.993561,4
-3.2,10.3181,0.251513,6.80436,0.989192,4
-3.16,10.2496,0.258473,6.72929,0.984816,4
-3.12,10.1811,0.26546,6.6546,0.980433,4
-3.08,10.1127,0.272471,6.58032,0.976044,4
-3.04,10.0444,0.279506,6.50645,0.971651,4
-3,9.97621,0.286563,6.43301,0.967253,4
-2.96,9.90809,0.293642,6.36001,0.962852,4
-2.92,9.84008,0.300741,6.28747,0.958449,4
-2.88,9.7722,0.30786,6.2154,0.954044,4
-2.84,9.70445,0.314997,6.1438,0.949638,4
-2.8,9.63684,0.322151,6.07269,0.945231,4
-2.76,9.56939,0.329323,6.00208,0.940824,4
-2.72,9.50211,0.33651,5.93196,0.936418,4
-2.68,9.43499,0.343712,5.86236,0.932013,4
-2.64,9.36805,0.35093,5.79326,0.927609,4
-2.6,9.3013,0.358161,5.72469,0.923208,4
-2.56,9.23474,0.365405,5.65665,0.918809,4
-2.52,9.16839,0.372662,5.58913,0.914414,4
-2.48,9.10223,0.379931,5.52215,0.910021,4
-2.44,9.03629,0.387211,5.4557,0.905632,4
-2.4,8.97056,0.394503,5.3898,0.901248,4
-2.36,8.90506,0.401805,5.32444,0.896868,4
-2.32,8.83978,0.409117,5.25963,0.892492,4
-2.28,8.77474,0.416438,5.19536,0.888122,4
-2.24,8.70993,0.423769,5.13165,0.883758,4
-2.2,8.64537,0.431108,5.06848,0.879399,4
-2.16,8.58105,0.438455,5.00588,0.875046,4
-2.12,8.51698,0.445809,4.94382,0.8707,4
-2.08,8.45316,0.453171,4.88232,0.866361,4
-2.04,8.3896,0.46054,4.82138,0.862028,4
-2,8.3263,0.467915,4.76099,0.857703,4
-1.96,8.26327,0.475296,4.70117,0.853385,4
-1.92,8.20051,0.482682,4.6419,0.849076,4
-1.88,8.13802,0.490073,4.58319,0.844774,4
-1.84,8.0758,0.497468,4.52504,0.840482,4
-1.8,8.01387,0.504867,4.46745,0.836198,4
-1.76,7.95223,0.51227,4.41043,0.831923,4
-1.72,7.89087,0.519675,4.35396,0.827657,4
-1.68,7.82981,0.527083,4.29805,0.823402,4
-1.64,7.76905,0.534492,4.24271,0.819157,4
-1.6,7.70859,0.541902,4.18793,0.814922,4
-1.56,7.64844,0.549313,4.13372,0.810699,4
-1.52,7.58861,0.556722,4.08007,0.806487,4
-1.48,7.5291,0.56413,4.027,0.802287,4
-1.44,7.46991,0.571536,3.97449,0.7981,4
-1.4,7.41106,0.578937,3.92255,0.793925,4
-1.36,7.35256,0.586334,3.8712,0.789765,4
-1.32,7.29441,0.593725,3.82042,0.78562,4
-1.28,7.23662,0.601108,3.77023,0.78149,4
-1.24,7.17921,0.608481,3.72063,0.777376,4
-1.2,7.12219,0.615842,3.67163,0.77328,4
-1.16,7.06558,0.62319,3.62324,0.769203,4
-1.12,7.00939,0.63052,3.57547,0.765146,4
-1.08,6.95365,0.637831,3.52833,0.761111,4
-1.04,6.89838,0.645118,3.48184,0.7571,4
-1,6.84361,0.652377,3.43602,0.753115,4
-0.96,6.78938,0.659602,3.39089,0.749159,4
-0.92,6.73574,0.666787,3.34648,0.745236,4
-0.88,6.68272,0.673925,3.30282,0.741349,4
-0.84,6.63039,0.681006,3.25996,0.737503,4
-0.8,6.57884,0.68802,3.21795,0.733705,4
-0.76,6.52815,0.694951,3.17686,0.72996,4
-0.72,6.47842,0.701784,3.13676,0.726278,4
-0.68,6.42982,0.708498,3.09776,0.72267,4
-0.64,6.38249,0.715067,3.05997,0.719148,4
-0.6,6.33666,0.721459,3.02356,0.71573,4
-0.56,6.29259,0.727635,2.98871,0.712436,4
-0.52,6.25059,0.733547,2.95565,0.709289,4
-0.48,6.21103,0.73914,2.92465,0.706319,4
-0.44,6.17435,0.744346,2.89602,0.70356,4
-0.4,6.14102,0.749095,2.87011,0.701049,4
-0.36,6.11152,0.753312,2.84725,0.698823,4
-0.32,6.08625,0.756934,2.82773,0.696915,4
-0.28,6.06544,0.759922,2.81171,0.695344,4
-0.24,6.04906,0.762276,2.79913,0.694108,4
-0.2,6.03673,0.764046,2.78969,0.693181,4
-0.16,6.02778,0.765327,2.78287,0.692511,4
-0.12,6.0214,0.766236,2.77802,0.692038,4
-0.08,6.01681,0.766884,2.77456,0.691703,4
-0.04,6.01343,0.767357,2.77203,0.69146,4
0,6.01086,0.76771,2.77012,0.691279,4
0.04,6.00886,0.767981,2.76865,0.691143,4
0.08,6.00728,0.76819,2.76751,0.691039,4
0.12,6.006,0.768354,2.7666,0.690959,4
0.16,6.00496,0.768484,2.76587,0.690897,4
0.2,6.00409,0.768588,2.76528,0.690849,4
0.24,6.00335,0.768673,2.76479,0.690812,4
0.28,6.00271,0.768742,2.76438,0.690783,4
0.32,6.00215,0.768799,2.76403,0.69076,4
0.36,6.00165,0.768847,2.76373,0.690743,4
0.4,6.00119,0.768888,2.76347,0.69073,4
0.44,6.00078,0.768923,2.76324,0.69072,4
0.48,6.00038,0.768954,2.76303,0.690713,4
0.52,6.00001,0.76898,2.76284,0.690708,4
0.56,5.99966,0.769003,2.76267,0.690705,4
0.6,5.99932,0.769024,2.76251,0.690705,4
0.64,5.99899,0.769043,2.76236,0.690705,4
0.68,5.99867,0.769059,2.76222,0.690708,4
0.72,5.99835,0.769075,2.76209,0.690711,4
0.76,5.99804,0.769088,2.76196,0.690716,4
0.8,5.99773,0.769101,2.76184,0.690722,4
0.84,5.99742,0.769112,2.76173,0.690729,4
0.88,5.99711,0.769122,2.76162,0.690737,4
0.92,5.99679,0.769132,2.76151,0.690747,4
0.96,5.99648,0.769141,2.76141,0.690757,4
1,5.99616,0.769148,2.76131,0.690769,4
1.04,5.99584,0.769156,2.76121,0.690781,4
1.08,5.99552,0.769162,2.76112,0.690795,4
1.12,5.99519,0.769168,2.76102,0.69081,4
1.16,5.99485,0.769174,2.76093,0.690827,4
1.2,5.9945,0.769179,2.76085,0.690845,4
1.24,5.99415,0.769183,2.76076,0.690864,4
1.28,5.99379,0.769187,2.76067,0.690884,4
1.32,5.99341,0.769191,2.76059,0.690906,4
1.36,5.99303,0.769194,2.76051,0.69093,4
1.4,5.99263,0.769197,2.76043,0.690956,4
1.44,5.99222,0.769199,2.76035,0.690983,4
1.48,5.99179,0.769201,2.76027,0.691013,4
1.52,5.99135,0.769203,2.76019,0.691044,4
1.56,5.99088,0.769204,2.76011,0.691079,4
1.6,5.99039,0.769205,2.76004,0.691116,4
1.64,5.98988,0.769205,2.75996,0.691157,4
1.68,5.98932,0.769205,2.75989,0.691202,4
1.72,5.98873,0.769205,2.75981,0.691252,4
1.76,5.98808,0.769205,2.75974,0.691308,4
1.8,5.98736,0.769204,2.75967,0.691373,4
1.84,5.98653,0.769203,2.75959,0.69145,4
1.88,5.98556,0.769201,2.75952,0.691544,4
1.92,5.98438,0.7692,2.75945,0.691662,4
1.96,5.98292,0.769198,2.75937,0.691813,4
2,5.98104,0.769196,2.7593,0.692012,4
2.04,5.97859,0.769193,2.75923,0.692278,4
2.08,5.97534,0.76919,2.75916,0.692636,4
2.12,5.971,0.769187,2.75908,0.693122,4
2.16,5.96518,0.769184,2.75901,0.693779,4
2.2,5.95742,0.76918,2.75894,0.694665,4
2.24,5.94712,0.769176,2.75887,0.69585,4
2.28,5.93358,0.769172,2.75879,0.697419,4
2.32,5.91598,0.769167,2.75872,0.699476,4
2.36,5.89339,0.769163,2.75865,0.702138,4
2.4,5.86479,0.769158,2.75858,0.705544,4
2.44,5.82909,0.769152,2.75851,0.709846,4
2.48,5.78518,0.769147,2.75843,0.715215,4
2.52,5.73197,0.769141,2.75836,0.721836,4
2.56,5.66845,0.769135,2.75829,0.729906,4
2.6,5.59376,0.769128,2.75822,0.739633,4
2.64,5.50724,0.769122,2.75815,0.751233,4
2.68,5.40853,0.769115,2.75808,0.764924,4
2.72,5.29758,0.769108,2.75801,0.780926,4
2.76,5.17469,0.769101,2.75794,0.799452,4
2.8,5.04057,0.769093,2.75788,0.820704,4
2.84,4.89632,0.769085,2.75781,0.844863,4
2.88,4.74338,0.769077,2.75775,0.872083,4
2.92,4.58354,0.769069,2.75769,0.902476,4
2.96,4.41882,0.769061,2.75763,0.936096,4
3,4.25143,0.769052,2.75757,0.972931,4
3.04,4.08367,0.769043,2.75751,1.01288,4
3.08,3.91782,0.769034,2.75746,1.05574,4
3.12,3.75605,0.769025,2.7574,1.10118,4
3.16,3.60038,0.769016,2.75735,1.14878,4
3.2,3.45253,0.769006,2.7573,1.19795,4
3.24,3.31394,0.768996,2.75725,1.24802,4
3.28,3.18571,0.768986,2.7572,1.29824,4
3.32,3.06857,0.768976,2.75716,1.34777,4
3.36,2.96292,0.768965,2.75711,1.39581,4
3.4,2.86881,0.768954,2.75707,1.44157,4
3.44,2.78602,0.768944,2.75702,1.48439,4
3.48,2.71408,0.768932,2.75698,1.52371,4
3.52,2.65233,0.768921,2.75694,1.55916,4
3.56,2.59996,0.768909,2.75689,1.59054,4
3.6,2.55606,0.768898,2.75685,1.61783,4
3.64,2.51971,0.768886,2.75681,1.64114,4
3.68,2.48996,0.768873,2.75676,1.66073,4
3.72,2.46588,0.768861,2.75672,1.67692,4
3.76,2.44662,0.768848,2.75668,1.69009,4
3.8,2.43139,0.768835,2.75663,1.70065,4
3.84,2.41947,0.768822,2.75659,1.709,4
3.88,2.41026,0.768809,2.75654,1.7155,4
3.92,2.40321,0.768795,2.75649,1.72051,4
3.96,2.39788,0.768782,2.75645,1.72431,4
4,2.39388,0.768767,2.7564,1.72715,4
4.04,2.39092,0.768753,2.75635,1.72926,4
4.08,2.38874,0.768739,2.7563,1.73081,4
4.12,2.38716,0.768724,2.75625,1.73192,4
4.16,2.38602,0.768709,2.7562,1.73272,4
4.2,2.3852,0.768693,2.75615,1.73328,4
4.24,2.38462,0.768678,2.7561,1.73367,4
4.28,2.38421,0.768662,2.75604,1.73393,4
4.32,2.38392,0.768646,2.75599,1.73411,4
4.36,2.38371,0.768629,2.75593,1.73423,4
4.4,2.38356,0.768612,2.75588,1.7343,4
4.44,2.38345,0.768595,2.75582,1.73435,4
4.48,2.38336,0.768578,2.75576,1.73437,4
4.52,2.3833,0.76856,2.7557,1.73438,4
4.56,2.38324,0.768542,2.75564,1.73438,4
4.6,2.3832,0.768524,2.75558,1.73438,4
4.64,2.38315,0.768505,2.75551,1.73437,4
4.68,2.38311,0.768485,2.75545,1.73436,4
4.72,2.38307,0.768466,2.75538,1.73435,4
4.76,2.38304,0.768446,2.75532,1.73433,4
4.8,2.383,0.768426,2.75525,1.73432,4
4.84,2.38296,0.768405,2.75518,1.7343,4
4.88,2.38292,0.768383,2.75511,1.73428,4
4.92,2.38288,0.768362,2.75504,1.73427,4
4.96,2.38284,0.76834,2.75496,1.73425,4
5,2.3828,0.768317,2.75489,1.73423,4
5.04,2.38276,0.768294,2.75481,1.73421,4
5.08,2.38272,0.76827,2.75473,1.73419,4
5.12,2.38267,0.768246,2.75465,1.73417,4
5.16,2.38263,0.768221,2.75456,1.73415,4
5.2,2.38258,0.768195,2.75448,1.73413,4
5.24,2.38254,0.768169,2.75439,1.73411,4
5.28,2.38249,0.768143,2.7543,1.73409,4
5.32,2.38244,0.768116,2.75421,1.73407,4
5.36,2.38239,0.768088,2.75412,1.73405,4
5.4,2.38234,0.768059,2.75402,1.73402,4
5.44,2.38229,0.76803,2.75393,1.734,4
5.48,2.38223,0.768,2.75383,1.73398,4
5.52,2.38218,0.767969,2.75372,1.73395,4
5.56,2.38212,0.767937,2.75362,1.73393,4
5.6,2.38207,0.767904,2.75351,1.7339,4
5.64,2.38201,0.767871,2.7534,1.73387,4
5.68,2.38195,0.767836,2.75328,1.73384,4
5.72,2.38188,0.7678,2.75316,1.73382,4
5.76,2.38182,0.767763,2.75304,1.73379,4
5.8,2.38175,0.767725,2.75291,1.73375,4
5.84,2.38168,0.767684,2.75278,1.73372,4
5.88,2.3816,0.767642,2.75264,1.73369,4
5.92,2.38152,0.767595,2.75248,1.73365,4
5.96,2.38143,0.767544,2.75231,1.73361,4
6,2.38133,0.767483,2.75211,1.73356,4
6.04,2.3812,0.767408,2.75186,1.73349,4
6.08,2.38103,0.767308,2.75153,1.73341,4
6.12,2.38078,0.767164,2.75106,1.73329,4
6.16,2.3804,0.766943,2.75032,1.73311,4
6.2,2.37978,0.766585,2.74914,1.73281,4
6.24,2.37874,0.765981,2.74715,1.73231,4
6.28,2.37696,0.764943,2.74372,1.73144,4
6.32,2.37385,0.763127,2.73774,1.72993,4
6.36,2.36839,0.759932,2.72724,1.72728,4
6.4,2.35878,0.754298,2.70882,1.7226,4
6.44,2.34196,0.744397,2.67669,1.71439,4
6.48,2.31292,0.727168,2.62154,1.70015,4
6.52,2.26402,0.69777,2.52965,1.67599,4
6.56,2.18522,0.649358,2.38417,1.63656,4
6.6,2.06723,0.574389,2.17258,1.57644,4
6.64,1.90985,0.469475,1.90247,1.4942,4
6.68,1.73193,0.343584,1.61473,1.3985,4
6.72,1.56858,0.22054,1.36794,1.30813,4
6.76,1.44829,0.124841,1.19727,1.24002,4
6.8,1.37506,0.0642217,1.09805,1.19782,4
6.84,1.33605,0.0311275,1.04664,1.17507,4
6.88,1.31684,0.0146099,1.02168,1.16379,4
6.92,1.30776,0.00674894,1.00997,1.15843,4
6.96,1.30356,0.00309423,1.00456,1.15595,4
7,1.30162,0.00141372,1.00208,1.15481,4
7.04,1.30074,0.000644906,1.00095,1.15428,4
7.08,1.30034,0.000293989,1.00043,1.15405,4
7.12,1.30015,0.00013398,1.0002,1.15394,4
7.16,1.30007,6.10532e-05,1.00009,1.15389,4
7.2,1.30003,2.78207e-05,1.00004,1.15387,4
7.24,1.30001,1.26776e-05,1.00002,1.15385,4
7.28,1.30001,5.7773e-06,1.00001,1.15385,4
7.32,1.3,2.63288e-06,1,1.15385,4
7.36,1.3,1.19994e-06,1,1.15385,4
7.4,1.3,5.46896e-07,1,1.15385,4
7.44,1.3,2.4927e-07,1,1.15385,4
7.48,1.3,1.13619e-07,1,1.15385,4
7.52,1.3,5.17904e-08,1,1.15385,4
7.56,1.3,2.36078e-08,1,1.15385,4
7.6,1.3,1.07614e-08,1,1.15385,4
7.64,1.3,4.90552e-09,1,1.15385,4
7.68,1.3,2.23612e-09,1,1.15385,4
7.72,1.3,1.01928e-09,1,1.15385,4
7.76,1.3,4.64594e-10,1,1.15385,4
7.8,1.3,2.1175e-10,1,1.15385,4
7.84,1.3,9.65007e-11,1,1.15385,4
7.88,1.3,4.39726e-11,1,1.15385,4
7.92,1.3,2.00337e-11,1,1.15385,4
7.96,1.3,9.1253e-12,1,1.15385,4
8,1.3,4.15537e-12,1,1.15385,4
8.04,1.3,1.8916e-12,1,1.15385,4
8.08,1.3,8.60771e-13,1,1.15385,4
8.12,1.3,3.9156e-13,1,1.15385,4
8.16,1.3,1.77969e-13,1,1.15385,4
8.2,1.3,8.06845e-14,1,1.15385,4
8.24,1.3,3.64143e-14,1,1.15385,4
8.28,1.3,1.62661e-14,1,1.15385,4
8.32,1.3,7.13035e-15,1,1.15385,4
8.36,1.3,2.87611e-15,1,1.15385,4
8.4,1.3,8.48972e-16,1,1.15385,4
8.44,1.3,1.27773e-16,1,1.15385,4
8.48,1.3,1.42037e-17,1,1.15385,4
8.52,1.3,1.61626e-18,1,1.15385,4
8.56,1.3,1.82634e-19,1,1.15385,4
8.6,1.3,2.05549e-20,1,1.15385,4
8.64,1.3,2.30978e-21,1,1.15385,4
8.68,1.3,2.59036e-22,1,1.15385,4
8.72,1.3,2.89816e-23,1,1.15385,4
8.76,1.3,3.23531e-24,1,1.15385,4
8.8,1.3,3.60517e-25,1,1.15385,4
8.84,1.3,4.01248e-26,1,1.15385,4
8.88,1.3,4.46348e-27,1,1.15385,4
8.92,1.3,4.96581e-28,1,1.15385,4
8.96,1.3,5.52814e-29,1,1.15385,4
9,1.3,6.15973e-30,1,1.15385,4
9.04,1.3,6.86997e-31,1,1.15385,4
9.08,1.3,7.66813e-32,1,1.15385,4
9.12,1.3,8.56323e-33,1,1.15385,4
9.16,1.3,9.56426e-34,1,1.15385,4
9.2,1.3,1.06806e-34,1,1.15385,4
9.24,1.3,1.19225e-35,1,1.15385,4
9.28,1.3,1.33016e-36,1,1.15385,4
9.32,1.3,1.48314e-37,1,1.15385,4
9.36,1.3,1.6528e-38,1,1.15385,4
9.4,1.3,1.84097e-39,1,1.15385,4
9.44,1.3,2.04976e-40,1,1.15385,4
9.48,1.3,2.28155e-41,1,1.15385,4
9.52,1.3,2.53894e-42,1,1.15385,4
9.56,1.3,2.8248e-43,1,1.15385,4
9.6,1.3,3.14222e-44,1,1.15385,4
9.64,1.3,3.49451e-45,1,1.15385,4
9.68,1.3,3.88527e-46,1,1.15385,4
9.72,1.3,4.31838e-47,1,1.15385,4
9.76,1.3,4.79805e-48,1,1.15385,4
9.8,1.3,5.32893e-49,1,1.15385,4
9.84,1.3,5.91613e-50,1,1.15385,4
9.88,1.3,6.56542e-51,1,1.15385,4
9.92,1.3,7.2927e-52,1,1.15385,4
9.96,1.3,8.97069e-53,1,1.15385,4
10,1.3,8.97069e-53,1,1.15385,4
