x,Адаптивный шаг,Фиксированный шаг,Точное решение,Ошибка адапт.,Ошибка фикс.
0.0000000000e+00,-2.0000000000e+00,-2.0000000000e+00,-2.0000000000e+00,0.0000000000e+00,0.0000000000e+00
1.9146667935e-03,-1.9923559779e+00,0.0000000000e+00,-1.9923559779e+00,6.6613381478e-16,1.9923559779e+00
3.8296667935e-03,-1.9847398487e+00,0.0000000000e+00,-1.9847398487e+00,6.6613381478e-16,1.9847398487e+00
5.7446667935e-03,-1.9771528335e+00,0.0000000000e+00,-1.9771528335e+00,6.6613381478e-16,1.9771528335e+00
7.6596667935e-03,-1.9695948210e+00,0.0000000000e+00,-1.9695948210e+00,2.2204460493e-16,1.9695948210e+00
9.5746667935e-03,-1.9620657003e+00,0.0000000000e+00,-1.9620657003e+00,3.5527136788e-15,1.9620657003e+00
1.1489666793e-02,-1.9545653610e+00,0.0000000000e+00,-1.9545653610e+00,3.1086244690e-15,1.9545653610e+00
1.3404666793e-02,-1.9470936930e+00,0.0000000000e+00,-1.9470936930e+00,5.5511151231e-15,1.9470936930e+00
1.5319666793e-02,-1.9396505868e+00,0.0000000000e+00,-1.9396505868e+00,1.9539925233e-14,1.9396505868e+00
1.7234666793e-02,-1.9322359332e+00,0.0000000000e+00,-1.9322359332e+00,1.4432899320e-14,1.9322359332e+00
1.9149666793e-02,-1.9248496234e+00,0.0000000000e+00,-1.9248496234e+00,1.9984014443e-15,1.9248496234e+00
2.1064666793e-02,-1.9174915490e+00,0.0000000000e+00,-1.9174915490e+00,4.4408920985e-15,1.9174915490e+00
2.2979666793e-02,-1.9101616022e+00,0.0000000000e+00,-1.9101616022e+00,1.0436096431e-14,1.9101616022e+00
2.4894666793e-02,-1.9028596754e+00,0.0000000000e+00,-1.9028596754e+00,1.1990408666e-14,1.9028596754e+00
2.6809666793e-02,-1.8955856615e+00,0.0000000000e+00,-1.8955856615e+00,8.8817841970e-15,1.8955856615e+00
2.8724666793e-02,-1.8883394537e+00,0.0000000000e+00,-1.8883394537e+00,2.4202861937e-14,1.8883394537e+00
3.0639666793e-02,-1.8811209459e+00,0.0000000000e+00,-1.8811209459e+00,2.1316282073e-14,1.8811209459e+00
3.2554666793e-02,-1.8739300321e+00,0.0000000000e+00,-1.8739300321e+00,1.4654943925e-14,1.8739300321e+00
3.4469666793e-02,-1.8667666068e+00,0.0000000000e+00,-1.8667666068e+00,2.4424906542e-14,1.8667666068e+00
3.6384666794e-02,-1.8596305649e+00,0.0000000000e+00,-1.8596305649e+00,3.3528735344e-14,1.8596305649e+00
3.8299666794e-02,-1.8525218018e+00,0.0000000000e+00,-1.8525218018e+00,3.5305092183e-14,1.8525218018e+00
4.0214666794e-02,-1.8454402132e+00,0.0000000000e+00,-1.8454402132e+00,3.7081449022e-14,1.8454402132e+00
4.2129666794e-02,-1.8383856952e+00,0.0000000000e+00,-1.8383856952e+00,5.7065463466e-14,1.8383856952e+00
4.4044666794e-02,-1.8313581443e+00,0.0000000000e+00,-1.8313581443e+00,6.3726801613e-14,1.8313581443e+00
4.5959666794e-02,-1.8243574575e+00,0.0000000000e+00,-1.8243574575e+00,7.0166095156e-14,1.8243574575e+00
4.7874666794e-02,-1.8173835321e+00,0.0000000000e+00,-1.8173835321e+00,8.0824236193e-14,1.8173835321e+00
4.9789666794e-02,-1.8104362656e+00,0.0000000000e+00,-1.8104362656e+00,9.2148511044e-14,1.8104362656e+00
5.1704666794e-02,-1.8035155564e+00,0.0000000000e+00,-1.8035155564e+00,1.0147438445e-13,1.8035155564e+00
5.3619666794e-02,-1.7966213027e+00,0.0000000000e+00,-1.7966213027e+00,9.9475983006e-14,1.7966213027e+00
5.5534666794e-02,-1.7897534035e+00,0.0000000000e+00,-1.7897534035e+00,1.1146639167e-13,1.7897534035e+00
5.7449666794e-02,-1.7829117581e+00,0.0000000000e+00,-1.7829117581e+00,1.2767564783e-13,1.7829117581e+00
5.9364666794e-02,-1.7760962661e+00,0.0000000000e+00,-1.7760962661e+00,1.2567724639e-13,1.7760962661e+00
6.1279666794e-02,-1.7693068275e+00,0.0000000000e+00,-1.7693068275e+00,1.3455903058e-13,1.7693068275e+00
6.3194666794e-02,-1.7625433426e+00,0.0000000000e+00,-1.7625433426e+00,1.4233059176e-13,1.7625433426e+00
6.5109666794e-02,-1.7558057124e+00,0.0000000000e+00,-1.7558057124e+00,1.4122036873e-13,1.7558057124e+00
6.7024666794e-02,-1.7490938380e+00,0.0000000000e+00,-1.7490938380e+00,1.5032419753e-13,1.7490938380e+00
6.8939666794e-02,-1.7424076209e+00,0.0000000000e+00,-1.7424076209e+00,1.5565326805e-13,1.7424076209e+00
7.0854666794e-02,-1.7357469630e+00,0.0000000000e+00,-1.7357469630e+00,1.5032419753e-13,1.7357469630e+00
7.2769666794e-02,-1.7291117666e+00,0.0000000000e+00,-1.7291117666e+00,1.6409096304e-13,1.7291117666e+00
7.4684666794e-02,-1.7225019345e+00,0.0000000000e+00,-1.7225019345e+00,1.6875389974e-13,1.7225019345e+00
7.6599666794e-02,-1.7159173696e+00,0.0000000000e+00,-1.7159173696e+00,1.8629542353e-13,1.7159173696e+00
7.8514666794e-02,-1.7093579753e+00,0.0000000000e+00,-1.7093579753e+00,1.9584334154e-13,1.7093579753e+00
8.0429666794e-02,-1.7028236555e+00,0.0000000000e+00,-1.7028236555e+00,2.0183854588e-13,1.7028236555e+00
8.2344666794e-02,-1.6963143142e+00,0.0000000000e+00,-1.6963143142e+00,2.2404300637e-13,1.6963143142e+00
8.4259666794e-02,-1.6898298560e+00,0.0000000000e+00,-1.6898298560e+00,2.3803181648e-13,1.6898298560e+00
8.6174666794e-02,-1.6833701859e+00,0.0000000000e+00,-1.6833701859e+00,2.4846791291e-13,1.6833701859e+00
8.8089666794e-02,-1.6769352089e+00,0.0000000000e+00,-1.6769352089e+00,2.4980018054e-13,1.6769352089e+00
9.0004666794e-02,-1.6705248308e+00,0.0000000000e+00,-1.6705248308e+00,2.5424107264e-13,1.6705248308e+00
9.1919666794e-02,-1.6641389574e+00,0.0000000000e+00,-1.6641389574e+00,2.7089441801e-13,1.6641389574e+00
9.3834666794e-02,-1.6577774952e+00,0.0000000000e+00,-1.6577774952e+00,2.7200464103e-13,1.6577774952e+00
9.5749666794e-02,-1.6514403508e+00,0.0000000000e+00,-1.6514403508e+00,2.6689761512e-13,1.6514403508e+00
9.7664666794e-02,-1.6451274312e+00,0.0000000000e+00,-1.6451274312e+00,2.7866597918e-13,1.6451274312e+00
9.9579666794e-02,-1.6388386438e+00,0.0000000000e+00,-1.6388386438e+00,2.8732571877e-13,1.6388386438e+00
1.0149466679e-01,-1.6325738965e+00,0.0000000000e+00,-1.6325738965e+00,3.0464519796e-13,1.6325738965e+00
1.0340966679e-01,-1.6263330972e+00,0.0000000000e+00,-1.6263330972e+00,3.0886404545e-13,1.6263330972e+00
1.0532466679e-01,-1.6201161545e+00,0.0000000000e+00,-1.6201161545e+00,3.2107649872e-13,1.6201161545e+00
1.0723966679e-01,-1.6139229771e+00,0.0000000000e+00,-1.6139229771e+00,3.3373304120e-13,1.6139229771e+00
1.0915466679e-01,-1.6077534743e+00,0.0000000000e+00,-1.6077534743e+00,3.4550140526e-13,1.6077534743e+00
1.1106966679e-01,-1.6016075554e+00,0.0000000000e+00,-1.6016075554e+00,3.5549341248e-13,1.6016075554e+00
1.1298466679e-01,-1.5954851304e+00,0.0000000000e+00,-1.5954851304e+00,3.5949021537e-13,1.5954851304e+00
1.1489966679e-01,-1.5893861094e+00,0.0000000000e+00,-1.5893861094e+00,3.6770586576e-13,1.5893861094e+00
1.1681466679e-01,-1.5833104030e+00,0.0000000000e+00,-1.5833104030e+00,3.7636560535e-13,1.5833104030e+00
1.1872966679e-01,-1.5772579221e+00,0.0000000000e+00,-1.5772579221e+00,3.8968828164e-13,1.5772579221e+00
1.2064466679e-01,-1.5712285778e+00,0.0000000000e+00,-1.5712285778e+00,3.9879211045e-13,1.5712285778e+00
1.2255966679e-01,-1.5652222817e+00,0.0000000000e+00,-1.5652222817e+00,4.0478731478e-13,1.5652222817e+00
1.2447466679e-01,-1.5592389458e+00,0.0000000000e+00,-1.5592389458e+00,4.0167869031e-13,1.5592389458e+00
1.2638966679e-01,-1.5532784822e+00,0.0000000000e+00,-1.5532784822e+00,3.9657166440e-13,1.5532784822e+00
1.2830466679e-01,-1.5473408036e+00,0.0000000000e+00,-1.5473408035e+00,4.1366909898e-13,1.5473408035e+00
1.3021966679e-01,-1.5414258227e+00,0.0000000000e+00,-1.5414258227e+00,4.1588954502e-13,1.5414258227e+00
1.3213466679e-01,-1.5355334529e+00,0.0000000000e+00,-1.5355334529e+00,4.2299497238e-13,1.5355334529e+00
1.3404966679e-01,-1.5296636077e+00,0.0000000000e+00,-1.5296636077e+00,4.2743586448e-13,1.5296636077e+00
1.3596466679e-01,-1.5238162010e+00,0.0000000000e+00,-1.5238162010e+00,4.3320902421e-13,1.5238162010e+00
1.3787966679e-01,-1.5179911470e+00,0.0000000000e+00,-1.5179911470e+00,4.4164671920e-13,1.5179911470e+00
1.3979466679e-01,-1.5121883604e+00,0.0000000000e+00,-1.5121883604e+00,4.3320902421e-13,1.5121883604e+00
1.4170966679e-01,-1.5064077559e+00,0.0000000000e+00,-1.5064077559e+00,4.3609560407e-13,1.5064077559e+00
1.4362466679e-01,-1.5006492488e+00,0.0000000000e+00,-1.5006492488e+00,4.3076653355e-13,1.5006492488e+00
1.4553966679e-01,-1.4949127545e+00,0.0000000000e+00,-1.4949127545e+00,4.4453329906e-13,1.4949127545e+00
1.4745466679e-01,-1.4891981891e+00,0.0000000000e+00,-1.4891981891e+00,4.6096459982e-13,1.4891981891e+00
1.4936966679e-01,-1.4835054685e+00,0.0000000000e+00,-1.4835054685e+00,4.5941028759e-13,1.4835054685e+00
1.5128466679e-01,-1.4778345094e+00,0.0000000000e+00,-1.4778345094e+00,4.5474735089e-13,1.4778345094e+00
1.5319966679e-01,-1.4721852285e+00,0.0000000000e+00,-1.4721852285e+00,4.6918025021e-13,1.4721852285e+00
1.5511466679e-01,-1.4665575430e+00,0.0000000000e+00,-1.4665575430e+00,4.6673775955e-13,1.4665575430e+00
1.5702966679e-01,-1.4609513703e+00,0.0000000000e+00,-1.4609513703e+00,4.7317705310e-13,1.4609513703e+00
1.5894466679e-01,-1.4553666281e+00,0.0000000000e+00,-1.4553666281e+00,4.7140069626e-13,1.4553666281e+00
1.6085966679e-01,-1.4498032346e+00,0.0000000000e+00,-1.4498032346e+00,4.7162274086e-13,1.4498032346e+00
1.6277466679e-01,-1.4442611082e+00,0.0000000000e+00,-1.4442611082e+00,4.6829207179e-13,1.4442611082e+00
1.6468966679e-01,-1.4387401675e+00,0.0000000000e+00,-1.4387401675e+00,4.7895021282e-13,1.4387401675e+00
1.6660466679e-01,-1.4332403316e+00,0.0000000000e+00,-1.4332403316e+00,4.6784798258e-13,1.4332403316e+00
1.6851966679e-01,-1.4277615197e+00,0.0000000000e+00,-1.4277615197e+00,4.8183679269e-13,1.4277615197e+00
1.7043466679e-01,-1.4223036516e+00,0.0000000000e+00,-1.4223036516e+00,4.7850612361e-13,1.4223036516e+00
1.7234966679e-01,-1.4168666471e+00,0.0000000000e+00,-1.4168666471e+00,4.8516746176e-13,1.4168666471e+00
1.7426466679e-01,-1.4114504265e+00,0.0000000000e+00,-1.4114504265e+00,5.0026649490e-13,1.4114504265e+00
1.7617966679e-01,-1.4060549104e+00,0.0000000000e+00,-1.4060549104e+00,5.1181281435e-13,1.4060549104e+00
1.7809466679e-01,-1.4006800196e+00,0.0000000000e+00,-1.4006800196e+00,5.1203485896e-13,1.4006800196e+00
1.8000966679e-01,-1.3953256752e+00,0.0000000000e+00,-1.3953256752e+00,5.1469939422e-13,1.3953256752e+00
1.8192466679e-01,-1.3899917988e+00,0.0000000000e+00,-1.3899917988e+00,5.1958437552e-13,1.3899917988e+00
1.8383966679e-01,-1.3846783120e+00,0.0000000000e+00,-1.3846783120e+00,5.1447734961e-13,1.3846783120e+00
1.8575466679e-01,-1.3793851370e+00,0.0000000000e+00,-1.3793851370e+00,5.0470738699e-13,1.3793851370e+00
1.8766966679e-01,-1.3741121960e+00,0.0000000000e+00,-1.3741121960e+00,5.1625370645e-13,1.3741121960e+00
1.8958466679e-01,-1.3688594118e+00,0.0000000000e+00,-1.3688594118e+00,5.2668980288e-13,1.3688594118e+00
1.9149966679e-01,-1.3636267073e+00,0.0000000000e+00,-1.3636267073e+00,5.2247095539e-13,1.3636267073e+00
1.9341466679e-01,-1.3584140057e+00,0.0000000000e+00,-1.3584140057e+00,5.3135273959e-13,1.3584140057e+00
1.9532966679e-01,-1.3532212306e+00,0.0000000000e+00,-1.3532212306e+00,5.3512749787e-13,1.3532212306e+00
1.9724466679e-01,-1.3480483057e+00,0.0000000000e+00,-1.3480483057e+00,5.4778404035e-13,1.3480483057e+00
1.9915966679e-01,-1.3428951553e+00,0.0000000000e+00,-1.3428951553e+00,5.5555560152e-13,1.3428951553e+00
2.0107466679e-01,-1.3377617037e+00,0.0000000000e+00,-1.3377617037e+00,5.5044857561e-13,1.3377617037e+00
2.0298966679e-01,-1.3326478756e+00,0.0000000000e+00,-1.3326478756e+00,5.4978244179e-13,1.3326478756e+00
2.0490466679e-01,-1.3275535960e+00,0.0000000000e+00,-1.3275535960e+00,5.4134474681e-13,1.3275535960e+00
2.0681966679e-01,-1.3224787902e+00,0.0000000000e+00,-1.3224787902e+00,5.5311311087e-13,1.3224787902e+00
2.0873466679e-01,-1.3174233837e+00,0.0000000000e+00,-1.3174233837e+00,5.5000448640e-13,1.3174233837e+00
2.1064966679e-01,-1.3123873024e+00,0.0000000000e+00,-1.3123873024e+00,5.6066262744e-13,1.3123873024e+00
2.1256466679e-01,-1.3073704724e+00,0.0000000000e+00,-1.3073704724e+00,5.6665783177e-13,1.3073704724e+00
2.1447966679e-01,-1.3023728201e+00,0.0000000000e+00,-1.3023728201e+00,5.6221693967e-13,1.3023728201e+00
2.1639466679e-01,-1.2973942722e+00,0.0000000000e+00,-1.2973942722e+00,5.6288307348e-13,1.2973942722e+00
2.1830966679e-01,-1.2924347557e+00,0.0000000000e+00,-1.2924347557e+00,5.5400128929e-13,1.2924347557e+00
2.2022466679e-01,-1.2874941978e+00,0.0000000000e+00,-1.2874941978e+00,5.5533355692e-13,1.2874941978e+00
2.2213966679e-01,-1.2825725260e+00,0.0000000000e+00,-1.2825725260e+00,5.5822013678e-13,1.2825725260e+00
2.2405466679e-01,-1.2776696682e+00,0.0000000000e+00,-1.2776696682e+00,5.5266902166e-13,1.2776696682e+00
2.2596966679e-01,-1.2727855524e+00,0.0000000000e+00,-1.2727855524e+00,5.6177285046e-13,1.2727855524e+00
2.2788466679e-01,-1.2679201071e+00,0.0000000000e+00,-1.2679201071e+00,5.6887827782e-13,1.2679201071e+00
2.2979966679e-01,-1.2630732607e+00,0.0000000000e+00,-1.2630732607e+00,5.7243099150e-13,1.2630732607e+00
2.3171466679e-01,-1.2582449422e+00,0.0000000000e+00,-1.2582449422e+00,5.6354920730e-13,1.2582449422e+00
2.3362966679e-01,-1.2534350809e+00,0.0000000000e+00,-1.2534350809e+00,5.6821214400e-13,1.2534350809e+00
2.3554466679e-01,-1.2486436060e+00,0.0000000000e+00,-1.2486436060e+00,5.6732396558e-13,1.2486436060e+00
2.3745966679e-01,-1.2438704475e+00,0.0000000000e+00,-1.2438704474e+00,5.6932236703e-13,1.2438704474e+00
2.3937466679e-01,-1.2391155351e+00,0.0000000000e+00,-1.2391155351e+00,5.6799009940e-13,1.2391155351e+00
2.4128966679e-01,-1.2343787992e+00,0.0000000000e+00,-1.2343787992e+00,5.6887827782e-13,1.2343787992e+00
2.4320466679e-01,-1.2296601704e+00,0.0000000000e+00,-1.2296601704e+00,5.7354121452e-13,1.2296601704e+00
2.4511966679e-01,-1.2249595793e+00,0.0000000000e+00,-1.2249595793e+00,5.8508753398e-13,1.2249595793e+00
2.4703466679e-01,-1.2202769571e+00,0.0000000000e+00,-1.2202769571e+00,5.9130478292e-13,1.2202769571e+00
2.4894966679e-01,-1.2156122350e+00,0.0000000000e+00,-1.2156122350e+00,5.8708593542e-13,1.2156122350e+00
2.5086466679e-01,-1.2109653446e+00,0.0000000000e+00,-1.2109653446e+00,5.3601567629e-13,1.2109653446e+00
2.5277966679e-01,-1.2063362178e+00,0.0000000000e+00,-1.2063362178e+00,3.9945824426e-13,1.2063362178e+00
2.5469466679e-01,-1.2017247866e+00,0.0000000000e+00,-1.2017247866e+00,2.7688962234e-13,1.2017247866e+00
2.5660966679e-01,-1.1971309834e+00,0.0000000000e+00,-1.1971309834e+00,1.4721557307e-13,1.1971309834e+00
2.5852466679e-01,-1.1925547408e+00,0.0000000000e+00,-1.1925547408e+00,2.3314683517e-14,1.1925547408e+00
2.6043966679e-01,-1.1879959917e+00,0.0000000000e+00,-1.1879959917e+00,1.0147438445e-13,1.1879959917e+00
2.6235466679e-01,-1.1834546693e+00,0.0000000000e+00,-1.1834546693e+00,2.3114843373e-13,1.1834546693e+00
2.6426966679e-01,-1.1789307068e+00,0.0000000000e+00,-1.1789307068e+00,3.6237679524e-13,1.1789307068e+00
2.6618466679e-01,-1.1744240380e+00,0.0000000000e+00,-1.1744240380e+00,4.8028248045e-13,1.1744240380e+00
2.6809966679e-01,-1.1699345967e+00,0.0000000000e+00,-1.1699345967e+00,5.9974247790e-13,1.1699345967e+00
2.7001466679e-01,-1.1654623171e+00,0.0000000000e+00,-1.1654623171e+00,7.0743411129e-13,1.1654623171e+00
2.7192966679e-01,-1.1610071335e+00,0.0000000000e+00,-1.1610071335e+00,8.2800433177e-13,1.1610071335e+00
2.7384466679e-01,-1.1565689807e+00,0.0000000000e+00,-1.1565689807e+00,9.4479979396e-13,1.1565689807e+00
2.7575966679e-01,-1.1521477935e+00,0.0000000000e+00,-1.1521477935e+00,1.0667022821e-12,1.1521477935e+00
2.7767466679e-01,-1.1477435070e+00,0.0000000000e+00,-1.1477435070e+00,1.1830536550e-12,1.1477435070e+00
2.7958966679e-01,-1.1433560567e+00,0.0000000000e+00,-1.1433560567e+00,1.2949641359e-12,1.1433560567e+00
2.8150466679e-01,-1.1389853782e+00,0.0000000000e+00,-1.1389853782e+00,1.3991030556e-12,1.1389853782e+00
2.8341966679e-01,-1.1346314074e+00,0.0000000000e+00,-1.1346314074e+00,1.5134560272e-12,1.1346314074e+00
2.8533466679e-01,-1.1302940804e+00,0.0000000000e+00,-1.1302940804e+00,1.6242562850e-12,1.1302940804e+00
2.8724966679e-01,-1.1259733335e+00,0.0000000000e+00,-1.1259733335e+00,1.7295054278e-12,1.1259733335e+00
2.8916466679e-01,-1.1216691035e+00,0.0000000000e+00,-1.1216691035e+00,1.8367529719e-12,1.1216691035e+00
2.9107966679e-01,-1.1173813272e+00,0.0000000000e+00,-1.1173813272e+00,1.9495516312e-12,1.1173813272e+00
2.9299466679e-01,-1.1131099416e+00,0.0000000000e+00,-1.1131099417e+00,2.0532464617e-12,1.1131099417e+00
2.9490966679e-01,-1.1088548842e+00,0.0000000000e+00,-1.1088548842e+00,2.1558310692e-12,1.1088548842e+00
2.9682466679e-01,-1.1046160925e+00,0.0000000000e+00,-1.1046160925e+00,2.2606361227e-12,1.1046160925e+00
2.9873966679e-01,-1.1003935043e+00,0.0000000000e+00,-1.1003935043e+00,2.3667734439e-12,1.1003935043e+00
3.0065466679e-01,-1.0961870576e+00,0.0000000000e+00,-1.0961870576e+00,2.4704682744e-12,1.0961870576e+00
3.0256966679e-01,-1.0919966909e+00,0.0000000000e+00,-1.0919966909e+00,2.5739410603e-12,1.0919966909e+00
3.0448466679e-01,-1.0878223425e+00,0.0000000000e+00,-1.0878223425e+00,2.6878499426e-12,1.0878223425e+00
3.0639966679e-01,-1.0836639513e+00,0.0000000000e+00,-1.0836639514e+00,2.7906565947e-12,1.0836639514e+00
3.0831466679e-01,-1.0795214564e+00,0.0000000000e+00,-1.0795214564e+00,2.8896884885e-12,1.0795214564e+00
3.1022966679e-01,-1.0753947968e+00,0.0000000000e+00,-1.0753947968e+00,2.9933833190e-12,1.0753947968e+00
3.1214466679e-01,-1.0712839121e+00,0.0000000000e+00,-1.0712839121e+00,3.0977442833e-12,1.0712839121e+00
3.1405966679e-01,-1.0671887419e+00,0.0000000000e+00,-1.0671887419e+00,3.1967761771e-12,1.0671887419e+00
3.1597466679e-01,-1.0631092263e+00,0.0000000000e+00,-1.0631092263e+00,3.2938096695e-12,1.0631092263e+00
3.1788966679e-01,-1.0590453054e+00,0.0000000000e+00,-1.0590453054e+00,3.3804070654e-12,1.0590453054e+00
3.1980466679e-01,-1.0549969195e+00,0.0000000000e+00,-1.0549969195e+00,3.4876546096e-12,1.0549969195e+00
3.2171966679e-01,-1.0509640092e+00,0.0000000000e+00,-1.0509640092e+00,3.5846881019e-12,1.0509640092e+00
3.2363466679e-01,-1.0469465155e+00,0.0000000000e+00,-1.0469465155e+00,3.6795011482e-12,1.0469465155e+00
3.2554966679e-01,-1.0429443793e+00,0.0000000000e+00,-1.0429443793e+00,3.7727598823e-12,1.0429443793e+00
3.2746466679e-01,-1.0389575420e+00,0.0000000000e+00,-1.0389575420e+00,3.8604675012e-12,1.0389575420e+00
3.2937966679e-01,-1.0349859451e+00,0.0000000000e+00,-1.0349859451e+00,3.9490632986e-12,1.0349859451e+00
3.3129466679e-01,-1.0310295303e+00,0.0000000000e+00,-1.0310295303e+00,4.0427661219e-12,1.0310295303e+00
3.3320966679e-01,-1.0270882395e+00,0.0000000000e+00,-1.0270882396e+00,4.1329162315e-12,1.0270882396e+00
3.3512466679e-01,-1.0231620151e+00,0.0000000000e+00,-1.0231620151e+00,4.2252867871e-12,1.0231620151e+00
3.3703966679e-01,-1.0192507994e+00,0.0000000000e+00,-1.0192507994e+00,4.3200998334e-12,1.0192507994e+00
3.3895466679e-01,-1.0153545349e+00,0.0000000000e+00,-1.0153545349e+00,4.4124703891e-12,1.0153545349e+00
3.4086966679e-01,-1.0114731646e+00,0.0000000000e+00,-1.0114731646e+00,4.4928505361e-12,1.0114731646e+00
3.4278466679e-01,-1.0076066315e+00,0.0000000000e+00,-1.0076066315e+00,4.5803361104e-12,1.0076066315e+00
3.4469966679e-01,-1.0037548789e+00,0.0000000000e+00,-1.0037548789e+00,4.6751491567e-12,1.0037548789e+00
3.4661466679e-01,-9.9991785035e-01,0.0000000000e+00,-9.9991785035e-01,4.7590820174e-12,9.9991785035e-01
3.4852966679e-01,-9.9609548947e-01,0.0000000000e+00,-9.9609548948e-01,4.8357984284e-12,9.9609548948e-01
3.5044466679e-01,-9.9228774024e-01,0.0000000000e+00,-9.9228774025e-01,4.9151793746e-12,9.9228774025e-01
3.5235966679e-01,-9.8849454680e-01,0.0000000000e+00,-9.8849454681e-01,5.0025539267e-12,9.8849454681e-01
3.5427466679e-01,-9.8471585350e-01,0.0000000000e+00,-9.8471585351e-01,5.0799364715e-12,9.8471585351e-01
3.5618966679e-01,-9.8095160492e-01,0.0000000000e+00,-9.8095160493e-01,5.1562087933e-12,9.8095160493e-01
3.5810466679e-01,-9.7720174584e-01,0.0000000000e+00,-9.7720174584e-01,5.2381432525e-12,9.7720174584e-01
3.6001966679e-01,-9.7346622125e-01,0.0000000000e+00,-9.7346622125e-01,5.3204107786e-12,9.7346622125e-01
3.6193466679e-01,-9.6974497635e-01,0.0000000000e+00,-9.6974497636e-01,5.3982374126e-12,9.6974497636e-01
3.6384966679e-01,-9.6603795657e-01,0.0000000000e+00,-9.6603795657e-01,5.4722892884e-12,9.6603795657e-01
3.6576466679e-01,-9.6234510752e-01,0.0000000000e+00,-9.6234510752e-01,5.5512261454e-12,9.6234510752e-01
3.6767966679e-01,-9.5866637502e-01,0.0000000000e+00,-9.5866637503e-01,5.6268323334e-12,9.5866637503e-01
3.6959466679e-01,-9.5500170513e-01,0.0000000000e+00,-9.5500170514e-01,5.7046589674e-12,9.5500170514e-01
3.7150966679e-01,-9.5135104408e-01,0.0000000000e+00,-9.5135104408e-01,5.7819304899e-12,9.5135104408e-01
3.7342466679e-01,-9.4771433832e-01,0.0000000000e+00,-9.4771433832e-01,5.8566484995e-12,9.4771433832e-01
3.7533966679e-01,-9.4409153450e-01,0.0000000000e+00,-9.4409153450e-01,5.9344751335e-12,9.4409153450e-01
3.7725466679e-01,-9.4048257948e-01,0.0000000000e+00,-9.4048257949e-01,6.0135230129e-12,9.4048257949e-01
3.7916966679e-01,-9.3688742033e-01,0.0000000000e+00,-9.3688742033e-01,6.0875748886e-12,9.3688742033e-01
3.8108466679e-01,-9.3330600430e-01,0.0000000000e+00,-9.3330600430e-01,6.1556315600e-12,9.3330600430e-01
3.8299966679e-01,-9.2973827885e-01,0.0000000000e+00,-9.2973827886e-01,6.2240212984e-12,9.2973827886e-01
3.8491466679e-01,-9.2618419167e-01,0.0000000000e+00,-9.2618419167e-01,6.2950755719e-12,9.2618419167e-01
3.8682966679e-01,-9.2264369060e-01,0.0000000000e+00,-9.2264369061e-01,6.3644645110e-12,9.2264369061e-01
3.8874466679e-01,-9.1911672372e-01,0.0000000000e+00,-9.1911672373e-01,6.4381833198e-12,9.1911672373e-01
3.9065966679e-01,-9.1560323929e-01,0.0000000000e+00,-9.1560323929e-01,6.5026872775e-12,9.1560323929e-01
3.9257466679e-01,-9.1210318576e-01,0.0000000000e+00,-9.1210318577e-01,6.5697447482e-12,9.1210318577e-01
3.9448966679e-01,-9.0861651180e-01,0.0000000000e+00,-9.0861651181e-01,6.6322503045e-12,9.0861651181e-01
3.9640466679e-01,-9.0514316626e-01,0.0000000000e+00,-9.0514316627e-01,6.6983085745e-12,9.0514316627e-01
3.9831966679e-01,-9.0168309820e-01,0.0000000000e+00,-9.0168309820e-01,6.7654770675e-12,9.0168309820e-01
4.0023466679e-01,-8.9823625685e-01,0.0000000000e+00,-8.9823625685e-01,6.8297589806e-12,8.9823625685e-01
4.0214966679e-01,-8.9480259165e-01,0.0000000000e+00,-8.9480259165e-01,6.8948180498e-12,8.9480259165e-01
4.0406466679e-01,-8.9138205224e-01,0.0000000000e+00,-8.9138205224e-01,6.9585448514e-12,8.9138205224e-01
4.0597966679e-01,-8.8797458843e-01,0.0000000000e+00,-8.8797458844e-01,7.0244920991e-12,8.8797458844e-01
4.0789466679e-01,-8.8458015026e-01,0.0000000000e+00,-8.8458015027e-01,7.0907724137e-12,8.8458015027e-01
4.0980966679e-01,-8.8119868792e-01,0.0000000000e+00,-8.8119868793e-01,7.1546102376e-12,8.8119868793e-01
4.1172466679e-01,-8.7783015181e-01,0.0000000000e+00,-8.7783015181e-01,7.2170047716e-12,8.7783015181e-01
4.1363966679e-01,-8.7447449252e-01,0.0000000000e+00,-8.7447449252e-01,7.2803985063e-12,8.7447449252e-01
4.1555466679e-01,-8.7113166082e-01,0.0000000000e+00,-8.7113166083e-01,7.3433481518e-12,8.7113166083e-01
4.1746966679e-01,-8.6780160768e-01,0.0000000000e+00,-8.6780160769e-01,7.4034112174e-12,8.6780160769e-01
4.1938466679e-01,-8.6448428425e-01,0.0000000000e+00,-8.6448428426e-01,7.4585893017e-12,8.6448428426e-01
4.2129966679e-01,-8.6117964187e-01,0.0000000000e+00,-8.6117964188e-01,7.5219830364e-12,8.6117964188e-01
4.2321466679e-01,-8.5788763207e-01,0.0000000000e+00,-8.5788763208e-01,7.5812689460e-12,8.5788763208e-01
4.2512966679e-01,-8.5460820655e-01,0.0000000000e+00,-8.5460820655e-01,7.6416650785e-12,8.5460820655e-01
4.2704466679e-01,-8.5134131720e-01,0.0000000000e+00,-8.5134131721e-01,7.7023942779e-12,8.5134131721e-01
4.2895966679e-01,-8.4808691611e-01,0.0000000000e+00,-8.4808691612e-01,7.7581274738e-12,8.4808691612e-01
4.3087466679e-01,-8.4484495554e-01,0.0000000000e+00,-8.4484495555e-01,7.8185236063e-12,8.4484495555e-01
4.3278966679e-01,-8.4161538793e-01,0.0000000000e+00,-8.4161538794e-01,7.8757000921e-12,8.4161538794e-01
4.3470466679e-01,-8.3839816591e-01,0.0000000000e+00,-8.3839816592e-01,7.9328765779e-12,8.3839816592e-01
4.3661966679e-01,-8.3519324228e-01,0.0000000000e+00,-8.3519324229e-01,7.9863893276e-12,8.3519324229e-01
4.3853466679e-01,-8.3200057003e-01,0.0000000000e+00,-8.3200057004e-01,8.0397910551e-12,8.3200057004e-01
4.4044966679e-01,-8.2882010233e-01,0.0000000000e+00,-8.2882010234e-01,8.0935258495e-12,8.2882010234e-01
4.4236466679e-01,-8.2565179253e-01,0.0000000000e+00,-8.2565179253e-01,8.1452622425e-12,8.2565179253e-01
4.4427966679e-01,-8.2249559414e-01,0.0000000000e+00,-8.2249559415e-01,8.1979978361e-12,8.2249559415e-01
4.4619466679e-01,-8.1935146087e-01,0.0000000000e+00,-8.1935146088e-01,8.2537310320e-12,8.1935146088e-01
4.4810966679e-01,-8.1621934660e-01,0.0000000000e+00,-8.1621934661e-01,8.3104634285e-12,8.1621934661e-01
4.5002466679e-01,-8.1309920539e-01,0.0000000000e+00,-8.1309920540e-01,8.3580919963e-12,8.1309920540e-01
4.5193966679e-01,-8.0999099146e-01,0.0000000000e+00,-8.0999099147e-01,8.4079410101e-12,8.0999099147e-01
4.5385466679e-01,-8.0689465923e-01,0.0000000000e+00,-8.0689465924e-01,8.4563467340e-12,8.0689465924e-01
4.5576966679e-01,-8.0381016326e-01,0.0000000000e+00,-8.0381016327e-01,8.5027540564e-12,8.0381016327e-01
4.5768466679e-01,-8.0073745832e-01,0.0000000000e+00,-8.0073745833e-01,8.5551565832e-12,8.0073745833e-01
4.5959966679e-01,-7.9767649934e-01,0.0000000000e+00,-7.9767649935e-01,8.6047835524e-12,7.9767649935e-01
4.6151466679e-01,-7.9462724140e-01,0.0000000000e+00,-7.9462724141e-01,8.6570750568e-12,7.9462724141e-01
4.6342966679e-01,-7.9158963979e-01,0.0000000000e+00,-7.9158963980e-01,8.7034823792e-12,7.9158963980e-01
4.6534466679e-01,-7.8856364994e-01,0.0000000000e+00,-7.8856364994e-01,8.7505558355e-12,7.8856364994e-01
4.6725966679e-01,-7.8554922746e-01,0.0000000000e+00,-7.8554922747e-01,8.8036244961e-12,7.8554922747e-01
4.6917466679e-01,-7.8254632814e-01,0.0000000000e+00,-7.8254632815e-01,8.8503648854e-12,7.8254632815e-01
4.7108966679e-01,-7.7955490793e-01,0.0000000000e+00,-7.7955490794e-01,8.8943297172e-12,7.7955490794e-01
4.7300466679e-01,-7.7657492295e-01,0.0000000000e+00,-7.7657492296e-01,8.9387386382e-12,7.7657492296e-01
4.7491966679e-01,-7.7360632948e-01,0.0000000000e+00,-7.7360632949e-01,8.9859231167e-12,7.7360632949e-01
4.7683466679e-01,-7.7064908398e-01,0.0000000000e+00,-7.7064908399e-01,9.0329965730e-12,7.7064908399e-01
4.7874966679e-01,-7.6770314306e-01,0.0000000000e+00,-7.6770314307e-01,9.0739638026e-12,7.6770314307e-01
4.8066466679e-01,-7.6476846352e-01,0.0000000000e+00,-7.6476846353e-01,9.1165963667e-12,7.6476846353e-01
4.8257966679e-01,-7.6184500231e-01,0.0000000000e+00,-7.6184500232e-01,9.1592289309e-12,7.6184500232e-01
4.8449466679e-01,-7.5893271654e-01,0.0000000000e+00,-7.5893271655e-01,9.2001961605e-12,7.5893271655e-01
4.8640966679e-01,-7.5603156349e-01,0.0000000000e+00,-7.5603156350e-01,9.2426066800e-12,7.5603156350e-01
4.8832466679e-01,-7.5314150060e-01,0.0000000000e+00,-7.5314150061e-01,9.2880148017e-12,7.5314150061e-01
4.9023966679e-01,-7.5026248549e-01,0.0000000000e+00,-7.5026248550e-01,9.3347551910e-12,7.5026248550e-01
4.9215466679e-01,-7.4739447592e-01,0.0000000000e+00,-7.4739447592e-01,9.3777208221e-12,7.4739447592e-01
4.9406966679e-01,-7.4453742981e-01,0.0000000000e+00,-7.4453742982e-01,9.4151353380e-12,7.4453742982e-01
4.9598466679e-01,-7.4169130526e-01,0.0000000000e+00,-7.4169130527e-01,9.4561025676e-12,7.4169130527e-01
4.9789966679e-01,-7.3885606052e-01,0.0000000000e+00,-7.3885606053e-01,9.4944052620e-12,7.3885606053e-01
4.9981466679e-01,-7.3603165400e-01,0.0000000000e+00,-7.3603165401e-01,9.5368157815e-12,7.3603165401e-01
5.0172966679e-01,-7.3321804427e-01,0.0000000000e+00,-7.3321804428e-01,9.4335650402e-12,7.3321804428e-01
5.0364466679e-01,-7.3041519005e-01,0.0000000000e+00,-7.3041519006e-01,9.3162144665e-12,7.3041519006e-01
5.0555966679e-01,-7.2762305023e-01,0.0000000000e+00,-7.2762305024e-01,9.2083007885e-12,7.2762305024e-01
5.0747466679e-01,-7.2484158386e-01,0.0000000000e+00,-7.2484158387e-01,9.0958351961e-12,7.2484158387e-01
5.0938966679e-01,-7.2207075013e-01,0.0000000000e+00,-7.2207075013e-01,8.9830365368e-12,7.2207075013e-01
5.1130466679e-01,-7.1931050839e-01,0.0000000000e+00,-7.1931050840e-01,8.8680174315e-12,7.1931050840e-01
5.1321966679e-01,-7.1656081816e-01,0.0000000000e+00,-7.1656081817e-01,8.7573281959e-12,7.1656081817e-01
5.1513466679e-01,-7.1382163910e-01,0.0000000000e+00,-7.1382163911e-01,8.6431972690e-12,7.1382163911e-01
5.1704966679e-01,-7.1109293104e-01,0.0000000000e+00,-7.1109293105e-01,8.5350615464e-12,7.1109293105e-01
5.1896466679e-01,-7.0837465393e-01,0.0000000000e+00,-7.0837465394e-01,8.4194873295e-12,7.0837465394e-01
5.2087966679e-01,-7.0566676792e-01,0.0000000000e+00,-7.0566676793e-01,8.3060225364e-12,7.0566676793e-01
5.2279466679e-01,-7.0296923328e-01,0.0000000000e+00,-7.0296923328e-01,8.2004403268e-12,7.0296923328e-01
5.2470966679e-01,-7.0028201043e-01,0.0000000000e+00,-7.0028201044e-01,8.0988549200e-12,7.0028201044e-01
5.2662466679e-01,-6.9760505996e-01,0.0000000000e+00,-6.9760505997e-01,7.9900530636e-12,6.9760505997e-01
5.2853966679e-01,-6.9493834261e-01,0.0000000000e+00,-6.9493834261e-01,7.8870243669e-12,6.9493834261e-01
5.3045466679e-01,-6.9228181924e-01,0.0000000000e+00,-6.9228181925e-01,7.7827744249e-12,6.9228181925e-01
5.3236966679e-01,-6.8963545091e-01,0.0000000000e+00,-6.8963545091e-01,7.6800787951e-12,6.8963545091e-01
5.3428466679e-01,-6.8699919877e-01,0.0000000000e+00,-6.8699919878e-01,7.5750516970e-12,6.8699919878e-01
5.3619966679e-01,-6.8437302418e-01,0.0000000000e+00,-6.8437302419e-01,7.4684702867e-12,6.8437302419e-01
5.3811466679e-01,-6.8175688859e-01,0.0000000000e+00,-6.8175688860e-01,7.3634431885e-12,6.8175688860e-01
5.4002966679e-01,-6.7915075364e-01,0.0000000000e+00,-6.7915075365e-01,7.2628569825e-12,6.7915075365e-01
5.4194466679e-01,-6.7655458110e-01,0.0000000000e+00,-6.7655458111e-01,7.1593841966e-12,6.7655458111e-01
5.4385966679e-01,-6.7396833288e-01,0.0000000000e+00,-6.7396833289e-01,7.0524697193e-12,6.7396833289e-01
5.4577466679e-01,-6.7139197105e-01,0.0000000000e+00,-6.7139197106e-01,6.9488859111e-12,6.7139197106e-01
5.4768966679e-01,-6.6882545781e-01,0.0000000000e+00,-6.6882545782e-01,6.8520744634e-12,6.6882545782e-01
5.4960466679e-01,-6.6626875552e-01,0.0000000000e+00,-6.6626875552e-01,6.7498229228e-12,6.6626875552e-01
5.5151966679e-01,-6.6372182667e-01,0.0000000000e+00,-6.6372182667e-01,6.6492367168e-12,6.6372182667e-01
5.5343466679e-01,-6.6118463390e-01,0.0000000000e+00,-6.6118463390e-01,6.5504268676e-12,6.6118463390e-01
5.5534966679e-01,-6.5865713999e-01,0.0000000000e+00,-6.5865714000e-01,6.4509508846e-12,6.5865714000e-01
5.5726466679e-01,-6.5613930787e-01,0.0000000000e+00,-6.5613930788e-01,6.3475891210e-12,6.5613930788e-01
5.5917966679e-01,-6.5363110060e-01,0.0000000000e+00,-6.5363110061e-01,6.2518878963e-12,6.5363110061e-01
5.6109466679e-01,-6.5113248140e-01,0.0000000000e+00,-6.5113248140e-01,6.1550764485e-12,6.5113248140e-01
5.6300966679e-01,-6.4864341360e-01,0.0000000000e+00,-6.4864341361e-01,6.0607074914e-12,6.4864341361e-01
5.6492466679e-01,-6.4616386070e-01,0.0000000000e+00,-6.4616386071e-01,5.9685589804e-12,6.4616386071e-01
5.6683966679e-01,-6.4369378633e-01,0.0000000000e+00,-6.4369378633e-01,5.8794080715e-12,6.4369378633e-01
5.6875466679e-01,-6.4123315424e-01,0.0000000000e+00,-6.4123315425e-01,5.7873705828e-12,6.4123315425e-01
5.7066966679e-01,-6.3878192836e-01,0.0000000000e+00,-6.3878192836e-01,5.6958882055e-12,6.3878192836e-01
5.7258466679e-01,-6.3634007271e-01,0.0000000000e+00,-6.3634007272e-01,5.6006310700e-12,6.3634007272e-01
5.7449966679e-01,-6.3390755148e-01,0.0000000000e+00,-6.3390755149e-01,5.5033755331e-12,6.3390755149e-01
5.7641466679e-01,-6.3148432899e-01,0.0000000000e+00,-6.3148432900e-01,5.4166671148e-12,6.3148432900e-01
5.7832966679e-01,-6.2907036970e-01,0.0000000000e+00,-6.2907036970e-01,5.3288484736e-12,6.2907036970e-01
5.8024466679e-01,-6.2666563818e-01,0.0000000000e+00,-6.2666563819e-01,5.2345905388e-12,6.2666563819e-01
5.8215966679e-01,-6.2427009917e-01,0.0000000000e+00,-6.2427009918e-01,5.1469939422e-12,6.2427009918e-01
5.8407466679e-01,-6.2188371753e-01,0.0000000000e+00,-6.2188371754e-01,5.0585091671e-12,6.2188371754e-01
5.8598966679e-01,-6.1950645825e-01,0.0000000000e+00,-6.1950645826e-01,4.9740211949e-12,6.1950645826e-01
5.8790466679e-01,-6.1713828646e-01,0.0000000000e+00,-6.1713828646e-01,4.8855364199e-12,6.1713828646e-01
5.8981966679e-01,-6.1477916742e-01,0.0000000000e+00,-6.1477916742e-01,4.7986059570e-12,6.1477916742e-01
5.9173466679e-01,-6.1242906652e-01,0.0000000000e+00,-6.1242906653e-01,4.7113424273e-12,6.1242906653e-01
5.9364966679e-01,-6.1008794930e-01,0.0000000000e+00,-6.1008794930e-01,4.6322945479e-12,6.1008794930e-01
5.9556466679e-01,-6.0775578141e-01,0.0000000000e+00,-6.0775578141e-01,4.5429215945e-12,6.0775578141e-01
5.9747966679e-01,-6.0543252863e-01,0.0000000000e+00,-6.0543252864e-01,4.4636516705e-12,6.0543252864e-01
5.9939466679e-01,-6.0311815690e-01,0.0000000000e+00,-6.0311815690e-01,4.3794967652e-12,6.0311815690e-01
6.0130966679e-01,-6.0081263226e-01,0.0000000000e+00,-6.0081263226e-01,4.2957859492e-12,6.0081263226e-01
6.0322466679e-01,-5.9851592088e-01,0.0000000000e+00,-5.9851592089e-01,4.2065240180e-12,5.9851592089e-01
6.0513966679e-01,-5.9622798909e-01,0.0000000000e+00,-5.9622798910e-01,4.1274761386e-12,5.9622798910e-01
6.0705466679e-01,-5.9394880332e-01,0.0000000000e+00,-5.9394880333e-01,4.0425440773e-12,5.9394880333e-01
6.0896966679e-01,-5.9167833014e-01,0.0000000000e+00,-5.9167833014e-01,3.9647174432e-12,5.9167833014e-01
6.1088466679e-01,-5.8941653623e-01,0.0000000000e+00,-5.8941653624e-01,3.8815617387e-12,5.8941653624e-01
6.1279966679e-01,-5.8716338843e-01,0.0000000000e+00,-5.8716338844e-01,3.8008485248e-12,5.8716338844e-01
6.1471466679e-01,-5.8491885368e-01,0.0000000000e+00,-5.8491885369e-01,3.7239100692e-12,5.8491885369e-01
6.1662966679e-01,-5.8268289906e-01,0.0000000000e+00,-5.8268289906e-01,3.6508573942e-12,5.8268289906e-01
6.1854466679e-01,-5.8045549176e-01,0.0000000000e+00,-5.8045549177e-01,3.5719205371e-12,5.8045549177e-01
6.2045966679e-01,-5.7823659912e-01,0.0000000000e+00,-5.7823659912e-01,3.4905411894e-12,5.7823659912e-01
6.2237466679e-01,-5.7602618858e-01,0.0000000000e+00,-5.7602618859e-01,3.4167113583e-12,5.7602618859e-01
6.2428966679e-01,-5.7382422773e-01,0.0000000000e+00,-5.7382422773e-01,3.3416602818e-12,5.7382422773e-01
6.2620466679e-01,-5.7163068425e-01,0.0000000000e+00,-5.7163068426e-01,3.2638336478e-12,5.7163068426e-01
6.2811966679e-01,-5.6944552598e-01,0.0000000000e+00,-5.6944552599e-01,3.1868951922e-12,5.6944552599e-01
6.3003466679e-01,-5.6726872086e-01,0.0000000000e+00,-5.6726872086e-01,3.1111779819e-12,5.6726872086e-01
6.3194966679e-01,-5.6510023696e-01,0.0000000000e+00,-5.6510023696e-01,3.0404567752e-12,5.6510023696e-01
6.3386466679e-01,-5.6294004246e-01,0.0000000000e+00,-5.6294004247e-01,2.9699576132e-12,5.6294004247e-01
6.3577966679e-01,-5.6078810569e-01,0.0000000000e+00,-5.6078810569e-01,2.8944624475e-12,5.6078810569e-01
6.3769466679e-01,-5.5864439507e-01,0.0000000000e+00,-5.5864439507e-01,2.8272939545e-12,5.5864439507e-01
6.3960966679e-01,-5.5650887916e-01,0.0000000000e+00,-5.5650887916e-01,2.7526869673e-12,5.5650887916e-01
6.4152466679e-01,-5.5438152663e-01,0.0000000000e+00,-5.5438152664e-01,2.6793012253e-12,5.5438152664e-01
6.4343966679e-01,-5.5226230629e-01,0.0000000000e+00,-5.5226230629e-01,2.6099122863e-12,5.5226230629e-01
6.4535466679e-01,-5.5015118703e-01,0.0000000000e+00,-5.5015118703e-01,2.5364155221e-12,5.5015118703e-01
6.4726966679e-01,-5.4804813789e-01,0.0000000000e+00,-5.4804813789e-01,2.4685808953e-12,5.4804813789e-01
6.4918466679e-01,-5.4595312803e-01,0.0000000000e+00,-5.4595312803e-01,2.3979707109e-12,5.4595312803e-01
6.5109966679e-01,-5.4386612671e-01,0.0000000000e+00,-5.4386612671e-01,2.3222535006e-12,5.4386612671e-01
6.5301466679e-01,-5.4178710331e-01,0.0000000000e+00,-5.4178710331e-01,2.2490898033e-12,5.4178710331e-01
6.5492966679e-01,-5.3971602735e-01,0.0000000000e+00,-5.3971602735e-01,2.1843638009e-12,5.3971602735e-01
6.5684466679e-01,-5.3765286843e-01,0.0000000000e+00,-5.3765286844e-01,2.1124213490e-12,5.3765286844e-01
6.5875966679e-01,-5.3559759631e-01,0.0000000000e+00,-5.3559759631e-01,2.0422552538e-12,5.3559759631e-01
6.6067466679e-01,-5.3355018082e-01,0.0000000000e+00,-5.3355018082e-01,1.9696466680e-12,5.3355018082e-01
6.6258966679e-01,-5.3151059193e-01,0.0000000000e+00,-5.3151059193e-01,1.9040324872e-12,5.3151059193e-01
6.6450466679e-01,-5.2947879973e-01,0.0000000000e+00,-5.2947879973e-01,1.8378631950e-12,5.2947879973e-01
6.6641966679e-01,-5.2745477441e-01,0.0000000000e+00,-5.2745477441e-01,1.7696955013e-12,5.2745477441e-01
6.6833466679e-01,-5.2543848628e-01,0.0000000000e+00,-5.2543848628e-01,1.7041923428e-12,5.2543848628e-01
6.7024966679e-01,-5.2342990576e-01,0.0000000000e+00,-5.2342990576e-01,1.6344703369e-12,5.2342990576e-01
6.7216466679e-01,-5.2142900340e-01,0.0000000000e+00,-5.2142900340e-01,1.5722978475e-12,5.2142900340e-01
6.7407966679e-01,-5.1943574983e-01,0.0000000000e+00,-5.1943574983e-01,1.5070167336e-12,5.1943574983e-01
6.7599466679e-01,-5.1745011583e-01,0.0000000000e+00,-5.1745011583e-01,1.4466206011e-12,5.1745011583e-01
6.7790966679e-01,-5.1547207225e-01,0.0000000000e+00,-5.1547207226e-01,1.3818945988e-12,5.1547207226e-01
6.7982466679e-01,-5.1350159010e-01,0.0000000000e+00,-5.1350159010e-01,1.3271606036e-12,5.1350159010e-01
6.8173966679e-01,-5.1153864046e-01,0.0000000000e+00,-5.1153864046e-01,1.2626566459e-12,5.1153864046e-01
6.8365466679e-01,-5.0958319453e-01,0.0000000000e+00,-5.0958319454e-01,1.2011502903e-12,5.0958319454e-01
6.8556966679e-01,-5.0763522364e-01,0.0000000000e+00,-5.0763522365e-01,1.1416423362e-12,5.0763522365e-01
6.8748466679e-01,-5.0569469921e-01,0.0000000000e+00,-5.0569469922e-01,1.0818013152e-12,5.0569469922e-01
6.8939966679e-01,-5.0376159278e-01,0.0000000000e+00,-5.0376159278e-01,1.0286216323e-12,5.0376159278e-01
6.9131466679e-01,-5.0183587598e-01,0.0000000000e+00,-5.0183587598e-01,9.6556096452e-13,5.0183587598e-01
6.9322966679e-01,-4.9991752057e-01,0.0000000000e+00,-4.9991752057e-01,9.0283336363e-13,4.9991752057e-01
6.9514466679e-01,-4.9800649841e-01,0.0000000000e+00,-4.9800649841e-01,8.4454665483e-13,4.9800649841e-01
6.9705966679e-01,-4.9610278147e-01,0.0000000000e+00,-4.9610278147e-01,7.8609341259e-13,4.9610278147e-01
6.9897466679e-01,-4.9420634181e-01,0.0000000000e+00,-4.9420634181e-01,7.2730710343e-13,4.9420634181e-01
7.0088966679e-01,-4.9231715163e-01,0.0000000000e+00,-4.9231715163e-01,6.6957550615e-13,4.9231715163e-01
7.0280466679e-01,-4.9043518321e-01,0.0000000000e+00,-4.9043518321e-01,6.1428639953e-13,4.9043518321e-01
7.0471966679e-01,-4.8856040894e-01,0.0000000000e+00,-4.8856040895e-01,5.5722093606e-13,4.8856040895e-01
7.0663466679e-01,-4.8669280133e-01,0.0000000000e+00,-4.8669280133e-01,5.0026649490e-13,4.8669280133e-01
7.0854966679e-01,-4.8483233297e-01,0.0000000000e+00,-4.8483233297e-01,4.4458881021e-13,4.8483233297e-01
7.1046466679e-01,-4.8297897658e-01,0.0000000000e+00,-4.8297897658e-01,3.9102054927e-13,4.8297897658e-01
7.1237966679e-01,-4.8113270497e-01,0.0000000000e+00,-4.8113270497e-01,3.3767433294e-13,4.8113270497e-01
7.1429466679e-01,-4.7929349105e-01,0.0000000000e+00,-4.7929349105e-01,2.8232971516e-13,4.7929349105e-01
7.1620966679e-01,-4.7746130785e-01,0.0000000000e+00,-4.7746130785e-01,2.2781776465e-13,4.7746130785e-01
7.1812466679e-01,-4.7563612849e-01,0.0000000000e+00,-4.7563612849e-01,1.7669199437e-13,4.7563612849e-01
7.2003966679e-01,-4.7381792620e-01,0.0000000000e+00,-4.7381792620e-01,1.2295719998e-13,4.7381792620e-01
7.2195466679e-01,-4.7200667430e-01,0.0000000000e+00,-4.7200667430e-01,7.1498362786e-14,4.7200667430e-01
7.2386966679e-01,-4.7020234623e-01,0.0000000000e+00,-4.7020234623e-01,2.0705659409e-14,4.7020234623e-01
7.2578466679e-01,-4.6840491552e-01,0.0000000000e+00,-4.6840491552e-01,3.2918112680e-14,4.6840491552e-01
7.2769966679e-01,-4.6661435581e-01,0.0000000000e+00,-4.6661435581e-01,8.3155704544e-14,4.6661435581e-01
7.2961466679e-01,-4.6483064082e-01,0.0000000000e+00,-4.6483064082e-01,1.3478107519e-13,4.6483064082e-01
7.3152966679e-01,-4.6305374439e-01,0.0000000000e+00,-4.6305374439e-01,1.8590684547e-13,4.6305374439e-01
7.3344466679e-01,-4.6128364047e-01,0.0000000000e+00,-4.6128364047e-01,2.3819834993e-13,4.6128364047e-01
7.3535966679e-01,-4.5952030307e-01,0.0000000000e+00,-4.5952030307e-01,2.8821389719e-13,4.5952030307e-01
7.3727466679e-01,-4.5776370634e-01,0.0000000000e+00,-4.5776370634e-01,3.3650859876e-13,4.5776370634e-01
7.3918966679e-01,-4.5601382451e-01,0.0000000000e+00,-4.5601382451e-01,3.8563596760e-13,4.5601382451e-01
7.4110466679e-01,-4.5427063190e-01,0.0000000000e+00,-4.5427063190e-01,4.3276493500e-13,4.5427063190e-01
7.4301966679e-01,-4.5253410296e-01,0.0000000000e+00,-4.5253410296e-01,4.7950532434e-13,4.5253410296e-01
7.4493466679e-01,-4.5080421220e-01,0.0000000000e+00,-4.5080421220e-01,5.2852167087e-13,4.5080421220e-01
7.4684966679e-01,-4.4908093425e-01,0.0000000000e+00,-4.4908093425e-01,5.7565063827e-13,4.4908093425e-01
7.4876466679e-01,-4.4736424383e-01,0.0000000000e+00,-4.4736424383e-01,6.2255756106e-13,4.4736424383e-01
7.5067966679e-01,-4.4565411577e-01,0.0000000000e+00,-4.4565411576e-01,6.6879835003e-13,4.4565411576e-01
7.5259466679e-01,-4.4395052496e-01,0.0000000000e+00,-4.4395052496e-01,7.1365136023e-13,4.4395052496e-01
7.5450966679e-01,-4.4225344643e-01,0.0000000000e+00,-4.4225344643e-01,7.5922601539e-13,4.4225344643e-01
7.5642466679e-01,-4.4056285528e-01,0.0000000000e+00,-4.4056285528e-01,8.0413453674e-13,4.4056285528e-01
7.5833966679e-01,-4.3887872671e-01,0.0000000000e+00,-4.3887872671e-01,8.5009776996e-13,4.3887872671e-01
7.6025466679e-01,-4.3720103601e-01,0.0000000000e+00,-4.3720103601e-01,8.9350749022e-13,4.3720103601e-01
7.6216966679e-01,-4.3552975858e-01,0.0000000000e+00,-4.3552975858e-01,9.3619556552e-13,4.3552975858e-01
7.6408466679e-01,-4.3386486991e-01,0.0000000000e+00,-4.3386486991e-01,9.7749586203e-13,4.3386486991e-01
7.6599966679e-01,-4.3220634556e-01,0.0000000000e+00,-4.3220634556e-01,1.0232925618e-12,4.3220634556e-01
7.6791466679e-01,-4.3055416121e-01,0.0000000000e+00,-4.3055416120e-01,1.0639822356e-12,4.3055416120e-01
7.6982966679e-01,-4.2890829262e-01,0.0000000000e+00,-4.2890829262e-01,1.1065037775e-12,4.2890829262e-01
7.7174466679e-01,-4.2726871565e-01,0.0000000000e+00,-4.2726871565e-01,1.1486367413e-12,4.2726871565e-01
7.7365966679e-01,-4.2563540625e-01,0.0000000000e+00,-4.2563540625e-01,1.1913803277e-12,4.2563540625e-01
7.7557466679e-01,-4.2400834047e-01,0.0000000000e+00,-4.2400834047e-01,1.2325696019e-12,4.2400834047e-01
7.7748966680e-01,-4.2238749443e-01,0.0000000000e+00,-4.2238749442e-01,1.2735368315e-12,4.2238749442e-01
7.7940466680e-01,-4.2077284435e-01,0.0000000000e+00,-4.2077284435e-01,1.3141709942e-12,4.2077284435e-01
7.8131966680e-01,-4.1916436656e-01,0.0000000000e+00,-4.1916436656e-01,1.3540835120e-12,4.1916436656e-01
7.8323466680e-01,-4.1756203745e-01,0.0000000000e+00,-4.1756203745e-01,1.3962164758e-12,4.1756203745e-01
7.8514966680e-01,-4.1596583353e-01,0.0000000000e+00,-4.1596583353e-01,1.4340750809e-12,4.1596583353e-01
7.8706466680e-01,-4.1437573138e-01,0.0000000000e+00,-4.1437573138e-01,1.4752088440e-12,4.1437573138e-01
7.8897966680e-01,-4.1279170767e-01,0.0000000000e+00,-4.1279170767e-01,1.5150658506e-12,4.1279170767e-01
7.9089466680e-01,-4.1121373917e-01,0.0000000000e+00,-4.1121373917e-01,1.5542567233e-12,4.1121373917e-01
7.9280966680e-01,-4.0964180273e-01,0.0000000000e+00,-4.0964180272e-01,1.5924483954e-12,4.0964180272e-01
7.9472466680e-01,-4.0807587529e-01,0.0000000000e+00,-4.0807587529e-01,1.6333601138e-12,4.0807587529e-01
7.9663966680e-01,-4.0651593388e-01,0.0000000000e+00,-4.0651593388e-01,1.6717738305e-12,4.0651593388e-01
7.9855466680e-01,-4.0496195562e-01,0.0000000000e+00,-4.0496195562e-01,1.7100210137e-12,4.0496195562e-01
8.0046966680e-01,-4.0341391772e-01,0.0000000000e+00,-4.0341391771e-01,1.7501555760e-12,4.0341391771e-01
8.0238466680e-01,-4.0187179746e-01,0.0000000000e+00,-4.0187179745e-01,1.7886248038e-12,4.0187179745e-01
8.0429966680e-01,-4.0033557222e-01,0.0000000000e+00,-4.0033557222e-01,1.8260393198e-12,4.0033557222e-01
8.0621466680e-01,-3.9880521948e-01,0.0000000000e+00,-3.9880521947e-01,1.8633428134e-12,3.9880521947e-01
8.0812966680e-01,-3.9728071677e-01,0.0000000000e+00,-3.9728071677e-01,1.9030887977e-12,3.9728071677e-01
8.1004466680e-01,-3.9576204175e-01,0.0000000000e+00,-3.9576204174e-01,1.9373946891e-12,3.9576204174e-01
8.1195966680e-01,-3.9424917212e-01,0.0000000000e+00,-3.9424917212e-01,1.9728663148e-12,3.9424917212e-01
8.1387466680e-01,-3.9274208570e-01,0.0000000000e+00,-3.9274208570e-01,2.0075607843e-12,3.9274208570e-01
8.1578966680e-01,-3.9124076039e-01,0.0000000000e+00,-3.9124076039e-01,2.0443091664e-12,3.9124076039e-01
8.1770466680e-01,-3.8974517415e-01,0.0000000000e+00,-3.8974517415e-01,2.0809465262e-12,3.8974517415e-01
8.1961966680e-01,-3.8825530506e-01,0.0000000000e+00,-3.8825530505e-01,2.1168622411e-12,3.8825530505e-01
8.2153466680e-01,-3.8677113124e-01,0.0000000000e+00,-3.8677113124e-01,2.1527224447e-12,3.8677113124e-01
8.2344966680e-01,-3.8529263095e-01,0.0000000000e+00,-3.8529263094e-01,2.1859181132e-12,3.8529263094e-01
8.2536466680e-01,-3.8381978248e-01,0.0000000000e+00,-3.8381978247e-01,2.2212787165e-12,3.8381978247e-01
8.2727966680e-01,-3.8235256423e-01,0.0000000000e+00,-3.8235256422e-01,2.2553070522e-12,3.8235256422e-01
8.2919466680e-01,-3.8089095467e-01,0.0000000000e+00,-3.8089095467e-01,2.2870594307e-12,3.8089095467e-01
8.3110966680e-01,-3.7943493238e-01,0.0000000000e+00,-3.7943493238e-01,2.3199220323e-12,3.7943493238e-01
8.3302466680e-01,-3.7798447599e-01,0.0000000000e+00,-3.7798447598e-01,2.3562263252e-12,3.7798447598e-01
8.3493966680e-01,-3.7653956421e-01,0.0000000000e+00,-3.7653956421e-01,2.3895330159e-12,3.7653956421e-01
8.3685466680e-01,-3.7510017587e-01,0.0000000000e+00,-3.7510017587e-01,2.4203417048e-12,3.7510017587e-01
8.3876966680e-01,-3.7366628984e-01,0.0000000000e+00,-3.7366628984e-01,2.4537594179e-12,3.7366628984e-01
8.4068466680e-01,-3.7223788509e-01,0.0000000000e+00,-3.7223788509e-01,2.4853452629e-12,3.7223788509e-01
8.4259966680e-01,-3.7081494067e-01,0.0000000000e+00,-3.7081494067e-01,2.5170421303e-12,3.7081494067e-01
8.4451466680e-01,-3.6939743570e-01,0.0000000000e+00,-3.6939743570e-01,2.5475732635e-12,3.6939743570e-01
8.4642966680e-01,-3.6798534940e-01,0.0000000000e+00,-3.6798534939e-01,2.5775492851e-12,3.6798534939e-01
8.4834466680e-01,-3.6657866104e-01,0.0000000000e+00,-3.6657866103e-01,2.6065816172e-12,3.6657866103e-01
8.5025966680e-01,-3.6517734999e-01,0.0000000000e+00,-3.6517734999e-01,2.6363355943e-12,3.6517734999e-01
8.5217466680e-01,-3.6378139570e-01,0.0000000000e+00,-3.6378139569e-01,2.6655899710e-12,3.6378139569e-01
8.5408966680e-01,-3.6239077768e-01,0.0000000000e+00,-3.6239077768e-01,2.6965651934e-12,3.6239077768e-01
8.5600466680e-01,-3.6100547555e-01,0.0000000000e+00,-3.6100547555e-01,2.7262081481e-12,3.6100547555e-01
8.5791966680e-01,-3.5962546898e-01,0.0000000000e+00,-3.5962546898e-01,2.7553515025e-12,3.5962546898e-01
8.5983466680e-01,-3.5825073773e-01,0.0000000000e+00,-3.5825073772e-01,2.7818858328e-12,3.5825073772e-01
8.6174966680e-01,-3.5688126162e-01,0.0000000000e+00,-3.5688126162e-01,2.8108071426e-12,3.5688126162e-01
8.6366466680e-01,-3.5551702058e-01,0.0000000000e+00,-3.5551702058e-01,2.8414492981e-12,3.5551702058e-01
8.6557966680e-01,-3.5415799459e-01,0.0000000000e+00,-3.5415799458e-01,2.8695934517e-12,3.5415799458e-01
8.6749466680e-01,-3.5280416371e-01,0.0000000000e+00,-3.5280416370e-01,2.8954616482e-12,3.5280416370e-01
8.6940966680e-01,-3.5145550808e-01,0.0000000000e+00,-3.5145550808e-01,2.9217184228e-12,3.5145550808e-01
8.7132466680e-01,-3.5011200793e-01,0.0000000000e+00,-3.5011200793e-01,2.9480307084e-12,3.5011200793e-01
8.7323966680e-01,-3.4877364355e-01,0.0000000000e+00,-3.4877364354e-01,2.9776736632e-12,3.4877364354e-01
8.7515466680e-01,-3.4744039529e-01,0.0000000000e+00,-3.4744039529e-01,3.0013769248e-12,3.4744039529e-01
8.7706966680e-01,-3.4611224361e-01,0.0000000000e+00,-3.4611224361e-01,3.0294100561e-12,3.4611224361e-01
8.7898466680e-01,-3.4478916902e-01,0.0000000000e+00,-3.4478916902e-01,3.0573876764e-12,3.4478916902e-01
8.8089966680e-01,-3.4347115212e-01,0.0000000000e+00,-3.4347115212e-01,3.0841440513e-12,3.4347115212e-01
8.8281466680e-01,-3.4215817357e-01,0.0000000000e+00,-3.4215817356e-01,3.1096236697e-12,3.4215817356e-01
8.8472966680e-01,-3.4085021410e-01,0.0000000000e+00,-3.4085021410e-01,3.1362690223e-12,3.4085021410e-01
8.8664466680e-01,-3.3954725454e-01,0.0000000000e+00,-3.3954725454e-01,3.1628588637e-12,3.3954725454e-01
8.8855966680e-01,-3.3824927578e-01,0.0000000000e+00,-3.3824927577e-01,3.1891156382e-12,3.3824927577e-01
8.9047466680e-01,-3.3695625876e-01,0.0000000000e+00,-3.3695625875e-01,3.2134850336e-12,3.3695625875e-01
8.9238966680e-01,-3.3566818452e-01,0.0000000000e+00,-3.3566818452e-01,3.2369662506e-12,3.3566818452e-01
8.9430466680e-01,-3.3438503418e-01,0.0000000000e+00,-3.3438503417e-01,3.2617797352e-12,3.3438503417e-01
8.9621966680e-01,-3.3310678890e-01,0.0000000000e+00,-3.3310678890e-01,3.2834290842e-12,3.3310678890e-01
8.9813466680e-01,-3.3183342994e-01,0.0000000000e+00,-3.3183342993e-01,3.3052449666e-12,3.3183342993e-01
9.0004966680e-01,-3.3056493861e-01,0.0000000000e+00,-3.3056493861e-01,3.3296698732e-12,3.3056493861e-01
9.0196466680e-01,-3.2930129632e-01,0.0000000000e+00,-3.2930129631e-01,3.3542613131e-12,3.2930129631e-01
9.0387966680e-01,-3.2804248451e-01,0.0000000000e+00,-3.2804248451e-01,3.3767988405e-12,3.2804248451e-01
9.0579466680e-01,-3.2678848474e-01,0.0000000000e+00,-3.2678848474e-01,3.3967828550e-12,3.2678848474e-01
9.0770966680e-01,-3.2553927860e-01,0.0000000000e+00,-3.2553927860e-01,3.4210412281e-12,3.2553927860e-01
9.0962466680e-01,-3.2429484777e-01,0.0000000000e+00,-3.2429484777e-01,3.4415803540e-12,3.2429484777e-01
9.1153966680e-01,-3.2305517399e-01,0.0000000000e+00,-3.2305517399e-01,3.4625080580e-12,3.2305517399e-01
9.1345466680e-01,-3.2182023909e-01,0.0000000000e+00,-3.2182023908e-01,3.4869884757e-12,3.2182023908e-01
9.1536966680e-01,-3.2059002494e-01,0.0000000000e+00,-3.2059002493e-01,3.5059732895e-12,3.2059002493e-01
9.1728466680e-01,-3.1936451349e-01,0.0000000000e+00,-3.1936451349e-01,3.5271785492e-12,3.1936451349e-01
9.1919966680e-01,-3.1814368678e-01,0.0000000000e+00,-3.1814368678e-01,3.5483838090e-12,3.1814368678e-01
9.2111466680e-01,-3.1692752689e-01,0.0000000000e+00,-3.1692752689e-01,3.5704217360e-12,3.1692752689e-01
9.2302966680e-01,-3.1571601599e-01,0.0000000000e+00,-3.1571601599e-01,3.5909608620e-12,3.1571601599e-01
9.2494466680e-01,-3.1450913630e-01,0.0000000000e+00,-3.1450913630e-01,3.6089464750e-12,3.1450913630e-01
9.2685966680e-01,-3.1330687012e-01,0.0000000000e+00,-3.1330687011e-01,3.6295966233e-12,3.1330687011e-01
9.2877466680e-01,-3.1210919981e-01,0.0000000000e+00,-3.1210919980e-01,3.6493585931e-12,3.1210919980e-01
9.3068966680e-01,-3.1091610780e-01,0.0000000000e+00,-3.1091610780e-01,3.6707858975e-12,3.1091610780e-01
9.3260466680e-01,-3.0972757660e-01,0.0000000000e+00,-3.0972757659e-01,3.6904368450e-12,3.0972757659e-01
9.3451966680e-01,-3.0854358876e-01,0.0000000000e+00,-3.0854358876e-01,3.7093661476e-12,3.0854358876e-01
9.3643466680e-01,-3.0736412693e-01,0.0000000000e+00,-3.0736412693e-01,3.7264080710e-12,3.0736412693e-01
9.3834966680e-01,-3.0618917380e-01,0.0000000000e+00,-3.0618917379e-01,3.7432834610e-12,3.0618917379e-01
9.4026466680e-01,-3.0501871213e-01,0.0000000000e+00,-3.0501871212e-01,3.7632674754e-12,3.0501871212e-01
9.4217966680e-01,-3.0385272475e-01,0.0000000000e+00,-3.0385272474e-01,3.7801983765e-12,3.0385272474e-01
9.4409466680e-01,-3.0269119456e-01,0.0000000000e+00,-3.0269119456e-01,3.7974623446e-12,3.0269119456e-01
9.4600966680e-01,-3.0153410453e-01,0.0000000000e+00,-3.0153410453e-01,3.8172243144e-12,3.0153410453e-01
9.4792466680e-01,-3.0038143768e-01,0.0000000000e+00,-3.0038143767e-01,3.8361536170e-12,3.0038143767e-01
9.4983966680e-01,-2.9923317709e-01,0.0000000000e+00,-2.9923317709e-01,3.8545833192e-12,2.9923317709e-01
9.5175466680e-01,-2.9808930594e-01,0.0000000000e+00,-2.9808930593e-01,3.8712921757e-12,2.9808930593e-01
9.5366966680e-01,-2.9694980743e-01,0.0000000000e+00,-2.9694980742e-01,3.8898329002e-12,2.9694980742e-01
9.5558466680e-01,-2.9581466485e-01,0.0000000000e+00,-2.9581466485e-01,3.9068193125e-12,2.9581466485e-01
9.5749966680e-01,-2.9468386155e-01,0.0000000000e+00,-2.9468386155e-01,3.9242498140e-12,2.9468386155e-01
9.5941466680e-01,-2.9355738095e-01,0.0000000000e+00,-2.9355738095e-01,3.9439562727e-12,2.9355738095e-01
9.6132966680e-01,-2.9243520652e-01,0.0000000000e+00,-2.9243520651e-01,3.9594438839e-12,2.9243520651e-01
9.6324466680e-01,-2.9131732179e-01,0.0000000000e+00,-2.9131732179e-01,3.9751535397e-12,2.9131732179e-01
9.6515966680e-01,-2.9020371038e-01,0.0000000000e+00,-2.9020371037e-01,3.9942493757e-12,2.9020371037e-01
9.6707466680e-01,-2.8909435594e-01,0.0000000000e+00,-2.8909435593e-01,4.0083492081e-12,2.8909435593e-01
9.6898966680e-01,-2.8798924220e-01,0.0000000000e+00,-2.8798924219e-01,4.0257797096e-12,2.8798924219e-01
9.7090466680e-01,-2.8688835295e-01,0.0000000000e+00,-2.8688835294e-01,4.0414893654e-12,2.8688835294e-01
9.7281966680e-01,-2.8579167204e-01,0.0000000000e+00,-2.8579167204e-01,4.0578651550e-12,2.8579167204e-01
9.7473466680e-01,-2.8469918339e-01,0.0000000000e+00,-2.8469918338e-01,4.0740189000e-12,2.8469918338e-01
9.7664966680e-01,-2.8361087096e-01,0.0000000000e+00,-2.8361087096e-01,4.0892844666e-12,2.8361087096e-01
9.7856466680e-01,-2.8252671881e-01,0.0000000000e+00,-2.8252671880e-01,4.1057157674e-12,2.8252671880e-01
9.8047966680e-01,-2.8144671101e-01,0.0000000000e+00,-2.8144671100e-01,4.1213144009e-12,2.8144671100e-01
9.8239466680e-01,-2.8037083173e-01,0.0000000000e+00,-2.8037083172e-01,4.1330827649e-12,2.8037083172e-01
9.8430966680e-01,-2.7929906519e-01,0.0000000000e+00,-2.7929906518e-01,4.1457393074e-12,2.7929906518e-01
9.8622466680e-01,-2.7823139566e-01,0.0000000000e+00,-2.7823139565e-01,4.1567305153e-12,2.7823139565e-01
9.8813966680e-01,-2.7716780748e-01,0.0000000000e+00,-2.7716780748e-01,4.1734393719e-12,2.7716780748e-01
9.9005466680e-01,-2.7610828506e-01,0.0000000000e+00,-2.7610828506e-01,4.1894265834e-12,2.7610828506e-01
9.9196966680e-01,-2.7505281285e-01,0.0000000000e+00,-2.7505281285e-01,4.2041925497e-12,2.7505281285e-01
9.9388466680e-01,-2.7400137536e-01,0.0000000000e+00,-2.7400137536e-01,4.2177372706e-12,2.7400137536e-01
9.9579966680e-01,-2.7295395718e-01,0.0000000000e+00,-2.7295395718e-01,4.2313930138e-12,2.7295395718e-01
9.9771466680e-01,-2.7191054294e-01,0.0000000000e+00,-2.7191054294e-01,4.2442716008e-12,2.7191054294e-01
9.9962966680e-01,-2.7087111733e-01,0.0000000000e+00,-2.7087111733e-01,4.2601477901e-12,2.7087111733e-01
1.0015446668e+00,-2.6983566511e-01,0.0000000000e+00,-2.6983566511e-01,4.1797676431e-12,2.6983566511e-01
1.0034596668e+00,-2.6880417108e-01,0.0000000000e+00,-2.6880417108e-01,4.0799585932e-12,2.6880417108e-01
1.0053746668e+00,-2.6777662013e-01,0.0000000000e+00,-2.6777662012e-01,3.9806491436e-12,2.6777662012e-01
1.0072896668e+00,-2.6675299716e-01,0.0000000000e+00,-2.6675299716e-01,3.8810621383e-12,2.6675299716e-01
1.0092046668e+00,-2.6573328717e-01,0.0000000000e+00,-2.6573328717e-01,3.7817526888e-12,2.6573328717e-01
1.0111196668e+00,-2.6471747520e-01,0.0000000000e+00,-2.6471747520e-01,3.6829428396e-12,2.6471747520e-01
1.0130346668e+00,-2.6370554635e-01,0.0000000000e+00,-2.6370554635e-01,3.5845215685e-12,2.6370554635e-01
1.0149496668e+00,-2.6269748578e-01,0.0000000000e+00,-2.6269748578e-01,3.4894864775e-12,2.6269748578e-01
1.0168646668e+00,-2.6169327869e-01,0.0000000000e+00,-2.6169327869e-01,3.3936742305e-12,2.6169327869e-01
1.0187796668e+00,-2.6069291036e-01,0.0000000000e+00,-2.6069291036e-01,3.2993052734e-12,2.6069291036e-01
1.0206946668e+00,-2.5969636612e-01,0.0000000000e+00,-2.5969636611e-01,3.2043812048e-12,2.5969636611e-01
1.0226096668e+00,-2.5870363134e-01,0.0000000000e+00,-2.5870363133e-01,3.1076252682e-12,2.5870363133e-01
1.0245246668e+00,-2.5771469146e-01,0.0000000000e+00,-2.5771469145e-01,3.0158653352e-12,2.5771469145e-01
1.0264396668e+00,-2.5672953197e-01,0.0000000000e+00,-2.5672953197e-01,2.9242719357e-12,2.5672953197e-01
1.0283546668e+00,-2.5574813843e-01,0.0000000000e+00,-2.5574813843e-01,2.8321234247e-12,2.5574813843e-01
1.0302696668e+00,-2.5477049644e-01,0.0000000000e+00,-2.5477049644e-01,2.7437496719e-12,2.5477049644e-01
1.0321846668e+00,-2.5379659166e-01,0.0000000000e+00,-2.5379659166e-01,2.6540991627e-12,2.5379659166e-01
1.0340996668e+00,-2.5282640980e-01,0.0000000000e+00,-2.5282640980e-01,2.5665580772e-12,2.5282640980e-01
1.0360146668e+00,-2.5185993663e-01,0.0000000000e+00,-2.5185993662e-01,2.4760749007e-12,2.5185993662e-01
1.0379296668e+00,-2.5089715797e-01,0.0000000000e+00,-2.5089715796e-01,2.3878121702e-12,2.5089715796e-01
1.0398446668e+00,-2.4993805970e-01,0.0000000000e+00,-2.4993805970e-01,2.2998547511e-12,2.4993805970e-01
1.0417596668e+00,-2.4898262775e-01,0.0000000000e+00,-2.4898262775e-01,2.2135626665e-12,2.4898262775e-01
1.0436746668e+00,-2.4803084811e-01,0.0000000000e+00,-2.4803084810e-01,2.1252721805e-12,2.4803084810e-01
1.0455896668e+00,-2.4708270681e-01,0.0000000000e+00,-2.4708270681e-01,2.0394519407e-12,2.4708270681e-01
1.0475046668e+00,-2.4613818994e-01,0.0000000000e+00,-2.4613818994e-01,1.9534929230e-12,2.4613818994e-01
1.0494196668e+00,-2.4519728366e-01,0.0000000000e+00,-2.4519728366e-01,1.8695878179e-12,2.4519728366e-01
1.0513346668e+00,-2.4425997416e-01,0.0000000000e+00,-2.4425997416e-01,1.7858770018e-12,2.4425997416e-01
1.0532496668e+00,-2.4332624769e-01,0.0000000000e+00,-2.4332624769e-01,1.7022772081e-12,2.4332624769e-01
1.0551646668e+00,-2.4239609055e-01,0.0000000000e+00,-2.4239609054e-01,1.6195655927e-12,2.4239609054e-01
1.0570796668e+00,-2.4146948909e-01,0.0000000000e+00,-2.4146948909e-01,1.5371592887e-12,2.4146948909e-01
1.0589946668e+00,-2.4054642974e-01,0.0000000000e+00,-2.4054642974e-01,1.4559742301e-12,2.4054642974e-01
1.0609096668e+00,-2.3962689894e-01,0.0000000000e+00,-2.3962689894e-01,1.3754275496e-12,2.3962689894e-01
1.0628246668e+00,-2.3871088320e-01,0.0000000000e+00,-2.3871088320e-01,1.2956302697e-12,2.3871088320e-01
1.0647396668e+00,-2.3779836910e-01,0.0000000000e+00,-2.3779836910e-01,1.2153611451e-12,2.3779836910e-01
1.0666546668e+00,-2.3688934324e-01,0.0000000000e+00,-2.3688934324e-01,1.1356748875e-12,2.3688934324e-01
1.0685696668e+00,-2.3598379230e-01,0.0000000000e+00,-2.3598379229e-01,1.0564604747e-12,2.3598379229e-01
1.0704846668e+00,-2.3508170298e-01,0.0000000000e+00,-2.3508170297e-01,9.7905017427e-13,2.3508170297e-01
1.0723996668e+00,-2.3418306205e-01,0.0000000000e+00,-2.3418306205e-01,9.0061291758e-13,2.3418306205e-01
1.0743146668e+00,-2.3328785633e-01,0.0000000000e+00,-2.3328785633e-01,8.2439610694e-13,2.3328785633e-01
1.0762296668e+00,-2.3239607270e-01,0.0000000000e+00,-2.3239607270e-01,7.4912298587e-13,2.3239607270e-01
1.0781446668e+00,-2.3150769807e-01,0.0000000000e+00,-2.3150769806e-01,6.7382210922e-13,2.3150769806e-01
1.0800596668e+00,-2.3062271940e-01,0.0000000000e+00,-2.3062271940e-01,5.9868776603e-13,2.3062271940e-01
1.0819746668e+00,-2.2974112372e-01,0.0000000000e+00,-2.2974112372e-01,5.2430282338e-13,2.2974112372e-01
1.0838896668e+00,-2.2886289809e-01,0.0000000000e+00,-2.2886289809e-01,4.5047299224e-13,2.2886289809e-01
1.0858046668e+00,-2.2798802963e-01,0.0000000000e+00,-2.2798802963e-01,3.7736480607e-13,2.2798802963e-01
1.0877196668e+00,-2.2711650551e-01,0.0000000000e+00,-2.2711650551e-01,3.0447866450e-13,2.2711650551e-01
1.0896346668e+00,-2.2624831294e-01,0.0000000000e+00,-2.2624831294e-01,2.3092638912e-13,2.2624831294e-01
1.0915496668e+00,-2.2538343920e-01,0.0000000000e+00,-2.2538343920e-01,1.5931700403e-13,2.2538343920e-01
1.0934646668e+00,-2.2452187158e-01,0.0000000000e+00,-2.2452187158e-01,8.8179463731e-14,2.2452187158e-01
1.0953796668e+00,-2.2366359746e-01,0.0000000000e+00,-2.2366359746e-01,1.7430501487e-14,2.2366359746e-01
1.0972946668e+00,-2.2280860423e-01,0.0000000000e+00,-2.2280860423e-01,5.3762549967e-14,2.2280860423e-01
1.0992096668e+00,-2.2195687937e-01,0.0000000000e+00,-2.2195687937e-01,1.2478906797e-13,2.2195687937e-01
1.1011246668e+00,-2.2110841038e-01,0.0000000000e+00,-2.2110841038e-01,1.9367840665e-13,2.2110841038e-01
1.1030396668e+00,-2.2026318481e-01,0.0000000000e+00,-2.2026318481e-01,2.6256774532e-13,2.2026318481e-01
1.1049546668e+00,-2.1942119026e-01,0.0000000000e+00,-2.1942119026e-01,3.3045788328e-13,2.1942119026e-01
1.1068696668e+00,-2.1858241438e-01,0.0000000000e+00,-2.1858241438e-01,3.9718228706e-13,2.1858241438e-01
1.1087846668e+00,-2.1774684487e-01,0.0000000000e+00,-2.1774684487e-01,4.6418424660e-13,2.1774684487e-01
1.1106996668e+00,-2.1691446947e-01,0.0000000000e+00,-2.1691446947e-01,5.3002047196e-13,2.1691446947e-01
1.1126146668e+00,-2.1608527598e-01,0.0000000000e+00,-2.1608527598e-01,5.9571791944e-13,2.1608527598e-01
1.1145296668e+00,-2.1525925221e-01,0.0000000000e+00,-2.1525925221e-01,6.6135985577e-13,2.1525925221e-01
1.1164446668e+00,-2.1443638607e-01,0.0000000000e+00,-2.1443638607e-01,7.2664096962e-13,2.1443638607e-01
1.1183596668e+00,-2.1361666548e-01,0.0000000000e+00,-2.1361666548e-01,7.9131146080e-13,2.1361666548e-01
1.1202746668e+00,-2.1280007841e-01,0.0000000000e+00,-2.1280007842e-01,8.5467743993e-13,2.1280007842e-01
1.1221896668e+00,-2.1198661289e-01,0.0000000000e+00,-2.1198661290e-01,9.1882057518e-13,2.1198661290e-01
1.1241046668e+00,-2.1117625699e-01,0.0000000000e+00,-2.1117625699e-01,9.8115959801e-13,2.1117625699e-01
1.1260196668e+00,-2.1036899881e-01,0.0000000000e+00,-2.1036899881e-01,1.0435818876e-12,2.1036899881e-01
1.1279346668e+00,-2.0956482652e-01,0.0000000000e+00,-2.0956482652e-01,1.1052547766e-12,2.0956482652e-01
1.1298496668e+00,-2.0876372832e-01,0.0000000000e+00,-2.0876372832e-01,1.1660672428e-12,2.0876372832e-01
1.1317646668e+00,-2.0796569245e-01,0.0000000000e+00,-2.0796569245e-01,1.2264911309e-12,2.0796569245e-01
1.1336796668e+00,-2.0717070722e-01,0.0000000000e+00,-2.0717070722e-01,1.2884693312e-12,2.0717070722e-01
1.1355946668e+00,-2.0637876095e-01,0.0000000000e+00,-2.0637876095e-01,1.3497813978e-12,2.0637876095e-01
1.1375096668e+00,-2.0558984204e-01,0.0000000000e+00,-2.0558984204e-01,1.4087619959e-12,2.0558984204e-01
1.1394246668e+00,-2.0480393891e-01,0.0000000000e+00,-2.0480393891e-01,1.4682699501e-12,2.0480393891e-01
1.1413396668e+00,-2.0402104004e-01,0.0000000000e+00,-2.0402104004e-01,1.5266399256e-12,2.0402104004e-01
1.1432546668e+00,-2.0324113393e-01,0.0000000000e+00,-2.0324113393e-01,1.5836498779e-12,2.0324113393e-01
1.1451696668e+00,-2.0246420914e-01,0.0000000000e+00,-2.0246420915e-01,1.6415202531e-12,2.0246420915e-01
1.1470846668e+00,-2.0169025429e-01,0.0000000000e+00,-2.0169025429e-01,1.6978640716e-12,2.0169025429e-01
1.1489996668e+00,-2.0091925802e-01,0.0000000000e+00,-2.0091925802e-01,1.7543189124e-12,2.0091925802e-01
1.1509146668e+00,-2.0015120901e-01,0.0000000000e+00,-2.0015120901e-01,1.8099688415e-12,2.0015120901e-01
1.1528296668e+00,-1.9938609601e-01,0.0000000000e+00,-1.9938609601e-01,1.8668677715e-12,1.9938609601e-01
1.1547446668e+00,-1.9862390778e-01,0.0000000000e+00,-1.9862390779e-01,1.9219625891e-12,1.9862390779e-01
1.1566596668e+00,-1.9786463316e-01,0.0000000000e+00,-1.9786463316e-01,1.9763357617e-12,1.9786463316e-01
1.1585746668e+00,-1.9710826099e-01,0.0000000000e+00,-1.9710826099e-01,2.0305146453e-12,1.9710826099e-01
1.1604896668e+00,-1.9635478019e-01,0.0000000000e+00,-1.9635478019e-01,2.0838608616e-12,1.9635478019e-01
1.1624046668e+00,-1.9560417969e-01,0.0000000000e+00,-1.9560417970e-01,2.1377066783e-12,1.9560417970e-01
1.1643196668e+00,-1.9485644851e-01,0.0000000000e+00,-1.9485644851e-01,2.1913582060e-12,1.9485644851e-01
1.1662346668e+00,-1.9411157565e-01,0.0000000000e+00,-1.9411157565e-01,2.2446489112e-12,1.9411157565e-01
1.1681496668e+00,-1.9336955020e-01,0.0000000000e+00,-1.9336955020e-01,2.2977730829e-12,1.9336955020e-01
1.1700646668e+00,-1.9263036127e-01,0.0000000000e+00,-1.9263036128e-01,2.3497870316e-12,1.9263036128e-01
1.1719796668e+00,-1.9189399803e-01,0.0000000000e+00,-1.9189399803e-01,2.4016899580e-12,1.9189399803e-01
1.1738946668e+00,-1.9116044966e-01,0.0000000000e+00,-1.9116044966e-01,2.4527047060e-12,1.9116044966e-01
1.1758096668e+00,-1.9042970540e-01,0.0000000000e+00,-1.9042970540e-01,2.5026924977e-12,1.9042970540e-01
1.1777246668e+00,-1.8970175455e-01,0.0000000000e+00,-1.8970175455e-01,2.5522362002e-12,1.8970175455e-01
1.1796396668e+00,-1.8897658641e-01,0.0000000000e+00,-1.8897658641e-01,2.6023072586e-12,1.8897658641e-01
1.1815546668e+00,-1.8825419036e-01,0.0000000000e+00,-1.8825419036e-01,2.6512680940e-12,1.8825419036e-01
1.1834696668e+00,-1.8753455579e-01,0.0000000000e+00,-1.8753455579e-01,2.6990909507e-12,1.8753455579e-01
1.1853846668e+00,-1.8681767215e-01,0.0000000000e+00,-1.8681767215e-01,2.7473578967e-12,1.8681767215e-01
1.1872996668e+00,-1.8610352892e-01,0.0000000000e+00,-1.8610352892e-01,2.7958746429e-12,1.8610352892e-01
1.1892146668e+00,-1.8539211563e-01,0.0000000000e+00,-1.8539211563e-01,2.8460567236e-12,1.8539211563e-01
1.1911296668e+00,-1.8468342184e-01,0.0000000000e+00,-1.8468342184e-01,2.8934910024e-12,1.8468342184e-01
1.1930446668e+00,-1.8397743716e-01,0.0000000000e+00,-1.8397743716e-01,2.9397873025e-12,1.8397743716e-01
1.1949596668e+00,-1.8327415123e-01,0.0000000000e+00,-1.8327415123e-01,2.9861113582e-12,1.8327415123e-01
1.1968746668e+00,-1.8257355373e-01,0.0000000000e+00,-1.8257355373e-01,3.0335733925e-12,1.8257355373e-01
1.1987896668e+00,-1.8187563439e-01,0.0000000000e+00,-1.8187563439e-01,3.0795088701e-12,1.8187563439e-01
1.2007046668e+00,-1.8118038296e-01,0.0000000000e+00,-1.8118038297e-01,3.1264713041e-12,1.8118038297e-01
1.2026196668e+00,-1.8048778926e-01,0.0000000000e+00,-1.8048778926e-01,3.1718794258e-12,1.8048778926e-01
1.2045346668e+00,-1.7979784312e-01,0.0000000000e+00,-1.7979784312e-01,3.2170099917e-12,1.7979784312e-01
1.2064496668e+00,-1.7911053441e-01,0.0000000000e+00,-1.7911053442e-01,3.2609748235e-12,1.7911053442e-01
1.2083646668e+00,-1.7842585307e-01,0.0000000000e+00,-1.7842585307e-01,3.3058833449e-12,1.7842585307e-01
1.2102796668e+00,-1.7774378904e-01,0.0000000000e+00,-1.7774378904e-01,3.3492375540e-12,1.7774378904e-01
1.2121946668e+00,-1.7706433232e-01,0.0000000000e+00,-1.7706433232e-01,3.3937852528e-12,1.7706433232e-01
1.2141096668e+00,-1.7638747294e-01,0.0000000000e+00,-1.7638747294e-01,3.4358349499e-12,1.7638747294e-01
1.2160246668e+00,-1.7571320097e-01,0.0000000000e+00,-1.7571320097e-01,3.4772185131e-12,1.7571320097e-01
1.2179396668e+00,-1.7504150653e-01,0.0000000000e+00,-1.7504150653e-01,3.5187130987e-12,1.7504150653e-01
1.2198546668e+00,-1.7437237975e-01,0.0000000000e+00,-1.7437237976e-01,3.5601799286e-12,1.7437237976e-01
1.2217696668e+00,-1.7370581083e-01,0.0000000000e+00,-1.7370581084e-01,3.6010083804e-12,1.7370581084e-01
1.2236846668e+00,-1.7304178999e-01,0.0000000000e+00,-1.7304178999e-01,3.6415315208e-12,1.7304178999e-01
1.2255996668e+00,-1.7238030748e-01,0.0000000000e+00,-1.7238030748e-01,3.6806946380e-12,1.7238030748e-01
1.2275146668e+00,-1.7172135361e-01,0.0000000000e+00,-1.7172135361e-01,3.7199687775e-12,1.7172135361e-01
1.2294296668e+00,-1.7106491870e-01,0.0000000000e+00,-1.7106491870e-01,3.7611025405e-12,1.7106491870e-01
1.2313446668e+00,-1.7041099312e-01,0.0000000000e+00,-1.7041099313e-01,3.8000991243e-12,1.7041099313e-01
1.2332596668e+00,-1.6975956730e-01,0.0000000000e+00,-1.6975956730e-01,3.8395397972e-12,1.6975956730e-01
1.2351746668e+00,-1.6911063166e-01,0.0000000000e+00,-1.6911063166e-01,3.8775371802e-12,1.6911063166e-01
1.2370896668e+00,-1.6846417669e-01,0.0000000000e+00,-1.6846417670e-01,3.9153125186e-12,1.6846417670e-01
1.2390046668e+00,-1.6782019291e-01,0.0000000000e+00,-1.6782019292e-01,3.9535597018e-12,1.6782019292e-01
1.2409196668e+00,-1.6717867087e-01,0.0000000000e+00,-1.6717867088e-01,3.9916681072e-12,1.6717867088e-01
1.2428346668e+00,-1.6653960116e-01,0.0000000000e+00,-1.6653960117e-01,4.0310810245e-12,1.6653960117e-01
1.2447496668e+00,-1.6590297441e-01,0.0000000000e+00,-1.6590297441e-01,4.0682734959e-12,1.6590297441e-01
1.2466646668e+00,-1.6526878127e-01,0.0000000000e+00,-1.6526878127e-01,4.1046055443e-12,1.6526878127e-01
1.2485796668e+00,-1.6463701245e-01,0.0000000000e+00,-1.6463701245e-01,4.1412429042e-12,1.6463701245e-01
1.2504946668e+00,-1.6400765867e-01,0.0000000000e+00,-1.6400765868e-01,4.1767977965e-12,1.6400765868e-01
1.2524096668e+00,-1.6338071071e-01,0.0000000000e+00,-1.6338071072e-01,4.2131853562e-12,1.6338071072e-01
1.2543246668e+00,-1.6275615937e-01,0.0000000000e+00,-1.6275615937e-01,4.2481573814e-12,1.6275615937e-01
1.2562396668e+00,-1.6213399548e-01,0.0000000000e+00,-1.6213399549e-01,4.2837400294e-12,1.6213399549e-01
1.2581546668e+00,-1.6151420993e-01,0.0000000000e+00,-1.6151420993e-01,4.3192116550e-12,1.6151420993e-01
1.2600696668e+00,-1.6089679361e-01,0.0000000000e+00,-1.6089679361e-01,4.3529901905e-12,1.6089679361e-01
1.2619846668e+00,-1.6028173747e-01,0.0000000000e+00,-1.6028173748e-01,4.3876291489e-12,1.6028173748e-01
1.2638996668e+00,-1.5966903250e-01,0.0000000000e+00,-1.5966903250e-01,4.4217407513e-12,1.5966903250e-01
1.2658146668e+00,-1.5905866970e-01,0.0000000000e+00,-1.5905866970e-01,4.4540482413e-12,1.5905866970e-01
1.2677296668e+00,-1.5845064011e-01,0.0000000000e+00,-1.5845064011e-01,4.4856340864e-12,1.5845064011e-01
1.2696446668e+00,-1.5784493482e-01,0.0000000000e+00,-1.5784493483e-01,4.5198289556e-12,1.5784493483e-01
1.2715596668e+00,-1.5724154495e-01,0.0000000000e+00,-1.5724154496e-01,4.5516923564e-12,1.5724154496e-01
1.2734746668e+00,-1.5664046165e-01,0.0000000000e+00,-1.5664046165e-01,4.5836390239e-12,1.5664046165e-01
1.2753896668e+00,-1.5604167608e-01,0.0000000000e+00,-1.5604167609e-01,4.6150305799e-12,1.5604167609e-01
1.2773046668e+00,-1.5544517948e-01,0.0000000000e+00,-1.5544517949e-01,4.6446735347e-12,1.5544517949e-01
1.2792196668e+00,-1.5485096310e-01,0.0000000000e+00,-1.5485096310e-01,4.6749271121e-12,1.5485096310e-01
1.2811346668e+00,-1.5425901821e-01,0.0000000000e+00,-1.5425901821e-01,4.7062909125e-12,1.5425901821e-01
1.2830496668e+00,-1.5366933613e-01,0.0000000000e+00,-1.5366933613e-01,4.7382375801e-12,1.5366933613e-01
1.2849646668e+00,-1.5308190821e-01,0.0000000000e+00,-1.5308190822e-01,4.7674642012e-12,1.5308190822e-01
1.2868796668e+00,-1.5249672585e-01,0.0000000000e+00,-1.5249672585e-01,4.7970238892e-12,1.5249672585e-01
1.2887946668e+00,-1.5191378044e-01,0.0000000000e+00,-1.5191378044e-01,4.8258064211e-12,1.5191378044e-01
1.2907096668e+00,-1.5133306344e-01,0.0000000000e+00,-1.5133306345e-01,4.8552828424e-12,1.5133306345e-01
1.2926246668e+00,-1.5075456634e-01,0.0000000000e+00,-1.5075456634e-01,4.8850645751e-12,1.5075456634e-01
1.2945396668e+00,-1.5017828064e-01,0.0000000000e+00,-1.5017828065e-01,4.9140413960e-12,1.5017828065e-01
1.2964546668e+00,-1.4960419790e-01,0.0000000000e+00,-1.4960419790e-01,4.9414083936e-12,1.4960419790e-01
1.2983696668e+00,-1.4903230968e-01,0.0000000000e+00,-1.4903230969e-01,4.9691084580e-12,1.4903230969e-01
1.3002846668e+00,-1.4846260761e-01,0.0000000000e+00,-1.4846260762e-01,4.9972526117e-12,1.4846260762e-01
1.3021996668e+00,-1.4789508333e-01,0.0000000000e+00,-1.4789508333e-01,5.0250914541e-12,1.4789508333e-01
1.3041146668e+00,-1.4732972851e-01,0.0000000000e+00,-1.4732972851e-01,5.0535131635e-12,1.4732972851e-01
1.3060296668e+00,-1.4676653485e-01,0.0000000000e+00,-1.4676653485e-01,5.0812964947e-12,1.4676653485e-01
1.3079446668e+00,-1.4620549410e-01,0.0000000000e+00,-1.4620549411e-01,5.1080806251e-12,1.4620549411e-01
1.3098596668e+00,-1.4564659803e-01,0.0000000000e+00,-1.4564659803e-01,5.1342263774e-12,1.4564659803e-01
1.3117746668e+00,-1.4508983843e-01,0.0000000000e+00,-1.4508983844e-01,5.1607051965e-12,1.4508983844e-01
1.3136896668e+00,-1.4453520715e-01,0.0000000000e+00,-1.4453520715e-01,5.1866289041e-12,1.4453520715e-01
1.3156046668e+00,-1.4398269604e-01,0.0000000000e+00,-1.4398269604e-01,5.2110538107e-12,1.4398269604e-01
1.3175196668e+00,-1.4343229700e-01,0.0000000000e+00,-1.4343229700e-01,5.2345905388e-12,1.4343229700e-01
1.3194346668e+00,-1.4288400196e-01,0.0000000000e+00,-1.4288400196e-01,5.2591542232e-12,1.4288400196e-01
1.3213496668e+00,-1.4233780287e-01,0.0000000000e+00,-1.4233780287e-01,5.2836623965e-12,1.4233780287e-01
1.3232646668e+00,-1.4179369172e-01,0.0000000000e+00,-1.4179369173e-01,5.3070048356e-12,1.4179369173e-01
1.3251796668e+00,-1.4125166053e-01,0.0000000000e+00,-1.4125166054e-01,5.3300697189e-12,1.4125166054e-01
1.3270946668e+00,-1.4071170136e-01,0.0000000000e+00,-1.4071170136e-01,5.3537452249e-12,1.4071170136e-01
1.3290096668e+00,-1.4017380627e-01,0.0000000000e+00,-1.4017380627e-01,5.3769488861e-12,1.4017380627e-01
1.3309246668e+00,-1.3963796738e-01,0.0000000000e+00,-1.3963796738e-01,5.4008464367e-12,1.3963796738e-01
1.3328396668e+00,-1.3910417682e-01,0.0000000000e+00,-1.3910417683e-01,5.4241888758e-12,1.3910417683e-01
1.3347546668e+00,-1.3857242678e-01,0.0000000000e+00,-1.3857242678e-01,5.4471982480e-12,1.3857242678e-01
1.3366696668e+00,-1.3804270944e-01,0.0000000000e+00,-1.3804270944e-01,5.4704574204e-12,1.3804270944e-01
1.3385846668e+00,-1.3751501704e-01,0.0000000000e+00,-1.3751501704e-01,5.4931059701e-12,1.3751501704e-01
1.3404996668e+00,-1.3698934183e-01,0.0000000000e+00,-1.3698934184e-01,5.5144500077e-12,1.3698934184e-01
1.3424146668e+00,-1.3646567611e-01,0.0000000000e+00,-1.3646567612e-01,5.5365712015e-12,1.3646567612e-01
1.3443296668e+00,-1.3594401220e-01,0.0000000000e+00,-1.3594401220e-01,5.5570825719e-12,1.3594401220e-01
1.3462446668e+00,-1.3542434243e-01,0.0000000000e+00,-1.3542434244e-01,5.5788429432e-12,1.3542434244e-01
1.3481596668e+00,-1.3490665920e-01,0.0000000000e+00,-1.3490665920e-01,5.5989379799e-12,1.3490665920e-01
1.3500746668e+00,-1.3439095490e-01,0.0000000000e+00,-1.3439095490e-01,5.6188664832e-12,1.3439095490e-01
1.3519896668e+00,-1.3387722197e-01,0.0000000000e+00,-1.3387722197e-01,5.6400994985e-12,1.3387722197e-01
1.3539046668e+00,-1.3336545287e-01,0.0000000000e+00,-1.3336545288e-01,5.6612214916e-12,1.3336545288e-01
1.3558196668e+00,-1.3285564010e-01,0.0000000000e+00,-1.3285564011e-01,5.6819826622e-12,1.3285564011e-01
1.3577346668e+00,-1.3234777618e-01,0.0000000000e+00,-1.3234777618e-01,5.7010507426e-12,1.3234777618e-01
1.3596496668e+00,-1.3184185366e-01,0.0000000000e+00,-1.3184185366e-01,5.7212568016e-12,1.3184185366e-01
1.3615646668e+00,-1.3133786511e-01,0.0000000000e+00,-1.3133786512e-01,5.7413518384e-12,1.3133786512e-01
1.3634796668e+00,-1.3083580315e-01,0.0000000000e+00,-1.3083580316e-01,5.7605586967e-12,1.3083580316e-01
1.3653946668e+00,-1.3033566041e-01,0.0000000000e+00,-1.3033566041e-01,5.7790161545e-12,1.3033566041e-01
1.3673096668e+00,-1.2983742955e-01,0.0000000000e+00,-1.2983742956e-01,5.7979732127e-12,1.2983742956e-01
1.3692246668e+00,-1.2934110327e-01,0.0000000000e+00,-1.2934110327e-01,5.8164861816e-12,1.2934110327e-01
1.3711396668e+00,-1.2884667428e-01,0.0000000000e+00,-1.2884667428e-01,5.8355265065e-12,1.2884667428e-01
1.3730546668e+00,-1.2835413533e-01,0.0000000000e+00,-1.2835413533e-01,5.8537064085e-12,1.2835413533e-01
1.3749696668e+00,-1.2786347920e-01,0.0000000000e+00,-1.2786347920e-01,5.8720250884e-12,1.2786347920e-01
1.3768846668e+00,-1.2737469868e-01,0.0000000000e+00,-1.2737469869e-01,5.8885951670e-12,1.2737469869e-01
1.3787996668e+00,-1.2688778662e-01,0.0000000000e+00,-1.2688778663e-01,5.9058313795e-12,1.2688778663e-01
1.3807146668e+00,-1.2640273586e-01,0.0000000000e+00,-1.2640273587e-01,5.9222904358e-12,1.2640273587e-01
1.3826296668e+00,-1.2591953930e-01,0.0000000000e+00,-1.2591953930e-01,5.9401095154e-12,1.2591953930e-01
1.3845446668e+00,-1.2543818983e-01,0.0000000000e+00,-1.2543818984e-01,5.9556248821e-12,1.2543818984e-01
1.3864596668e+00,-1.2495868041e-01,0.0000000000e+00,-1.2495868042e-01,5.9720561829e-12,1.2495868042e-01
1.3883746668e+00,-1.2448100400e-01,0.0000000000e+00,-1.2448100401e-01,5.9881960501e-12,1.2448100401e-01
1.3902896668e+00,-1.2400515359e-01,0.0000000000e+00,-1.2400515360e-01,6.0038918281e-12,1.2400515360e-01
1.3922046668e+00,-1.2353112220e-01,0.0000000000e+00,-1.2353112221e-01,6.0195459728e-12,1.2353112221e-01
1.3941196668e+00,-1.2305890288e-01,0.0000000000e+00,-1.2305890289e-01,6.0354915510e-12,1.2305890289e-01
1.3960346668e+00,-1.2258848870e-01,0.0000000000e+00,-1.2258848871e-01,6.0510624289e-12,1.2258848871e-01
1.3979496668e+00,-1.2211987276e-01,0.0000000000e+00,-1.2211987277e-01,6.0669386182e-12,1.2211987277e-01
1.3998646668e+00,-1.2165304819e-01,0.0000000000e+00,-1.2165304819e-01,6.0827315407e-12,1.2165304819e-01
1.4017796668e+00,-1.2118800813e-01,0.0000000000e+00,-1.2118800814e-01,6.0976362848e-12,1.2118800814e-01
1.4036946668e+00,-1.2072474578e-01,0.0000000000e+00,-1.2072474578e-01,6.1125132733e-12,1.2072474578e-01
1.4056096668e+00,-1.2026325432e-01,0.0000000000e+00,-1.2026325433e-01,6.1269184171e-12,1.2026325433e-01
1.4075246668e+00,-1.1980352700e-01,0.0000000000e+00,-1.1980352700e-01,6.1409072272e-12,1.1980352700e-01
1.4094396668e+00,-1.1934555706e-01,0.0000000000e+00,-1.1934555707e-01,6.1558952380e-12,1.1934555707e-01
1.4113546668e+00,-1.1888933779e-01,0.0000000000e+00,-1.1888933780e-01,6.1697869036e-12,1.1888933780e-01
1.4132696668e+00,-1.1843486251e-01,0.0000000000e+00,-1.1843486251e-01,6.1837895915e-12,1.1843486251e-01
1.4151848938e+00,-1.1798207096e-01,0.0000000000e+00,-1.1798207097e-01,6.1885080394e-12,1.1798207097e-01
1.4171054032e+00,-1.1752976882e-01,0.0000000000e+00,-1.1752976883e-01,6.1653737671e-12,1.1752976883e-01
1.4190333175e+00,-1.1707746673e-01,0.0000000000e+00,-1.1707746674e-01,6.1416566277e-12,1.1707746674e-01
1.4209686941e+00,-1.1662516469e-01,0.0000000000e+00,-1.1662516469e-01,6.1176758104e-12,1.1662516469e-01
1.4229115910e+00,-1.1617286270e-01,0.0000000000e+00,-1.1617286270e-01,6.0927513035e-12,1.1617286270e-01
1.4248620668e+00,-1.1572056076e-01,0.0000000000e+00,-1.1572056077e-01,6.0690757975e-12,1.1572056077e-01
1.4268201809e+00,-1.1526825888e-01,0.0000000000e+00,-1.1526825888e-01,6.0440402683e-12,1.1526825888e-01
1.4287859933e+00,-1.1481595704e-01,0.0000000000e+00,-1.1481595705e-01,6.0211141628e-12,1.1481595705e-01
1.4307595649e+00,-1.1436365526e-01,0.0000000000e+00,-1.1436365527e-01,5.9969390565e-12,1.1436365527e-01
1.4327409571e+00,-1.1391135354e-01,0.0000000000e+00,-1.1391135355e-01,5.9724031276e-12,1.1391135355e-01
1.4347302321e+00,-1.1345905187e-01,0.0000000000e+00,-1.1345905187e-01,5.9486165993e-12,1.1345905187e-01
1.4367274529e+00,-1.1300675025e-01,0.0000000000e+00,-1.1300675026e-01,5.9257876384e-12,1.1300675026e-01
1.4387326833e+00,-1.1255444869e-01,0.0000000000e+00,-1.1255444870e-01,5.9018900878e-12,1.1255444870e-01
1.4407459877e+00,-1.1210214718e-01,0.0000000000e+00,-1.1210214719e-01,5.8787974488e-12,1.1210214719e-01
1.4427674314e+00,-1.1164984573e-01,0.0000000000e+00,-1.1164984574e-01,5.8551080651e-12,1.1164984574e-01
1.4447970806e+00,-1.1119754434e-01,0.0000000000e+00,-1.1119754435e-01,5.8319044038e-12,1.1119754435e-01
1.4468350020e+00,-1.1074524300e-01,0.0000000000e+00,-1.1074524301e-01,5.8072574527e-12,1.1074524301e-01
1.4488812634e+00,-1.1029294173e-01,0.0000000000e+00,-1.1029294173e-01,5.7832488798e-12,1.1029294173e-01
1.4509359334e+00,-1.0984064050e-01,0.0000000000e+00,-1.0984064051e-01,5.7605864523e-12,1.0984064051e-01
1.4529990813e+00,-1.0938833934e-01,0.0000000000e+00,-1.0938833935e-01,5.7372023798e-12,1.0938833935e-01
1.4550707773e+00,-1.0893603824e-01,0.0000000000e+00,-1.0893603824e-01,5.7118754171e-12,1.0893603824e-01
1.4571510927e+00,-1.0848373719e-01,0.0000000000e+00,-1.0848373720e-01,5.6886301225e-12,1.0848373720e-01
1.4592400994e+00,-1.0803143620e-01,0.0000000000e+00,-1.0803143621e-01,5.6657734060e-12,1.0803143621e-01
1.4613378703e+00,-1.0757913528e-01,0.0000000000e+00,-1.0757913529e-01,5.6432913897e-12,1.0757913529e-01
1.4634444793e+00,-1.0712683441e-01,0.0000000000e+00,-1.0712683442e-01,5.6203930399e-12,1.0712683442e-01
1.4655600012e+00,-1.0667453361e-01,0.0000000000e+00,-1.0667453362e-01,5.5965648782e-12,1.0667453362e-01
1.4676845118e+00,-1.0622223287e-01,0.0000000000e+00,-1.0622223288e-01,5.5713073044e-12,1.0622223288e-01
1.4698180876e+00,-1.0576993219e-01,0.0000000000e+00,-1.0576993220e-01,5.5470489313e-12,1.0576993220e-01
1.4719608065e+00,-1.0531763157e-01,0.0000000000e+00,-1.0531763158e-01,5.5243309927e-12,1.0531763158e-01
1.4741127471e+00,-1.0486533102e-01,0.0000000000e+00,-1.0486533103e-01,5.5010163091e-12,1.0486533103e-01
1.4762739892e+00,-1.0441303053e-01,0.0000000000e+00,-1.0441303054e-01,5.4780208147e-12,1.0441303054e-01
1.4784446134e+00,-1.0396073011e-01,0.0000000000e+00,-1.0396073011e-01,5.4545951089e-12,1.0396073011e-01
1.4806247016e+00,-1.0350842975e-01,0.0000000000e+00,-1.0350842975e-01,5.4309057251e-12,1.0350842975e-01
1.4828143368e+00,-1.0305612945e-01,0.0000000000e+00,-1.0305612946e-01,5.4069526634e-12,1.0305612946e-01
1.4850136028e+00,-1.0260382922e-01,0.0000000000e+00,-1.0260382923e-01,5.3837490022e-12,1.0260382923e-01
1.4872225848e+00,-1.0215152906e-01,0.0000000000e+00,-1.0215152907e-01,5.3605869743e-12,1.0215152907e-01
1.4894413689e+00,-1.0169922897e-01,0.0000000000e+00,-1.0169922897e-01,5.3374249465e-12,1.0169922897e-01
1.4916700427e+00,-1.0124692894e-01,0.0000000000e+00,-1.0124692895e-01,5.3143461853e-12,1.0124692895e-01
1.4939086946e+00,-1.0079462899e-01,0.0000000000e+00,-1.0079462899e-01,5.2897686231e-12,1.0079462899e-01
1.4961574143e+00,-1.0034232910e-01,0.0000000000e+00,-1.0034232910e-01,5.2660931171e-12,1.0034232910e-01
1.4984162929e+00,-9.9890029279e-02,0.0000000000e+00,-9.9890029284e-02,5.2429033337e-12,9.9890029284e-02
1.5006854226e+00,-9.9437729531e-02,0.0000000000e+00,-9.9437729536e-02,5.2182841381e-12,9.9437729536e-02
1.5029648967e+00,-9.8985429854e-02,0.0000000000e+00,-9.8985429859e-02,5.1954274216e-12,9.8985429859e-02
1.5052548101e+00,-9.8533130248e-02,0.0000000000e+00,-9.8533130254e-02,5.1721682492e-12,9.8533130254e-02
1.5075552588e+00,-9.8080830716e-02,0.0000000000e+00,-9.8080830721e-02,5.1472992535e-12,9.8080830721e-02
1.5098663402e+00,-9.7628531256e-02,0.0000000000e+00,-9.7628531261e-02,5.1223608688e-12,9.7628531261e-02
1.5121881530e+00,-9.7176231870e-02,0.0000000000e+00,-9.7176231875e-02,5.0986992406e-12,9.7176231875e-02
1.5145207974e+00,-9.6723932558e-02,0.0000000000e+00,-9.6723932563e-02,5.0736498336e-12,9.6723932563e-02
1.5168643749e+00,-9.6271633322e-02,0.0000000000e+00,-9.6271633327e-02,5.0490861492e-12,9.6271633327e-02
1.5192189885e+00,-9.5819334161e-02,0.0000000000e+00,-9.5819334166e-02,5.0250914541e-12,9.5819334166e-02
1.5215847425e+00,-9.5367035077e-02,0.0000000000e+00,-9.5367035082e-02,5.0017628928e-12,9.5367035082e-02
1.5239617430e+00,-9.4914736070e-02,0.0000000000e+00,-9.4914736075e-02,4.9788367873e-12,9.4914736075e-02
1.5263500973e+00,-9.4462437141e-02,0.0000000000e+00,-9.4462437146e-02,4.9555082260e-12,9.4462437146e-02
1.5287499144e+00,-9.4010138291e-02,0.0000000000e+00,-9.4010138296e-02,4.9313053641e-12,9.4010138296e-02
1.5311613050e+00,-9.3557839521e-02,0.0000000000e+00,-9.3557839526e-02,4.9072412800e-12,9.3557839526e-02
1.5335843811e+00,-9.3105540830e-02,0.0000000000e+00,-9.3105540835e-02,4.8827747401e-12,9.3105540835e-02
1.5360192565e+00,-9.2653242221e-02,0.0000000000e+00,-9.2653242226e-02,4.8583498335e-12,9.2653242226e-02
1.5384660468e+00,-9.2200943694e-02,0.0000000000e+00,-9.2200943699e-02,4.8342579939e-12,9.2200943699e-02
1.5409248692e+00,-9.1748645249e-02,0.0000000000e+00,-9.1748645254e-02,4.8109710660e-12,9.1748645254e-02
1.5433958424e+00,-9.1296346888e-02,0.0000000000e+00,-9.1296346893e-02,4.7870318820e-12,9.1296346893e-02
1.5458790873e+00,-9.0844048611e-02,0.0000000000e+00,-9.0844048616e-02,4.7635090317e-12,9.0844048616e-02
1.5483747263e+00,-9.0391750420e-02,0.0000000000e+00,-9.0391750424e-02,4.7383763579e-12,9.0391750424e-02
1.5508828838e+00,-8.9939452314e-02,0.0000000000e+00,-8.9939452319e-02,4.7157278082e-12,8.9939452319e-02
1.5534036860e+00,-8.9487154295e-02,0.0000000000e+00,-8.9487154300e-02,4.6917747465e-12,8.9487154300e-02
1.5559372609e+00,-8.9034856364e-02,0.0000000000e+00,-8.9034856369e-02,4.6688347632e-12,8.9034856369e-02
1.5584837388e+00,-8.8582558522e-02,0.0000000000e+00,-8.8582558527e-02,4.6456172242e-12,8.8582558527e-02
1.5610432517e+00,-8.8130260769e-02,0.0000000000e+00,-8.8130260774e-02,4.6216502847e-12,8.8130260774e-02
1.5636159338e+00,-8.7677963107e-02,0.0000000000e+00,-8.7677963111e-02,4.5973086449e-12,8.7677963111e-02
1.5662019212e+00,-8.7225665536e-02,0.0000000000e+00,-8.7225665541e-02,4.5724951603e-12,8.7225665541e-02
1.5688013523e+00,-8.6773368057e-02,0.0000000000e+00,-8.6773368062e-02,4.5484588318e-12,8.6773368062e-02
1.5714143675e+00,-8.6321070672e-02,0.0000000000e+00,-8.6321070677e-02,4.5231179913e-12,8.6321070677e-02
1.5740411098e+00,-8.5868773381e-02,0.0000000000e+00,-8.5868773386e-02,4.4992204407e-12,8.5868773386e-02
1.5766817239e+00,-8.5416476186e-02,0.0000000000e+00,-8.5416476190e-02,4.4754477901e-12,8.5416476190e-02
1.5793363572e+00,-8.4964179087e-02,0.0000000000e+00,-8.4964179091e-02,4.4522024956e-12,8.4964179091e-02
1.5820051593e+00,-8.4511882085e-02,0.0000000000e+00,-8.4511882089e-02,4.4287767897e-12,8.4511882089e-02
1.5846882824e+00,-8.4059585182e-02,0.0000000000e+00,-8.4059585186e-02,4.4051290393e-12,8.4059585186e-02
1.5873858808e+00,-8.3607288378e-02,0.0000000000e+00,-8.3607288382e-02,4.3819253781e-12,8.3607288382e-02
1.5900981117e+00,-8.3154991674e-02,0.0000000000e+00,-8.3154991678e-02,4.3581110942e-12,8.3154991678e-02
1.5928251347e+00,-8.2702695072e-02,0.0000000000e+00,-8.2702695077e-02,4.3341302769e-12,8.2702695077e-02
1.5955671120e+00,-8.2250398573e-02,0.0000000000e+00,-8.2250398578e-02,4.3120229609e-12,8.2250398578e-02
1.5983242085e+00,-8.1798102178e-02,0.0000000000e+00,-8.1798102182e-02,4.2888192997e-12,8.1798102182e-02
1.6010965918e+00,-8.1345805888e-02,0.0000000000e+00,-8.1345805892e-02,4.2637421371e-12,8.1345805892e-02
1.6038844324e+00,-8.0893509704e-02,0.0000000000e+00,-8.0893509708e-02,4.2385817078e-12,8.0893509708e-02
1.6066879037e+00,-8.0441213627e-02,0.0000000000e+00,-8.0441213632e-02,4.2143372125e-12,8.0441213632e-02
1.6095071818e+00,-7.9988917659e-02,0.0000000000e+00,-7.9988917664e-02,4.1901343506e-12,7.9988917664e-02
1.6123424462e+00,-7.9536621801e-02,0.0000000000e+00,-7.9536621806e-02,4.1667502781e-12,7.9536621806e-02
1.6151938789e+00,-7.9084326054e-02,0.0000000000e+00,-7.9084326059e-02,4.1433800835e-12,7.9084326059e-02
1.6180616657e+00,-7.8632030420e-02,0.0000000000e+00,-7.8632030424e-02,4.1194686551e-12,7.8632030424e-02
1.6209459950e+00,-7.8179734899e-02,0.0000000000e+00,-7.8179734903e-02,4.0953906932e-12,7.8179734903e-02
1.6238470589e+00,-7.7727439493e-02,0.0000000000e+00,-7.7727439497e-02,4.0712710980e-12,7.7727439497e-02
1.6267650527e+00,-7.7275144203e-02,0.0000000000e+00,-7.7275144207e-02,4.0481368258e-12,7.7275144207e-02
1.6297001751e+00,-7.6822849031e-02,0.0000000000e+00,-7.6822849035e-02,4.0246417310e-12,7.6822849035e-02
1.6326526284e+00,-7.6370553978e-02,0.0000000000e+00,-7.6370553982e-02,4.0013964364e-12,7.6370553982e-02
1.6356226184e+00,-7.5918259046e-02,0.0000000000e+00,-7.5918259050e-02,3.9770270410e-12,7.5918259050e-02
1.6386103549e+00,-7.5465964235e-02,0.0000000000e+00,-7.5465964239e-02,3.9527825457e-12,7.5465964239e-02
1.6416160510e+00,-7.5013669548e-02,0.0000000000e+00,-7.5013669552e-02,3.9287323395e-12,7.5013669552e-02
1.6446399240e+00,-7.4561374986e-02,0.0000000000e+00,-7.4561374990e-02,3.9059450119e-12,7.4561374990e-02
1.6476821951e+00,-7.4109080550e-02,0.0000000000e+00,-7.4109080554e-02,3.8826858395e-12,7.4109080554e-02
1.6507430895e+00,-7.3656786243e-02,0.0000000000e+00,-7.3656786247e-02,3.8587050222e-12,7.3656786247e-02
1.6538228367e+00,-7.3204492064e-02,0.0000000000e+00,-7.3204492068e-02,3.8359454502e-12,7.3204492068e-02
1.6569216703e+00,-7.2752198017e-02,0.0000000000e+00,-7.2752198021e-02,3.8123393331e-12,7.2752198021e-02
1.6600398284e+00,-7.2299904103e-02,0.0000000000e+00,-7.2299904107e-02,3.7879699377e-12,7.2299904107e-02
1.6631775534e+00,-7.1847610323e-02,0.0000000000e+00,-7.1847610327e-02,3.7644193318e-12,7.1847610327e-02
1.6663350925e+00,-7.1395316679e-02,0.0000000000e+00,-7.1395316683e-02,3.7405356590e-12,7.1395316683e-02
1.6695126976e+00,-7.0943023174e-02,0.0000000000e+00,-7.0943023177e-02,3.7163189193e-12,7.0943023177e-02
1.6727106252e+00,-7.0490729807e-02,0.0000000000e+00,-7.0490729811e-02,3.6923658575e-12,7.0490729811e-02
1.6759291371e+00,-7.0038436583e-02,0.0000000000e+00,-7.0038436586e-02,3.6687181071e-12,7.0038436586e-02
1.6791684998e+00,-6.9586143501e-02,0.0000000000e+00,-6.9586143505e-02,3.6443209561e-12,6.9586143505e-02
1.6824289854e+00,-6.9133850565e-02,0.0000000000e+00,-6.9133850568e-02,3.6203540166e-12,6.9133850568e-02
1.6857108710e+00,-6.8681557775e-02,0.0000000000e+00,-6.8681557779e-02,3.5963038103e-12,6.8681557779e-02
1.6890144396e+00,-6.8229265135e-02,0.0000000000e+00,-6.8229265138e-02,3.5724478931e-12,6.8229265138e-02
1.6923399794e+00,-6.7776972645e-02,0.0000000000e+00,-6.7776972649e-02,3.5491332095e-12,6.7776972649e-02
1.6956877846e+00,-6.7324680309e-02,0.0000000000e+00,-6.7324680312e-02,3.5250552477e-12,6.7324680312e-02
1.6990581555e+00,-6.6872388127e-02,0.0000000000e+00,-6.6872388131e-02,3.5016156641e-12,6.6872388131e-02
1.7024513983e+00,-6.6420096103e-02,0.0000000000e+00,-6.6420096107e-02,3.4772740243e-12,6.6420096107e-02
1.7058678255e+00,-6.5967804238e-02,0.0000000000e+00,-6.5967804242e-02,3.4534874960e-12,6.5967804242e-02
1.7093077561e+00,-6.5515512535e-02,0.0000000000e+00,-6.5515512538e-02,3.4310054797e-12,6.5515512538e-02
1.7127715158e+00,-6.5063220995e-02,0.0000000000e+00,-6.5063220998e-02,3.4075381405e-12,6.5063220998e-02
1.7162594369e+00,-6.4610929621e-02,0.0000000000e+00,-6.4610929625e-02,3.3846953018e-12,6.4610929625e-02
1.7197718589e+00,-6.4158638416e-02,0.0000000000e+00,-6.4158638419e-02,3.3596458948e-12,6.4158638419e-02
1.7233091285e+00,-6.3706347381e-02,0.0000000000e+00,-6.3706347384e-02,3.3360675333e-12,6.3706347384e-02
1.7268715996e+00,-6.3254056520e-02,0.0000000000e+00,-6.3254056523e-02,3.3116287490e-12,6.3254056523e-02
1.7304596340e+00,-6.2801765834e-02,0.0000000000e+00,-6.2801765837e-02,3.2878699763e-12,6.2801765837e-02
1.7340736012e+00,-6.2349475326e-02,0.0000000000e+00,-6.2349475329e-02,3.2633756808e-12,6.2349475329e-02
1.7377138787e+00,-6.1897184999e-02,0.0000000000e+00,-6.1897185002e-02,3.2396238470e-12,6.1897185002e-02
1.7413808525e+00,-6.1444894856e-02,0.0000000000e+00,-6.1444894859e-02,3.2162328356e-12,6.1444894859e-02
1.7450749169e+00,-6.0992604898e-02,0.0000000000e+00,-6.0992604901e-02,3.1919883403e-12,6.0992604901e-02
1.7487964753e+00,-6.0540315130e-02,0.0000000000e+00,-6.0540315133e-02,3.1677854784e-12,6.0540315133e-02
1.7525459399e+00,-6.0088025553e-02,0.0000000000e+00,-6.0088025556e-02,3.1435964942e-12,6.0088025556e-02
1.7563237325e+00,-5.9635736171e-02,0.0000000000e+00,-5.9635736174e-02,3.1190328098e-12,5.9635736174e-02
1.7601302842e+00,-5.9183446986e-02,0.0000000000e+00,-5.9183446990e-02,3.0953295482e-12,5.9183446990e-02
1.7639660364e+00,-5.8731158003e-02,0.0000000000e+00,-5.8731158006e-02,3.0718136368e-12,5.8731158006e-02
1.7678314404e+00,-5.8278869223e-02,0.0000000000e+00,-5.8278869226e-02,3.0485752811e-12,5.8278869226e-02
1.7717269583e+00,-5.7826580649e-02,0.0000000000e+00,-5.7826580652e-02,3.0254618255e-12,5.7826580652e-02
1.7756530630e+00,-5.7374292286e-02,0.0000000000e+00,-5.7374292289e-02,3.0013283525e-12,5.7374292289e-02
1.7796102386e+00,-5.6922004137e-02,0.0000000000e+00,-5.6922004140e-02,2.9776320298e-12,5.6922004140e-02
1.7835989807e+00,-5.6469716204e-02,0.0000000000e+00,-5.6469716207e-02,2.9537761126e-12,5.6469716207e-02
1.7876197971e+00,-5.6017428492e-02,0.0000000000e+00,-5.6017428495e-02,2.9299132565e-12,5.6017428495e-02
1.7916732076e+00,-5.5565141003e-02,0.0000000000e+00,-5.5565141006e-02,2.9061059115e-12,5.5565141006e-02
1.7957597451e+00,-5.5112853742e-02,0.0000000000e+00,-5.5112853745e-02,2.8828467391e-12,5.5112853745e-02
1.7998799555e+00,-5.4660566713e-02,0.0000000000e+00,-5.4660566716e-02,2.8599414503e-12,5.4660566716e-02
1.8040343983e+00,-5.4208279919e-02,0.0000000000e+00,-5.4208279922e-02,2.8363561499e-12,5.4208279922e-02
1.8082236471e+00,-5.3755993364e-02,0.0000000000e+00,-5.3755993367e-02,2.8129928942e-12,5.3755993367e-02
1.8124482900e+00,-5.3303707052e-02,0.0000000000e+00,-5.3303707055e-02,2.7890745269e-12,5.3303707055e-02
1.8167089302e+00,-5.2851420987e-02,0.0000000000e+00,-5.2851420990e-02,2.7655724932e-12,5.2851420990e-02
1.8210061863e+00,-5.2399135174e-02,0.0000000000e+00,-5.2399135177e-02,2.7419316817e-12,5.2399135177e-02
1.8253406932e+00,-5.1946849617e-02,0.0000000000e+00,-5.1946849620e-02,2.7179786199e-12,5.1946849620e-02
1.8297131023e+00,-5.1494564321e-02,0.0000000000e+00,-5.1494564323e-02,2.6937133080e-12,5.1494564323e-02
1.8341240823e+00,-5.1042279289e-02,0.0000000000e+00,-5.1042279292e-02,2.6700031075e-12,5.1042279292e-02
1.8385743197e+00,-5.0589994527e-02,0.0000000000e+00,-5.0589994530e-02,2.6458002456e-12,5.0589994530e-02
1.8430645196e+00,-5.0137710040e-02,0.0000000000e+00,-5.0137710042e-02,2.6223190286e-12,5.0137710042e-02
1.8475954061e+00,-4.9685425832e-02,0.0000000000e+00,-4.9685425834e-02,2.5990529173e-12,4.9685425834e-02
1.8521677234e+00,-4.9233141909e-02,0.0000000000e+00,-4.9233141911e-02,2.5745169885e-12,4.9233141911e-02
1.8567822360e+00,-4.8780858275e-02,0.0000000000e+00,-4.8780858278e-02,2.5503765766e-12,4.8780858278e-02
1.8614397301e+00,-4.8328574937e-02,0.0000000000e+00,-4.8328574940e-02,2.5266386205e-12,4.8328574940e-02
1.8661410137e+00,-4.7876291900e-02,0.0000000000e+00,-4.7876291903e-02,2.5024773920e-12,4.7876291903e-02
1.8708869182e+00,-4.7424009170e-02,0.0000000000e+00,-4.7424009172e-02,2.4790933195e-12,4.7424009172e-02
1.8756782986e+00,-4.6971726752e-02,0.0000000000e+00,-4.6971726754e-02,2.4558133305e-12,4.6971726754e-02
1.8805160349e+00,-4.6519444652e-02,0.0000000000e+00,-4.6519444655e-02,2.4319851688e-12,4.6519444655e-02
1.8854010327e+00,-4.6067162877e-02,0.0000000000e+00,-4.6067162880e-02,2.4080112904e-12,4.6067162880e-02
1.8903342245e+00,-4.5614881433e-02,0.0000000000e+00,-4.5614881436e-02,2.3839610841e-12,4.5614881436e-02
1.8953165708e+00,-4.5162600327e-02,0.0000000000e+00,-4.5162600330e-02,2.3602578225e-12,4.5162600330e-02
1.9003490609e+00,-4.4710319566e-02,0.0000000000e+00,-4.4710319568e-02,2.3364782331e-12,4.4710319568e-02
1.9054327143e+00,-4.4258039156e-02,0.0000000000e+00,-4.4258039158e-02,2.3125806825e-12,4.4258039158e-02
1.9105685822e+00,-4.3805759105e-02,0.0000000000e+00,-4.3805759107e-02,2.2894811047e-12,4.3805759107e-02
1.9157577480e+00,-4.3353479420e-02,0.0000000000e+00,-4.3353479422e-02,2.2661039711e-12,4.3353479422e-02
1.9210013297e+00,-4.2901200108e-02,0.0000000000e+00,-4.2901200111e-02,2.2421231538e-12,4.2901200111e-02
1.9263004805e+00,-4.2448921179e-02,0.0000000000e+00,-4.2448921181e-02,2.2183574422e-12,4.2448921181e-02
1.9316563908e+00,-4.1996642640e-02,0.0000000000e+00,-4.1996642642e-02,2.1955076646e-12,4.1996642642e-02
1.9370702896e+00,-4.1544364498e-02,0.0000000000e+00,-4.1544364501e-02,2.1710966358e-12,4.1544364501e-02
1.9425434463e+00,-4.1092086764e-02,0.0000000000e+00,-4.1092086767e-02,2.1474766410e-12,4.1092086767e-02
1.9480771725e+00,-4.0639809447e-02,0.0000000000e+00,-4.0639809449e-02,2.1239607295e-12,4.0639809449e-02
1.9536728237e+00,-4.0187532554e-02,0.0000000000e+00,-4.0187532556e-02,2.1002644068e-12,4.0187532556e-02
1.9593318015e+00,-3.9735256097e-02,0.0000000000e+00,-3.9735256099e-02,2.0767762510e-12,3.9735256099e-02
1.9650555556e+00,-3.9282980085e-02,0.0000000000e+00,-3.9282980087e-02,2.0534407508e-12,3.9282980087e-02
1.9708455860e+00,-3.8830704528e-02,0.0000000000e+00,-3.8830704530e-02,2.0298901449e-12,3.8830704530e-02
1.9767034456e+00,-3.8378429437e-02,0.0000000000e+00,-3.8378429439e-02,2.0062632111e-12,3.8378429439e-02
1.9826307423e+00,-3.7926154823e-02,0.0000000000e+00,-3.7926154825e-02,1.9825599495e-12,3.7926154825e-02
1.9886291420e+00,-3.7473880698e-02,0.0000000000e+00,-3.7473880700e-02,1.9588566880e-12,3.7473880700e-02
1.9947003712e+00,-3.7021607073e-02,0.0000000000e+00,-3.7021607075e-02,1.9348064817e-12,3.7021607075e-02
2.0008462201e+00,-3.6569333960e-02,0.0000000000e+00,-3.6569333962e-02,1.9111864868e-12,3.6569333962e-02
2.0070685458e+00,-3.6117061374e-02,0.0000000000e+00,-3.6117061375e-02,1.8882118091e-12,3.6117061375e-02
2.0133692754e+00,-3.5664789325e-02,0.0000000000e+00,-3.5664789327e-02,1.8644322197e-12,3.5664789327e-02
2.0197504100e+00,-3.5212517829e-02,0.0000000000e+00,-3.5212517831e-02,1.8406942637e-12,3.5212517831e-02
2.0262140281e+00,-3.4760246900e-02,0.0000000000e+00,-3.4760246902e-02,1.8172269245e-12,3.4760246902e-02
2.0327622899e+00,-3.4307976553e-02,0.0000000000e+00,-3.4307976554e-02,1.7932044738e-12,3.4307976554e-02
2.0393974417e+00,-3.3855706802e-02,0.0000000000e+00,-3.3855706804e-02,1.7695775401e-12,3.3855706804e-02
2.0461218204e+00,-3.3403437664e-02,0.0000000000e+00,-3.3403437666e-02,1.7469359292e-12,3.3403437666e-02
2.0529378582e+00,-3.2951169156e-02,0.0000000000e+00,-3.2951169158e-02,1.7234269567e-12,3.2951169158e-02
2.0598480885e+00,-3.2498901295e-02,0.0000000000e+00,-3.2498901297e-02,1.6993281782e-12,3.2498901297e-02
2.0668551510e+00,-3.2046634100e-02,0.0000000000e+00,-3.2046634101e-02,1.6754930776e-12,3.2046634101e-02
2.0739617978e+00,-3.1594367588e-02,0.0000000000e+00,-3.1594367590e-02,1.6514151158e-12,3.1594367590e-02
2.0811709004e+00,-3.1142101780e-02,0.0000000000e+00,-3.1142101782e-02,1.6276736903e-12,3.1142101782e-02
2.0884854560e+00,-3.0689836697e-02,0.0000000000e+00,-3.0689836699e-02,1.6040190010e-12,3.0689836699e-02
2.0959085952e+00,-3.0237572360e-02,0.0000000000e+00,-3.0237572362e-02,1.5801145115e-12,3.0237572362e-02
2.1034435906e+00,-2.9785308791e-02,0.0000000000e+00,-2.9785308793e-02,1.5567720724e-12,2.9785308793e-02
2.1110938643e+00,-2.9333046015e-02,0.0000000000e+00,-2.9333046016e-02,1.5339153558e-12,2.9333046016e-02
2.1188629986e+00,-2.8880784054e-02,0.0000000000e+00,-2.8880784056e-02,1.5103335249e-12,2.8880784056e-02
2.1267547448e+00,-2.8428522936e-02,0.0000000000e+00,-2.8428522938e-02,1.4870327192e-12,2.8428522938e-02
2.1347730350e+00,-2.7976262688e-02,0.0000000000e+00,-2.7976262689e-02,1.4637319135e-12,2.7976262689e-02
2.1429219935e+00,-2.7524003337e-02,0.0000000000e+00,-2.7524003338e-02,1.4395880321e-12,2.7524003338e-02
2.1512059493e+00,-2.7071744913e-02,0.0000000000e+00,-2.7071744915e-02,1.4158847705e-12,2.7071744915e-02
2.1596294505e+00,-2.6619487449e-02,0.0000000000e+00,-2.6619487450e-02,1.3919906894e-12,2.6619487450e-02
2.1681972788e+00,-2.6167230975e-02,0.0000000000e+00,-2.6167230977e-02,1.3686794753e-12,2.6167230977e-02
2.1769144660e+00,-2.5714975528e-02,0.0000000000e+00,-2.5714975529e-02,1.3453474446e-12,2.5714975529e-02
2.1857863115e+00,-2.5262721143e-02,0.0000000000e+00,-2.5262721144e-02,1.3216962247e-12,2.5262721144e-02
2.1948184021e+00,-2.4810467859e-02,0.0000000000e+00,-2.4810467860e-02,1.2974898933e-12,2.4810467860e-02
2.2040166329e+00,-2.4358215716e-02,0.0000000000e+00,-2.4358215718e-02,1.2740503097e-12,2.4358215718e-02
2.2133872301e+00,-2.3905964758e-02,0.0000000000e+00,-2.3905964759e-02,1.2504199065e-12,2.3905964759e-02
2.2229367769e+00,-2.3453715028e-02,0.0000000000e+00,-2.3453715030e-02,1.2264841920e-12,2.3453715030e-02
2.2326722407e+00,-2.3001466576e-02,0.0000000000e+00,-2.3001466577e-02,1.2029925667e-12,2.3001466577e-02
2.2426010041e+00,-2.2549219452e-02,0.0000000000e+00,-2.2549219453e-02,1.1786023546e-12,2.2549219453e-02
2.2527308983e+00,-2.2096973709e-02,0.0000000000e+00,-2.2096973710e-02,1.1550170542e-12,2.2096973710e-02
2.2630702401e+00,-2.1644729405e-02,0.0000000000e+00,-2.1644729406e-02,1.1314178761e-12,2.1644729406e-02
2.2736278731e+00,-2.1192486601e-02,0.0000000000e+00,-2.1192486602e-02,1.1077631867e-12,2.1192486602e-02
2.2844132132e+00,-2.0740245361e-02,0.0000000000e+00,-2.0740245362e-02,1.0841744169e-12,2.0740245362e-02
2.2954362988e+00,-2.0288005754e-02,0.0000000000e+00,-2.0288005755e-02,1.0606446277e-12,2.0288005755e-02
2.3067078471e+00,-1.9835767853e-02,0.0000000000e+00,-1.9835767854e-02,1.0372605552e-12,1.9835767854e-02
2.3182393167e+00,-1.9383531738e-02,0.0000000000e+00,-1.9383531739e-02,1.0133699435e-12,1.9383531739e-02
2.3300429775e+00,-1.8931297493e-02,0.0000000000e+00,-1.8931297494e-02,9.8988872654e-13,1.8931297494e-02
2.3421319893e+00,-1.8479065208e-02,0.0000000000e+00,-1.8479065209e-02,9.6627567059e-13,1.8479065209e-02
2.3545204898e+00,-1.8026834980e-02,0.0000000000e+00,-1.8026834981e-02,9.4212831980e-13,1.8026834981e-02
2.3672236941e+00,-1.7574606914e-02,0.0000000000e+00,-1.7574606915e-02,9.1836607763e-13,1.7574606915e-02
2.3802580071e+00,-1.7122381122e-02,0.0000000000e+00,-1.7122381122e-02,8.9483975785e-13,1.7122381122e-02
2.3936411506e+00,-1.6670157726e-02,0.0000000000e+00,-1.6670157726e-02,8.7151466599e-13,1.6670157726e-02
2.4073923082e+00,-1.6217936857e-02,0.0000000000e+00,-1.6217936858e-02,8.4763099317e-13,1.6217936858e-02
2.4215322909e+00,-1.5765718660e-02,0.0000000000e+00,-1.5765718660e-02,8.2360507303e-13,1.5765718660e-02
2.4360837262e+00,-1.5313503288e-02,0.0000000000e+00,-1.5313503289e-02,8.0015508108e-13,1.5313503289e-02
2.4510712762e+00,-1.4861290912e-02,0.0000000000e+00,-1.4861290913e-02,7.7638243057e-13,1.4861290913e-02
2.4665218885e+00,-1.4409081716e-02,0.0000000000e+00,-1.4409081717e-02,7.5264273980e-13,1.4409081717e-02
2.4824650882e+00,-1.3956875904e-02,0.0000000000e+00,-1.3956875904e-02,7.2919621730e-13,1.3956875904e-02
2.4989333171e+00,-1.3504673697e-02,0.0000000000e+00,-1.3504673698e-02,7.0561091692e-13,1.3504673698e-02
2.5159623312e+00,-1.3052475342e-02,0.0000000000e+00,-1.3052475342e-02,6.8184694002e-13,1.3052475342e-02
2.5335916678e+00,-1.2600281109e-02,0.0000000000e+00,-1.2600281110e-02,6.5823214934e-13,1.2600281110e-02
2.5518651983e+00,-1.2148091301e-02,0.0000000000e+00,-1.2148091302e-02,6.3466593092e-13,1.2148091302e-02
2.5708317859e+00,-1.1695906253e-02,0.0000000000e+00,-1.1695906253e-02,6.1082389147e-13,1.1695906253e-02
2.5905460726e+00,-1.1243726339e-02,0.0000000000e+00,-1.1243726339e-02,5.8695236171e-13,1.1243726339e-02
2.6110694277e+00,-1.0791551981e-02,0.0000000000e+00,-1.0791551981e-02,5.6347114474e-13,1.0791551981e-02
2.6324711000e+00,-1.0339383654e-02,0.0000000000e+00,-1.0339383655e-02,5.3979043457e-13,1.0339383655e-02
2.6548296267e+00,-9.8872218984e-03,0.0000000000e+00,-9.8872218990e-03,5.1631268705e-13,9.8872218990e-03
2.6782345724e+00,-9.4350673278e-03,0.0000000000e+00,-9.4350673283e-03,4.9254871015e-13,9.4350673283e-03
2.7027886954e+00,-8.9829206479e-03,0.0000000000e+00,-8.9829206483e-03,4.6885759164e-13,8.9829206483e-03
2.7286106734e+00,-8.5307826731e-03,0.0000000000e+00,-8.5307826735e-03,4.4529137322e-13,8.5307826735e-03
2.7558385708e+00,-8.0786543511e-03,0.0000000000e+00,-8.0786543515e-03,4.2171648118e-13,8.0786543515e-03
2.7846343053e+00,-7.6265367930e-03,0.0000000000e+00,-7.6265367934e-03,3.9802796475e-13,7.6265367934e-03
2.8151894802e+00,-7.1744313136e-03,0.0000000000e+00,-7.1744313140e-03,3.7446001161e-13,7.1744313140e-03
2.8477331140e+00,-6.7223394844e-03,0.0000000000e+00,-6.7223394847e-03,3.5101001966e-13,6.7223394847e-03
2.8825420636e+00,-6.2702632048e-03,0.0000000000e+00,-6.2702632051e-03,3.2742038247e-13,6.2702632051e-03
2.9199553494e+00,-5.8182048005e-03,0.0000000000e+00,-5.8182048008e-03,3.0393482869e-13,5.8182048008e-03
2.9603942780e+00,-5.3661671614e-03,0.0000000000e+00,-5.3661671617e-03,2.8033825261e-13,5.3661671617e-03
3.0043914295e+00,-4.9141539401e-03,0.0000000000e+00,-4.9141539404e-03,2.5665927716e-13,4.9141539404e-03
3.0526336496e+00,-4.4621698463e-03,0.0000000000e+00,-4.4621698465e-03,2.3300458785e-13,4.4621698465e-03
3.1060280414e+00,-4.0102210988e-03,0.0000000000e+00,-4.0102210990e-03,2.0937331729e-13,4.0102210990e-03
3.1658075094e+00,-3.5583161476e-03,0.0000000000e+00,-3.5583161478e-03,1.8571429117e-13,3.5583161478e-03
3.2337082139e+00,-3.1064668887e-03,0.0000000000e+00,-3.1064668889e-03,1.6212075085e-13,3.1064668889e-03
3.3122871291e+00,-2.6546908345e-03,0.0000000000e+00,-2.6546908346e-03,1.3854715986e-13,2.6546908346e-03
3.4055377185e+00,-2.2030153212e-03,0.0000000000e+00,-2.2030153213e-03,1.1495101745e-13,2.2030153213e-03
3.5202187792e+00,-1.7514865792e-03,0.0000000000e+00,-1.7514865793e-03,9.1370487565e-14,1.7514865793e-03
3.6691950638e+00,-1.3001925018e-03,0.0000000000e+00,-1.3001925019e-03,6.7818580612e-14,1.3001925019e-03
3.8821019342e+00,-8.4933515258e-04,0.0000000000e+00,-8.4933515262e-04,4.4292043991e-14,8.4933515262e-04
4.2591040510e+00,-3.9959424168e-04,0.0000000000e+00,-3.9959424170e-04,2.0840371529e-14,3.9959424170e-04
2.2610686092e+01,-4.5881666798e-20,0.0000000000e+00,-4.5881498342e-20,1.6845653872e-25,4.5881498342e-20
1.0000000000e+02,-2.7678561811e-87,-2.7677930541e-87,-2.7677930535e-87,6.3127596004e-92,5.8801745360e-97
